sample_id,time_ms,fsr1,fsr2,fsr3
911,1876,213,261,219
912,1878,230,264,220
913,1880,238,265,221
914,1882,241,265,219
915,1884,240,265,220
916,1886,245,265,219
917,1888,246,265,221
918,1890,276,266,221
919,1892,273,266,220
920,1894,246,266,220
921,1896,229,265,220
922,1898,220,265,220
923,1900,241,266,221
924,1902,239,266,222
925,1904,230,265,222
926,1906,229,265,222
927,1908,228,266,223
928,1910,251,266,226
929,1912,248,265,224
930,1914,236,265,222
931,1916,221,266,224
932,1918,226,266,222
933,1920,239,265,226
934,1922,251,265,227
935,1924,246,265,223
936,1926,243,265,223
937,1928,237,266,223
938,1930,264,266,222
939,1932,251,266,225
940,1934,253,266,224
941,1936,227,266,224
942,1938,208,265,222
943,1940,235,265,225
944,1942,233,266,224
945,1944,229,265,229
946,1946,228,267,229
947,1948,234,268,231
948,1950,268,268,230
949,1952,257,268,229
950,1954,230,269,229
951,1956,226,269,231
952,1958,213,268,231
953,1960,227,270,230
954,1962,247,270,232
955,1964,227,269,231
956,1966,245,270,231
957,1968,224,270,231
958,1970,262,270,232
959,1972,253,270,230
960,1974,263,270,230
961,1976,236,271,232
962,1978,229,271,230
963,1980,240,270,232
964,1982,241,270,234
965,1984,250,271,233
966,1986,263,270,232
967,1988,243,270,233
968,1990,269,271,233
969,1992,265,269,230
970,1994,241,271,233
971,1996,235,271,232
972,1998,225,272,231
973,2000,244,271,232
974,2002,242,271,232
975,2004,238,272,234
976,2006,245,271,233
977,2008,248,272,231
978,2010,266,272,233
979,2012,253,271,230
980,2014,227,272,233
981,2016,220,271,231
982,2018,214,273,232
983,2020,235,273,230
984,2022,244,271,228
985,2024,231,271,230
986,2026,228,271,228
987,2028,226,272,231
988,2030,263,272,230
989,2032,246,271,231
990,2034,235,271,224
991,2036,224,273,225
992,2038,215,271,224
993,2040,238,272,228
994,2042,245,272,224
995,2044,232,271,225
996,2046,242,272,226
997,2048,228,272,227
998,2050,262,273,224
999,2052,255,272,230
1000,2054,237,272,228
1001,2056,213,272,228
1002,2058,203,272,228
1003,2060,228,272,231
1004,2062,231,272,232
1005,2064,243,271,235
1006,2066,250,272,233
1007,2068,243,272,234
1008,2070,252,271,233
1009,2072,264,271,231
1010,2074,252,271,231
1011,2076,223,271,233
1012,2078,215,271,234
1013,2080,236,272,233
1014,2082,237,271,233
1015,2084,240,271,234
1016,2086,255,271,234
1017,2088,244,272,235
1018,2090,267,272,233
1019,2092,266,271,233
1020,2094,257,270,232
1021,2096,228,272,234
1022,2098,223,270,233
1023,2100,234,271,234
1024,2102,235,272,236
1025,2104,251,271,235
1026,2106,263,271,234
1027,2108,240,270,235
1028,2110,274,272,235
1029,2112,267,272,235
1030,2114,247,271,235
1031,2116,240,272,234
1032,2118,224,272,233
1033,2120,247,272,236
1034,2122,242,271,235
1035,2124,246,271,234
1036,2126,259,272,237
1037,2128,245,272,236
1038,2130,268,271,235
1039,2132,261,272,233
1040,2134,245,272,232
1041,2136,235,273,234
1042,2138,223,272,233
1043,2140,229,272,234
1044,2142,241,272,234
1045,2144,250,272,232
1046,2146,251,272,233
1047,2148,258,272,233
1048,2150,277,272,233
1049,2152,258,272,232
1050,2154,249,271,231
1051,2156,240,272,232
1052,2158,220,271,232
1053,2160,245,271,233
1054,2162,248,271,231
1055,2164,242,271,232
1056,2166,244,271,233
1057,2168,249,270,235
1058,2170,265,271,234
1059,2172,258,272,232
1060,2174,245,271,232
1061,2176,220,271,232
1062,2178,225,272,233
1063,2180,232,272,232
1064,2182,249,271,233
1065,2184,243,272,233
1066,2186,244,272,233
1067,2188,240,272,232
1068,2190,267,272,233
1069,2192,273,272,231
1070,2194,259,271,233
1071,2196,232,272,233
1072,2198,222,271,230
1073,2200,229,272,230
1074,2202,238,271,234
1075,2204,241,272,233
1076,2206,252,272,233
1077,2208,246,272,231
1078,2210,258,272,232
1079,2212,262,272,233
1080,2214,247,271,231
1081,2216,233,271,231
1082,2218,215,271,231
1083,2220,224,271,231
1084,2222,221,271,232
1085,2224,235,270,235
1086,2226,241,271,234
1087,2228,225,271,232
1088,2230,249,270,233
1089,2232,252,271,232
1090,2234,232,270,231
1091,2236,226,271,231
1092,2238,203,270,235
1093,2240,207,271,234
1094,2242,225,270,235
1095,2244,223,270,234
1096,2246,226,270,234
1097,2248,228,270,233
1098,2250,256,271,237
1099,2252,254,270,234
1100,2254,236,270,233
1101,2256,212,271,232
1102,2258,200,272,235
1103,2260,210,270,232
1104,2262,234,272,234
1105,2264,226,271,232
1106,2266,236,271,233
1107,2268,231,272,234
1108,2270,261,272,229
1109,2272,249,271,234
1110,2274,238,270,230
1111,2276,223,272,231
1112,2278,191,271,231
1113,2280,228,272,229
1114,2282,234,271,228
1115,2284,240,272,230
1116,2286,231,271,229
1117,2288,239,272,229
1118,2290,253,273,230
1119,2292,248,272,228
1120,2294,237,272,229
1121,2296,219,272,229
1122,2298,206,271,229
1123,2300,211,272,230
1124,2302,234,273,230
1125,2304,230,273,227
1126,2306,235,272,225
1127,2308,236,273,225
1128,2310,257,273,228
1129,2312,250,271,226
1130,2314,245,273,226
1131,2316,226,273,227
1132,2318,198,272,227
1133,2320,205,272,228
1134,2322,223,272,226
1135,2324,229,273,226
1136,2326,237,272,224
1137,2328,234,273,224
1138,2330,251,273,222
1139,2332,259,273,223
1140,2334,234,273,223
1141,2336,227,274,222
1142,2338,214,274,222
1143,2340,229,275,222
1144,2342,226,274,220
1145,2344,217,274,221
1146,2346,227,276,225
1147,2348,227,274,226
1148,2350,261,274,225
1149,2352,248,274,223
1150,2354,230,274,225
1151,2356,226,274,220
1152,2358,200,274,216
1153,2360,222,274,215
1154,2362,228,274,214
1155,2364,228,274,213
1156,2366,227,274,213
1157,2368,230,274,213
1158,2370,254,275,213
1159,2372,241,276,210
1160,2374,223,276,210
1161,2376,217,274,209
1162,2378,187,275,210
1163,2380,225,275,209
1164,2382,227,275,211
1165,2384,223,274,207
1166,2386,232,274,207
1167,2388,230,274,206
1168,2390,250,276,204
1169,2392,253,274,204
1170,2394,238,275,204
1171,2396,232,275,199
1172,2398,196,275,200
1173,2400,213,275,201
1174,2402,227,275,198
1175,2404,235,274,202
1176,2406,235,274,204
1177,2408,216,276,202
1178,2410,249,275,205
1179,2412,242,275,203
1180,2414,226,275,201
1181,2416,225,275,202
1182,2418,194,276,202
1183,2420,210,275,203
1184,2422,216,275,200
1185,2424,227,275,203
1186,2426,224,275,199
1187,2428,220,275,199
1188,2430,237,274,201
1189,2432,239,273,197
1190,2434,227,274,197
1191,2436,228,274,195
1192,2438,202,274,193
1193,2440,220,274,191
1194,2442,231,273,191
1195,2444,224,274,194
1196,2446,222,274,187
1197,2448,228,272,188
1198,2450,250,273,192
1199,2452,246,273,193
1200,2454,228,272,193
1201,2456,222,272,192
1202,2458,205,273,191
1203,2460,212,273,191
1204,2462,223,273,195
1205,2464,224,272,193
1206,2466,242,273,196
1207,2468,226,272,195
1208,2470,253,273,193
1209,2472,251,273,194
1210,2474,225,273,195
1211,2476,216,272,196
1212,2478,205,273,193
1213,2480,205,273,191
1214,2482,224,273,189
1215,2484,222,272,192
1216,2486,221,272,193
1217,2488,228,273,194
1218,2490,242,273,195
1219,2492,247,272,196
1220,2494,224,273,197
1221,2496,221,273,196
1222,2498,212,273,195
1223,2500,175,272,197
1224,2502,225,273,196
1225,2504,240,271,199
1226,2506,233,273,197
1227,2508,218,272,195
1228,2510,241,272,196
1229,2512,254,272,199
1230,2514,231,274,197
1231,2516,215,273,195
1232,2518,206,273,198
1233,2520,208,273,196
1234,2522,235,274,196
1235,2524,222,273,196
1236,2526,232,274,197
1237,2528,224,271,195
1238,2530,255,272,194
1239,2532,241,273,194
1240,2534,233,273,195
1241,2536,212,273,195
1242,2538,195,272,194
1243,2540,209,272,195
1244,2542,229,272,196
1245,2544,226,272,195
1246,2546,231,272,194
1247,2548,226,273,194
1248,2550,243,272,196
1249,2552,247,272,194
1250,2554,228,272,194
1251,2556,217,272,191
1252,2558,203,273,192
1253,2560,214,272,192
1254,2562,218,273,194
1255,2564,223,272,191
1256,2566,238,272,190
1257,2568,213,273,193
1258,2570,247,272,190
1259,2572,254,273,192
1260,2574,233,274,191
1261,2576,235,273,192
1262,2578,191,272,190
1263,2580,206,272,192
1264,2582,231,273,196
1265,2584,233,273,193
1266,2586,226,273,194
1267,2588,222,272,192
1268,2590,246,273,193
1269,2592,243,272,190
1270,2594,221,272,191
1271,2596,221,273,192
1272,2598,205,273,191
1273,2600,204,273,192
1274,2602,229,273,193
1275,2604,230,273,193
1276,2606,227,273,191
1277,2608,227,274,192
1278,2610,253,274,192
1279,2612,245,274,192
1280,2614,223,274,186
1281,2616,219,274,186
1282,2618,205,273,184
1283,2620,207,274,186
1284,2622,232,275,187
1285,2624,230,274,187
1286,2626,244,275,185
1287,2628,226,274,184
1288,2630,254,274,182
1289,2632,261,275,182
1290,2634,218,275,182
1291,2636,230,275,182
1292,2638,201,274,182
1293,2640,220,275,182
1294,2642,222,275,181
1295,2644,232,276,183
1296,2646,239,276,181
1297,2648,221,275,181
1298,2650,251,275,176
1299,2652,260,276,180
1300,2654,238,275,179
1301,2656,222,275,179
1302,2658,218,275,179
1303,2660,213,276,179
1304,2662,235,275,180
1305,2664,226,275,183
1306,2666,236,276,182
1307,2668,224,275,181
1308,2670,249,276,183
1309,2672,259,276,180
1310,2674,234,276,186
1311,2676,228,275,186
1312,2678,194,275,183
1313,2680,218,275,181
1314,2682,226,276,181
1315,2684,231,276,184
1316,2686,236,275,179
1317,2688,223,276,181
1318,2690,243,276,186
1319,2692,256,276,188
1320,2694,226,276,182
1321,2696,243,275,187
1322,2698,212,276,187
1323,2700,218,275,186
1324,2702,230,275,183
1325,2704,236,275,183
1326,2706,229,275,183
1327,2708,225,275,183
1328,2710,252,276,184
1329,2712,255,275,185
1330,2714,235,275,183
1331,2716,229,276,185
1332,2718,191,275,183
1333,2720,216,275,183
1334,2722,226,275,184
1335,2724,230,275,184
1336,2726,230,275,182
1337,2728,222,275,181
1338,2730,258,275,180
1339,2732,252,276,184
1340,2734,228,276,186
1341,2736,225,275,183
1342,2738,188,275,183
1343,2740,215,275,181
1344,2742,212,275,181
1345,2744,231,275,179
1346,2746,229,275,178
1347,2748,237,275,177
1348,2750,262,275,178
1349,2752,254,276,182
1350,2754,236,276,181
1351,2756,229,275,179
1352,2758,206,275,176
1353,2760,217,275,178
1354,2762,229,274,178
1355,2764,220,275,178
1356,2766,241,276,177
1357,2768,230,275,177
1358,2770,254,276,179
1359,2772,245,275,176
1360,2774,245,276,177
1361,2776,225,276,174
1362,2778,204,274,173
1363,2780,214,275,175
1364,2782,221,275,175
1365,2784,221,276,174
1366,2786,230,276,175
1367,2788,229,274,171
1368,2790,250,276,173
1369,2792,253,274,173
1370,2794,236,275,174
1371,2796,237,275,175
1372,2798,205,275,174
1373,2800,213,275,174
1374,2802,222,276,171
1375,2804,222,275,171
1376,2806,227,274,169
1377,2808,234,275,169
1378,2810,246,275,171
1379,2812,259,275,170
1380,2814,226,275,170
1381,2816,229,275,171
1382,2818,207,275,171
1383,2820,214,274,170
1384,2822,242,274,171
1385,2824,235,274,173
1386,2826,227,274,172
1387,2828,242,275,173
1388,2830,240,274,173
1389,2832,248,274,173
1390,2834,236,274,170
1391,2836,231,274,170
1392,2838,210,273,170
1393,2840,214,274,170
1394,2842,229,273,170
1395,2844,233,274,170
1396,2846,221,274,172
1397,2848,235,274,169
1398,2850,237,274,172
1399,2852,266,274,172
1400,2854,232,274,170
1401,2856,230,274,171
1402,2858,213,273,171
1403,2860,218,274,170
1404,2862,219,273,168
1405,2864,228,274,168
1406,2866,228,274,169
1407,2868,242,274,169
1408,2870,240,274,170
1409,2872,258,275,170
1410,2874,244,275,171
1411,2876,229,274,169
1412,2878,205,274,170
1413,2880,222,274,170
1414,2882,230,274,169
1415,2884,232,275,170
1416,2886,231,273,169
1417,2888,241,273,168
1418,2890,225,273,170
1419,2892,252,273,172
1420,2894,231,273,170
1421,2896,236,273,170
1422,2898,203,273,171
1423,2900,221,273,169
1424,2902,226,272,168
1425,2904,234,273,170
1426,2906,233,272,173
1427,2908,246,272,169
1428,2910,237,273,169
1429,2912,254,273,169
1430,2914,243,273,171
1431,2916,235,272,171
1432,2918,200,273,171
1433,2920,212,272,171
1434,2922,220,272,170
1435,2924,228,272,169
1436,2926,233,272,171
1437,2928,229,272,169
1438,2930,238,271,168
1439,2932,259,271,168
1440,2934,236,272,168
1441,2936,235,272,167
1442,2938,214,271,169
1443,2940,218,272,170
1444,2942,232,273,169
1445,2944,227,271,169
1446,2946,235,271,172
1447,2948,223,272,169
1448,2950,234,272,169
1449,2952,258,270,169
1450,2954,227,272,172
1451,2956,234,271,167
1452,2958,209,272,171
1453,2960,212,271,169
1454,2962,220,271,169
1455,2964,225,271,169
1456,2966,231,271,167
1457,2968,226,272,169
1458,2970,238,271,168
1459,2972,241,271,169
1460,2974,221,271,168
1461,2976,230,271,169
1462,2978,211,271,169
1463,2980,213,271,169
1464,2982,233,270,167
1465,2984,222,270,166
1466,2986,230,270,165
1467,2988,231,268,165
1468,2990,236,269,166
1469,2992,250,268,164
1470,2994,232,267,166
1471,2996,226,267,166
1472,2998,208,267,165
1473,3000,208,266,166
1474,3002,234,264,166
1475,3004,221,264,164
1476,3006,228,264,165
1477,3008,228,263,165
1478,3010,229,264,166
1479,3012,258,263,166
1480,3014,236,263,166
1481,3016,231,262,166
1482,3018,192,262,165
1483,3020,215,261,164
1484,3022,225,262,164
1485,3024,236,262,164
1486,3026,227,259,166
1487,3028,222,261,166
1488,3030,225,259,162
1489,3032,248,259,167
1490,3034,231,259,166
1491,3036,227,258,160
1492,3038,186,258,164
1493,3040,216,259,162
1494,3042,227,258,166
1495,3044,230,258,163
1496,3046,230,258,162
1497,3048,227,258,164
1498,3050,226,257,160
1499,3052,251,258,163
1500,3054,240,257,163
1501,3056,223,257,160
1502,3058,203,255,162
1503,3060,209,255,161
1504,3062,229,252,161
1505,3064,242,252,164
1506,3066,226,249,162
1507,3068,231,249,162
1508,3070,225,249,165
1509,3072,251,245,165
1510,3074,231,250,161
1511,3076,225,244,161
1512,3078,192,241,160
1513,3080,209,240,161
1514,3082,217,241,159
1515,3084,227,240,162
1516,3086,232,240,171
1517,3088,226,241,162
1518,3090,223,241,165
1519,3092,245,240,166
1520,3094,234,240,165
1521,3096,237,241,165
1522,3098,210,242,167
1523,3100,215,240,165
1524,3102,224,241,164
1525,3104,220,240,165
1526,3106,221,240,166
1527,3108,226,240,164
1528,3110,227,240,165
1529,3112,246,241,166
1530,3114,221,240,166
1531,3116,227,240,165
1532,3118,201,240,166
1533,3120,213,240,166
1534,3122,221,240,165
1535,3124,224,241,167
1536,3126,224,240,166
1537,3128,233,239,165
1538,3130,216,240,166
1539,3132,247,240,167
1540,3134,235,239,166
1541,3136,222,239,168
1542,3138,199,240,164
1543,3140,216,240,166
1544,3142,223,239,166
1545,3144,221,239,166
1546,3146,229,240,164
1547,3148,220,239,164
1548,3150,223,239,166
1549,3152,255,239,169
1550,3154,241,239,166
1551,3156,218,239,167
1552,3158,202,239,168
1553,3160,211,240,168
1554,3162,223,240,166
1555,3164,231,239,167
1556,3166,225,239,167
1557,3168,225,239,166
1558,3170,218,239,167
1559,3172,244,240,168
1560,3174,236,238,166
1561,3176,222,239,166
1562,3178,197,239,167
1563,3180,216,237,167
1564,3182,228,237,168
1565,3184,236,242,165
1566,3186,232,241,166
1567,3188,219,238,166
1568,3190,223,239,166
1569,3192,256,239,167
1570,3194,235,240,165
1571,3196,218,239,166
1572,3198,216,240,162
1573,3200,209,239,166
1574,3202,229,240,164
1575,3204,224,240,165
1576,3206,228,240,167
1577,3208,231,239,166
1578,3210,227,240,167
1579,3212,248,240,168
1580,3214,233,240,166
1581,3216,224,240,164
1582,3218,204,240,165
1583,3220,219,239,166
1584,3222,233,239,165
1585,3224,235,239,166
1586,3226,228,240,165
1587,3228,229,240,165
1588,3230,222,241,166
1589,3232,235,240,168
1590,3234,212,241,168
1591,3236,225,240,166
1592,3238,220,240,166
1593,3240,224,239,166
1594,3242,226,240,165
1595,3244,233,241,166
1596,3246,225,240,165
1597,3248,234,239,166
1598,3250,225,239,166
1599,3252,233,240,166
1600,3254,220,240,165
1601,3256,221,240,165
1602,3258,215,240,165
1603,3260,222,240,164
1604,3262,232,240,166
1605,3264,219,240,164
1606,3266,231,240,164
1607,3268,227,240,165
1608,3270,220,239,164
1609,3272,230,239,165
1610,3274,220,239,165
1611,3276,219,240,165
1612,3278,210,239,164
1613,3280,223,242,165
1614,3282,225,246,162
1615,3284,225,246,161
1616,3286,223,245,160
1617,3288,226,246,160
1618,3290,214,247,161
1619,3292,237,248,160
1620,3294,224,248,161
1621,3296,218,248,160
1622,3298,216,251,162
1623,3300,222,252,161
1624,3302,226,251,163
1625,3304,222,251,162
1626,3306,225,253,160
1627,3308,209,252,160
1628,3310,219,252,161
1629,3312,232,253,161
1630,3314,227,253,161
1631,3316,224,253,160
1632,3318,207,254,160
1633,3320,217,255,160
1634,3322,234,255,160
1635,3324,222,255,161
1636,3326,230,256,161
1637,3328,218,254,160
1638,3330,224,255,160
1639,3332,247,255,161
1640,3334,223,254,161
1641,3336,228,255,160
1642,3338,213,255,160
1643,3340,215,254,160
1644,3342,224,254,160
1645,3344,227,254,160
1646,3346,229,255,160
1647,3348,234,254,162
1648,3350,225,254,161
1649,3352,252,254,161
1650,3354,232,253,160
1651,3356,220,253,162
1652,3358,206,251,159
1653,3360,209,252,159
1654,3362,229,252,160
1655,3364,226,250,159
1656,3366,224,250,159
1657,3368,215,249,159
1658,3370,222,248,159
1659,3372,245,248,157
1660,3374,237,248,159
1661,3376,228,248,156
1662,3378,206,247,156
1663,3380,210,247,155
1664,3382,228,248,157
1665,3384,228,247,159
1666,3386,226,248,156
1667,3388,222,247,157
1668,3390,223,248,156
1669,3392,255,248,157
1670,3394,257,247,157
1671,3396,247,247,156
1672,3398,210,247,156
1673,3400,225,246,157
1674,3402,241,245,155
1675,3404,235,247,156
1676,3406,230,246,155
1677,3408,221,247,155
1678,3410,228,247,155
1679,3412,256,247,155
1680,3414,249,247,153
1681,3416,227,246,154
1682,3418,208,246,153
1683,3420,215,247,153
1684,3422,218,247,154
1685,3424,227,245,155
1686,3426,229,243,153
1687,3428,227,243,154
1688,3430,231,244,155
1689,3432,256,244,156
1690,3434,237,244,154
1691,3436,230,243,152
1692,3438,209,237,152
1693,3440,207,237,153
1694,3442,229,236,152
1695,3444,231,236,153
1696,3446,226,236,153
1697,3448,223,237,154
1698,3450,234,236,154
1699,3452,253,237,152
1700,3454,244,236,153
1701,3456,231,236,153
1702,3458,215,235,152
1703,3460,214,236,152
1704,3462,233,238,153
1705,3464,239,236,153
1706,3466,232,236,153
1707,3468,231,236,151
1708,3470,238,236,152
1709,3472,256,235,151
1710,3474,259,235,150
1711,3476,238,235,154
1712,3478,208,234,149
1713,3480,213,235,151
1714,3482,228,234,152
1715,3484,222,235,152
1716,3486,227,235,151
1717,3488,236,235,151
1718,3490,233,234,151
1719,3492,259,235,153
1720,3494,252,234,153
1721,3496,227,235,154
1722,3498,199,234,153
1723,3500,216,235,153
1724,3502,229,234,154
1725,3504,227,235,154
1726,3506,233,234,155
1727,3508,241,234,154
1728,3510,239,233,151
1729,3512,273,234,154
1730,3514,249,234,155
1731,3516,233,234,153
1732,3518,214,234,151
1733,3520,218,233,153
1734,3522,236,234,152
1735,3524,232,234,154
1736,3526,243,234,153
1737,3528,233,234,153
1738,3530,226,234,154
1739,3532,258,234,154
1740,3534,250,234,153
1741,3536,223,234,154
1742,3538,212,235,155
1743,3540,217,233,153
1744,3542,240,234,154
1745,3544,234,233,155
1746,3546,222,234,154
1747,3548,221,232,153
1748,3550,223,233,154
1749,3552,255,234,154
1750,3554,243,233,154
1751,3556,229,233,153
1752,3558,214,234,150
1753,3560,199,233,154
1754,3562,230,233,152
1755,3564,225,233,154
1756,3566,222,233,155
1757,3568,233,233,153
1758,3570,228,234,155
1759,3572,249,234,153
1760,3574,240,233,153
1761,3576,234,234,152
1762,3578,210,233,154
1763,3580,210,233,152
1764,3582,227,233,158
1765,3584,215,234,155
1766,3586,231,233,147
1767,3588,229,233,146
1768,3590,229,233,145
1769,3592,250,234,147
1770,3594,251,233,145
1771,3596,228,232,145
1772,3598,202,233,147
1773,3600,208,233,145
1774,3602,229,233,153
1775,3604,218,232,156
1776,3606,226,233,153
1777,3608,220,233,153
1778,3610,221,232,152
1779,3612,251,233,154
1780,3614,246,232,155
1781,3616,222,232,156
1782,3618,205,233,151
1783,3620,208,232,151
1784,3622,223,233,153
1785,3624,212,232,154
1786,3626,222,233,155
1787,3628,224,232,156
1788,3630,218,232,156
1789,3632,251,232,154
1790,3634,243,230,156
1791,3636,216,231,154
1792,3638,193,232,153
1793,3640,206,231,153
1794,3642,226,231,152
1795,3644,218,231,152
1796,3646,231,231,152
1797,3648,223,232,154
1798,3650,220,231,154
1799,3652,250,230,154
1800,3654,235,231,151
1801,3656,226,232,153
1802,3658,200,232,152
1803,3660,204,231,154
1804,3662,221,230,152
1805,3664,226,231,154
1806,3666,224,230,154
1807,3668,204,231,151
1808,3670,222,231,154
1809,3672,248,231,154
1810,3674,231,231,154
1811,3676,219,231,154
1812,3678,205,231,155
1813,3680,212,231,154
1814,3682,225,231,154
1815,3684,222,231,156
1816,3686,220,231,156
1817,3688,226,231,154
1818,3690,220,231,154
1819,3692,243,230,155
1820,3694,231,231,153
1821,3696,222,229,155
1822,3698,207,232,154
1823,3700,211,230,154
1824,3702,233,229,155
1825,3704,219,230,155
1826,3706,225,230,153
1827,3708,232,231,155
1828,3710,220,230,155
1829,3712,231,231,154
1830,3714,228,230,154
1831,3716,220,230,153
1832,3718,202,229,156
1833,3720,207,230,155
1834,3722,223,231,152
1835,3724,221,230,153
1836,3726,213,230,154
1837,3728,218,230,154
1838,3730,218,230,153
1839,3732,224,230,153
1840,3734,218,230,155
1841,3736,214,229,154
1842,3738,199,230,154
1843,3740,213,230,154
1844,3742,220,230,156
1845,3744,213,229,156
1846,3746,220,230,156
1847,3748,216,230,155
1848,3750,225,229,156
1849,3752,234,229,159
1850,3754,236,230,156
1851,3756,207,230,154
1852,3758,207,230,159
1853,3760,214,230,156
1854,3762,223,231,157
1855,3764,226,230,157
1856,3766,221,229,156
1857,3768,217,230,157
1858,3770,223,230,156
1859,3772,242,230,156
1860,3774,219,229,157
1861,3776,213,229,155
1862,3778,204,229,157
1863,3780,216,229,157
1864,3782,228,230,156
1865,3784,224,230,154
1866,3786,225,229,160
1867,3788,226,228,156
1868,3790,224,230,153
1869,3792,239,230,157
1870,3794,228,229,155
1871,3796,218,229,155
1872,3798,214,229,156
1873,3800,216,229,157
1874,3802,228,229,157
1875,3804,227,229,158
1876,3806,225,229,156
1877,3808,226,229,158
1878,3810,226,229,156
1879,3812,232,229,156
1880,3814,217,229,157
1881,3816,212,229,157
1882,3818,209,228,156
1883,3820,205,229,155
1884,3822,223,230,156
1885,3824,219,229,155
1886,3826,220,229,155
1887,3828,225,229,155
1888,3830,218,229,155
1889,3832,234,228,155
1890,3834,219,229,154
1891,3836,213,229,154
1892,3838,213,229,154
1893,3840,213,228,155
1894,3842,232,229,154
1895,3844,229,229,154
1896,3846,228,228,151
1897,3848,222,229,153
1898,3850,218,229,154
1899,3852,233,229,155
1900,3854,228,229,153
1901,3856,219,227,156
1902,3858,204,229,153
1903,3860,215,228,156
1904,3862,223,228,155
1905,3864,224,229,155
1906,3866,223,229,155
1907,3868,223,229,155
1908,3870,212,227,156
1909,3872,229,227,155
1910,3874,219,229,153
1911,3876,214,229,155
1912,3878,215,229,155
1913,3880,210,229,154
1914,3882,223,227,154
1915,3884,219,227,155
1916,3886,223,228,154
1917,3888,223,227,154
1918,3890,215,228,151
1919,3892,227,228,151
1920,3894,215,227,147
1921,3896,207,228,153
1922,3898,207,228,153
1923,3900,209,227,151
1924,3902,223,228,149
1925,3904,220,227,149
1926,3906,223,228,137
1927,3908,217,227,147
1928,3910,216,228,150
1929,3912,234,228,150
1930,3914,219,227,150
1931,3916,221,227,150
1932,3918,206,228,150
1933,3920,213,228,150
1934,3922,222,227,151
1935,3924,222,227,151
1936,3926,220,228,149
1937,3928,206,227,150
1938,3930,214,227,149
1939,3932,231,227,147
1940,3934,218,227,148
1941,3936,208,227,139
1942,3938,195,227,140
1943,3940,201,227,139
1944,3942,220,226,139
1945,3944,209,227,139
1946,3946,209,225,139
1947,3948,207,226,139
1948,3950,214,226,139
1949,3952,226,226,139
1950,3954,212,226,138
1951,3956,208,225,139
1952,3958,193,226,138
1953,3960,202,226,139
1954,3962,223,226,138
1955,3964,214,225,140
1956,3966,220,227,139
1957,3968,219,226,135
1958,3970,217,224,138
1959,3972,234,225,138
1960,3974,221,225,138
1961,3976,215,225,138
1962,3978,201,226,137
1963,3980,199,226,136
1964,3982,210,225,135
1965,3984,220,225,134
1966,3986,231,226,138
1967,3988,205,225,138
1968,3990,215,225,135
1969,3992,230,225,138
1970,3994,224,225,137
1971,3996,209,226,137
1972,3998,191,224,137
1973,4000,207,223,137
1974,4002,219,224,139
1975,4004,209,224,139
1976,4006,222,224,139
1977,4008,214,224,138
1978,4010,216,223,138
1979,4012,232,224,138
1980,4014,221,223,138
1981,4016,213,223,139
1982,4018,206,223,138
1983,4020,204,223,135
1984,4022,212,223,134
1985,4024,210,223,134
1986,4026,213,223,137
1987,4028,207,223,124
1988,4030,207,223,124
1989,4032,224,223,136
1990,4034,220,223,136
1991,4036,209,224,137
1992,4038,197,223,134
1993,4040,194,223,138
1994,4042,217,222,135
1995,4044,210,223,137
1996,4046,208,223,137
1997,4048,215,222,137
1998,4050,214,219,137
1999,4052,226,221,137
2000,4054,207,222,137
2001,4056,207,222,137
2002,4058,192,222,138
2003,4060,196,222,135
2004,4062,217,222,134
2005,4064,206,221,135
2006,4066,209,221,137
2007,4068,208,222,136
2008,4070,208,221,136
2009,4072,224,221,124
2010,4074,216,221,123
2011,4076,209,221,124
2012,4078,200,221,125
2013,4080,199,221,124
2014,4082,215,221,124
2015,4084,204,221,124
2016,4086,203,220,126
2017,4088,207,221,124
2018,4090,205,221,126
2019,4092,222,221,125
2020,4094,229,221,125
2021,4096,206,220,125
2022,4098,196,221,127
2023,4100,205,220,126
2024,4102,217,222,125
2025,4104,213,220,126
2026,4106,210,221,127
2027,4108,212,220,126
2028,4110,207,221,127
2029,4112,211,221,127
2030,4114,221,221,127
2031,4116,214,222,127
2032,4118,205,220,139
2033,4120,201,221,140
2034,4122,213,220,137
2035,4124,213,220,140
2036,4126,206,221,138
2037,4128,211,220,138
2038,4130,210,220,137
2039,4132,224,221,140
2040,4134,220,220,138
2041,4136,206,220,141
2042,4138,200,221,140
2043,4140,204,220,140
2044,4142,211,219,139
2045,4144,213,219,142
2046,4146,210,220,140
2047,4148,219,220,140
2048,4150,224,220,140
2049,4152,233,220,138
2050,4154,222,219,141
2051,4156,219,220,141
2052,4158,207,219,141
2053,4160,206,219,140
2054,4162,223,220,141
2055,4164,214,218,141
2056,4166,216,219,139
2057,4168,220,219,140
2058,4170,221,219,142
2059,4172,235,219,139
2060,4174,226,219,140
2061,4176,220,218,139
2062,4178,209,219,140
2063,4180,205,219,140
2064,4182,232,219,139
2065,4184,222,219,141
2066,4186,230,218,140
2067,4188,218,218,139
2068,4190,225,217,138
2069,4192,224,217,135
2070,4194,223,216,136
2071,4196,217,216,136
2072,4198,198,217,134
2073,4200,199,216,140
2074,4202,224,217,137
2075,4204,215,217,138
2076,4206,217,217,137
2077,4208,217,217,135
2078,4210,221,217,137
2079,4212,241,217,137
2080,4214,226,217,139
2081,4216,215,216,138
2082,4218,212,217,138
2083,4220,210,216,139
2084,4222,225,216,138
2085,4224,223,217,138
2086,4226,224,217,136
2087,4228,218,217,137
2088,4230,219,216,137
2089,4232,242,217,137
2090,4234,227,217,138
2091,4236,217,216,137
2092,4238,209,216,139
2093,4240,212,217,138
2094,4242,224,217,138
2095,4244,214,216,139
2096,4246,228,216,138
2097,4248,218,215,138
2098,4250,223,216,138
2099,4252,245,216,138
2100,4254,234,216,138
2101,4256,221,216,139
2102,4258,211,216,138
2103,4260,212,216,138
2104,4262,231,216,139
2105,4264,225,216,138
2106,4266,226,216,139
2107,4268,228,217,140
2108,4270,230,217,139
2109,4272,246,216,138
2110,4274,226,217,139
2111,4276,225,218,140
2112,4278,210,217,139
2113,4280,209,217,139
2114,4282,233,217,140
2115,4284,224,218,139
2116,4286,224,218,137
2117,4288,223,218,137
2118,4290,232,218,136
2119,4292,240,218,137
2120,4294,227,218,137
2121,4296,230,217,137
2122,4298,212,217,135
2123,4300,218,217,136
2124,4302,229,217,137
2125,4304,226,218,138
2126,4306,224,217,134
2127,4308,228,217,134
2128,4310,232,217,134
2129,4312,243,217,134
2130,4314,230,216,134
2131,4316,225,217,133
2132,4318,211,218,124
2133,4320,216,217,125
2134,4322,229,217,125
2135,4324,227,217,124
2136,4326,228,216,124
2137,4328,227,216,124
2138,4330,225,216,124
2139,4332,246,216,125
2140,4334,231,216,124
2141,4336,222,216,124
2142,4338,210,216,125
2143,4340,211,216,127
2144,4342,225,216,126
2145,4344,219,216,127
2146,4346,218,216,126
2147,4348,227,216,126
2148,4350,227,216,126
2149,4352,243,216,127
2150,4354,231,216,126
2151,4356,220,216,126
2152,4358,213,216,124
2153,4360,218,215,124
2154,4362,227,216,125
2155,4364,225,216,124
2156,4366,230,216,127
2157,4368,223,216,125
2158,4370,228,216,127
2159,4372,244,216,126
2160,4374,228,216,126
2161,4376,225,216,127
2162,4378,216,217,126
2163,4380,214,216,125
2164,4382,222,215,125
2165,4384,230,216,126
2166,4386,231,216,126
2167,4388,228,216,126
2168,4390,227,216,125
2169,4392,244,216,128
2170,4394,230,215,126
2171,4396,218,216,125
2172,4398,214,216,125
2173,4400,212,217,126
2174,4402,228,216,126
2175,4404,220,216,124
2176,4406,224,217,125
2177,4408,224,217,125
2178,4410,223,216,125
2179,4412,240,216,124
2180,4414,230,216,124
2181,4416,225,216,125
2182,4418,211,216,122
2183,4420,212,216,123
2184,4422,232,216,123
2185,4424,231,216,123
2186,4426,221,216,123
2187,4428,224,216,122
2188,4430,223,216,124
2189,4432,237,216,121
2190,4434,226,216,121
2191,4436,225,216,123
2192,4438,213,216,121
2193,4440,210,216,123
2194,4442,223,216,122
2195,4444,219,216,122
2196,4446,225,216,126
2197,4448,221,216,123
2198,4450,219,216,123
2199,4452,236,216,123
2200,4454,239,216,123
2201,4456,215,216,123
2202,4458,206,216,124
2203,4460,206,216,122
2204,4462,226,216,124
2205,4464,222,216,123
2206,4466,226,216,121
2207,4468,225,216,127
2208,4470,216,216,118
2209,4472,237,216,113
2210,4474,228,216,113
2211,4476,217,215,117
2212,4478,207,216,116
2213,4480,217,216,116
2214,4482,227,216,117
2215,4484,220,216,118
2216,4486,219,216,117
2217,4488,220,216,119
2218,4490,221,215,118
2219,4492,238,215,120
2220,4494,230,215,118
2221,4496,212,216,119
2222,4498,208,216,120
2223,4500,211,215,121
2224,4502,229,216,121
2225,4504,222,215,119
2226,4506,225,215,120
2227,4508,220,214,122
2228,4510,214,214,121
2229,4512,235,215,121
2230,4514,221,215,122
2231,4516,211,215,121
2232,4518,209,214,120
2233,4520,208,215,123
2234,4522,225,214,121
2235,4524,222,215,121
2236,4526,211,215,122
2237,4528,213,213,122
2238,4530,208,212,122
2239,4532,237,213,123
2240,4534,216,212,123
2241,4536,208,211,123
2242,4538,198,211,123
2243,4540,206,205,123
2244,4542,226,210,124
2245,4544,214,204,123
2246,4546,216,209,124
2247,4548,226,208,125
2248,4550,218,208,124
2249,4552,230,208,124
2250,4554,222,208,125
2251,4556,214,211,126
2252,4558,204,208,125
2253,4560,206,205,126
2254,4562,229,204,127
2255,4564,218,204,126
2256,4566,217,204,126
2257,4568,221,202,125
2258,4570,221,203,125
2259,4572,242,203,128
2260,4574,230,202,126
2261,4576,213,202,126
2262,4578,200,202,124
2263,4580,209,201,126
2264,4582,231,202,126
2265,4584,226,201,125
2266,4586,218,199,125
2267,4588,208,200,125
2268,4590,216,197,125
2269,4592,237,198,126
2270,4594,219,198,126
2271,4596,215,199,126
2272,4598,198,198,125
2273,4600,198,197,124
2274,4602,216,196,125
2275,4604,221,196,123
2276,4606,228,195,125
2277,4608,221,195,125
2278,4610,215,194,124
2279,4612,237,193,124
2280,4614,224,192,124
2281,4616,223,192,124
2282,4618,209,192,124
2283,4620,205,191,125
2284,4622,227,190,124
2285,4624,222,189,123
2286,4626,224,189,125
2287,4628,218,189,124
2288,4630,221,187,123
2289,4632,236,188,122
2290,4634,224,187,122
2291,4636,218,187,124
2292,4638,205,184,122
2293,4640,209,186,123
2294,4642,226,185,123
2295,4644,216,185,122
2296,4646,221,184,120
2297,4648,213,184,122
2298,4650,227,184,122
2299,4652,238,185,124
2300,4654,222,184,123
2301,4656,213,184,123
2302,4658,205,185,124
2303,4660,210,184,122
2304,4662,213,184,121
2305,4664,218,185,122
2306,4666,214,185,123
2307,4668,226,184,121
2308,4670,222,185,122
2309,4672,233,184,119
2310,4674,225,184,119
2311,4676,210,184,118
2312,4678,202,185,119
2313,4680,215,185,119
2314,4682,216,184,119
2315,4684,217,185,117
2316,4686,221,185,119
2317,4688,209,185,119
2318,4690,222,185,116
2319,4692,236,186,120
2320,4694,224,185,119
2321,4696,207,185,120
2322,4698,199,185,120
2323,4700,206,186,120
2324,4702,208,185,119
2325,4704,220,185,129
2326,4706,216,186,130
2327,4708,215,185,129
2328,4710,217,185,130
2329,4712,236,185,130
2330,4714,222,184,129
2331,4716,217,185,127
2332,4718,200,185,127
2333,4720,211,184,129
2334,4722,207,185,129
2335,4724,224,184,127
2336,4726,219,185,128
2337,4728,217,184,128
2338,4730,225,186,128
2339,4732,238,186,126
2340,4734,228,185,126
2341,4736,217,185,127
2342,4738,213,185,126
2343,4740,207,184,125
2344,4742,210,186,126
2345,4744,224,184,125
2346,4746,217,185,121
2347,4748,219,184,126
2348,4750,222,184,127
2349,4752,237,185,126
2350,4754,228,184,125
2351,4756,219,185,128
2352,4758,205,184,126
2353,4760,206,185,128
2354,4762,212,185,126
2355,4764,226,185,126
2356,4766,218,185,127
2357,4768,224,187,129
2358,4770,223,186,128
2359,4772,229,186,129
2360,4774,228,187,131
2361,4776,226,186,130
2362,4778,210,187,129
2363,4780,206,185,129
2364,4782,214,187,130
2365,4784,223,186,132
2366,4786,219,186,131
2367,4788,227,187,133
2368,4790,220,187,131
2369,4792,242,186,133
2370,4794,233,188,133
2371,4796,223,187,132
2372,4798,216,187,134
2373,4800,206,186,133
2374,4802,220,186,131
2375,4804,222,187,133
2376,4806,215,188,133
2377,4808,225,188,132
2378,4810,213,188,132
2379,4812,235,187,134
2380,4814,235,188,133
2381,4816,216,187,133
2382,4818,208,187,133
2383,4820,207,188,134
2384,4822,222,188,135
2385,4824,220,188,137
2386,4826,222,188,134
2387,4828,223,188,136
2388,4830,223,188,136
2389,4832,241,187,134
2390,4834,230,188,136
2391,4836,209,187,135
2392,4838,213,187,136
2393,4840,212,188,139
2394,4842,232,188,139
2395,4844,219,187,138
2396,4846,218,188,141
2397,4848,226,188,140
2398,4850,211,188,139
2399,4852,244,188,143
2400,4854,229,188,140
2401,4856,225,189,140
2402,4858,219,188,141
2403,4860,210,188,142
2404,4862,219,189,142
2405,4864,227,188,142
2406,4866,232,189,143
2407,4868,227,188,143
2408,4870,231,189,143
2409,4872,243,189,146
2410,4874,225,190,143
2411,4876,225,190,145
2412,4878,220,190,146
2413,4880,203,190,145
2414,4882,219,190,145
2415,4884,224,190,145
2416,4886,223,190,147
2417,4888,221,190,145
2418,4890,228,190,147
2419,4892,242,190,148
2420,4894,232,190,147
2421,4896,224,191,147
2422,4898,217,190,146
2423,4900,213,190,149
2424,4902,220,190,149
2425,4904,229,190,149
2426,4906,223,190,149
2427,4908,230,191,149
2428,4910,227,190,152
2429,4912,239,191,150
2430,4914,230,191,149
2431,4916,225,191,150
2432,4918,217,194,150
2433,4920,207,191,150
2434,4922,220,191,150
2435,4924,225,191,151
2436,4926,229,191,151
2437,4928,225,190,150
2438,4930,221,191,150
2439,4932,233,191,151
2440,4934,230,191,152
2441,4936,219,191,150
2442,4938,215,191,150
2443,4940,212,192,150
2444,4942,223,191,149
2445,4944,222,192,152
2446,4946,228,192,150
2447,4948,223,192,150
2448,4950,220,192,149
2449,4952,242,192,151
2450,4954,225,192,150
2451,4956,220,193,152
2452,4958,220,193,152
2453,4960,211,192,151
2454,4962,213,193,152
2455,4964,225,194,152
2456,4966,225,194,154
2457,4968,225,194,152
2458,4970,229,193,153
2459,4972,231,194,152
2460,4974,233,194,151
2461,4976,221,194,151
2462,4978,217,194,159
2463,4980,211,195,158
2464,4982,218,195,157
2465,4984,227,196,158
2466,4986,225,196,155
2467,4988,214,196,156
2468,4990,220,195,154
2469,4992,237,196,154
2470,4994,221,196,154
2471,4996,225,196,153
2472,4998,216,196,154
2473,5000,209,196,153
2474,5002,215,197,156
2475,5004,222,197,156
2476,5006,223,196,155
2477,5008,222,197,155
2478,5010,226,197,155
2479,5012,237,197,156
2480,5014,230,197,154
2481,5016,222,197,154
2482,5018,210,197,155
2483,5020,217,196,154
2484,5022,219,198,155
2485,5024,222,198,157
2486,5026,224,198,154
2487,5028,226,197,153
2488,5030,218,197,154
2489,5032,242,198,155
2490,5034,234,197,155
2491,5036,226,197,154
2492,5038,221,197,154
2493,5040,202,198,152
2494,5042,208,197,155
2495,5044,218,198,155
2496,5046,214,197,155
2497,5048,232,198,153
2498,5050,223,197,152
2499,5052,245,197,154
2500,5054,252,198,153
2501,5056,227,198,151
2502,5058,224,198,153
2503,5060,204,197,153
2504,5062,211,198,154
2505,5064,223,198,151
2506,5066,220,197,154
2507,5068,226,199,155
2508,5070,213,198,155
2509,5072,250,198,154
2510,5074,255,197,152
2511,5076,216,197,153
2512,5078,216,197,154
2513,5080,196,198,152
2514,5082,203,198,154
2515,5084,226,198,155
2516,5086,220,198,154
2517,5088,234,198,155
2518,5090,219,198,153
2519,5092,248,197,153
2520,5094,250,198,155
2521,5096,217,198,153
2522,5098,221,198,154
2523,5100,201,198,156
2524,5102,204,197,154
2525,5104,228,198,154
2526,5106,219,198,154
2527,5108,227,196,154
2528,5110,234,199,155
2529,5112,251,198,156
2530,5114,243,198,154
2531,5116,227,199,158
2532,5118,222,198,155
2533,5120,195,197,152
2534,5122,201,197,156
2535,5124,223,198,153
2536,5126,222,197,155
2537,5128,223,198,154
2538,5130,218,198,158
2539,5132,244,197,154
2540,5134,242,197,155
2541,5136,243,198,154
2542,5138,216,198,157
2543,5140,191,198,154
2544,5142,206,198,154
2545,5144,223,198,155
2546,5146,226,198,158
2547,5148,228,198,156
2548,5150,214,198,155
2549,5152,249,198,152
2550,5154,247,198,153
2551,5156,244,198,156
2552,5158,220,199,155
2553,5160,197,199,154
2554,5162,213,197,156
2555,5164,223,198,158
2556,5166,226,198,156
2557,5168,231,198,156
2558,5170,216,198,156
2559,5172,247,198,154
2560,5174,247,199,156
2561,5176,226,198,157
2562,5178,219,198,156
2563,5180,208,199,158
2564,5182,212,198,157
2565,5184,218,199,156
2566,5186,234,198,156
2567,5188,230,198,157
2568,5190,217,199,157
2569,5192,256,198,156
2570,5194,247,198,158
2571,5196,224,199,155
2572,5198,219,199,158
2573,5200,202,198,157
2574,5202,204,198,155
2575,5204,234,198,158
2576,5206,237,199,156
2577,5208,223,199,156
2578,5210,213,197,155
2579,5212,259,199,153
2580,5214,259,200,157
2581,5216,224,199,155
2582,5218,224,198,157
2583,5220,218,198,157
2584,5222,216,199,155
2585,5224,242,196,154
2586,5226,234,200,155
2587,5228,236,197,157
2588,5230,231,199,155
2589,5232,256,199,156
2590,5234,253,199,154
2591,5236,232,199,156
2592,5238,231,199,155
2593,5240,206,200,153
2594,5242,217,201,154
2595,5244,231,197,155
2596,5246,229,199,154
2597,5248,232,198,156
2598,5250,225,201,153
2599,5252,251,201,155
2600,5254,255,200,154
2601,5256,223,198,156
2602,5258,226,201,153
2603,5260,199,200,152
2604,5262,215,200,153
2605,5264,230,201,155
2606,5266,229,202,156
2607,5268,226,201,155
2608,5270,238,202,156
2609,5272,250,202,156
2610,5274,255,205,154
2611,5276,234,202,156
2612,5278,224,202,156
2613,5280,211,204,154
2614,5282,218,202,154
2615,5284,232,202,159
2616,5286,236,202,158
2617,5288,232,202,154
2618,5290,235,202,154
2619,5292,250,203,155
2620,5294,255,204,157
2621,5296,230,204,158
2622,5298,227,203,157
2623,5300,210,203,155
2624,5302,213,203,155
2625,5304,221,203,158
2626,5306,238,204,157
2627,5308,234,204,156
2628,5310,224,204,157
2629,5312,257,204,155
2630,5314,257,205,157
2631,5316,240,205,158
2632,5318,221,204,160
2633,5320,214,205,158
2634,5322,216,205,156
2635,5324,230,205,154
2636,5326,251,205,157
2637,5328,230,205,156
2638,5330,231,205,155
2639,5332,258,205,156
2640,5334,260,205,156
2641,5336,230,205,155
2642,5338,232,204,156
2643,5340,207,205,156
2644,5342,208,205,158
2645,5344,230,208,162
2646,5346,231,206,159
2647,5348,229,205,158
2648,5350,228,206,158
2649,5352,250,205,158
2650,5354,251,205,158
2651,5356,235,206,158
2652,5358,230,206,159
2653,5360,202,205,157
2654,5362,210,206,158
2655,5364,227,205,157
2656,5366,229,206,156
2657,5368,228,204,154
2658,5370,226,205,154
2659,5372,250,206,156
2660,5374,257,206,157
2661,5376,231,206,159
2662,5378,228,207,159
2663,5380,197,207,159
2664,5382,217,208,161
2665,5384,221,208,159
2666,5386,224,209,160
2667,5388,228,207,158
2668,5390,229,210,159
2669,5392,248,210,158
2670,5394,243,210,158
2671,5396,231,210,160
2672,5398,220,211,157
2673,5400,206,211,159
2674,5402,216,210,163
2675,5404,223,211,161
2676,5406,230,212,162
2677,5408,229,211,163
2678,5410,230,212,164
2679,5412,248,211,161
2680,5414,255,210,162
2681,5416,233,211,163
2682,5418,224,211,165
2683,5420,208,212,166
2684,5422,207,212,166
2685,5424,222,212,165
2686,5426,221,213,164
2687,5428,232,212,166
2688,5430,225,212,167
2689,5432,242,213,169
2690,5434,261,213,169
2691,5436,231,213,171
2692,5438,230,213,169
2693,5440,212,213,172
2694,5442,214,214,172
2695,5444,235,215,172
2696,5446,234,215,170
2697,5448,230,215,170
2698,5450,230,216,174
2699,5452,240,215,174
2700,5454,261,216,176
2701,5456,230,216,176
2702,5458,232,216,175
2703,5460,203,217,176
2704,5462,219,217,177
2705,5464,227,218,176
2706,5466,235,219,177
2707,5468,232,219,179
2708,5470,229,220,177
2709,5472,240,220,178
2710,5474,258,220,176
2711,5476,235,221,175
2712,5478,228,221,175
2713,5480,196,220,172
2714,5482,214,221,173
2715,5484,233,221,171
2716,5486,224,221,173
2717,5488,229,223,174
2718,5490,232,223,173
2719,5492,234,223,174
2720,5494,257,224,177
2721,5496,234,224,176
2722,5498,233,223,174
2723,5500,194,224,177
2724,5502,215,224,175
2725,5504,227,225,176
2726,5506,222,225,179
2727,5508,224,226,178
2728,5510,230,226,179
2729,5512,236,226,175
2730,5514,258,227,174
2731,5516,239,227,174
2732,5518,230,227,176
2733,5520,204,226,177
2734,5522,219,227,176
2735,5524,225,227,175
2736,5526,222,227,174
2737,5528,235,227,174
2738,5530,229,227,173
2739,5532,238,227,174
2740,5534,259,227,174
2741,5536,232,227,172
2742,5538,224,228,174
2743,5540,209,228,173
2744,5542,220,229,172
2745,5544,223,229,175
2746,5546,231,230,172
2747,5548,235,232,171
2748,5550,232,230,169
2749,5552,239,230,167
2750,5554,249,230,167
2751,5556,236,231,164
2752,5558,231,230,163
2753,5560,206,232,164
2754,5562,219,233,164
2755,5564,217,232,166
2756,5566,231,232,163
2757,5568,230,232,165
2758,5570,232,233,163
2759,5572,245,232,164
2760,5574,246,232,166
2761,5576,234,233,169
2762,5578,229,234,173
2763,5580,205,233,171
2764,5582,216,234,167
2765,5584,231,233,167
2766,5586,226,234,173
2767,5588,222,233,171
2768,5590,230,234,170
2769,5592,235,234,171
2770,5594,255,234,173
2771,5596,235,234,173
2772,5598,231,234,171
2773,5600,209,234,172
2774,5602,212,234,171
2775,5604,229,235,173
2776,5606,226,234,174
2777,5608,224,235,174
2778,5610,237,234,173
2779,5612,235,235,172
2780,5614,257,234,175
2781,5616,238,236,176
2782,5618,227,235,174
2783,5620,205,235,172
2784,5622,225,235,177
2785,5624,228,234,177
2786,5626,231,235,177
2787,5628,228,235,176
2788,5630,230,235,174
2789,5632,236,235,175
2790,5634,259,235,174
2791,5636,248,235,175
2792,5638,226,234,174
2793,5640,204,235,174
2794,5642,217,235,176
2795,5644,229,235,175
2796,5646,234,235,176
2797,5648,230,236,177
2798,5650,230,235,179
2799,5652,224,235,176
2800,5654,254,235,177
2801,5656,231,236,176
2802,5658,229,235,177
2803,5660,218,234,177
2804,5662,207,235,175
2805,5664,223,235,176
2806,5666,222,236,178
2807,5668,236,236,178
2808,5670,227,239,178
2809,5672,229,241,177
2810,5674,251,243,178
2811,5676,232,242,179
2812,5678,232,243,180
2813,5680,211,242,180
2814,5682,214,243,182
2815,5684,232,243,179
2816,5686,233,244,181
2817,5688,235,244,181
2818,5690,233,245,179
2819,5692,239,246,181
2820,5694,262,246,181
2821,5696,239,245,181
2822,5698,238,246,181
2823,5700,220,245,178
2824,5702,216,247,180
2825,5704,240,248,182
2826,5706,228,248,182
2827,5708,234,247,183
2828,5710,241,247,183
2829,5712,233,248,182
2830,5714,260,248,183
2831,5716,238,247,183
2832,5718,234,249,183
2833,5720,210,248,182
2834,5722,221,249,183
2835,5724,244,250,183
2836,5726,243,249,183
2837,5728,234,250,184
2838,5730,251,252,185
2839,5732,235,252,184
2840,5734,262,251,185
2841,5736,251,252,183
2842,5738,233,252,182
2843,5740,209,251,183
2844,5742,224,252,183
2845,5744,239,251,182
2846,5746,239,252,184
2847,5748,237,251,183
2848,5750,248,252,183
2849,5752,238,252,183
2850,5754,263,252,184
2851,5756,242,253,184
2852,5758,233,251,184
2853,5760,213,252,184
2854,5762,230,252,186
2855,5764,234,253,184
2856,5766,236,253,187
2857,5768,240,253,187
2858,5770,228,252,187
2859,5772,224,253,187
2860,5774,260,252,187
2861,5776,242,252,187
2862,5778,239,253,186
2863,5780,217,252,185
2864,5782,223,252,188
2865,5784,234,253,193
2866,5786,233,252,188
2867,5788,244,253,188
2868,5790,222,253,189
2869,5792,232,253,190
2870,5794,265,253,190
2871,5796,241,252,190
2872,5798,242,252,189
2873,5800,216,251,187
2874,5802,221,251,189
2875,5804,234,251,187
2876,5806,233,252,190
2877,5808,239,251,189
2878,5810,229,251,191
2879,5812,237,251,192
2880,5814,262,251,189
2881,5816,249,251,189
2882,5818,241,250,188
2883,5820,211,250,189
2884,5822,222,250,193
2885,5824,239,250,190
2886,5826,238,251,189
2887,5828,231,251,190
2888,5830,237,250,193
2889,5832,241,249,191
2890,5834,258,248,188
2891,5836,245,249,191
2892,5838,234,249,191
2893,5840,215,250,192
2894,5842,225,250,192
2895,5844,242,249,192
2896,5846,234,249,191
2897,5848,239,249,192
2898,5850,234,249,191
2899,5852,235,248,191
2900,5854,263,248,192
2901,5856,255,252,193
2902,5858,240,249,193
2903,5860,218,249,192
2904,5862,230,248,191
2905,5864,240,248,192
2906,5866,240,247,191
2907,5868,242,247,191
2908,5870,242,246,190
2909,5872,232,247,190
2910,5874,260,246,192
2911,5876,260,247,192
2912,5878,234,247,193
2913,5880,213,245,191
2914,5882,233,247,196
2915,5884,238,245,196
2916,5886,246,246,197
2917,5888,239,246,197
2918,5890,239,245,196
2919,5892,228,246,196
2920,5894,261,245,197
2921,5896,250,247,199
2922,5898,230,246,198
2923,5900,214,246,198
2924,5902,222,245,198
2925,5904,234,246,200
2926,5906,238,245,198
2927,5908,239,243,200
2928,5910,237,245,198
2929,5912,228,245,199
2930,5914,259,245,198
2931,5916,245,244,199
2932,5918,241,244,200
2933,5920,223,244,199
2934,5922,226,245,199
2935,5924,234,244,200
2936,5926,251,247,202
2937,5928,248,245,202
2938,5930,244,244,201
2939,5932,237,243,200
2940,5934,264,243,200
2941,5936,254,243,200
2942,5938,236,242,199
2943,5940,227,242,199
2944,5942,224,242,199
2945,5944,239,243,198
2946,5946,236,241,194
2947,5948,236,241,196
2948,5950,235,241,194
2949,5952,228,240,193
2950,5954,252,241,196
2951,5956,255,238,196
2952,5958,239,236,195
2953,5960,213,241,197
2954,5962,217,237,194
2955,5964,226,236,194
2956,5966,233,234,194
2957,5968,242,235,193
2958,5970,243,234,193
2959,5972,226,235,193
2960,5974,262,235,191
2961,5976,255,235,192
2962,5978,225,234,191
2963,5980,215,234,192
2964,5982,228,235,192
2965,5984,240,235,192
2966,5986,237,234,191
2967,5988,235,234,193
2968,5990,239,234,191
2969,5992,233,234,190
2970,5994,271,234,196
2971,5996,264,234,192
2972,5998,237,234,192
2973,6000,220,234,192
2974,6002,226,235,193
2975,6004,232,234,194
2976,6006,244,234,194
2977,6008,239,233,193
2978,6010,240,235,194
2979,6012,229,234,191
2980,6014,264,234,194
2981,6016,253,234,194
2982,6018,236,234,194
2983,6020,223,234,194
2984,6022,219,234,193
2985,6024,233,233,193
2986,6026,245,233,193
2987,6028,234,234,193
2988,6030,241,234,192
2989,6032,234,233,191
2990,6034,259,234,192
2991,6036,258,234,192
2992,6038,235,233,193
2993,6040,220,233,193
2994,6042,220,233,190
2995,6044,248,233,191
2996,6046,239,234,191
2997,6048,235,234,188
2998,6050,245,234,188
2999,6052,238,234,187
3000,6054,254,233,187
3001,6056,256,234,187
3002,6058,240,234,188
3003,6060,228,233,187
3004,6062,221,233,187
3005,6064,238,234,191
3006,6066,233,233,190
3007,6068,235,232,191
3008,6070,241,233,190
3009,6072,241,234,191
3010,6074,269,234,192
3011,6076,256,234,194
3012,6078,248,233,192
3013,6080,210,233,191
3014,6082,223,233,194
3015,6084,246,233,192
3016,6086,239,233,191
3017,6088,241,233,192
3018,6090,239,234,190
3019,6092,236,234,192
3020,6094,270,234,192
3021,6096,254,233,191
3022,6098,242,233,189
3023,6100,216,234,189
3024,6102,221,232,191
3025,6104,245,233,188
3026,6106,243,233,188
3027,6108,242,233,188
3028,6110,242,233,188
3029,6112,240,232,188
3030,6114,279,232,188
3031,6116,253,233,190
3032,6118,237,233,187
3033,6120,215,233,189
3034,6122,223,232,189
3035,6124,239,232,189
3036,6126,236,233,190
3037,6128,239,233,192
3038,6130,233,233,190
3039,6132,235,233,190
3040,6134,268,233,189
3041,6136,248,233,190
3042,6138,237,232,191
3043,6140,203,232,190
3044,6142,222,232,190
3045,6144,225,232,189
3046,6146,242,233,192
3047,6148,239,233,191
3048,6150,232,232,191
3049,6152,247,232,191
3050,6154,267,234,196
3051,6156,253,233,196
3052,6158,238,232,198
3053,6160,223,233,198
3054,6162,221,233,197
3055,6164,242,232,197
3056,6166,240,232,195
3057,6168,233,233,193
3058,6170,236,232,192
3059,6172,245,232,192
3060,6174,250,232,191
3061,6176,256,232,191
3062,6178,248,233,191
3063,6180,220,232,192
3064,6182,225,232,189
3065,6184,238,231,192
3066,6186,238,232,190
3067,6188,235,232,190
3068,6190,239,232,192
3069,6192,247,232,187
3070,6194,260,230,189
3071,6196,256,232,186
3072,6198,238,232,186
3073,6200,208,231,185
3074,6202,219,231,187
3075,6204,236,231,185
3076,6206,227,232,189
3077,6208,233,232,187
3078,6210,245,231,186
3079,6212,239,231,189
3080,6214,261,232,188
3081,6216,249,232,187
3082,6218,235,232,186
3083,6220,210,232,185
3084,6222,221,231,184
3085,6224,232,231,185
3086,6226,236,232,185
3087,6228,238,232,185
3088,6230,253,231,184
3089,6232,234,232,184
3090,6234,264,232,185
3091,6236,260,231,186
3092,6238,248,231,184
3093,6240,215,231,185
3094,6242,214,231,184
3095,6244,239,231,184
3096,6246,241,232,185
3097,6248,248,232,183
3098,6250,234,231,184
3099,6252,233,232,184
3100,6254,262,231,182
3101,6256,256,231,182
3102,6258,228,231,182
3103,6260,210,232,182
3104,6262,210,232,182
3105,6264,240,231,182
3106,6266,237,231,183
3107,6268,227,231,183
3108,6270,228,231,183
3109,6272,232,230,183
3110,6274,257,229,182
3111,6276,250,230,182
3112,6278,236,231,183
3113,6280,216,231,183
3114,6282,210,231,183
3115,6284,233,231,183
3116,6286,235,230,183
3117,6288,225,230,183
3118,6290,235,231,183
3119,6292,234,231,184
3120,6294,263,231,185
3121,6296,246,230,182
3122,6298,238,231,183
3123,6300,220,230,183
3124,6302,213,231,182
3125,6304,223,231,184
3126,6306,232,229,182
3127,6308,235,229,184
3128,6310,232,229,184
3129,6312,231,229,184
3130,6314,268,229,180
3131,6316,252,229,181
3132,6318,230,228,182
3133,6320,214,228,182
3134,6322,219,228,180
3135,6324,243,227,182
3136,6326,229,227,181
3137,6328,231,227,182
3138,6330,238,228,183
3139,6332,235,227,183
3140,6334,268,226,183
3141,6336,257,226,183
3142,6338,234,226,182
3143,6340,213,227,183
3144,6342,223,226,183
3145,6344,238,226,183
3146,6346,231,225,182
3147,6348,235,225,184
3148,6350,235,225,183
3149,6352,226,224,183
3150,6354,262,224,181
3151,6356,251,223,182
3152,6358,226,222,184
3153,6360,211,221,182
3154,6362,224,222,181
3155,6364,238,222,184
3156,6366,231,221,182
3157,6368,248,221,182
3158,6370,231,220,182
3159,6372,228,220,180
3160,6374,264,219,182
3161,6376,249,219,182
3162,6378,236,219,184
3163,6380,218,219,183
3164,6382,213,219,182
3165,6384,233,219,184
3166,6386,230,219,182
3167,6388,229,219,182
3168,6390,227,218,182
3169,6392,218,219,183
3170,6394,257,219,182
3171,6396,239,218,183
3172,6398,231,218,183
3173,6400,209,218,183
3174,6402,201,218,183
3175,6404,236,218,185
3176,6406,233,217,183
3177,6408,233,217,184
3178,6410,226,217,183
3179,6412,236,218,182
3180,6414,261,216,181
3181,6416,245,217,182
3182,6418,232,216,180
3183,6420,205,216,180
3184,6422,205,217,181
3185,6424,229,217,182
3186,6426,226,216,181
3187,6428,231,216,183
3188,6430,226,215,182
3189,6432,223,217,180
3190,6434,258,216,180
3191,6436,241,217,180
3192,6438,233,216,179
3193,6440,204,216,179
3194,6442,216,216,179
3195,6444,236,216,179
3196,6446,229,216,177
3197,6448,241,216,179
3198,6450,230,216,179
3199,6452,220,216,180
3200,6454,258,216,178
3201,6456,248,215,177
3202,6458,232,216,177
3203,6460,207,216,177
3204,6462,219,216,178
3205,6464,233,216,179
3206,6466,229,215,178
3207,6468,237,215,183
3208,6470,226,216,178
3209,6472,233,215,178
3210,6474,263,215,178
3211,6476,250,216,178
3212,6478,239,216,178
3213,6480,212,216,177
3214,6482,223,216,178
3215,6484,232,216,178
3216,6486,235,215,176
3217,6488,231,215,177
3218,6490,226,216,176
3219,6492,228,216,172
3220,6494,261,215,175
3221,6496,242,215,173
3222,6498,238,215,175
3223,6500,214,215,176
3224,6502,207,215,175
3225,6504,216,215,174
3226,6506,228,215,174
3227,6508,234,215,173
3228,6510,236,215,172
3229,6512,228,214,171
3230,6514,258,215,173
3231,6516,243,215,174
3232,6518,234,214,179
3233,6520,206,214,173
3234,6522,203,214,174
3235,6524,221,215,172
3236,6526,233,214,174
3237,6528,231,214,173
3238,6530,224,214,175
3239,6532,217,215,175
3240,6534,253,215,176
3241,6536,244,213,176
3242,6538,230,215,177
3243,6540,204,215,174
3244,6542,206,215,174
3245,6544,231,215,175
3246,6546,226,215,175
3247,6548,226,215,175
3248,6550,234,214,173
3249,6552,222,214,172
3250,6554,245,215,173
3251,6556,234,214,171
3252,6558,218,215,172
3253,6560,203,213,171
3254,6562,203,212,172
3255,6564,228,213,171
3256,6566,230,212,170
3257,6568,225,213,173
3258,6570,233,212,172
3259,6572,218,211,170
3260,6574,257,211,171
3261,6576,248,211,170
3262,6578,235,210,168
3263,6580,207,210,169
3264,6582,208,210,168
3265,6584,235,211,169
3266,6586,223,212,168
3267,6588,225,211,167
3268,6590,236,211,167
3269,6592,218,210,166
3270,6594,255,209,165
3271,6596,234,213,165
3272,6598,216,209,163
3273,6600,204,209,163
3274,6602,207,209,164
3275,6604,221,209,163
3276,6606,223,208,164
3277,6608,218,208,163
3278,6610,222,208,163
3279,6612,230,208,163
3280,6614,251,208,164
3281,6616,238,207,162
3282,6618,220,209,163
3283,6620,207,206,163
3284,6622,199,205,162
3285,6624,224,204,162
3286,6626,222,206,162
3287,6628,219,206,164
3288,6630,216,206,163
3289,6632,222,206,165
3290,6634,252,206,159
3291,6636,244,205,160
3292,6638,221,205,159
3293,6640,205,206,159
3294,6642,200,207,158
3295,6644,225,205,160
3296,6646,228,205,159
3297,6648,226,206,159
3298,6650,228,205,159
3299,6652,229,204,158
3300,6654,262,205,158
3301,6656,243,205,160
3302,6658,235,204,159
3303,6660,207,205,160
3304,6662,200,205,159
3305,6664,226,205,159
3306,6666,228,205,158
3307,6668,226,205,158
3308,6670,229,205,158
3309,6672,224,206,160
3310,6674,251,205,159
3311,6676,244,206,160
3312,6678,231,205,160
3313,6680,208,205,159
3314,6682,197,204,159
3315,6684,239,205,159
3316,6686,234,206,160
3317,6688,230,205,158
3318,6690,228,205,159
3319,6692,226,204,159
3320,6694,258,205,161
3321,6696,250,204,158
3322,6698,235,205,160
3323,6700,213,205,159
3324,6702,203,204,158
3325,6704,226,205,160
3326,6706,221,204,159
3327,6708,224,205,162
3328,6710,224,205,161
3329,6712,219,205,159
3330,6714,257,205,161
3331,6716,240,204,160
3332,6718,230,205,161
3333,6720,202,205,163
3334,6722,199,204,160
3335,6724,228,205,161
3336,6726,213,204,161
3337,6728,213,204,160
3338,6730,228,204,161
3339,6732,228,204,160
3340,6734,267,204,161
3341,6736,240,204,162
3342,6738,233,204,162
3343,6740,213,204,162
3344,6742,206,204,161
3345,6744,227,205,162
3346,6746,223,204,162
3347,6748,231,204,162
3348,6750,226,204,160
3349,6752,229,204,161
3350,6754,261,203,162
3351,6756,243,206,162
3352,6758,233,204,161
3353,6760,208,204,161
3354,6762,207,204,162
3355,6764,224,205,162
3356,6766,221,204,162
3357,6768,224,205,163
3358,6770,212,203,162
3359,6772,229,204,162
3360,6774,252,204,160
3361,6776,236,203,162
3362,6778,240,204,163
3363,6780,205,203,163
3364,6782,198,202,164
3365,6784,226,203,162
3366,6786,217,202,163
3367,6788,214,202,162
3368,6790,221,202,161
3369,6792,227,201,161
3370,6794,255,202,160
3371,6796,249,202,162
3372,6798,237,202,161
3373,6800,208,201,160
3374,6802,205,200,160
3375,6804,223,201,160
3376,6806,223,201,162
3377,6808,228,199,161
3378,6810,229,199,161
3379,6812,228,201,161
3380,6814,252,194,160
3381,6816,232,196,161
3382,6818,230,194,164
3383,6820,207,195,165
3384,6822,207,195,164
3385,6824,226,195,165
3386,6826,217,195,166
3387,6828,224,193,162
3388,6830,224,195,164
3389,6832,223,194,163
3390,6834,258,194,165
3391,6836,247,193,164
3392,6838,230,193,163
3393,6840,208,193,165
3394,6842,196,194,164
3395,6844,218,193,162
3396,6846,221,193,163
3397,6848,229,193,164
3398,6850,214,192,163
3399,6852,221,192,164
3400,6854,253,190,163
3401,6856,242,192,164
3402,6858,226,190,163
3403,6860,211,191,163
3404,6862,202,191,163
3405,6864,228,190,164
3406,6866,222,191,164
3407,6868,214,191,165
3408,6870,211,191,166
3409,6872,230,193,165
3410,6874,262,192,167
3411,6876,244,191,166
3412,6878,226,191,165
3413,6880,208,191,165
3414,6882,192,190,165
3415,6884,222,190,162
3416,6886,220,191,163
3417,6888,223,190,165
3418,6890,221,190,165
3419,6892,230,190,166
3420,6894,250,190,168
3421,6896,240,189,165
3422,6898,225,190,166
3423,6900,204,190,165
3424,6902,203,189,165
3425,6904,222,190,166
3426,6906,213,190,167
3427,6908,215,190,167
3428,6910,220,189,166
3429,6912,231,190,168
3430,6914,254,190,167
3431,6916,249,189,165
3432,6918,220,189,166
3433,6920,204,189,166
3434,6922,212,189,165
3435,6924,219,189,166
3436,6926,228,189,167
3437,6928,225,189,165
3438,6930,228,190,166
3439,6932,221,190,166
3440,6934,255,190,166
3441,6936,242,189,169
3442,6938,224,189,167
3443,6940,197,188,167
3444,6942,206,188,166
3445,6944,223,190,168
3446,6946,220,189,167
3447,6948,215,189,167
3448,6950,225,189,165
3449,6952,222,189,164
3450,6954,251,188,167
3451,6956,235,188,167
3452,6958,208,189,170
3453,6960,206,187,167
3454,6962,194,188,165
3455,6964,215,187,164
3456,6966,209,188,167
3457,6968,220,187,166
3458,6970,219,187,166
3459,6972,221,188,167
3460,6974,255,188,167
3461,6976,233,188,164
3462,6978,223,188,167
3463,6980,206,187,168
3464,6982,200,187,166
3465,6984,225,188,166
3466,6986,223,188,167
3467,6988,220,187,165
3468,6990,218,187,165
3469,6992,219,187,166
3470,6994,256,187,165
3471,6996,235,187,165
3472,6998,222,188,165
3473,7000,210,188,164
3474,7002,192,188,164
3475,7004,223,188,165
3476,7006,213,188,164
3477,7008,209,187,165
3478,7010,211,187,164
3479,7012,204,187,165
3480,7014,242,188,162
3481,7016,234,188,166
3482,7018,216,187,163
3483,7020,200,187,161
3484,7022,184,188,162
3485,7024,218,188,163
3486,7026,210,187,165
3487,7028,209,188,163
3488,7030,225,187,163
3489,7032,208,187,163
3490,7034,240,188,162
3491,7036,233,188,162
3492,7038,210,187,163
3493,7040,198,188,163
3494,7042,187,187,164
3495,7044,208,186,164
3496,7046,215,187,166
3497,7048,218,187,163
3498,7050,214,188,164
3499,7052,201,187,163
3500,7054,245,188,164
3501,7056,235,187,162
3502,7058,218,187,164
3503,7060,197,187,163
3504,7062,196,187,164
3505,7064,218,187,163
3506,7066,210,187,163
3507,7068,216,188,165
3508,7070,209,187,163
3509,7072,203,187,163
3510,7074,237,187,163
3511,7076,225,187,163
3512,7078,219,187,163
3513,7080,201,187,163
3514,7082,198,187,163
3515,7084,212,187,163
3516,7086,212,187,163
3517,7088,225,187,162
3518,7090,212,187,165
3519,7092,215,188,163
3520,7094,245,187,163
3521,7096,227,187,164
3522,7098,219,189,163
3523,7100,197,187,163
3524,7102,197,188,163
3525,7104,214,187,164
3526,7106,218,188,160
3527,7108,223,187,162
3528,7110,220,187,163
3529,7112,222,188,161
3530,7114,248,188,163
3531,7116,236,188,162
3532,7118,222,187,162
3533,7120,205,186,163
3534,7122,201,187,163
3535,7124,222,187,163
3536,7126,221,187,160
3537,7128,226,188,159
3538,7130,225,187,160
3539,7132,226,188,162
3540,7134,246,188,161
3541,7136,236,187,160
3542,7138,224,187,160
3543,7140,190,187,161
3544,7142,195,187,160
3545,7144,214,187,160
3546,7146,217,187,161
3547,7148,217,188,162
3548,7150,216,188,161
3549,7152,218,188,162
3550,7154,241,187,160
3551,7156,239,188,160
3552,7158,226,186,159
3553,7160,204,188,161
3554,7162,198,188,161
3555,7164,221,187,159
3556,7166,219,188,160
3557,7168,228,187,159
3558,7170,209,188,156
3559,7172,217,187,151
3560,7174,248,187,153
3561,7176,245,187,164
3562,7178,220,186,159
3563,7180,193,188,162
3564,7182,200,188,158
3565,7184,215,188,158
3566,7186,220,188,157
3567,7188,224,188,158
3568,7190,212,187,156
3569,7192,204,187,157
3570,7194,239,188,158
3571,7196,235,188,158
3572,7198,218,188,161
3573,7200,194,188,158
3574,7202,186,187,157
3575,7204,207,187,157
3576,7206,210,188,158
3577,7208,213,188,158
3578,7210,209,188,157
3579,7212,208,188,158
3580,7214,238,187,158
3581,7216,233,187,160
3582,7218,211,188,161
3583,7220,198,187,159
3584,7222,190,188,160
3585,7224,208,188,160
3586,7226,216,187,158
3587,7228,211,188,157
3588,7230,215,187,157
3589,7232,212,187,154
3590,7234,242,188,154
3591,7236,237,188,155
3592,7238,216,187,157
3593,7240,213,187,155
3594,7242,192,188,155
3595,7244,213,188,155
3596,7246,217,187,155
3597,7248,214,187,154
3598,7250,219,187,155
3599,7252,210,186,153
3600,7254,242,188,156
3601,7256,241,186,156
3602,7258,216,186,154
3603,7260,196,188,153
3604,7262,189,186,153
3605,7264,213,187,154
3606,7266,218,188,155
3607,7268,208,187,155
3608,7270,206,187,155
3609,7272,206,188,156
3610,7274,235,188,156
3611,7276,234,187,152
3612,7278,218,188,154
3613,7280,199,194,153
3614,7282,186,188,154
3615,7284,216,187,152
3616,7286,212,187,150
3617,7288,210,188,153
3618,7290,215,188,152
3619,7292,216,188,154
3620,7294,243,188,155
3621,7296,244,188,153
3622,7298,221,187,153
3623,7300,196,189,155
3624,7302,192,186,152
3625,7304,210,187,151
3626,7306,213,187,154
3627,7308,211,187,154
3628,7310,220,186,155
3629,7312,202,187,151
3630,7314,245,188,151
3631,7316,237,187,153
3632,7318,218,187,152
3633,7320,201,187,151
3634,7322,192,187,153
3635,7324,197,191,150
3636,7326,206,182,151
3637,7328,210,186,152
3638,7330,214,187,151
3639,7332,210,186,150
3640,7334,239,187,149
3641,7336,237,188,150
3642,7338,214,187,149
3643,7340,208,188,149
3644,7342,198,187,148
3645,7344,204,188,148
3646,7346,222,188,148
3647,7348,215,187,149
3648,7350,218,188,148
3649,7352,207,187,148
3650,7354,246,187,147
3651,7356,244,187,143
3652,7358,224,188,144
3653,7360,203,187,143
3654,7362,182,187,142
3655,7364,202,187,142
3656,7366,220,187,142
3657,7368,211,187,144
3658,7370,223,187,142
3659,7372,214,187,143
3660,7374,233,187,143
3661,7376,237,188,143
3662,7378,226,187,143
3663,7380,200,187,143
3664,7382,185,187,141
3665,7384,201,187,142
3666,7386,213,187,145
3667,7388,211,187,144
3668,7390,218,188,144
3669,7392,218,189,144
3670,7394,250,188,144
3671,7396,237,187,143
3672,7398,237,189,145
3673,7400,204,188,145
3674,7402,191,187,147
3675,7404,199,187,145
3676,7406,215,187,145
3677,7408,219,187,146
3678,7410,218,188,147
3679,7412,216,188,146
3680,7414,245,188,147
3681,7416,243,186,145
3682,7418,219,187,146
3683,7420,205,187,144
3684,7422,185,187,146
3685,7424,197,188,145
3686,7426,222,188,147
3687,7428,211,188,146
3688,7430,218,188,145
3689,7432,216,189,144
3690,7434,247,188,146
3691,7436,245,186,148
3692,7438,218,187,145
3693,7440,205,186,146
3694,7442,187,187,146
3695,7444,201,187,146
3696,7446,218,188,146
3697,7448,218,187,147
3698,7450,220,188,147
3699,7452,213,187,146
3700,7454,241,188,146
3701,7456,231,188,147
3702,7458,225,186,147
3703,7460,210,188,146
3704,7462,196,187,146
3705,7464,198,188,147
3706,7466,216,188,147
3707,7468,215,188,147
3708,7470,225,188,146
3709,7472,223,187,145
3710,7474,247,187,148
3711,7476,243,188,147
3712,7478,231,188,147
3713,7480,208,187,145
3714,7482,192,188,147
3715,7484,204,188,147
3716,7486,217,188,147
3717,7488,208,188,148
3718,7490,216,188,146
3719,7492,221,187,144
3720,7494,240,188,146
3721,7496,240,187,147
3722,7498,227,188,146
3723,7500,211,188,146
3724,7502,189,187,146
3725,7504,201,187,146
3726,7506,219,187,146
3727,7508,215,188,146
3728,7510,219,187,145
3729,7512,219,188,145
3730,7514,242,188,148
3731,7516,243,187,147
3732,7518,226,188,145
3733,7520,207,187,144
3734,7522,192,187,145
3735,7524,199,188,145
3736,7526,207,188,143
3737,7528,213,188,144
3738,7530,213,187,143
3739,7532,219,188,143
3740,7534,241,188,142
3741,7536,245,186,143
3742,7538,220,188,144
3743,7540,212,188,143
3744,7542,193,188,141
3745,7544,196,188,141
3746,7546,220,188,143
3747,7548,217,188,142
3748,7550,220,188,141
3749,7552,214,188,142
3750,7554,242,188,141
3751,7556,240,188,142
3752,7558,226,188,143
3753,7560,209,188,141
3754,7562,186,188,143
3755,7564,188,187,143
3756,7566,222,188,147
3757,7568,214,188,149
3758,7570,212,188,147
3759,7572,208,188,149
3760,7574,240,187,147
3761,7576,236,188,149
3762,7578,217,187,148
3763,7580,213,186,148
3764,7582,194,188,148
3765,7584,198,187,147
3766,7586,221,187,147
3767,7588,215,188,149
3768,7590,219,188,149
3769,7592,225,189,147
3770,7594,245,188,149
3771,7596,239,188,148
3772,7598,213,188,149
3773,7600,205,188,149
3774,7602,190,188,149
3775,7604,208,188,149
3776,7606,223,188,149
3777,7608,219,188,149
3778,7610,223,188,149
3779,7612,220,188,150
3780,7614,241,188,149
3781,7616,241,189,149
3782,7618,221,188,150
3783,7620,213,188,148
3784,7622,186,188,149
3785,7624,207,188,150
3786,7626,217,188,150
3787,7628,214,188,147
3788,7630,225,188,151
3789,7632,217,188,150
3790,7634,243,188,153
3791,7636,230,188,150
3792,7638,219,188,150
3793,7640,211,188,154
3794,7642,192,188,150
3795,7644,205,188,152
3796,7646,217,188,154
3797,7648,214,188,153
3798,7650,223,188,152
3799,7652,214,188,153
3800,7654,243,188,153
3801,7656,242,188,153
3802,7658,231,187,154
3803,7660,212,188,153
3804,7662,193,188,155
3805,7664,209,188,153
3806,7666,223,188,155
3807,7668,224,188,153
3808,7670,218,189,153
3809,7672,214,189,153
3810,7674,245,188,154
3811,7676,241,188,153
3812,7678,216,189,153
3813,7680,228,188,154
3814,7682,188,188,152
3815,7684,201,189,154
3816,7686,223,188,151
3817,7688,222,188,153
3818,7690,220,189,155
3819,7692,214,188,153
3820,7694,245,188,154
3821,7696,239,189,154
3822,7698,223,188,153
3823,7700,217,188,153
3824,7702,192,188,152
3825,7704,204,188,152
3826,7706,223,188,152
3827,7708,220,188,153
3828,7710,222,189,154
3829,7712,211,188,153
3830,7714,238,189,151
3831,7716,236,189,154
3832,7718,223,190,153
3833,7720,216,188,153
3834,7722,196,188,153
3835,7724,206,188,153
3836,7726,215,189,153
3837,7728,220,188,153
3838,7730,222,188,153
3839,7732,218,188,152
3840,7734,243,188,152
3841,7736,234,189,153
3842,7738,222,188,153
3843,7740,210,188,153
3844,7742,192,189,153
3845,7744,208,188,154
3846,7746,216,188,153
3847,7748,216,188,155
3848,7750,219,189,155
3849,7752,227,188,152
3850,7754,237,188,153
3851,7756,239,189,153
3852,7758,216,189,156
3853,7760,212,189,154
3854,7762,197,188,153
3855,7764,209,189,154
3856,7766,216,189,154
3857,7768,226,189,153
3858,7770,220,188,153
3859,7772,220,188,153
3860,7774,243,189,154
3861,7776,238,189,155
3862,7778,220,188,153
3863,7780,207,189,154
3864,7782,191,188,154
3865,7784,198,189,152
3866,7786,215,190,154
3867,7788,219,189,154
3868,7790,221,188,153
3869,7792,207,188,153
3870,7794,238,189,153
3871,7796,236,189,152
3872,7798,224,189,154
3873,7800,215,189,153
3874,7802,188,188,152
3875,7804,199,189,153
3876,7806,211,189,155
3877,7808,221,189,153
3878,7810,214,189,153
3879,7812,222,187,154
3880,7814,228,189,154
3881,7816,249,189,154
3882,7818,213,189,153
3883,7820,210,188,153
3884,7822,197,189,152
3885,7824,204,189,154
3886,7826,217,188,153
3887,7828,222,189,153
3888,7830,222,189,153
3889,7832,223,189,153
3890,7834,229,189,154
3891,7836,231,189,152
3892,7838,222,189,155
3893,7840,215,189,153
3894,7842,191,189,152
3895,7844,203,188,153
3896,7846,225,188,154
3897,7848,221,189,153
3898,7850,221,188,153
3899,7852,215,188,154
3900,7854,237,188,154
3901,7856,244,188,156
3902,7858,227,188,154
3903,7860,211,187,155
3904,7862,191,188,155
3905,7864,206,189,153
3906,7866,217,189,153
3907,7868,215,188,155
3908,7870,223,188,156
3909,7872,218,188,155
3910,7874,239,188,155
3911,7876,249,189,155
3912,7878,229,189,155
3913,7880,218,188,156
3914,7882,201,188,158
3915,7884,205,189,155
3916,7886,219,188,155
3917,7888,221,188,155
3918,7890,239,189,155
3919,7892,215,189,154
3920,7894,241,188,156
3921,7896,244,188,157
3922,7898,218,189,156
3923,7900,214,188,155
3924,7902,194,188,155
3925,7904,206,188,156
3926,7906,219,188,155
3927,7908,224,188,156
3928,7910,224,189,156
3929,7912,219,188,156
3930,7914,241,189,156
3931,7916,237,188,156
3932,7918,222,188,156
3933,7920,212,188,157
3934,7922,191,188,156
3935,7924,203,189,157
3936,7926,215,188,157
3937,7928,225,188,157
3938,7930,219,188,156
3939,7932,211,189,157
3940,7934,249,188,157
3941,7936,240,188,159
3942,7938,220,189,157
3943,7940,215,188,156
3944,7942,191,188,160
3945,7944,205,188,156
3946,7946,223,187,155
3947,7948,214,187,156
3948,7950,220,188,155
3949,7952,218,187,153
3950,7954,249,187,153
3951,7956,244,188,153
3952,7958,226,188,153
3953,7960,221,189,151
3954,7962,186,187,150
3955,7964,206,193,150
3956,7966,215,188,154
3957,7968,213,189,160
3958,7970,221,188,154
3959,7972,222,189,156
3960,7974,237,189,156
3961,7976,239,189,155
3962,7978,223,189,157
3963,7980,221,189,160
3964,7982,192,189,159
3965,7984,199,189,157
3966,7986,217,189,158
3967,7988,222,189,159
3968,7990,238,189,155
3969,7992,221,190,156
3970,7994,244,189,156
3971,7996,249,187,157
3972,7998,215,189,156
3973,8000,220,188,155
3974,8002,194,188,155
3975,8004,206,186,155
3976,8006,221,189,158
3977,8008,223,185,154
3978,8010,219,188,156
3979,8012,221,189,158
3980,8014,244,188,158
3981,8016,238,186,161
3982,8018,228,188,163
3983,8020,221,188,163
3984,8022,199,188,163
3985,8024,211,189,160
3986,8026,220,189,162
3987,8028,229,189,163
3988,8030,220,189,163
3989,8032,224,188,161
3990,8034,234,188,160
3991,8036,229,189,158
3992,8038,221,189,159
3993,8040,212,189,159
3994,8042,199,189,159
3995,8044,206,188,158
3996,8046,211,188,159
3997,8048,220,189,158
3998,8050,211,189,158
3999,8052,218,189,159
4000,8054,235,189,159
4001,8056,245,189,159
4002,8058,223,188,156
4003,8060,221,189,157
4004,8062,196,188,157
4005,8064,210,189,158
4006,8066,217,188,156
4007,8068,212,188,157
4008,8070,219,188,157
4009,8072,218,188,158
4010,8074,228,189,160
4011,8076,230,188,156
4012,8078,233,188,157
4013,8080,215,189,160
4014,8082,199,188,159
4015,8084,205,189,160
4016,8086,216,189,160
4017,8088,214,188,159
4018,8090,220,188,161
4019,8092,227,189,161
4020,8094,223,188,161
4021,8096,245,188,161
4022,8098,227,189,161
4023,8100,215,189,161
4024,8102,193,188,160
4025,8104,208,189,161
4026,8106,210,189,160
4027,8108,219,188,160
4028,8110,211,187,160
4029,8112,231,189,163
4030,8114,219,188,161
4031,8116,239,188,162
4032,8118,234,188,162
4033,8120,217,189,162
4034,8122,202,188,162
4035,8124,210,188,162
4036,8126,210,189,162
4037,8128,212,189,162
4038,8130,221,191,162
4039,8132,216,188,161
4040,8134,219,188,161
4041,8136,241,189,162
4042,8138,226,189,162
4043,8140,216,189,162
4044,8142,195,188,163
4045,8144,202,189,162
4046,8146,213,188,164
4047,8148,225,189,162
4048,8150,219,188,162
4049,8152,223,189,161
4050,8154,227,188,163
4051,8156,243,189,161
4052,8158,221,188,162
4053,8160,220,187,161
4054,8162,194,188,161
4055,8164,202,188,162
4056,8166,222,188,161
4057,8168,214,189,161
4058,8170,209,189,163
4059,8172,226,188,162
4060,8174,223,189,163
4061,8176,241,189,162
4062,8178,221,189,163
4063,8180,217,189,162
4064,8182,202,188,164
4065,8184,204,189,162
4066,8186,223,189,162
4067,8188,214,188,161
4068,8190,225,189,162
4069,8192,225,188,160
4070,8194,223,188,161
4071,8196,241,188,161
4072,8198,241,189,162
4073,8200,221,188,161
4074,8202,195,189,163
4075,8204,199,189,161
4076,8206,221,189,161
4077,8208,214,187,163
4078,8210,222,189,163
4079,8212,216,189,161
4080,8214,216,188,161
4081,8216,245,189,164
4082,8218,240,188,163
4083,8220,223,188,163
4084,8222,192,188,161
4085,8224,202,188,162
4086,8226,214,188,161
4087,8228,218,188,162
4088,8230,227,188,162
4089,8232,225,188,164
4090,8234,219,189,161
4091,8236,253,190,163
4092,8238,223,188,161
4093,8240,219,189,163
4094,8242,201,188,164
4095,8244,204,189,161
4096,8246,219,188,161
4097,8248,219,189,162
4098,8250,221,188,162
4099,8252,206,189,163
4100,8254,213,189,163
4101,8256,240,188,164
4102,8258,232,189,163
4103,8260,214,188,163
4104,8262,198,188,163
4105,8264,211,188,163
4106,8266,222,189,164
4107,8268,223,189,165
4108,8270,216,188,163
4109,8272,208,188,162
4110,8274,223,188,163
4111,8276,249,188,162
4112,8278,220,188,162
4113,8280,213,189,162
4114,8282,200,188,162
4115,8284,207,187,162
4116,8286,217,188,162
4117,8288,228,189,164
4118,8290,219,189,163
4119,8292,212,188,164
4120,8294,232,188,162
4121,8296,249,189,165
4122,8298,233,187,163
4123,8300,221,187,164
4124,8302,192,188,161
4125,8304,215,188,164
4126,8306,219,188,161
4127,8308,217,188,162
4128,8310,223,189,163
4129,8312,224,188,162
4130,8314,222,188,162
4131,8316,243,188,163
4132,8318,222,188,163
4133,8320,222,188,162
4134,8322,201,188,164
4135,8324,209,188,164
4136,8326,217,187,163
4137,8328,219,188,164
4138,8330,225,189,163
4139,8332,220,188,163
4140,8334,217,187,163
4141,8336,241,188,164
4142,8338,227,188,164
4143,8340,218,188,163
4144,8342,196,188,163
4145,8344,210,187,163
4146,8346,216,188,163
4147,8348,212,187,163
4148,8350,223,188,163
4149,8352,216,188,165
4150,8354,212,188,165
4151,8356,245,188,167
4152,8358,230,188,164
4153,8360,220,188,165
4154,8362,200,188,165
4155,8364,210,187,164
4156,8366,218,188,166
4157,8368,227,186,164
4158,8370,220,188,165
4159,8372,221,188,164
4160,8374,214,188,165
4161,8376,248,188,164
4162,8378,231,188,165
4163,8380,220,187,164
4164,8382,199,187,164
4165,8384,209,188,164
4166,8386,215,188,163
4167,8388,230,188,164
4168,8390,213,188,163
4169,8392,214,187,163
4170,8394,214,187,163
4171,8396,240,188,165
4172,8398,226,188,164
4173,8400,214,187,164
4174,8402,201,187,163
4175,8404,208,188,164
4176,8406,219,188,163
4177,8408,228,188,164
4178,8410,212,188,164
4179,8412,221,188,164
4180,8414,215,188,163
4181,8416,247,188,163
4182,8418,228,188,164
4183,8420,214,188,164
4184,8422,195,189,164
4185,8424,208,188,163
4186,8426,218,187,166
4187,8428,214,188,164
4188,8430,217,188,163
4189,8432,218,188,162
4190,8434,219,188,163
4191,8436,248,189,166
4192,8438,237,188,164
4193,8440,215,188,163
4194,8442,200,188,165
4195,8444,204,187,164
4196,8446,218,188,162
4197,8448,219,188,159
4198,8450,220,189,163
4199,8452,220,188,164
4200,8454,211,188,162
4201,8456,233,188,165
4202,8458,245,188,162
4203,8460,215,188,163
4204,8462,194,189,164
4205,8464,206,188,163
4206,8466,222,188,164
4207,8468,232,188,163
4208,8470,217,188,163
4209,8472,218,189,165
4210,8474,208,188,162
4211,8476,239,189,164
4212,8478,230,188,164
4213,8480,213,188,164
4214,8482,203,189,164
4215,8484,209,188,163
4216,8486,221,187,163
4217,8488,227,188,165
4218,8490,217,188,163
4219,8492,221,188,166
4220,8494,212,187,163
4221,8496,250,190,164
4222,8498,234,189,164
4223,8500,220,186,163
4224,8502,203,188,163
4225,8504,202,188,163
4226,8506,227,188,164
4227,8508,234,189,164
4228,8510,221,189,164
4229,8512,224,188,165
4230,8514,216,188,164
4231,8516,242,188,163
4232,8518,237,189,165
4233,8520,225,188,161
4234,8522,204,188,164
4235,8524,205,188,159
4236,8526,216,188,162
4237,8528,225,188,163
4238,8530,218,188,164
4239,8532,217,188,164
4240,8534,217,188,163
4241,8536,245,189,167
4242,8538,248,188,163
4243,8540,224,188,161
4244,8542,195,189,164
4245,8544,208,188,164
4246,8546,227,188,164
4247,8548,222,188,164
4248,8550,217,188,164
4249,8552,223,189,164
4250,8554,216,189,164
4251,8556,247,189,164
4252,8558,241,189,163
4253,8560,227,189,165
4254,8562,201,188,164
4255,8564,208,188,163
4256,8566,224,189,165
4257,8568,215,189,164
4258,8570,231,189,166
4259,8572,224,189,165
4260,8574,217,189,163
4261,8576,243,189,164
4262,8578,233,189,166
4263,8580,217,189,164
4264,8582,194,189,166
4265,8584,202,189,166
4266,8586,221,189,166
4267,8588,218,189,168
4268,8590,231,189,165
4269,8592,213,190,165
4270,8594,215,189,166
4271,8596,245,190,167
4272,8598,231,189,165
4273,8600,221,189,163
4274,8602,208,190,162
4275,8604,205,190,163
4276,8606,222,190,161
4277,8608,225,191,161
4278,8610,229,190,160
4279,8612,213,190,156
4280,8614,222,190,158
4281,8616,252,192,157
4282,8618,231,190,157
4283,8620,224,190,156
4284,8622,204,190,153
4285,8624,203,191,150
4286,8626,218,189,149
4287,8628,221,190,147
4288,8630,221,190,157
4289,8632,219,190,155
4290,8634,212,191,151
4291,8636,246,191,155
4292,8638,223,191,154
4293,8640,222,191,152
4294,8642,198,190,152
4295,8644,203,191,153
4296,8646,212,191,153
4297,8648,215,193,152
4298,8650,216,191,153
4299,8652,222,192,154
4300,8654,220,192,153
4301,8656,248,192,150
4302,8658,226,190,149
4303,8660,223,191,148
4304,8662,191,191,147
4305,8664,204,192,149
4306,8666,220,191,147
4307,8668,212,191,147
4308,8670,221,191,145
4309,8672,212,191,143
4310,8674,216,192,143
4311,8676,249,195,143
4312,8678,242,192,143
4313,8680,220,192,143
4314,8682,192,190,143
4315,8684,201,192,144
4316,8686,213,191,140
4317,8688,217,190,144
4318,8690,222,191,142
4319,8692,207,191,141
4320,8694,210,190,140
4321,8696,236,192,143
4322,8698,236,192,142
4323,8700,223,190,142
4324,8702,185,191,140
4325,8704,198,191,143
4326,8706,220,192,144
4327,8708,204,191,144
4328,8710,213,191,144
4329,8712,217,191,143
4330,8714,216,192,142
4331,8716,248,192,142
4332,8718,238,191,142
4333,8720,218,192,143
4334,8722,199,192,142
4335,8724,196,192,143
4336,8726,215,192,142
4337,8728,217,192,143
4338,8730,224,192,144
4339,8732,207,192,142
4340,8734,215,192,142
4341,8736,252,191,144
4342,8738,236,191,142
4343,8740,224,192,144
4344,8742,201,193,143
4345,8744,199,192,142
4346,8746,221,192,143
4347,8748,224,192,141
4348,8750,215,191,142
4349,8752,221,192,143
4350,8754,221,192,141
4351,8756,250,192,144
4352,8758,244,191,143
4353,8760,223,191,144
4354,8762,200,191,142
4355,8764,196,192,142
4356,8766,226,191,141
4357,8768,215,191,142
4358,8770,216,191,142
4359,8772,222,191,142
4360,8774,219,192,144
4361,8776,247,192,143
4362,8778,239,192,141
4363,8780,220,192,141
4364,8782,190,192,142
4365,8784,199,191,140
4366,8786,218,191,141
4367,8788,216,192,142
4368,8790,210,192,143
4369,8792,221,192,142
4370,8794,217,192,141
4371,8796,258,191,142
4372,8798,245,192,143
4373,8800,225,192,142
4374,8802,195,191,142
4375,8804,196,192,143
4376,8806,222,193,142
4377,8808,220,192,143
4378,8810,218,192,143
4379,8812,222,191,141
4380,8814,213,191,142
4381,8816,243,192,142
4382,8818,233,192,142
4383,8820,218,191,141
4384,8822,190,192,142
4385,8824,198,191,142
4386,8826,220,192,143
4387,8828,209,192,143
4388,8830,219,191,143
4389,8832,219,192,145
4390,8834,217,192,145
4391,8836,248,192,150
4392,8838,228,191,142
4393,8840,219,191,141
4394,8842,199,191,143
4395,8844,204,191,144
4396,8846,218,192,145
4397,8848,221,191,144
4398,8850,218,191,144
4399,8852,222,191,142
4400,8854,218,190,143
4401,8856,251,192,143
4402,8858,236,191,143
4403,8860,221,191,142
4404,8862,203,189,143
4405,8864,202,191,143
4406,8866,216,191,143
4407,8868,218,191,143
4408,8870,220,192,145
4409,8872,222,190,142
4410,8874,223,191,143
4411,8876,249,191,142
4412,8878,234,191,142
4413,8880,225,190,143
4414,8882,200,190,141
4415,8884,196,189,141
4416,8886,224,191,144
4417,8888,219,191,145
4418,8890,215,191,144
4419,8892,211,191,142
4420,8894,227,191,143
4421,8896,245,191,141
4422,8898,238,190,143
4423,8900,220,191,146
4424,8902,191,191,144
4425,8904,199,190,143
4426,8906,221,191,145
4427,8908,213,191,143
4428,8910,213,191,144
4429,8912,218,193,145
4430,8914,224,191,142
4431,8916,251,191,143
4432,8918,232,191,143
4433,8920,234,191,143
4434,8922,204,192,143
4435,8924,193,191,143
4436,8926,226,191,144
4437,8928,212,193,144
4438,8930,234,191,143
4439,8932,213,191,143
4440,8934,224,191,143
4441,8936,252,191,145
4442,8938,234,190,144
4443,8940,222,189,143
4444,8942,199,190,144
4445,8944,199,190,145
4446,8946,214,192,143
4447,8948,214,190,144
4448,8950,224,191,147
4449,8952,220,191,143
4450,8954,205,192,143
4451,8956,249,191,143
4452,8958,231,191,146
4453,8960,224,191,144
4454,8962,202,191,144
4455,8964,192,191,144
4456,8966,225,191,143
4457,8968,220,190,144
4458,8970,225,191,146
4459,8972,211,191,143
4460,8974,224,191,145
4461,8976,247,191,146
4462,8978,222,190,146
4463,8980,220,190,145
4464,8982,188,190,146
4465,8984,199,190,147
4466,8986,226,190,146
4467,8988,222,191,143
4468,8990,219,190,145
4469,8992,213,190,145
4470,8994,223,190,146
4471,8996,247,190,147
4472,8998,230,190,146
4473,9000,215,190,146
4474,9002,197,190,148
4475,9004,191,190,145
4476,9006,219,190,146
4477,9008,220,191,146
4478,9010,220,190,146
4479,9012,212,190,145
4480,9014,219,191,145
4481,9016,245,192,143
4482,9018,237,191,145
4483,9020,220,191,145
4484,9022,193,190,143
4485,9024,198,191,147
4486,9026,221,190,144
4487,9028,227,191,145
4488,9030,221,191,145
4489,9032,213,190,145
4490,9034,217,190,145
4491,9036,247,192,147
4492,9038,239,191,144
4493,9040,215,190,145
4494,9042,201,191,144
4495,9044,198,191,145
4496,9046,218,190,145
4497,9048,214,190,146
4498,9050,225,191,145
4499,9052,219,190,146
4500,9054,225,191,146
4501,9056,246,190,143
4502,9058,236,190,145
4503,9060,220,190,146
4504,9062,204,190,147
4505,9064,200,190,143
4506,9066,214,190,146
4507,9068,212,190,147
4508,9070,223,190,145
4509,9072,219,190,144
4510,9074,215,189,146
4511,9076,250,190,146
4512,9078,223,191,146
4513,9080,214,191,145
4514,9082,194,190,145
4515,9084,210,191,144
4516,9086,215,191,144
4517,9088,223,190,144
4518,9090,214,191,144
4519,9092,209,191,144
4520,9094,214,190,142
4521,9096,252,191,145
4522,9098,234,191,146
4523,9100,222,190,146
4524,9102,214,191,144
4525,9104,200,190,144
4526,9106,212,190,145
4527,9108,224,191,145
4528,9110,219,190,145
4529,9112,230,191,145
4530,9114,207,191,145
4531,9116,250,190,145
4532,9118,236,191,146
4533,9120,227,191,145
4534,9122,202,190,142
4535,9124,199,190,145
4536,9126,228,191,145
4537,9128,223,190,146
4538,9130,218,190,145
4539,9132,221,190,145
4540,9134,224,191,144
4541,9136,243,190,148
4542,9138,239,190,148
4543,9140,216,190,147
4544,9142,201,190,146
4545,9144,199,189,146
4546,9146,220,190,148
4547,9148,218,191,146
4548,9150,209,190,147
4549,9152,219,190,147
4550,9154,208,189,147
4551,9156,248,189,147
4552,9158,242,190,148
4553,9160,221,190,146
4554,9162,204,190,147
4555,9164,204,190,146
4556,9166,223,190,148
4557,9168,216,190,149
4558,9170,221,190,148
4559,9172,221,190,148
4560,9174,216,190,149
4561,9176,249,190,148
4562,9178,236,190,149
4563,9180,225,190,147
4564,9182,206,190,147
4565,9184,196,190,148
4566,9186,218,190,148
4567,9188,214,188,148
4568,9190,235,190,147
4569,9192,225,190,147
4570,9194,218,191,147
4571,9196,254,190,148
4572,9198,236,190,147
4573,9200,216,189,148
4574,9202,206,189,145
4575,9204,204,190,144
4576,9206,218,189,147
4577,9208,211,190,142
4578,9210,225,190,147
4579,9212,208,191,148
4580,9214,213,189,148
4581,9216,252,190,147
4582,9218,224,190,147
4583,9220,224,190,150
4584,9222,206,190,148
4585,9224,195,190,145
4586,9226,224,190,146
4587,9228,219,190,146
4588,9230,220,190,145
4589,9232,216,190,150
4590,9234,213,191,144
4591,9236,252,190,147
4592,9238,240,190,148
4593,9240,230,190,146
4594,9242,209,190,147
4595,9244,195,190,147
4596,9246,225,190,148
4597,9248,214,191,148
4598,9250,226,190,149
4599,9252,210,191,146
4600,9254,224,190,150
4601,9256,253,190,149
4602,9258,239,190,148
4603,9260,221,189,147
4604,9262,202,190,148
4605,9264,197,190,148
4606,9266,226,190,149
4607,9268,216,190,148
4608,9270,217,190,150
4609,9272,216,190,147
4610,9274,226,189,147
4611,9276,261,190,148
4612,9278,245,190,147
4613,9280,232,189,148
4614,9282,202,190,148
4615,9284,191,189,146
4616,9286,218,190,147
4617,9288,219,190,148
4618,9290,219,190,147
4619,9292,225,188,148
4620,9294,221,190,148
4621,9296,249,190,148
4622,9298,239,190,149
4623,9300,225,190,146
4624,9302,205,190,147
4625,9304,204,190,148
4626,9306,220,190,147
4627,9308,210,190,148
4628,9310,237,190,147
4629,9312,227,190,149
4630,9314,224,190,148
4631,9316,252,190,148
4632,9318,238,189,148
4633,9320,224,190,148
4634,9322,198,190,149
4635,9324,200,190,147
4636,9326,221,190,148
4637,9328,213,190,149
4638,9330,214,190,148
4639,9332,214,190,151
4640,9334,228,191,151
4641,9336,252,190,147
4642,9338,235,191,148
4643,9340,224,190,144
4644,9342,206,190,147
4645,9344,205,190,146
4646,9346,219,190,147
4647,9348,211,189,146
4648,9350,215,190,143
4649,9352,211,192,145
4650,9354,225,190,146
4651,9356,246,188,146
4652,9358,238,189,145
4653,9360,222,190,145
4654,9362,201,191,145
4655,9364,195,190,145
4656,9366,217,191,145
4657,9368,217,190,145
4658,9370,210,190,145
4659,9372,223,190,145
4660,9374,229,190,146
4661,9376,244,190,145
4662,9378,235,190,145
4663,9380,217,192,145
4664,9382,203,190,145
4665,9384,207,190,146
4666,9386,228,190,146
4667,9388,222,191,146
4668,9390,219,190,145
4669,9392,215,190,146
4670,9394,227,190,147
4671,9396,241,190,145
4672,9398,235,190,147
4673,9400,217,190,146
4674,9402,201,188,146
4675,9404,207,191,146
4676,9406,221,190,144
4677,9408,223,191,143
4678,9410,216,190,146
4679,9412,218,189,140
4680,9414,223,191,140
4681,9416,247,191,142
4682,9418,229,190,140
4683,9420,218,190,141
4684,9422,198,190,141
4685,9424,201,191,142
4686,9426,223,189,142
4687,9428,226,189,141
4688,9430,224,191,142
4689,9432,221,191,142
4690,9434,228,190,143
4691,9436,240,190,142
4692,9438,233,191,142
4693,9440,216,190,143
4694,9442,210,190,142
4695,9444,209,190,140
4696,9446,217,191,142
4697,9448,223,190,141
4698,9450,215,190,143
4699,9452,224,190,142
4700,9454,218,189,143
4701,9456,246,190,140
4702,9458,223,189,143
4703,9460,220,190,142
4704,9462,208,190,144
4705,9464,193,189,143
4706,9466,221,190,142
4707,9468,221,189,142
4708,9470,217,190,143
4709,9472,218,190,140
4710,9474,228,190,142
4711,9476,251,190,141
4712,9478,230,190,141
4713,9480,222,190,143
4714,9482,207,190,144
4715,9484,202,190,144
4716,9486,224,190,145
4717,9488,226,190,142
4718,9490,214,189,143
4719,9492,221,190,143
4720,9494,225,190,141
4721,9496,244,190,142
4722,9498,233,190,143
4723,9500,235,190,140
4724,9502,202,190,140
4725,9504,198,190,143
4726,9506,226,190,144
4727,9508,220,190,143
4728,9510,220,192,143
4729,9512,220,189,144
4730,9514,221,189,143
4731,9516,256,190,144
4732,9518,241,190,142
4733,9520,229,190,140
4734,9522,197,190,142
4735,9524,189,190,144
4736,9526,226,190,142
4737,9528,215,191,143
4738,9530,216,190,143
4739,9532,222,190,141
4740,9534,213,190,141
4741,9536,247,190,143
4742,9538,237,190,143
4743,9540,220,190,143
4744,9542,201,190,147
4745,9544,197,190,150
4746,9546,220,190,148
4747,9548,221,189,150
4748,9550,222,190,149
4749,9552,226,190,149
4750,9554,217,190,149
4751,9556,249,190,151
4752,9558,232,190,150
4753,9560,219,190,150
4754,9562,203,189,147
4755,9564,196,190,149
4756,9566,225,190,150
4757,9568,220,191,149
4758,9570,229,190,150
4759,9572,216,191,150
4760,9574,228,190,149
4761,9576,248,190,150
4762,9578,231,190,149
4763,9580,222,188,150
4764,9582,204,190,147
4765,9584,194,190,148
4766,9586,220,190,149
4767,9588,216,189,148
4768,9590,216,190,148
4769,9592,215,190,148
4770,9594,219,190,147
4771,9596,241,193,149
4772,9598,230,190,147
4773,9600,218,190,149
4774,9602,197,190,148
4775,9604,197,189,146
4776,9606,222,191,147
4777,9608,221,190,148
4778,9610,224,190,149
4779,9612,214,190,148
4780,9614,230,191,149
4781,9616,235,190,149
4782,9618,232,190,148
4783,9620,227,190,148
4784,9622,198,189,147
4785,9624,205,190,145
4786,9626,228,190,147
4787,9628,223,190,145
4788,9630,233,190,147
4789,9632,221,189,147
4790,9634,227,190,146
4791,9636,249,190,142
4792,9638,233,189,144
4793,9640,213,190,146
4794,9642,201,189,144
4795,9644,206,190,144
4796,9646,218,190,146
4797,9648,217,191,147
4798,9650,221,190,147
4799,9652,213,190,146
4800,9654,222,190,147
4801,9656,241,190,146
4802,9658,234,191,147
4803,9660,205,190,147
4804,9662,202,190,148
4805,9664,210,190,146
4806,9666,220,190,143
4807,9668,222,190,145
4808,9670,225,190,146
4809,9672,216,190,145
4810,9674,228,190,147
4811,9676,228,189,147
4812,9678,225,190,147
4813,9680,215,190,145
4814,9682,204,190,146
4815,9684,209,189,146
4816,9686,230,190,146
4817,9688,225,190,146
4818,9690,219,190,145
4819,9692,222,189,146
4820,9694,219,190,146
4821,9696,245,190,148
4822,9698,233,190,147
4823,9700,212,190,147
4824,9702,202,189,147
4825,9704,206,191,148
4826,9706,227,189,148
4827,9708,225,191,149
4828,9710,215,190,148
4829,9712,222,190,149
4830,9714,225,190,148
4831,9716,239,190,148
4832,9718,229,190,149
4833,9720,212,189,147
4834,9722,202,191,147
4835,9724,196,189,147
4836,9726,209,190,148
4837,9728,224,189,146
4838,9730,224,189,148
4839,9732,223,190,149
4840,9734,219,190,145
4841,9736,234,190,147
4842,9738,236,190,148
4843,9740,216,190,149
4844,9742,210,190,148
4845,9744,202,190,147
4846,9746,211,190,148
4847,9748,222,190,146
4848,9750,219,190,147
4849,9752,225,189,147
4850,9754,220,189,149
4851,9756,235,189,148
4852,9758,233,189,148
4853,9760,212,190,147
4854,9762,203,190,146
4855,9764,195,189,145
4856,9766,206,190,147
4857,9768,219,190,147
4858,9770,224,189,146
4859,9772,232,189,142
4860,9774,214,190,142
4861,9776,231,189,142
4862,9778,229,190,145
4863,9780,213,189,142
4864,9782,204,190,143
4865,9784,196,189,142
4866,9786,208,189,142
4867,9788,220,190,142
4868,9790,224,189,143
4869,9792,224,189,143
4870,9794,205,189,142
4871,9796,234,189,143
4872,9798,225,189,144
4873,9800,213,189,143
4874,9802,208,189,144
4875,9804,200,188,143
4876,9806,213,188,143
4877,9808,228,187,143
4878,9810,233,187,143
4879,9812,220,188,144
4880,9814,227,187,144
4881,9816,239,187,143
4882,9818,238,187,144
4883,9820,211,186,143
4884,9822,215,187,146
4885,9824,201,187,144
4886,9826,219,187,144
4887,9828,221,186,143
4888,9830,219,186,143
4889,9832,221,186,143
4890,9834,222,186,145
4891,9836,242,185,144
4892,9838,227,186,146
4893,9840,217,186,142
4894,9842,205,186,143
4895,9844,199,186,142
4896,9846,213,186,142
4897,9848,218,185,143
4898,9850,226,186,144
4899,9852,222,185,143
4900,9854,222,185,144
4901,9856,239,186,146
4902,9858,234,186,144
4903,9860,218,185,145
4904,9862,208,185,144
4905,9864,185,185,143
4906,9866,213,185,143
4907,9868,216,185,143
4908,9870,219,185,143
4909,9872,225,185,143
4910,9874,214,186,143
4911,9876,232,186,144
4912,9878,243,186,144
4913,9880,218,186,144
4914,9882,208,185,145
4915,9884,202,187,143
4916,9886,228,186,143
4917,9888,225,186,138
4918,9890,224,186,145
4919,9892,221,186,140
4920,9894,208,186,147
4921,9896,245,186,144
4922,9898,239,186,143
4923,9900,214,188,145
4924,9902,214,187,144
4925,9904,197,188,143
4926,9906,201,188,145
4927,9908,218,187,144
4928,9910,215,187,145
4929,9912,216,187,143
4930,9914,217,187,145
4931,9916,248,188,149
4932,9918,244,188,145
4933,9920,223,187,142
4934,9922,213,188,146
4935,9924,211,187,143
4936,9926,205,188,143
4937,9928,218,188,143
4938,9930,224,187,144
4939,9932,218,187,143
4940,9934,211,188,139
4941,9936,245,188,143
4942,9938,234,188,140
4943,9940,226,188,143
4944,9942,215,188,142
4945,9944,196,187,139
4946,9946,209,188,141
4947,9948,223,188,143
4948,9950,218,188,143
4949,9952,238,188,143
4950,9954,227,188,145
4951,9956,243,187,137
4952,9958,240,188,143
4953,9960,230,187,141
4954,9962,209,188,142
4955,9964,191,188,140
4956,9966,196,188,139
4957,9968,216,188,141
4958,9970,209,188,141
4959,9972,215,188,140
4960,9974,223,188,140
4961,9976,242,188,141
4962,9978,240,188,140
4963,9980,227,188,141
4964,9982,214,188,140
4965,9984,194,188,140
4966,9986,201,188,141
4967,9988,219,188,140
4968,9990,229,189,142
4969,9992,221,189,140
4970,9994,224,189,141
4971,9996,240,189,139
4972,9998,247,189,144
4973,10000,220,189,139
4974,10002,212,188,141
4975,10004,201,193,141
4976,10006,200,188,140
4977,10008,216,189,142
4978,10010,215,189,141
4979,10012,217,188,142
4980,10014,216,189,140
4981,10016,243,189,142
4982,10018,245,189,140
4983,10020,219,189,141
4984,10022,213,190,142
4985,10024,191,189,142
4986,10026,199,189,141
4987,10028,218,189,142
4988,10030,218,189,142
4989,10032,216,191,142
4990,10034,220,189,142
4991,10036,240,189,141
4992,10038,242,190,139
4993,10040,222,189,141
4994,10042,217,189,141
4995,10044,195,189,142
4996,10046,198,189,142
4997,10048,217,191,141
4998,10050,222,190,141
4999,10052,224,189,142
5000,10054,218,190,143
5001,10056,237,191,141
5002,10058,244,190,141
5003,10060,229,185,142
5004,10062,218,190,141
5005,10064,193,190,141
5006,10066,203,190,142
5007,10068,221,190,141
5008,10070,214,191,142
5009,10072,217,191,141
5010,10074,222,188,142
5011,10076,244,189,140
5012,10078,235,188,141
5013,10080,224,190,142
5014,10082,211,191,141
5015,10084,188,189,140
5016,10086,209,188,142
5017,10088,218,190,142
5018,10090,214,192,143
5019,10092,228,190,142
5020,10094,221,192,142
5021,10096,240,190,141
5022,10098,245,190,143
5023,10100,221,189,141
5024,10102,209,191,142
5025,10104,192,190,142
5026,10106,205,189,142
5027,10108,217,190,142
5028,10110,211,190,142
5029,10112,222,190,141
5030,10114,211,190,144
5031,10116,246,189,142
5032,10118,246,190,142
5033,10120,221,190,142
5034,10122,216,190,142
5035,10124,189,189,142
5036,10126,204,190,142
5037,10128,219,190,142
5038,10130,219,190,142
5039,10132,226,190,142
5040,10134,211,190,142
5041,10136,246,191,143
5042,10138,246,190,143
5043,10140,222,190,141
5044,10142,220,191,142
5045,10144,192,190,143
5046,10146,205,190,142
5047,10148,218,191,142
5048,10150,220,190,143
5049,10152,222,190,142
5050,10154,216,190,142
5051,10156,246,190,142
5052,10158,235,190,141
5053,10160,221,190,142
5054,10162,219,190,142
5055,10164,195,189,141
5056,10166,208,191,142
5057,10168,216,191,142
5058,10170,221,190,142
5059,10172,235,191,143
5060,10174,222,190,142
5061,10176,247,190,141
5062,10178,234,190,140
5063,10180,217,190,142
5064,10182,213,190,142
5065,10184,200,190,142
5066,10186,210,189,142
5067,10188,229,190,141
5068,10190,219,191,142
5069,10192,213,191,143
5070,10194,215,190,141
5071,10196,251,191,141
5072,10198,230,190,141
5073,10200,224,190,140
5074,10202,203,190,141
5075,10204,200,190,141
5076,10206,213,190,141
5077,10208,218,190,141
5078,10210,211,191,140
5079,10212,219,191,143
5080,10214,221,190,141
5081,10216,246,190,141
5082,10218,229,190,140
5083,10220,212,190,141
5084,10222,205,191,141
5085,10224,196,189,140
5086,10226,216,191,141
5087,10228,209,189,140
5088,10230,223,191,141
5089,10232,220,192,141
5090,10234,221,190,141
5091,10236,240,190,139
5092,10238,230,191,143
5093,10240,214,190,140
5094,10242,217,190,140
5095,10244,207,189,141
5096,10246,216,190,142
5097,10248,217,191,142
5098,10250,224,191,142
5099,10252,217,190,141
5100,10254,225,190,138
5101,10256,240,191,141
5102,10258,233,190,140
5103,10260,209,190,140
5104,10262,211,190,141
5105,10264,212,189,140
5106,10266,212,191,141
5107,10268,228,191,142
5108,10270,228,191,142
5109,10272,220,191,141
5110,10274,223,189,143
5111,10276,241,191,140
5112,10278,223,191,140
5113,10280,210,190,140
5114,10282,216,190,141
5115,10284,210,190,139
5116,10286,207,190,140
5117,10288,221,190,142
5118,10290,222,190,141
5119,10292,214,190,141
5120,10294,226,190,140
5121,10296,239,191,141
5122,10298,230,190,141
5123,10300,209,191,143
5124,10302,213,190,144
5125,10304,211,190,142
5126,10306,215,191,143
5127,10308,224,191,142
5128,10310,221,191,142
5129,10312,216,191,143
5130,10314,225,191,143
5131,10316,229,191,143
5132,10318,232,191,144
5133,10320,213,191,145
5134,10322,210,190,142
5135,10324,206,191,143
5136,10326,220,191,142
5137,10328,218,191,142
5138,10330,224,190,144
5139,10332,220,191,143
5140,10334,231,190,143
5141,10336,226,191,143
5142,10338,232,191,143
5143,10340,212,190,142
5144,10342,216,190,142
5145,10344,205,190,142
5146,10346,219,190,142
5147,10348,228,191,143
5148,10350,218,191,142
5149,10352,226,190,141
5150,10354,216,190,140
5151,10356,219,191,142
5152,10358,235,191,142
5153,10360,212,190,141
5154,10362,211,191,141
5155,10364,208,191,141
5156,10366,219,191,141
5157,10368,221,191,141
5158,10370,222,191,141
5159,10372,221,190,141
5160,10374,224,191,141
5161,10376,221,190,140
5162,10378,227,190,142
5163,10380,213,191,141
5164,10382,219,191,140
5165,10384,215,190,141
5166,10386,215,190,142
5167,10388,223,190,141
5168,10390,223,190,142
5169,10392,227,190,141
5170,10394,221,190,143
5171,10396,219,190,140
5172,10398,226,190,141
5173,10400,213,190,139
5174,10402,216,189,138
5175,10404,221,190,138
5176,10406,220,190,139
5177,10408,226,189,137
5178,10410,225,190,138
5179,10412,224,189,138
5180,10414,216,188,135
5181,10416,221,189,136
5182,10418,228,188,138
5183,10420,213,188,137
5184,10422,218,188,135
5185,10424,214,188,135
5186,10426,219,187,134
5187,10428,226,187,133
5188,10430,221,186,133
5189,10432,221,187,134
5190,10434,222,186,133
5191,10436,217,186,133
5192,10438,226,187,132
5193,10440,207,187,132
5194,10442,217,186,132
5195,10444,209,184,132
5196,10446,221,184,133
5197,10448,224,184,128
5198,10450,211,183,130
5199,10452,239,183,129
5200,10454,226,184,128
5201,10456,225,182,127
5202,10458,229,182,129
5203,10460,216,181,124
5204,10462,213,180,119
5205,10464,199,180,116
5206,10466,219,181,118
5207,10468,219,181,119
5208,10470,218,181,117
5209,10472,221,179,115
5210,10474,208,180,114
5211,10476,216,180,114
5212,10478,252,180,114
5213,10480,225,180,115
5214,10482,219,179,114
5215,10484,190,180,114
5216,10486,208,179,115
5217,10488,212,180,113
5218,10490,219,180,113
5219,10492,220,180,114
5220,10494,210,180,114
5221,10496,214,179,112
5222,10498,242,179,111
5223,10500,218,180,111
5224,10502,223,180,112
5225,10504,192,180,112
5226,10506,206,180,111
5227,10508,212,179,110
5228,10510,221,180,110
5229,10512,215,180,110
5230,10514,209,180,109
5231,10516,224,180,112
5232,10518,242,179,109
5233,10520,223,180,110
5234,10522,222,181,111
5235,10524,196,179,109
5236,10526,213,180,112
5237,10528,226,180,113
5238,10530,230,179,110
5239,10532,213,179,112
5240,10534,210,180,111
5241,10536,214,180,111
5242,10538,244,180,112
5243,10540,222,180,111
5244,10542,215,180,111
5245,10544,189,179,113
5246,10546,210,180,114
5247,10548,218,180,115
5248,10550,222,180,113
5249,10552,213,180,115
5250,10554,225,180,112
5251,10556,222,180,113
5252,10558,244,180,114
5253,10560,235,180,113
5254,10562,217,180,115
5255,10564,195,180,115
5256,10566,213,180,114
5257,10568,222,180,114
5258,10570,210,180,115
5259,10572,216,180,114
5260,10574,215,181,115
5261,10576,215,180,115
5262,10578,232,181,114
5263,10580,227,182,113
5264,10582,218,179,115
5265,10584,182,180,115
5266,10586,210,181,116
5267,10588,210,181,116
5268,10590,216,181,115
5269,10592,212,182,116
5270,10594,229,181,117
5271,10596,214,181,116
5272,10598,234,181,117
5273,10600,226,181,115
5274,10602,210,182,115
5275,10604,193,181,114
5276,10606,207,182,116
5277,10608,213,180,117
5278,10610,211,182,115
5279,10612,212,181,116
5280,10614,215,182,115
5281,10616,209,182,116
5282,10618,238,181,117
5283,10620,227,182,118
5284,10622,214,182,116
5285,10624,202,182,115
5286,10626,200,181,116
5287,10628,215,182,116
5288,10630,220,182,116
5289,10632,214,182,116
5290,10634,221,182,116
5291,10636,216,183,115
5292,10638,241,182,118
5293,10640,226,183,117
5294,10642,213,183,118
5295,10644,202,182,121
5296,10646,201,182,118
5297,10648,217,182,116
5298,10650,220,183,119
5299,10652,222,182,118
5300,10654,210,182,117
5301,10656,223,182,115
5302,10658,232,182,117
5303,10660,243,183,118
5304,10662,215,183,118
5305,10664,197,182,117
5306,10666,209,182,115
5307,10668,223,182,116
5308,10670,214,182,118
5309,10672,215,183,117
5310,10674,226,183,116
5311,10676,215,183,118
5312,10678,256,182,117
5313,10680,238,182,117
5314,10682,219,183,117
5315,10684,201,182,118
5316,10686,213,183,118
5317,10688,221,182,119
5318,10690,217,183,118
5319,10692,222,182,118
5320,10694,222,183,119
5321,10696,222,183,118
5322,10698,252,182,118
5323,10700,244,184,119
5324,10702,227,183,119
5325,10704,195,183,120
5326,10706,213,184,120
5327,10708,218,183,120
5328,10710,214,182,118
5329,10712,224,183,120
5330,10714,226,183,120
5331,10716,218,183,120
5332,10718,245,184,119
5333,10720,236,184,119
5334,10722,224,183,120
5335,10724,195,183,122
5336,10726,205,182,120
5337,10728,221,182,121
5338,10730,220,183,121
5339,10732,224,183,120
5340,10734,222,183,121
5341,10736,220,183,120
5342,10738,251,183,121
5343,10740,239,182,120
5344,10742,233,184,120
5345,10744,206,180,120
5346,10746,202,182,119
5347,10748,221,183,121
5348,10750,216,184,121
5349,10752,220,183,121
5350,10754,223,183,122
5351,10756,220,182,120
5352,10758,248,187,121
5353,10760,234,183,121
5354,10762,230,181,121
5355,10764,201,183,121
5356,10766,203,183,120
5357,10768,219,183,121
5358,10770,210,181,121
5359,10772,228,184,121
5360,10774,218,183,120
5361,10776,221,183,122
5362,10778,251,185,120
5363,10780,233,183,118
5364,10782,226,184,119
5365,10784,196,182,119
5366,10786,202,183,119
5367,10788,221,183,122
5368,10790,216,186,122
5369,10792,214,183,121
5370,10794,222,183,120
5371,10796,220,183,122
5372,10798,245,184,123
5373,10800,235,183,121
5374,10802,226,183,120
5375,10804,192,183,120
5376,10806,207,182,119
5377,10808,213,183,120
5378,10810,215,183,121
5379,10812,223,182,122
5380,10814,220,183,122
5381,10816,215,182,120
5382,10818,251,183,121
5383,10820,238,183,122
5384,10822,225,182,121
5385,10824,188,182,120
5386,10826,201,183,120
5387,10828,220,182,121
5388,10830,217,183,119
5389,10832,222,183,121
5390,10834,209,183,122
5391,10836,222,183,121
5392,10838,254,182,121
5393,10840,235,183,120
5394,10842,212,183,120
5395,10844,194,182,119
5396,10846,201,183,121
5397,10848,222,183,118
5398,10850,220,183,119
5399,10852,227,183,119
5400,10854,215,183,119
5401,10856,217,182,119
5402,10858,245,183,120
5403,10860,236,181,119
5404,10862,222,182,119
5405,10864,189,182,122
5406,10866,200,181,119
5407,10868,223,182,120
5408,10870,216,181,119
5409,10872,219,182,120
5410,10874,229,182,118
5411,10876,222,181,117
5412,10878,245,181,118
5413,10880,237,182,119
5414,10882,221,182,118
5415,10884,204,180,121
5416,10886,199,180,118
5417,10888,217,181,117
5418,10890,220,181,118
5419,10892,217,180,117
5420,10894,222,180,118
5421,10896,225,180,117
5422,10898,240,180,117
5423,10900,239,179,117
5424,10902,219,179,118
5425,10904,196,178,116
5426,10906,207,178,118
5427,10908,220,178,118
5428,10910,219,178,119
5429,10912,218,178,117
5430,10914,226,178,117
5431,10916,210,178,118
5432,10918,245,178,118
5433,10920,238,178,116
5434,10922,213,178,117
5435,10924,190,178,116
5436,10926,209,179,116
5437,10928,221,178,117
5438,10930,235,178,116
5439,10932,220,178,115
5440,10934,210,178,113
5441,10936,220,178,115
5442,10938,251,178,114
5443,10940,237,178,116
5444,10942,209,177,115
5445,10944,196,177,115
5446,10946,208,177,115
5447,10948,222,177,116
5448,10950,222,177,115
5449,10952,213,177,118
5450,10954,210,178,115
5451,10956,217,178,114
5452,10958,247,178,116
5453,10960,232,177,117
5454,10962,219,177,115
5455,10964,196,176,115
5456,10966,196,177,115
5457,10968,218,176,116
5458,10970,219,176,114
5459,10972,217,176,115
5460,10974,216,176,115
5461,10976,211,175,113
5462,10978,245,176,114
5463,10980,229,177,115
5464,10982,220,176,116
5465,10984,201,176,114
5466,10986,197,176,115
5467,10988,218,175,113
5468,10990,227,176,115
5469,10992,216,176,112
5470,10994,213,175,114
5471,10996,217,175,115
5472,10998,244,176,116
5473,11000,235,175,115
5474,11002,221,176,115
5475,11004,189,175,105
5476,11006,203,175,115
5477,11008,225,175,114
5478,11010,222,175,114
5479,11012,216,175,114
5480,11014,215,175,116
5481,11016,217,175,115
5482,11018,245,175,114
5483,11020,234,175,115
5484,11022,218,175,116
5485,11024,200,175,114
5486,11026,201,175,111
5487,11028,225,175,113
5488,11030,215,175,114
5489,11032,230,175,113
5490,11034,216,175,114
5491,11036,211,175,112
5492,11038,239,175,115
5493,11040,234,173,114
5494,11042,219,174,114
5495,11044,193,176,113
5496,11046,199,175,115
5497,11048,218,175,115
5498,11050,225,175,114
5499,11052,227,174,113
5500,11054,218,175,115
5501,11056,212,175,114
5502,11058,254,175,115
5503,11060,227,175,115
5504,11062,210,174,113
5505,11064,191,175,114
5506,11066,198,174,115
5507,11068,211,174,114
5508,11070,210,175,116
5509,11072,226,174,115
5510,11074,212,175,115
5511,11076,206,174,115
5512,11078,238,176,117
5513,11080,219,174,116
5514,11082,218,175,116
5515,11084,204,174,114
5516,11086,203,174,115
5517,11088,211,174,115
5518,11090,220,174,114
5519,11092,228,173,116
5520,11094,213,174,115
5521,11096,220,172,113
5522,11098,247,173,113
5523,11100,231,173,115
5524,11102,221,173,114
5525,11104,193,172,114
5526,11106,201,172,114
5527,11108,220,172,114
5528,11110,217,172,116
5529,11112,219,172,115
5530,11114,210,172,115
5531,11116,209,172,115
5532,11118,233,172,114
5533,11120,223,172,114
5534,11122,216,172,115
5535,11124,185,171,112
5536,11126,191,172,113
5537,11128,210,172,114
5538,11130,217,172,113
5539,11132,214,172,115
5540,11134,210,172,115
5541,11136,219,171,113
5542,11138,233,172,115
5543,11140,225,171,112
5544,11142,221,171,112
5545,11144,199,171,115
5546,11146,202,171,115
5547,11148,222,175,116
5548,11150,218,171,115
5549,11152,218,170,113
5550,11154,215,170,113
5551,11156,213,170,115
5552,11158,249,171,114
5553,11160,230,170,116
5554,11162,216,171,114
5555,11164,191,170,113
5556,11166,198,171,113
5557,11168,215,170,113
5558,11170,213,170,114
5559,11172,213,171,115
5560,11174,213,170,113
5561,11176,211,169,112
5562,11178,232,170,115
5563,11180,224,170,114
5564,11182,206,170,114
5565,11184,190,169,114
5566,11186,200,170,113
5567,11188,218,170,114
5568,11190,218,169,115
5569,11192,222,171,115
5570,11194,214,171,114
5571,11196,216,171,114
5572,11198,235,171,113
5573,11200,221,170,114
5574,11202,219,169,114
5575,11204,205,171,114
5576,11206,215,170,113
5577,11208,227,170,115
5578,11210,228,170,114
5579,11212,222,171,113
5580,11214,221,171,114
5581,11216,218,171,113
5582,11218,232,170,113
5583,11220,228,170,113
5584,11222,216,171,114
5585,11224,207,170,114
5586,11226,210,170,114
5587,11228,229,170,114
5588,11230,223,171,113
5589,11232,220,171,114
5590,11234,221,170,114
5591,11236,222,171,113
5592,11238,233,172,113
5593,11240,224,171,114
5594,11242,219,171,115
5595,11244,206,171,113
5596,11246,211,171,114
5597,11248,225,172,113
5598,11250,217,172,117
5599,11252,220,172,114
5600,11254,228,173,113
5601,11256,216,173,113
5602,11258,230,173,114
5603,11260,215,173,115
5604,11262,216,173,114
5605,11264,206,173,115
5606,11266,211,173,114
5607,11268,228,172,114
5608,11270,218,173,113
5609,11272,220,173,115
5610,11274,226,173,116
5611,11276,223,174,116
5612,11278,233,173,115
5613,11280,226,174,115
5614,11282,218,174,115
5615,11284,210,174,115
5616,11286,214,174,115
5617,11288,222,175,115
5618,11290,223,173,116
5619,11292,225,174,115
5620,11294,222,174,115
5621,11296,227,174,115
5622,11298,236,174,115
5623,11300,225,174,115
5624,11302,216,174,115
5625,11304,204,175,116
5626,11306,217,175,115
5627,11308,226,174,115
5628,11310,222,175,116
5629,11312,221,174,115
5630,11314,224,175,115
5631,11316,222,174,115
5632,11318,233,174,116
5633,11320,218,175,117
5634,11322,218,175,116
5635,11324,214,175,115
5636,11326,210,174,116
5637,11328,224,174,120
5638,11330,223,175,118
5639,11332,224,174,116
5640,11334,225,174,115
5641,11336,218,175,116
5642,11338,233,175,116
5643,11340,224,175,115
5644,11342,220,174,116
5645,11344,216,174,117
5646,11346,211,175,115
5647,11348,229,173,116
5648,11350,222,175,116
5649,11352,220,174,114
5650,11354,220,174,116
5651,11356,225,174,115
5652,11358,235,175,114
5653,11360,226,174,116
5654,11362,222,174,115
5655,11364,214,174,117
5656,11366,211,174,115
5657,11368,231,174,116
5658,11370,216,174,114
5659,11372,226,174,114
5660,11374,222,174,115
5661,11376,214,174,115
5662,11378,228,174,116
5663,11380,221,174,114
5664,11382,224,173,116
5665,11384,208,173,116
5666,11386,211,174,116
5667,11388,228,172,114
5668,11390,209,173,114
5669,11392,219,173,115
5670,11394,223,173,114
5671,11396,227,173,112
5672,11398,243,173,114
5673,11400,238,173,114
5674,11402,225,173,113
5675,11404,201,172,113
5676,11406,201,172,115
5677,11408,218,172,114
5678,11410,210,173,114
5679,11412,217,172,115
5680,11414,217,173,115
5681,11416,217,172,114
5682,11418,252,173,116
5683,11420,236,172,115
5684,11422,226,172,115
5685,11424,209,171,115
5686,11426,203,172,114
5687,11428,222,172,116
5688,11430,215,172,115
5689,11432,224,171,115
5690,11434,211,171,115
5691,11436,228,171,114
5692,11438,247,172,115
5693,11440,237,170,114
5694,11442,222,174,114
5695,11444,203,171,113
5696,11446,200,169,113
5697,11448,214,169,112
5698,11450,212,169,112
5699,11452,215,171,112
5700,11454,214,171,113
5701,11456,225,171,113
5702,11458,248,171,114
5703,11460,235,171,111
5704,11462,227,172,111
5705,11464,205,170,113
5706,11466,193,171,112
5707,11468,221,171,113
5708,11470,213,169,112
5709,11472,207,171,112
5710,11474,215,173,112
5711,11476,229,169,111
5712,11478,250,170,111
5713,11480,238,170,109
5714,11482,228,168,111
5715,11484,204,169,102
5716,11486,197,170,109
5717,11488,217,170,109
5718,11490,213,170,110
5719,11492,219,170,109
5720,11494,213,169,108
5721,11496,225,170,107
5722,11498,242,170,107
5723,11500,233,169,109
5724,11502,236,170,106
5725,11504,198,170,107
5726,11506,199,169,106
5727,11508,213,169,105
5728,11510,216,169,105
5729,11512,214,169,106
5730,11514,224,169,107
5731,11516,227,168,105
5732,11518,238,169,107
5733,11520,232,169,104
5734,11522,205,169,106
5735,11524,193,168,105
5736,11526,199,168,105
5737,11528,214,169,106
5738,11530,211,170,106
5739,11532,217,169,106
5740,11534,207,168,105
5741,11536,219,168,105
5742,11538,245,168,107
5743,11540,234,168,105
5744,11542,217,169,106
5745,11544,206,168,104
5746,11546,202,168,104
5747,11548,212,167,103
5748,11550,221,168,105
5749,11552,221,168,107
5750,11554,212,167,97
5751,11556,221,168,96
5752,11558,239,168,94
5753,11560,228,167,96
5754,11562,218,168,96
5755,11564,195,167,95
5756,11566,199,167,93
5757,11568,220,167,96
5758,11570,231,167,94
5759,11572,210,167,96
5760,11574,214,167,93
5761,11576,227,168,94
5762,11578,239,167,93
5763,11580,221,167,95
5764,11582,210,168,94
5765,11584,206,167,94
5766,11586,197,166,95
5767,11588,216,167,91
5768,11590,208,167,93
5769,11592,216,167,91
5770,11594,215,167,88
5771,11596,216,168,91
5772,11598,243,167,92
5773,11600,221,167,94
5774,11602,211,167,94
5775,11604,195,167,92
5776,11606,190,167,92
5777,11608,216,166,93
5778,11610,212,167,94
5779,11612,202,167,95
5780,11614,216,167,94
5781,11616,215,167,90
5782,11618,234,166,92
5783,11620,235,168,84
5784,11622,207,166,84
5785,11624,193,166,83
5786,11626,185,166,82
5787,11628,216,166,84
5788,11630,210,167,84
5789,11632,207,168,84
5790,11634,212,167,82
5791,11636,205,167,81
5792,11638,238,167,84
5793,11640,239,166,82
5794,11642,211,167,82
5795,11644,193,167,82
5796,11646,190,168,83
5797,11648,213,168,81
5798,11650,215,168,84
5799,11652,213,167,83
5800,11654,207,166,83
5801,11656,203,167,85
5802,11658,244,167,84
5803,11660,231,167,83
5804,11662,214,167,83
5805,11664,194,167,84
5806,11666,192,167,83
5807,11668,213,167,83
5808,11670,215,167,84
5809,11672,210,167,83
5810,11674,207,168,83
5811,11676,208,166,83
5812,11678,248,167,84
5813,11680,228,168,84
5814,11682,215,168,84
5815,11684,201,167,83
5816,11686,185,167,83
5817,11688,210,168,87
5818,11690,211,166,83
5819,11692,220,167,85
5820,11694,206,167,84
5821,11696,203,167,84
5822,11698,238,167,83
5823,11700,224,168,84
5824,11702,217,167,83
5825,11704,193,167,84
5826,11706,180,168,84
5827,11708,213,167,84
5828,11710,217,166,84
5829,11712,212,167,82
5830,11714,212,167,83
5831,11716,204,167,83
5832,11718,238,167,83
5833,11720,228,168,84
5834,11722,218,167,84
5835,11724,192,168,83
5836,11726,182,167,84
5837,11728,212,167,84
5838,11730,209,167,82
5839,11732,207,168,84
5840,11734,213,166,83
5841,11736,210,168,85
5842,11738,240,167,84
5843,11740,216,167,83
5844,11742,212,167,83
5845,11744,184,167,84
5846,11746,185,167,83
5847,11748,214,167,84
5848,11750,203,168,83
5849,11752,214,167,84
5850,11754,206,167,85
5851,11756,202,167,82
5852,11758,238,167,83
5853,11760,228,168,85
5854,11762,218,167,85
5855,11764,194,166,83
5856,11766,186,167,83
5857,11768,206,168,82
5858,11770,206,167,84
5859,11772,210,167,83
5860,11774,205,167,85
5861,11776,204,166,83
5862,11778,243,167,84
5863,11780,229,167,81
5864,11782,217,166,81
5865,11784,193,167,84
5866,11786,189,167,83
5867,11788,210,167,83
5868,11790,216,166,83
5869,11792,223,168,85
5870,11794,211,166,85
5871,11796,211,166,82
5872,11798,245,166,84
5873,11800,236,167,84
5874,11802,220,166,83
5875,11804,194,166,83
5876,11806,195,167,84
5877,11808,218,166,83
5878,11810,214,167,82
5879,11812,215,166,84
5880,11814,220,166,83
5881,11816,219,166,82
5882,11818,240,167,83
5883,11820,235,166,83
5884,11822,222,167,83
5885,11824,207,166,81
5886,11826,187,166,82
5887,11828,221,166,84
5888,11830,212,166,82
5889,11832,221,166,84
5890,11834,217,167,83
5891,11836,213,167,84
5892,11838,243,167,83
5893,11840,227,166,82
5894,11842,216,166,83
5895,11844,199,166,82
5896,11846,201,167,84
5897,11848,218,167,84
5898,11850,212,167,84
5899,11852,215,167,81
5900,11854,220,167,84
5901,11856,214,166,82
5902,11858,238,167,86
5903,11860,225,168,83
5904,11862,210,167,83
5905,11864,200,167,83
5906,11866,207,165,83
5907,11868,214,167,89
5908,11870,212,167,90
5909,11872,213,167,89
5910,11874,220,167,89
5911,11876,222,167,90
5912,11878,245,167,89
5913,11880,228,167,90
5914,11882,214,168,91
5915,11884,204,167,90
5916,11886,213,168,93
5917,11888,214,167,91
5918,11890,226,168,92
5919,11892,220,167,91
5920,11894,221,166,91
5921,11896,221,167,96
5922,11898,242,168,92
5923,11900,228,166,91
5924,11902,218,167,91
5925,11904,205,167,92
5926,11906,212,167,91
5927,11908,209,167,91
5928,11910,221,167,89
5929,11912,218,167,91
5930,11914,221,167,91
5931,11916,228,167,91
5932,11918,238,168,91
5933,11920,224,167,91
5934,11922,209,167,93
5935,11924,204,167,91
5936,11926,202,167,92
5937,11928,205,167,92
5938,11930,220,167,92
5939,11932,216,167,92
5940,11934,216,167,96
5941,11936,219,167,93
5942,11938,243,167,93
5943,11940,236,167,94
5944,11942,219,167,96
5945,11944,216,167,92
5946,11946,201,167,91
5947,11948,215,167,91
5948,11950,225,168,93
5949,11952,216,168,91
5950,11954,226,168,93
5951,11956,235,167,94
5952,11958,241,168,94
5953,11960,231,168,94
5954,11962,219,168,95
5955,11964,203,168,94
5956,11966,210,168,93
5957,11968,220,168,95
5958,11970,219,168,94
5959,11972,215,168,93
5960,11974,229,167,94
5961,11976,224,168,94
5962,11978,243,168,96
5963,11980,239,167,93
5964,11982,215,167,94
5965,11984,198,168,94
5966,11986,200,168,94
5967,11988,207,168,93
5968,11990,225,168,93
5969,11992,216,168,91
5970,11994,224,167,93
5971,11996,228,168,93
5972,11998,243,168,92
5973,12000,223,168,93
5974,12002,216,168,93
5975,12004,209,168,94
5976,12006,198,168,95
5977,12008,206,169,94
5978,12010,220,167,91
5979,12012,217,168,95
5980,12014,217,168,94
5981,12016,213,169,94
5982,12018,241,168,93
5983,12020,225,170,94
5984,12022,215,169,93
5985,12024,207,171,96
5986,12026,195,169,92
5987,12028,207,168,92
5988,12030,221,168,92
5989,12032,218,168,92
5990,12034,222,169,93
5991,12036,224,165,93
5992,12038,246,172,94
5993,12040,226,167,93
5994,12042,216,169,91
5995,12044,209,168,93
5996,12046,196,166,93
5997,12048,209,169,92
5998,12050,217,168,94
5999,12052,213,169,91
6000,12054,223,167,93
6001,12056,222,168,92
6002,12058,238,166,93
6003,12060,223,168,93
6004,12062,217,169,94
6005,12064,211,168,93
6006,12066,196,169,93
6007,12068,207,168,92
6008,12070,215,168,93
6009,12072,217,174,93
6010,12074,215,168,93
6011,12076,219,172,93
6012,12078,238,168,94
6013,12080,233,169,94
6014,12082,224,168,95
6015,12084,205,169,93
6016,12086,196,167,92
6017,12088,208,168,93
6018,12090,215,169,93
6019,12092,218,169,94
6020,12094,218,168,94
6021,12096,221,169,93
6022,12098,252,168,93
6023,12100,233,169,94
6024,12102,212,169,94
6025,12104,207,168,94
6026,12106,198,169,93
6027,12108,210,168,93
6028,12110,214,169,95
6029,12112,224,169,93
6030,12114,219,169,94
6031,12116,218,169,95
6032,12118,241,168,93
6033,12120,232,170,95
6034,12122,217,169,94
6035,12124,211,169,94
6036,12126,197,169,94
6037,12128,201,170,93
6038,12130,215,169,93
6039,12132,221,170,94
6040,12134,216,170,94
6041,12136,216,170,96
6042,12138,247,170,96
6043,12140,235,170,95
6044,12142,233,170,95
6045,12144,213,171,95
6046,12146,194,171,104
6047,12148,203,171,104
6048,12150,222,171,104
6049,12152,225,171,104
6050,12154,219,174,105
6051,12156,220,169,103
6052,12158,242,169,104
6053,12160,239,171,104
6054,12162,229,172,104
6055,12164,211,172,105
6056,12166,189,172,106
6057,12168,199,172,106
6058,12170,229,172,105
6059,12172,217,172,104
6060,12174,216,172,106
6061,12176,220,173,107
6062,12178,245,172,108
6063,12180,240,172,106
6064,12182,234,172,107
6065,12184,211,172,108
6066,12186,192,173,108
6067,12188,202,173,108
6068,12190,212,172,104
6069,12192,217,173,109
6070,12194,220,172,110
6071,12196,222,173,109
6072,12198,236,173,110
6073,12200,240,173,109
6074,12202,227,172,110
6075,12204,219,174,110
6076,12206,197,174,110
6077,12208,203,174,110
6078,12210,225,175,110
6079,12212,219,175,110
6080,12214,226,175,109
6081,12216,220,174,109
6082,12218,248,176,111
6083,12220,242,176,109
6084,12222,222,174,110
6085,12224,218,175,110
6086,12226,190,176,109
6087,12228,205,176,109
6088,12230,221,175,110
6089,12232,219,176,110
6090,12234,219,176,111
6091,12236,212,176,108
6092,12238,245,176,110
6093,12240,248,176,112
6094,12242,223,177,110
6095,12244,229,177,110
6096,12246,199,177,111
6097,12248,210,177,109
6098,12250,231,178,112
6099,12252,221,177,110
6100,12254,226,177,111
6101,12256,214,177,110
6102,12258,243,176,115
6103,12260,249,176,111
6104,12262,219,177,110
6105,12264,215,177,110
6106,12266,196,176,110
6107,12268,211,176,110
6108,12270,222,177,112
6109,12272,228,177,112
6110,12274,227,177,111
6111,12276,218,176,110
6112,12278,247,177,111
6113,12280,237,177,110
6114,12282,221,176,111
6115,12284,215,178,111
6116,12286,195,177,111
6117,12288,202,176,111
6118,12290,231,177,111
6119,12292,234,177,111
6120,12294,224,177,111
6121,12296,214,177,112
6122,12298,247,177,112
6123,12300,237,177,111
6124,12302,223,177,111
6125,12304,216,178,111
6126,12306,192,178,110
6127,12308,211,178,111
6128,12310,219,178,111
6129,12312,218,177,110
6130,12314,225,178,113
6131,12316,227,177,110
6132,12318,249,178,112
6133,12320,238,178,112
6134,12322,219,178,110
6135,12324,216,181,110
6136,12326,199,178,111
6137,12328,217,178,112
6138,12330,215,178,110
6139,12332,215,178,111
6140,12334,223,178,111
6141,12336,217,179,111
6142,12338,242,178,112
6143,12340,241,178,110
6144,12342,219,179,111
6145,12344,212,178,111
6146,12346,197,178,113
6147,12348,212,178,112
6148,12350,218,177,110
6149,12352,226,178,109
6150,12354,226,179,111
6151,12356,216,178,111
6152,12358,251,177,110
6153,12360,244,178,111
6154,12362,218,177,110
6155,12364,210,178,111
6156,12366,184,177,112
6157,12368,211,178,112
6158,12370,221,179,110
6159,12372,220,177,111
6160,12374,221,177,110
6161,12376,216,177,112
6162,12378,252,178,110
6163,12380,243,177,110
6164,12382,223,178,109
6165,12384,215,176,110
6166,12386,192,177,110
6167,12388,205,178,110
6168,12390,220,179,111
6169,12392,221,178,111
6170,12394,229,178,110
6171,12396,232,177,110
6172,12398,234,178,110
6173,12400,239,178,109
6174,12402,219,178,114
6175,12404,218,177,111
6176,12406,192,178,111
6177,12408,204,178,110
6178,12410,215,177,112
6179,12412,219,178,111
6180,12414,221,177,110
6181,12416,218,177,111
6182,12418,246,177,111
6183,12420,237,178,112
6184,12422,219,177,113
6185,12424,215,177,111
6186,12426,198,177,110
6187,12428,208,177,110
6188,12430,221,176,110
6189,12432,215,177,110
6190,12434,219,177,112
6191,12436,221,177,110
6192,12438,239,177,112
6193,12440,240,178,112
6194,12442,220,177,111
6195,12444,212,177,110
6196,12446,201,176,110
6197,12448,207,178,112
6198,12450,213,178,111
6199,12452,221,177,111
6200,12454,234,178,112
6201,12456,220,177,111
6202,12458,233,178,112
6203,12460,243,177,111
6204,12462,221,177,112
6205,12464,210,178,110
6206,12466,192,176,111
6207,12468,204,177,110
6208,12470,217,178,111
6209,12472,234,177,111
6210,12474,214,176,111
6211,12476,220,177,111
6212,12478,236,177,111
6213,12480,245,177,112
6214,12482,222,176,111
6215,12484,215,177,111
6216,12486,202,177,111
6217,12488,203,177,110
6218,12490,219,177,111
6219,12492,224,173,111
6220,12494,216,177,111
6221,12496,223,178,112
6222,12498,227,177,113
6223,12500,235,177,111
6224,12502,222,178,112
6225,12504,218,177,112
6226,12506,200,177,106
6227,12508,202,177,112
6228,12510,221,178,111
6229,12512,215,177,111
6230,12514,216,177,111
6231,12516,225,177,109
6232,12518,220,177,111
6233,12520,243,177,110
6234,12522,217,177,111
6235,12524,226,177,110
6236,12526,187,177,109
6237,12528,201,177,110
6238,12530,225,177,110
6239,12532,207,177,110
6240,12534,223,177,111
6241,12536,232,176,110
6242,12538,221,177,110
6243,12540,248,176,109
6244,12542,234,177,113
6245,12544,224,177,112
6246,12546,202,177,110
6247,12548,210,177,111
6248,12550,225,177,111
6249,12552,231,177,108
6250,12554,227,176,111
6251,12556,230,177,111
6252,12558,222,177,111
6253,12560,247,177,110
6254,12562,227,177,110
6255,12564,222,176,111
6256,12566,200,176,111
6257,12568,207,176,112
6258,12570,223,175,111
6259,12572,221,177,113
6260,12574,222,175,112
6261,12576,223,175,109
6262,12578,230,175,109
6263,12580,250,175,113
6264,12582,222,175,112
6265,12584,217,175,113
6266,12586,194,175,113
6267,12588,207,175,113
6268,12590,223,175,112
6269,12592,216,175,113
6270,12594,224,175,112
6271,12596,223,175,112
6272,12598,227,174,111
6273,12600,254,175,113
6274,12602,228,175,113
6275,12604,229,175,113
6276,12606,209,175,113
6277,12608,206,175,112
6278,12610,226,175,112
6279,12612,218,174,112
6280,12614,226,174,112
6281,12616,215,175,111
6282,12618,225,175,113
6283,12620,248,176,113
6284,12622,223,175,114
6285,12624,225,175,112
6286,12626,193,176,113
6287,12628,198,175,112
6288,12630,225,176,112
6289,12632,217,175,114
6290,12634,221,174,112
6291,12636,215,175,113
6292,12638,226,175,114
6293,12640,244,174,112
6294,12642,230,175,114
6295,12644,228,175,112
6296,12646,197,175,113
6297,12648,204,175,112
6298,12650,218,175,111
6299,12652,217,175,112
6300,12654,217,176,112
6301,12656,225,175,113
6302,12658,218,175,112
6303,12660,238,175,111
6304,12662,232,174,111
6305,12664,224,174,111
6306,12666,192,174,112
6307,12668,204,174,113
6308,12670,220,174,112
6309,12672,220,174,114
6310,12674,223,174,111
6311,12676,215,174,114
6312,12678,224,174,111
6313,12680,248,175,113
6314,12682,238,174,113
6315,12684,225,174,111
6316,12686,192,173,112
6317,12688,208,173,111
6318,12690,218,174,114
6319,12692,216,175,112
6320,12694,220,174,113
6321,12696,218,174,111
6322,12698,218,174,116
6323,12700,244,174,114
6324,12702,228,174,110
6325,12704,220,173,113
6326,12706,196,173,112
6327,12708,214,174,113
6328,12710,217,175,114
6329,12712,218,174,112
6330,12714,220,174,112
6331,12716,220,174,113
6332,12718,225,174,113
6333,12720,244,175,108
6334,12722,235,174,113
6335,12724,228,174,113
6336,12726,195,174,110
6337,12728,211,174,114
6338,12730,217,174,111
6339,12732,218,174,113
6340,12734,211,174,113
6341,12736,210,174,112
6342,12738,231,174,112
6343,12740,251,174,114
6344,12742,228,174,114
6345,12744,220,174,111
6346,12746,194,173,112
6347,12748,210,174,113
6348,12750,224,173,113
6349,12752,218,174,110
6350,12754,213,175,112
6351,12756,222,175,112
6352,12758,220,174,113
6353,12760,243,174,114
6354,12762,242,175,111
6355,12764,222,174,113
6356,12766,196,175,113
6357,12768,201,174,111
6358,12770,221,173,112
6359,12772,218,174,112
6360,12774,211,174,113
6361,12776,220,175,112
6362,12778,218,174,111
6363,12780,248,174,113
6364,12782,242,174,112
6365,12784,217,174,113
6366,12786,191,173,110
6367,12788,211,174,112
6368,12790,219,173,110
6369,12792,222,174,112
6370,12794,217,173,112
6371,12796,225,178,113
6372,12798,221,173,112
6373,12800,245,174,113
6374,12802,230,173,112
6375,12804,216,174,112
6376,12806,198,172,113
6377,12808,212,173,113
6378,12810,210,170,109
6379,12812,218,173,110
6380,12814,219,171,110
6381,12816,217,176,111
6382,12818,213,173,109
6383,12820,235,173,109
6384,12822,227,173,110
6385,12824,211,177,111
6386,12826,208,173,112
6387,12828,206,174,109
6388,12830,215,174,109
6389,12832,227,174,109
6390,12834,217,173,110
6391,12836,219,174,108
6392,12838,221,173,111
6393,12840,243,173,111
6394,12842,240,171,110
6395,12844,220,173,110
6396,12846,202,172,108
6397,12848,204,173,111
6398,12850,217,173,110
6399,12852,227,173,111
6400,12854,221,172,110
6401,12856,232,172,110
6402,12858,227,172,109
6403,12860,251,172,111
6404,12862,228,172,111
6405,12864,221,173,110
6406,12866,208,171,109
6407,12868,195,171,108
6408,12870,219,171,110
6409,12872,226,172,110
6410,12874,217,172,110
6411,12876,223,172,110
6412,12878,212,171,111
6413,12880,243,171,112
6414,12882,233,172,111
6415,12884,219,172,112
6416,12886,198,171,110
6417,12888,203,172,110
6418,12890,226,172,110
6419,12892,217,172,110
6420,12894,228,172,110
6421,12896,230,171,110
6422,12898,214,171,112
6423,12900,251,174,111
6424,12902,237,172,110
6425,12904,213,172,110
6426,12906,197,172,109
6427,12908,206,172,109
6428,12910,221,171,110
6429,12912,225,172,110
6430,12914,223,172,110
6431,12916,222,172,109
6432,12918,214,172,110
6433,12920,247,172,109
6434,12922,232,172,110
6435,12924,219,171,110
6436,12926,199,173,111
6437,12928,207,172,111
6438,12930,217,172,110
6439,12932,222,172,111
6440,12934,221,180,111
6441,12936,210,171,111
6442,12938,209,170,111
6443,12940,247,172,111
6444,12942,245,172,110
6445,12944,223,172,110
6446,12946,193,172,111
6447,12948,204,172,110
6448,12950,215,172,109
6449,12952,221,173,110
6450,12954,225,172,112
6451,12956,215,172,110
6452,12958,213,172,109
6453,12960,248,172,109
6454,12962,226,173,111
6455,12964,216,172,110
6456,12966,195,172,109
6457,12968,210,172,110
6458,12970,219,173,110
6459,12972,219,172,110
6460,12974,215,172,111
6461,12976,214,172,111
6462,12978,216,172,109
6463,12980,242,172,111
6464,12982,227,171,110
6465,12984,213,171,111
6466,12986,195,171,111
6467,12988,199,172,111
6468,12990,220,172,111
6469,12992,218,171,111
6470,12994,217,171,111
6471,12996,223,171,111
6472,12998,217,171,111
6473,13000,245,171,111
6474,13002,237,171,111
6475,13004,220,171,110
6476,13006,192,171,109
6477,13008,201,172,110
6478,13010,214,171,111
6479,13012,224,171,109
6480,13014,221,171,111
6481,13016,221,171,110
6482,13018,212,170,109
6483,13020,244,171,111
6484,13022,237,171,110
6485,13024,223,169,110
6486,13026,199,172,109
6487,13028,206,171,111
6488,13030,211,170,109
6489,13032,221,171,109
6490,13034,222,171,110
6491,13036,217,171,108
6492,13038,209,170,110
6493,13040,250,171,109
6494,13042,222,171,109
6495,13044,208,171,109
6496,13046,193,171,109
6497,13048,210,171,109
6498,13050,213,171,111
6499,13052,222,171,109
6500,13054,213,171,109
6501,13056,213,171,109
6502,13058,206,171,110
6503,13060,247,171,106
6504,13062,231,171,107
6505,13064,216,172,108
6506,13066,199,171,107
6507,13068,202,170,105
6508,13070,212,171,107
6509,13072,222,171,108
6510,13074,219,170,109
6511,13076,212,172,107
6512,13078,218,171,109
6513,13080,249,171,109
6514,13082,232,171,106
6515,13084,213,171,107
6516,13086,196,170,106
6517,13088,201,171,107
6518,13090,219,170,107
6519,13092,218,171,105
6520,13094,217,171,106
6521,13096,212,171,105
6522,13098,217,171,106
6523,13100,245,171,106
6524,13102,238,171,107
6525,13104,224,171,107
6526,13106,196,170,105
6527,13108,196,170,105
6528,13110,226,171,107
6529,13112,220,171,107
6530,13114,220,171,108
6531,13116,225,171,106
6532,13118,209,170,106
6533,13120,245,171,107
6534,13122,235,171,107
6535,13124,219,171,108
6536,13126,201,171,105
6537,13128,196,171,104
6538,13130,223,171,106
6539,13132,215,170,106
6540,13134,221,171,107
6541,13136,226,170,105
6542,13138,211,170,105
6543,13140,241,170,106
6544,13142,238,171,106
6545,13144,221,171,106
6546,13146,201,170,105
6547,13148,199,171,106
6548,13150,220,170,106
6549,13152,224,170,105
6550,13154,220,170,106
6551,13156,229,170,105
6552,13158,210,171,106
6553,13160,244,171,106
6554,13162,235,171,106
6555,13164,217,171,106
6556,13166,199,171,105
6557,13168,202,171,106
6558,13170,217,171,105
6559,13172,214,171,105
6560,13174,216,170,105
6561,13176,217,171,105
6562,13178,216,170,105
6563,13180,249,170,105
6564,13182,236,171,106
6565,13184,221,171,106
6566,13186,203,170,103
6567,13188,199,170,105
6568,13190,218,171,106
6569,13192,218,171,105
6570,13194,215,170,103
6571,13196,221,169,103
6572,13198,213,171,104
6573,13200,248,170,103
6574,13202,232,170,103
6575,13204,219,171,103
6576,13206,198,170,103
6577,13208,198,170,103
6578,13210,222,169,102
6579,13212,220,170,105
6580,13214,216,169,104
6581,13216,220,170,102
6582,13218,221,170,104
6583,13220,246,170,104
6584,13222,233,170,104
6585,13224,225,170,104
6586,13226,198,170,104
6587,13228,196,170,103
6588,13230,223,169,102
6589,13232,213,170,103
6590,13234,216,170,102
6591,13236,220,170,102
6592,13238,219,170,102
6593,13240,247,170,102
6594,13242,241,169,102
6595,13244,226,170,102
6596,13246,193,170,101
6597,13248,199,170,103
6598,13250,227,170,102
6599,13252,220,170,104
6600,13254,220,178,102
6601,13256,218,170,93
6602,13258,216,170,92
6603,13260,249,170,94
6604,13262,228,170,95
6605,13264,225,170,94
6606,13266,193,170,94
6607,13268,199,169,94
6608,13270,214,169,96
6609,13272,212,170,95
6610,13274,219,170,93
6611,13276,222,170,93
6612,13278,220,170,96
6613,13280,246,170,97
6614,13282,238,169,94
6615,13284,224,170,93
6616,13286,199,170,94
6617,13288,199,170,93
6618,13290,214,169,93
6619,13292,212,169,93
6620,13294,220,170,94
6621,13296,215,170,95
6622,13298,225,170,96
6623,13300,241,170,93
6624,13302,233,170,93
6625,13304,225,170,93
6626,13306,209,170,92
6627,13308,204,170,97
6628,13310,218,170,95
6629,13312,207,169,94
6630,13314,214,170,94
6631,13316,212,169,94
6632,13318,228,170,93
6633,13320,253,169,96
6634,13322,231,169,92
6635,13324,229,170,92
6636,13326,196,170,93
6637,13328,199,171,93
6638,13330,216,170,90
6639,13332,211,170,93
6640,13334,225,170,93
6641,13336,205,170,92
6642,13338,228,171,92
6643,13340,243,170,93
6644,13342,224,170,96
6645,13344,210,170,93
6646,13346,190,169,91
6647,13348,202,169,94
6648,13350,222,170,90
6649,13352,215,169,93
6650,13354,218,170,93
6651,13356,228,169,93
6652,13358,228,170,93
6653,13360,237,170,93
6654,13362,228,169,92
6655,13364,214,170,93
6656,13366,200,170,92
6657,13368,206,170,92
6658,13370,221,169,93
6659,13372,213,170,93
6660,13374,218,170,93
6661,13376,219,170,92
6662,13378,222,168,90
6663,13380,238,170,92
6664,13382,224,169,93
6665,13384,218,170,94
6666,13386,194,170,92
6667,13388,204,171,93
6668,13390,220,171,93
6669,13392,212,170,92
6670,13394,229,169,93
6671,13396,219,170,94
6672,13398,213,170,91
6673,13400,239,170,93
6674,13402,227,167,94
6675,13404,213,170,93
6676,13406,196,168,91
6677,13408,206,170,92
6678,13410,216,170,92
6679,13412,222,170,92
6680,13414,213,173,92
6681,13416,219,169,93
6682,13418,224,169,92
6683,13420,239,172,92
6684,13422,227,171,93
6685,13424,217,170,93
6686,13426,197,169,93
6687,13428,198,170,91
6688,13430,216,170,93
6689,13432,225,174,93
6690,13434,217,170,92
6691,13436,227,171,92
6692,13438,224,171,94
6693,13440,234,171,93
6694,13442,221,170,93
6695,13444,211,168,90
6696,13446,184,170,93
6697,13448,193,170,91
6698,13450,221,170,93
6699,13452,222,170,92
6700,13454,207,171,92
6701,13456,216,170,93
6702,13458,216,171,91
6703,13460,240,170,92
6704,13462,226,171,94
6705,13464,210,170,91
6706,13466,204,171,92
6707,13468,194,170,93
6708,13470,224,170,92
6709,13472,216,171,92
6710,13474,214,170,92
6711,13476,217,170,93
6712,13478,220,170,95
6713,13480,235,171,93
6714,13482,233,171,94
6715,13484,215,170,93
6716,13486,211,170,91
6717,13488,202,170,91
6718,13490,220,171,92
6719,13492,220,170,92
6720,13494,214,170,93
6721,13496,218,170,91
6722,13498,216,170,94
6723,13500,241,169,92
6724,13502,231,170,93
6725,13504,210,172,92
6726,13506,201,171,94
6727,13508,194,170,92
6728,13510,220,171,92
6729,13512,217,169,93
6730,13514,215,171,93
6731,13516,214,169,91
6732,13518,202,170,92
6733,13520,236,170,92
6734,13522,233,169,93
6735,13524,210,169,93
6736,13526,199,170,92
6737,13528,203,171,93
6738,13530,225,169,93
6739,13532,223,169,94
6740,13534,222,169,92
6741,13536,213,169,92
6742,13538,215,169,93
6743,13540,239,169,92
6744,13542,227,169,93
6745,13544,212,169,92
6746,13546,206,169,92
6747,13548,200,168,93
6748,13550,225,167,91
6749,13552,214,169,92
6750,13554,220,168,90
6751,13556,215,168,89
6752,13558,216,168,92
6753,13560,235,169,94
6754,13562,218,168,93
6755,13564,214,168,92
6756,13566,199,168,90
6757,13568,202,168,92
6758,13570,222,169,93
6759,13572,215,168,92
6760,13574,216,169,92
6761,13576,215,168,92
6762,13578,213,168,93
6763,13580,234,168,92
6764,13582,219,168,92
6765,13584,210,168,92
6766,13586,201,168,93
6767,13588,195,168,92
6768,13590,221,168,93
6769,13592,204,167,92
6770,13594,215,168,92
6771,13596,214,168,93
6772,13598,209,167,92
6773,13600,232,169,92
6774,13602,223,168,93
6775,13604,211,168,93
6776,13606,197,169,92
6777,13608,204,169,93
6778,13610,226,168,93
6779,13612,223,169,93
6780,13614,222,169,92
6781,13616,217,169,94
6782,13618,210,169,92
6783,13620,241,170,94
6784,13622,218,169,95
6785,13624,212,170,94
6786,13626,203,169,94
6787,13628,202,169,92
6788,13630,223,170,93
6789,13632,209,170,93
6790,13634,220,170,92
6791,13636,215,170,93
6792,13638,211,170,93
6793,13640,239,170,94
6794,13642,219,170,92
6795,13644,212,170,93
6796,13646,206,170,91
6797,13648,202,170,93
6798,13650,225,171,93
6799,13652,210,171,93
6800,13654,217,171,94
6801,13656,214,171,93
6802,13658,212,171,93
6803,13660,236,171,92
6804,13662,218,169,95
6805,13664,222,169,93
6806,13666,206,170,94
6807,13668,204,171,93
6808,13670,227,171,93
6809,13672,229,170,94
6810,13674,215,171,92
6811,13676,218,170,92
6812,13678,222,171,93
6813,13680,228,170,92
6814,13682,222,169,93
6815,13684,210,171,92
6816,13686,204,170,92
6817,13688,206,170,92
6818,13690,220,171,93
6819,13692,217,174,93
6820,13694,222,171,94
6821,13696,217,171,91
6822,13698,220,171,92
6823,13700,227,171,92
6824,13702,216,170,91
6825,13704,213,171,91
6826,13706,201,170,93
6827,13708,208,172,92
6828,13710,221,171,93
6829,13712,214,171,91
6830,13714,219,170,91
6831,13716,218,170,91
6832,13718,225,170,92
6833,13720,233,171,93
6834,13722,224,170,92
6835,13724,211,171,94
6836,13726,206,170,91
6837,13728,214,170,93
6838,13730,222,171,93
6839,13732,212,171,92
6840,13734,221,171,92
6841,13736,211,170,91
6842,13738,227,171,93
6843,13740,231,171,92
6844,13742,223,171,93
6845,13744,211,171,93
6846,13746,210,170,92
6847,13748,211,170,92
6848,13750,221,170,93
6849,13752,218,169,94
6850,13754,218,171,93
6851,13756,215,171,93
6852,13758,216,171,93
6853,13760,219,170,93
6854,13762,217,169,94
6855,13764,210,170,92
6856,13766,207,170,94
6857,13768,212,170,93
6858,13770,219,171,92
6859,13772,217,171,93
6860,13774,219,171,92
6861,13776,214,171,93
6862,13778,222,170,93
6863,13780,233,171,93
6864,13782,212,170,93
6865,13784,208,170,93
6866,13786,211,170,92
6867,13788,213,172,92
6868,13790,220,171,93
6869,13792,220,170,90
6870,13794,218,170,91
6871,13796,213,170,91
6872,13798,218,171,91
6873,13800,228,170,93
6874,13802,217,170,91
6875,13804,212,169,93
6876,13806,208,170,93
6877,13808,206,171,94
6878,13810,219,170,94
6879,13812,219,170,93
6880,13814,211,169,93
6881,13816,212,170,92
6882,13818,221,170,92
6883,13820,226,170,91
6884,13822,221,170,92
6885,13824,206,171,92
6886,13826,204,170,91
6887,13828,208,170,90
6888,13830,221,170,91
6889,13832,219,170,91
6890,13834,210,169,93
6891,13836,217,170,92
6892,13838,216,170,92
6893,13840,227,171,94
6894,13842,219,170,93
6895,13844,208,170,93
6896,13846,206,170,93
6897,13848,210,170,94
6898,13850,222,170,93
6899,13852,218,171,92
6900,13854,220,170,94
6901,13856,216,170,91
6902,13858,212,170,92
6903,13860,220,170,93
6904,13862,216,171,91
6905,13864,214,170,92
6906,13866,216,170,94
6907,13868,203,170,91
6908,13870,224,170,92
6909,13872,210,170,93
6910,13874,222,171,94
6911,13876,219,170,93
6912,13878,217,170,93
6913,13880,230,170,94
6914,13882,220,170,93
6915,13884,212,170,92
6916,13886,209,170,93
6917,13888,203,170,91
6918,13890,216,169,92
6919,13892,220,169,92
6920,13894,214,169,94
6921,13896,218,168,93
6922,13898,219,169,95
6923,13900,230,169,93
6924,13902,220,168,92
6925,13904,219,167,91
6926,13906,209,168,93
6927,13908,207,168,94
6928,13910,216,169,94
6929,13912,214,169,93
6930,13914,211,169,94
6931,13916,215,169,93
6932,13918,224,169,94
6933,13920,218,169,93
6934,13922,220,169,93
6935,13924,220,168,93
6936,13926,210,168,92
6937,13928,208,168,93
6938,13930,222,168,94
6939,13932,214,168,92
6940,13934,216,168,93
6941,13936,221,169,93
6942,13938,222,168,93
6943,13940,226,169,95
6944,13942,219,168,93
6945,13944,221,168,94
6946,13946,209,168,94
6947,13948,211,168,88
6948,13950,218,168,94
6949,13952,217,168,89
6950,13954,216,168,94
6951,13956,234,168,92
6952,13958,226,169,95
6953,13960,228,169,93
6954,13962,222,168,93
6955,13964,216,169,95
6956,13966,207,168,95
6957,13968,200,168,93
6958,13970,224,169,95
6959,13972,216,168,93
6960,13974,216,169,94
6961,13976,216,168,92
6962,13978,217,169,93
6963,13980,236,168,92
6964,13982,218,168,94
6965,13984,217,168,93
6966,13986,208,168,94
6967,13988,205,168,94
6968,13990,225,168,94
6969,13992,218,168,93
6970,13994,219,168,91
6971,13996,214,168,94
6972,13998,216,168,91
6973,14000,236,169,92
6974,14002,223,169,94
6975,14004,220,168,96
6976,14006,207,168,95
6977,14008,211,169,92
6978,14010,215,168,93
6979,14012,225,168,94
6980,14014,221,168,92
6981,14016,214,167,94
6982,14018,219,168,95
6983,14020,231,169,92
6984,14022,223,168,93
6985,14024,218,168,94
6986,14026,205,168,94
6987,14028,203,167,95
6988,14030,213,167,92
6989,14032,219,168,93
6990,14034,217,167,94
6991,14036,218,168,95
6992,14038,218,168,94
6993,14040,233,168,93
6994,14042,219,168,94
6995,14044,222,168,93
6996,14046,207,168,94
6997,14048,203,168,94
6998,14050,213,168,95
6999,14052,219,168,95
7000,14054,214,168,95
7001,14056,216,167,94
7002,14058,226,168,94
7003,14060,231,170,94
7004,14062,222,169,94
7005,14064,218,168,94
7006,14066,206,169,94
7007,14068,208,169,93
7008,14070,217,169,94
7009,14072,217,168,93
7010,14074,221,169,93
7011,14076,221,168,95
7012,14078,215,169,93
7013,14080,232,169,94
7014,14082,227,169,94
7015,14084,213,169,94
7016,14086,202,168,93
7017,14088,204,168,95
7018,14090,214,167,94
7019,14092,216,168,94
7020,14094,215,167,94
7021,14096,220,169,94
7022,14098,213,169,94
7023,14100,227,167,93
7024,14102,224,169,92
7025,14104,212,168,94
7026,14106,207,169,95
7027,14108,202,168,94
7028,14110,213,168,93
7029,14112,221,168,93
7030,14114,226,168,94
7031,14116,226,171,94
7032,14118,221,168,94
7033,14120,233,169,94
7034,14122,224,168,93
7035,14124,212,168,93
7036,14126,209,168,93
7037,14128,210,166,93
7038,14130,213,169,92
7039,14132,222,168,93
7040,14134,219,167,93
7041,14136,218,167,93
7042,14138,220,168,93
7043,14140,236,167,93
7044,14142,216,168,93
7045,14144,216,168,92
7046,14146,211,167,93
7047,14148,206,166,93
7048,14150,215,166,94
7049,14152,220,167,94
7050,14154,213,166,93
7051,14156,221,166,93
7052,14158,219,166,92
7053,14160,228,166,93
7054,14162,221,167,93
7055,14164,207,165,93
7056,14166,210,166,92
7057,14168,211,166,92
7058,14170,213,165,92
7059,14172,216,165,92
7060,14174,217,165,93
7061,14176,221,165,93
7062,14178,215,165,91
7063,14180,229,165,92
7064,14182,223,166,92
7065,14184,215,165,93
7066,14186,204,165,93
7067,14188,206,165,91
7068,14190,222,165,94
7069,14192,217,166,92
7070,14194,219,165,92
7071,14196,217,165,93
7072,14198,213,165,93
7073,14200,231,165,93
7074,14202,222,165,94
7075,14204,211,165,92
7076,14206,208,164,93
7077,14208,208,165,93
7078,14210,213,165,92
7079,14212,218,165,93
7080,14214,219,166,92
7081,14216,216,165,93
7082,14218,213,165,92
7083,14220,230,166,94
7084,14222,216,165,93
7085,14224,212,165,92
7086,14226,213,165,94
7087,14228,209,165,93
7088,14230,216,166,94
7089,14232,222,164,92
7090,14234,218,164,92
7091,14236,220,164,92
7092,14238,215,164,93
7093,14240,233,164,92
7094,14242,212,165,93
7095,14244,211,164,92
7096,14246,210,163,90
7097,14248,208,164,93
7098,14250,213,164,93
7099,14252,216,164,91
7100,14254,224,163,91
7101,14256,218,163,92
7102,14258,214,163,92
7103,14260,229,164,93
7104,14262,218,163,93
7105,14264,217,163,92
7106,14266,214,164,93
7107,14268,205,163,93
7108,14270,217,163,93
7109,14272,217,163,93
7110,14274,221,164,93
7111,14276,221,163,91
7112,14278,213,164,92
7113,14280,229,164,95
7114,14282,218,164,92
7115,14284,214,163,93
7116,14286,211,163,93
7117,14288,208,164,93
7118,14290,222,164,93
7119,14292,219,164,91
7120,14294,222,164,93
7121,14296,223,165,92
7122,14298,222,165,93
7123,14300,231,164,91
7124,14302,222,164,93
7125,14304,219,165,93
7126,14306,218,166,93
7127,14308,215,165,91
7128,14310,220,164,91
7129,14312,217,164,93
7130,14314,221,165,91
7131,14316,221,164,92
7132,14318,218,165,92
7133,14320,224,164,92
7134,14322,227,164,92
7135,14324,220,164,91
7136,14326,210,164,91
7137,14328,215,164,92
7138,14330,216,164,91
7139,14332,219,164,91
7140,14334,221,164,91
7141,14336,210,164,91
7142,14338,215,165,92
7143,14340,231,164,91
7144,14342,219,164,91
7145,14344,218,164,91
7146,14346,214,163,91
7147,14348,210,164,90
7148,14350,214,164,91
7149,14352,215,164,91
7150,14354,218,164,91
7151,14356,219,164,90
7152,14358,211,164,90
7153,14360,225,165,91
7154,14362,224,164,90
7155,14364,218,164,92
7156,14366,212,164,92
7157,14368,213,165,91
7158,14370,215,164,92
7159,14372,222,165,92
7160,14374,215,164,91
7161,14376,223,164,93
7162,14378,221,164,91
7163,14380,225,164,91
7164,14382,225,164,91
7165,14384,213,165,92
7166,14386,212,165,92
7167,14388,210,165,92
7168,14390,211,165,92
7169,14392,218,165,93
7170,14394,216,165,92
7171,14396,217,165,92
7172,14398,224,165,91
7173,14400,225,165,92
7174,14402,218,165,93
7175,14404,216,166,92
7176,14406,214,165,92
7177,14408,212,165,92
7178,14410,216,165,92
7179,14412,219,165,94
7180,14414,220,165,92
7181,14416,220,166,93
7182,14418,224,166,91
7183,14420,229,166,92
7184,14422,223,166,91
7185,14424,217,166,92
7186,14426,209,166,92
7187,14428,216,166,91
7188,14430,218,166,92
7189,14432,218,166,91
7190,14434,218,167,91
7191,14436,216,167,92
7192,14438,218,167,93
7193,14440,224,167,92
7194,14442,228,167,92
7195,14444,215,166,92
7196,14446,216,166,92
7197,14448,214,167,92
7198,14450,215,167,92
7199,14452,221,167,92
7200,14454,217,167,92
7201,14456,222,167,92
7202,14458,218,167,93
7203,14460,227,167,92
7204,14462,220,167,93
7205,14464,212,166,92
7206,14466,212,167,92
7207,14468,214,166,91
7208,14470,216,166,93
7209,14472,221,167,92
7210,14474,219,166,92
7211,14476,217,166,92
7212,14478,216,166,92
7213,14480,232,166,93
7214,14482,222,166,91
7215,14484,219,165,91
7216,14486,214,166,92
7217,14488,209,165,91
7218,14490,215,166,92
7219,14492,229,165,92
7220,14494,212,166,91
7221,14496,216,166,92
7222,14498,215,166,92
7223,14500,227,166,91
7224,14502,223,166,92
7225,14504,214,166,92
7226,14506,216,166,92
7227,14508,206,166,90
7228,14510,218,166,92
7229,14512,227,166,91
7230,14514,219,166,92
7231,14516,222,166,92
7232,14518,220,165,91
7233,14520,226,166,92
7234,14522,220,166,92
7235,14524,217,166,93
7236,14526,215,165,92
7237,14528,203,166,93
7238,14530,213,166,92
7239,14532,217,166,92
7240,14534,221,166,93
7241,14536,223,166,91
7242,14538,221,166,92
7243,14540,229,166,91
7244,14542,220,166,92
7245,14544,213,167,92
7246,14546,216,166,91
7247,14548,211,165,91
7248,14550,217,166,91
7249,14552,217,165,91
7250,14554,220,166,90
7251,14556,220,166,92
7252,14558,219,166,92
7253,14560,229,166,92
7254,14562,223,166,93
7255,14564,220,165,92
7256,14566,217,166,91
7257,14568,216,166,92
7258,14570,222,165,91
7259,14572,216,166,93
7260,14574,216,166,91
7261,14576,217,166,92
7262,14578,213,166,91
7263,14580,229,166,91
7264,14582,219,166,92
7265,14584,215,165,92
7266,14586,213,166,92
7267,14588,208,166,91
7268,14590,217,166,92
7269,14592,220,166,92
7270,14594,222,166,90
7271,14596,214,166,92
7272,14598,215,166,92
7273,14600,236,166,91
7274,14602,222,166,91
7275,14604,220,166,89
7276,14606,217,165,90
7277,14608,206,165,90
7278,14610,216,166,92
7279,14612,217,166,92
7280,14614,216,166,91
7281,14616,213,165,92
7282,14618,216,165,91
7283,14620,224,166,92
7284,14622,222,165,93
7285,14624,217,164,90
7286,14626,217,166,92
7287,14628,208,165,90
7288,14630,215,165,91
7289,14632,218,166,89
7290,14634,222,166,90
7291,14636,214,165,86
7292,14638,215,164,89
7293,14640,237,165,90
7294,14642,224,165,91
7295,14644,219,164,90
7296,14646,217,165,91
7297,14648,207,164,93
7298,14650,219,164,92
7299,14652,218,164,89
7300,14654,220,164,90
7301,14656,216,163,91
7302,14658,220,164,92
7303,14660,232,163,90
7304,14662,223,161,90
7305,14664,216,162,89
7306,14666,212,162,90
7307,14668,207,162,89
7308,14670,218,162,90
7309,14672,217,162,92
7310,14674,218,162,90
7311,14676,216,162,89
7312,14678,222,161,88
7313,14680,224,162,91
7314,14682,225,162,89
7315,14684,214,162,87
7316,14686,210,162,90
7317,14688,210,162,90
7318,14690,211,161,90
7319,14692,219,162,91
7320,14694,223,162,90
7321,14696,220,162,89
7322,14698,215,162,89
7323,14700,228,162,90
7324,14702,219,162,89
7325,14704,211,162,90
7326,14706,212,162,89
7327,14708,206,161,89
7328,14710,214,162,91
7329,14712,226,162,90
7330,14714,222,162,88
7331,14716,210,161,91
7332,14718,220,161,88
7333,14720,228,161,89
7334,14722,232,161,90
7335,14724,216,161,91
7336,14726,210,162,89
7337,14728,190,161,89
7338,14730,204,161,91
7339,14732,218,161,89
7340,14734,214,161,91
7341,14736,212,161,90
7342,14738,215,161,91
7343,14740,219,160,90
7344,14742,240,160,90
7345,14744,217,160,90
7346,14746,219,159,90
7347,14748,192,160,90
7348,14750,199,160,91
7349,14752,220,161,87
7350,14754,219,159,90
7351,14756,212,160,90
7352,14758,222,160,90
7353,14760,215,159,90
7354,14762,240,159,90
7355,14764,219,160,90
7356,14766,230,160,91
7357,14768,191,160,89
7358,14770,200,160,90
7359,14772,212,159,89
7360,14774,207,159,91
7361,14776,220,160,90
7362,14778,220,159,91
7363,14780,212,159,90
7364,14782,244,159,90
7365,14784,215,156,90
7366,14786,213,158,89
7367,14788,191,158,89
7368,14790,197,157,90
7369,14792,210,161,90
7370,14794,211,157,90
7371,14796,223,157,88
7372,14798,213,158,90
7373,14800,215,155,89
7374,14802,244,158,89
7375,14804,211,156,89
7376,14806,213,157,90
7377,14808,187,157,89
7378,14810,199,157,89
7379,14812,224,155,90
7380,14814,221,157,90
7381,14816,221,156,90
7382,14818,215,157,93
7383,14820,216,157,91
7384,14822,247,157,91
7385,14824,211,157,90
7386,14826,213,157,90
7387,14828,197,157,87
7388,14830,199,157,90
7389,14832,220,157,91
7390,14834,215,156,87
7391,14836,214,157,89
7392,14838,209,157,90
7393,14840,217,157,91
7394,14842,239,157,90
7395,14844,217,157,91
7396,14846,222,157,90
7397,14848,185,156,89
7398,14850,198,157,90
7399,14852,221,157,90
7400,14854,215,157,92
7401,14856,218,156,91
7402,14858,208,157,90
7403,14860,211,156,89
7404,14862,240,157,90
7405,14864,219,157,91
7406,14866,219,157,91
7407,14868,195,157,90
7408,14870,207,157,92
7409,14872,217,158,92
7410,14874,209,157,91
7411,14876,223,158,92
7412,14878,221,156,91
7413,14880,208,157,91
7414,14882,241,158,92
7415,14884,216,157,89
7416,14886,215,158,90
7417,14888,191,157,90
7418,14890,207,157,91
7419,14892,211,157,90
7420,14894,223,158,90
7421,14896,219,157,91
7422,14898,217,158,90
7423,14900,211,157,90
7424,14902,242,159,91
7425,14904,217,156,90
7426,14906,215,160,91
7427,14908,193,158,92
7428,14910,208,158,90
7429,14912,209,158,92
7430,14914,208,157,91
7431,14916,213,158,92
7432,14918,208,158,94
7433,14920,207,158,91
7434,14922,249,158,90
7435,14924,217,158,92
7436,14926,212,159,92
7437,14928,201,157,90
7438,14930,203,159,90
7439,14932,208,159,92
7440,14934,216,158,91
7441,14936,216,159,91
7442,14938,215,158,91
7443,14940,211,159,91
7444,14942,234,160,91
7445,14944,224,158,89
7446,14946,215,159,91
7447,14948,202,158,88
7448,14950,204,158,87
7449,14952,216,159,87
7450,14954,221,158,87
7451,14956,213,158,88
7452,14958,211,159,89
7453,14960,211,158,89
7454,14962,236,158,90
7455,14964,222,159,88
7456,14966,217,158,87
7457,14968,193,158,88
7458,14970,209,158,87
7459,14972,209,158,87
7460,14974,218,158,87
7461,14976,221,158,88
7462,14978,218,157,87
7463,14980,213,157,89
7464,14982,226,157,89
7465,14984,226,158,88
7466,14986,212,157,88
7467,14988,189,158,86
7468,14990,200,158,88
7469,14992,212,158,87
7470,14994,216,158,88
7471,14996,214,158,87
7472,14998,214,158,88
7473,15000,210,157,87
7474,15002,238,158,87
7475,15004,223,158,88
7476,15006,219,158,88
7477,15008,191,158,86
7478,15010,207,158,88
7479,15012,214,158,88
7480,15014,222,158,88
7481,15016,215,158,86
7482,15018,226,157,87
7483,15020,209,158,87
7484,15022,230,158,89
7485,15024,220,158,87
7486,15026,209,158,87
7487,15028,210,158,88
7488,15030,201,158,87
7489,15032,210,156,88
7490,15034,211,158,89
7491,15036,215,158,87
7492,15038,219,159,85
7493,15040,208,157,87
7494,15042,234,158,87
7495,15044,228,158,88
7496,15046,214,158,88
7497,15048,196,158,86
7498,15050,197,158,88
7499,15052,215,158,88
7500,15054,227,158,90
7501,15056,212,158,86
7502,15058,200,157,87
7503,15060,215,158,88
7504,15062,239,158,88
7505,15064,224,158,86
7506,15066,213,158,86
7507,15068,191,158,89
7508,15070,203,158,87
7509,15072,212,158,87
7510,15074,217,158,86
7511,15076,228,158,87
7512,15078,227,157,86
7513,15080,215,157,86
7514,15082,242,158,87
7515,15084,232,160,87
7516,15086,209,157,86
7517,15088,189,158,86
7518,15090,204,158,88
7519,15092,214,157,85
7520,15094,212,157,86
7521,15096,211,158,85
7522,15098,217,157,88
7523,15100,213,158,86
7524,15102,238,158,87
7525,15104,225,158,87
7526,15106,215,158,85
7527,15108,186,157,86
7528,15110,197,158,87
7529,15112,217,158,86
7530,15114,220,158,87
7531,15116,214,157,87
7532,15118,226,159,88
7533,15120,214,157,88
7534,15122,246,157,88
7535,15124,240,158,88
7536,15126,220,158,87
7537,15128,190,158,88
7538,15130,197,158,87
7539,15132,214,158,86
7540,15134,224,158,87
7541,15136,218,158,88
7542,15138,214,158,86
7543,15140,214,158,86
7544,15142,240,159,86
7545,15144,231,158,85
7546,15146,233,158,86
7547,15148,192,157,87
7548,15150,205,159,87
7549,15152,213,158,87
7550,15154,214,158,85
7551,15156,219,157,86
7552,15158,215,157,86
7553,15160,219,158,87
7554,15162,242,159,88
7555,15164,234,159,86
7556,15166,220,158,86
7557,15168,189,158,85
7558,15170,202,158,86
7559,15172,215,158,86
7560,15174,216,159,84
7561,15176,211,159,85
7562,15178,207,159,86
7563,15180,212,160,86
7564,15182,236,159,87
7565,15184,225,159,87
7566,15186,222,159,87
7567,15188,197,159,87
7568,15190,198,157,87
7569,15192,221,159,88
7570,15194,212,159,86
7571,15196,217,160,87
7572,15198,213,159,85
7573,15200,224,159,87
7574,15202,231,160,89
7575,15204,233,160,86
7576,15206,220,160,87
7577,15208,185,160,87
7578,15210,202,160,85
7579,15212,215,161,87
7580,15214,202,160,87
7581,15216,212,160,86
7582,15218,214,160,88
7583,15220,218,161,88
7584,15222,239,161,85
7585,15224,238,160,87
7586,15226,218,161,89
7587,15228,185,160,87
7588,15230,205,160,87
7589,15232,214,161,87
7590,15234,210,161,88
7591,15236,219,160,87
7592,15238,205,160,85
7593,15240,223,161,89
7594,15242,246,161,88
7595,15244,229,160,87
7596,15246,213,161,87
7597,15248,186,161,87
7598,15250,207,160,86
7599,15252,215,162,86
7600,15254,210,160,87
7601,15256,216,161,87
7602,15258,214,160,86
7603,15260,217,160,85
7604,15262,242,161,86
7605,15264,238,161,87
7606,15266,221,163,87
7607,15268,192,162,88
7608,15270,192,162,86
7609,15272,224,163,88
7610,15274,211,164,87
7611,15276,219,163,87
7612,15278,212,163,87
7613,15280,220,164,88
7614,15282,243,163,88
7615,15284,228,163,87
7616,15286,210,163,88
7617,15288,184,163,85
7618,15290,201,163,87
7619,15292,220,164,88
7620,15294,218,164,87
7621,15296,216,163,86
7622,15298,218,163,86
7623,15300,222,164,87
7624,15302,235,163,89
7625,15304,232,164,86
7626,15306,216,163,86
7627,15308,195,163,85
7628,15310,200,163,86
7629,15312,218,163,87
7630,15314,210,163,87
7631,15316,223,163,83
7632,15318,225,164,87
7633,15320,222,163,84
7634,15322,238,163,87
7635,15324,231,163,87
7636,15326,217,163,86
7637,15328,194,164,87
7638,15330,201,163,86
7639,15332,201,163,88
7640,15334,210,163,86
7641,15336,215,163,84
7642,15338,218,163,87
7643,15340,218,164,88
7644,15342,237,163,87
7645,15344,239,164,88
7646,15346,216,163,88
7647,15348,194,163,86
7648,15350,197,164,86
7649,15352,220,163,87
7650,15354,218,164,85
7651,15356,212,163,86
7652,15358,214,163,87
7653,15360,202,163,87
7654,15362,245,163,86
7655,15364,237,163,87
7656,15366,219,164,90
7657,15368,190,163,86
7658,15370,196,164,87
7659,15372,216,162,87
7660,15374,216,163,86
7661,15376,214,164,86
7662,15378,215,164,87
7663,15380,211,163,87
7664,15382,244,164,86
7665,15384,242,163,87
7666,15386,212,164,87
7667,15388,188,163,88
7668,15390,195,163,87
7669,15392,217,164,87
7670,15394,214,164,87
7671,15396,211,164,87
7672,15398,214,164,87
7673,15400,214,163,86
7674,15402,244,164,87
7675,15404,230,166,88
7676,15406,212,163,87
7677,15408,198,164,86
7678,15410,200,163,86
7679,15412,222,163,87
7680,15414,220,164,88
7681,15416,210,162,86
7682,15418,213,161,86
7683,15420,214,162,87
7684,15422,242,162,87
7685,15424,233,162,87
7686,15426,206,162,87
7687,15428,196,161,88
7688,15430,189,161,88
7689,15432,214,162,86
7690,15434,218,161,88
7691,15436,209,162,87
7692,15438,219,163,87
7693,15440,208,162,85
7694,15442,241,161,87
7695,15444,226,164,85
7696,15446,222,162,87
7697,15448,195,162,87
7698,15450,195,162,88
7699,15452,219,161,87
7700,15454,214,162,88
7701,15456,212,163,87
7702,15458,224,163,88
7703,15460,213,162,88
7704,15462,243,167,88
7705,15464,229,162,87
7706,15466,219,166,88
7707,15468,192,163,88
7708,15470,192,164,89
7709,15472,216,166,87
7710,15474,209,164,88
7711,15476,221,162,87
7712,15478,212,163,86
7713,15480,204,164,88
7714,15482,240,163,89
7715,15484,230,164,87
7716,15486,218,163,87
7717,15488,193,165,87
7718,15490,186,165,90
7719,15492,219,164,89
7720,15494,212,165,88
7721,15496,212,163,87
7722,15498,202,164,86
7723,15500,207,163,89
7724,15502,244,164,87
7725,15504,229,165,87
7726,15506,219,164,87
7727,15508,204,165,88
7728,15510,193,164,86
7729,15512,219,165,88
7730,15514,223,164,88
7731,15516,223,166,88
7732,15518,210,165,86
7733,15520,216,164,88
7734,15522,234,164,87
7735,15524,231,164,88
7736,15526,218,165,88
7737,15528,195,164,87
7738,15530,200,164,87
7739,15532,218,164,87
7740,15534,218,164,86
7741,15536,217,165,90
7742,15538,211,164,87
7743,15540,211,164,87
7744,15542,242,165,87
7745,15544,231,164,90
7746,15546,219,164,89
7747,15548,196,165,87
7748,15550,192,163,88
7749,15552,218,164,87
7750,15554,214,164,87
7751,15556,219,165,87
7752,15558,211,163,88
7753,15560,218,165,88
7754,15562,248,164,86
7755,15564,231,165,88
7756,15566,217,165,86
7757,15568,196,164,88
7758,15570,193,165,88
7759,15572,219,165,88
7760,15574,221,165,86
7761,15576,220,165,87
7762,15578,218,165,88
7763,15580,223,164,87
7764,15582,240,163,89
7765,15584,230,163,89
7766,15586,215,163,87
7767,15588,191,163,88
7768,15590,194,165,88
7769,15592,216,163,87
7770,15594,210,163,87
7771,15596,219,163,88
7772,15598,213,164,88
7773,15600,212,163,88
7774,15602,240,164,88
7775,15604,229,163,89
7776,15606,215,163,88
7777,15608,189,163,87
7778,15610,195,163,88
7779,15612,210,163,87
7780,15614,217,163,88
7781,15616,219,163,87
7782,15618,223,163,87
7783,15620,211,164,88
7784,15622,240,162,88
7785,15624,225,163,87
7786,15626,213,164,87
7787,15628,192,163,89
7788,15630,200,164,88
7789,15632,211,164,88
7790,15634,218,163,87
7791,15636,219,163,87
7792,15638,217,163,87
7793,15640,222,163,88
7794,15642,245,164,87
7795,15644,232,164,88
7796,15646,213,163,87
7797,15648,201,164,87
7798,15650,195,163,88
7799,15652,222,163,88
7800,15654,217,163,89
7801,15656,219,163,87
7802,15658,220,163,86
7803,15660,219,164,86
7804,15662,239,163,89
7805,15664,219,163,90
7806,15666,213,164,88
7807,15668,199,163,88
7808,15670,187,165,86
7809,15672,214,164,88
7810,15674,220,165,88
7811,15676,212,165,88
7812,15678,216,165,88
7813,15680,213,164,89
7814,15682,226,165,87
7815,15684,234,166,89
7816,15686,212,166,88
7817,15688,190,165,90
7818,15690,194,166,88
7819,15692,217,166,88
7820,15694,211,166,89
7821,15696,217,166,88
7822,15698,213,166,89
7823,15700,217,167,90
7824,15702,244,166,88
7825,15704,251,166,88
7826,15706,214,166,88
7827,15708,201,166,87
7828,15710,198,166,86
7829,15712,218,165,88
7830,15714,216,168,89
7831,15716,222,167,87
7832,15718,218,168,89
7833,15720,212,168,87
7834,15722,240,168,88
7835,15724,233,168,88
7836,15726,218,169,88
7837,15728,197,168,87
7838,15730,195,168,86
7839,15732,220,168,88
7840,15734,208,168,89
7841,15736,217,168,88
7842,15738,210,167,87
7843,15740,207,169,88
7844,15742,246,169,91
7845,15744,228,169,89
7846,15746,218,168,88
7847,15748,200,169,87
7848,15750,188,169,89
7849,15752,218,169,91
7850,15754,214,169,89
7851,15756,215,169,87
7852,15758,217,169,89
7853,15760,218,169,89
7854,15762,248,169,89
7855,15764,233,169,91
7856,15766,218,169,88
7857,15768,206,169,88
7858,15770,187,169,88
7859,15772,220,169,87
7860,15774,217,169,86
7861,15776,211,169,88
7862,15778,212,168,88
7863,15780,209,170,87
7864,15782,246,170,90
7865,15784,231,169,86
7866,15786,219,170,86
7867,15788,195,169,89
7868,15790,180,169,88
7869,15792,215,169,88
7870,15794,210,170,89
7871,15796,206,169,89
7872,15798,215,170,89
7873,15800,211,170,90
7874,15802,244,169,89
7875,15804,234,171,88
7876,15806,220,170,89
7877,15808,202,170,90
7878,15810,186,171,89
7879,15812,218,171,89
7880,15814,205,170,88
7881,15816,226,170,89
7882,15818,214,171,88
7883,15820,215,170,90
7884,15822,245,170,89
7885,15824,237,170,89
7886,15826,229,167,89
7887,15828,200,169,89
7888,15830,194,169,87
7889,15832,216,171,88
7890,15834,209,170,88
7891,15836,219,170,88
7892,15838,215,169,90
7893,15840,213,170,87
7894,15842,252,170,87
7895,15844,243,169,88
7896,15846,223,170,88
7897,15848,205,169,88
7898,15850,192,169,89
7899,15852,211,168,89
7900,15854,211,168,89
7901,15856,223,169,89
7902,15858,211,168,90
7903,15860,211,168,89
7904,15862,251,169,90
7905,15864,229,168,89
7906,15866,222,167,89
7907,15868,204,168,90
7908,15870,187,167,89
7909,15872,215,166,89
7910,15874,213,166,89
7911,15876,218,167,90
7912,15878,227,166,92
7913,15880,221,166,88
7914,15882,251,166,88
7915,15884,227,165,90
7916,15886,226,164,88
7917,15888,202,166,88
7918,15890,191,165,90
7919,15892,220,165,91
7920,15894,216,165,90
7921,15896,212,165,91
7922,15898,214,165,94
7923,15900,219,164,92
7924,15902,243,165,93
7925,15904,231,164,92
7926,15906,224,165,93
7927,15908,196,164,94
7928,15910,193,165,93
7929,15912,216,164,91
7930,15914,207,164,100
7931,15916,214,164,103
7932,15918,209,166,105
7933,15920,224,166,104
7934,15922,246,167,103
7935,15924,243,167,104
7936,15926,233,167,105
7937,15928,197,167,105
7938,15930,193,167,105
7939,15932,220,169,106
7940,15934,216,169,105
7941,15936,219,169,105
7942,15938,220,169,103
7943,15940,219,169,105
7944,15942,243,170,109
7945,15944,243,171,113
7946,15946,226,171,111
7947,15948,200,171,112
7948,15950,200,171,113
7949,15952,218,172,112
7950,15954,216,172,117
7951,15956,228,172,125
7952,15958,221,172,128
7953,15960,222,172,124
7954,15962,248,172,128
7955,15964,242,172,120
7956,15966,214,172,120
7957,15968,204,172,120
7958,15970,196,172,125
7959,15972,206,172,126
7960,15974,216,173,128
7961,15976,220,173,128
7962,15978,223,173,128
7963,15980,218,173,129
7964,15982,245,173,129
7965,15984,235,174,131
7966,15986,222,174,130
7967,15988,200,175,128
7968,15990,201,173,129
7969,15992,209,175,130
7970,15994,216,176,134
7971,15996,221,175,131
7972,15998,223,175,131
7973,16000,216,176,130
7974,16002,251,175,132
7975,16004,236,174,131
7976,16006,224,175,131
7977,16008,209,175,131
7978,16010,192,174,131
7979,16012,215,175,132
7980,16014,226,175,133
7981,16016,215,175,132
7982,16018,231,176,130
7983,16020,223,174,131
7984,16022,247,177,129
7985,16024,236,176,129
7986,16026,223,175,129
7987,16028,201,176,130
7988,16030,189,175,127
7989,16032,212,175,128
7990,16034,219,176,129
7991,16036,202,176,129
7992,16038,228,176,128
7993,16040,217,176,127
7994,16042,232,175,129
7995,16044,235,175,128
7996,16046,213,175,128
7997,16048,203,176,130
7998,16050,190,175,130
7999,16052,224,175,129
8000,16054,209,176,129
8001,16056,216,176,129
8002,16058,220,176,130
8003,16060,213,175,128
8004,16062,254,176,128
8005,16064,251,176,129
8006,16066,225,175,129
8007,16068,206,176,129
8008,16070,197,175,128
8009,16072,221,175,129
8010,16074,218,175,129
8011,16076,220,176,130
8012,16078,218,176,130
8013,16080,216,176,131
8014,16082,249,175,131
8015,16084,244,176,130
8016,16086,218,176,130
8017,16088,210,175,128
8018,16090,203,176,130
8019,16092,217,176,130
8020,16094,219,175,129
8021,16096,213,175,130
8022,16098,217,176,130
8023,16100,213,176,129
8024,16102,248,176,128
8025,16104,241,175,135
8026,16106,224,175,129
8027,16108,204,176,133
8028,16110,191,175,129
8029,16112,216,176,130
8030,16114,222,176,129
8031,16116,219,176,130
8032,16118,230,175,129
8033,16120,214,176,130
8034,16122,251,176,133
8035,16124,234,176,130
8036,16126,227,176,128
8037,16128,211,176,128
8038,16130,192,175,127
8039,16132,218,176,130
8040,16134,214,176,130
8041,16136,223,176,130
8042,16138,221,176,135
8043,16140,212,176,123
8044,16142,241,176,130
8045,16144,228,177,130
8046,16146,225,176,129
8047,16148,203,176,129
8048,16150,194,175,129
8049,16152,212,175,129
8050,16154,215,175,130
8051,16156,220,175,131
8052,16158,220,177,130
8053,16160,220,175,129
8054,16162,247,176,130
8055,16164,235,176,129
8056,16166,226,175,127
8057,16168,193,176,128
8058,16170,190,176,127
8059,16172,221,175,128
8060,16174,203,175,129
8061,16176,222,175,129
8062,16178,215,177,127
8063,16180,209,175,129
8064,16182,248,176,129
8065,16184,244,176,129
8066,16186,226,174,127
8067,16188,200,175,129
8068,16190,194,176,127
8069,16192,222,175,129
8070,16194,217,176,130
8071,16196,229,175,128
8072,16198,218,175,131
8073,16200,212,175,131
8074,16202,250,174,130
8075,16204,243,174,129
8076,16206,220,175,129
8077,16208,213,175,130
8078,16210,193,176,129
8079,16212,218,176,128
8080,16214,221,175,128
8081,16216,224,177,129
8082,16218,213,176,128
8083,16220,210,175,129
8084,16222,241,175,130
8085,16224,240,175,129
8086,16226,220,176,128
8087,16228,206,176,129
8088,16230,200,173,127
8089,16232,215,175,127
8090,16234,214,175,128
8091,16236,226,175,127
8092,16238,220,176,128
8093,16240,212,175,127
8094,16242,247,175,127
8095,16244,242,176,126
8096,16246,221,174,126
8097,16248,203,175,126
8098,16250,194,177,124
8099,16252,205,175,126
8100,16254,217,175,126
8101,16256,226,175,125
8102,16258,221,176,126
8103,16260,216,175,127
8104,16262,244,173,127
8105,16264,241,176,126
8106,16266,220,176,125
8107,16268,204,175,127
8108,16270,191,175,127
8109,16272,212,175,127
8110,16274,217,175,126
8111,16276,217,175,124
8112,16278,233,175,126
8113,16280,219,175,126
8114,16282,234,175,126
8115,16284,240,173,124
8116,16286,221,175,126
8117,16288,193,174,126
8118,16290,198,174,126
8119,16292,211,174,125
8120,16294,217,175,125
8121,16296,220,175,126
8122,16298,222,173,127
8123,16300,217,173,127
8124,16302,245,174,127
8125,16304,241,173,127
8126,16306,223,173,125
8127,16308,203,173,126
8128,16310,191,172,125
8129,16312,209,173,125
8130,16314,222,174,126
8131,16316,221,173,125
8132,16318,216,172,127
8133,16320,216,173,125
8134,16322,254,173,126
8135,16324,239,172,126
8136,16326,229,173,127
8137,16328,202,173,126
8138,16330,196,173,124
8139,16332,205,172,127
8140,16334,219,173,126
8141,16336,217,171,127
8142,16338,222,173,125
8143,16340,219,173,128
8144,16342,243,172,127
8145,16344,240,173,128
8146,16346,212,173,127
8147,16348,200,172,126
8148,16350,189,173,127
8149,16352,202,172,126
8150,16354,219,170,126
8151,16356,213,172,125
8152,16358,217,174,126
8153,16360,212,173,126
8154,16362,244,171,125
8155,16364,239,171,126
8156,16366,219,171,127
8157,16368,201,171,125
8158,16370,187,171,128
8159,16372,201,170,125
8160,16374,219,171,126
8161,16376,225,170,125
8162,16378,221,172,127
8163,16380,217,171,126
8164,16382,244,171,126
8165,16384,241,170,128
8166,16386,222,171,127
8167,16388,202,170,126
8168,16390,186,170,125
8169,16392,211,171,127
8170,16394,219,171,129
8171,16396,213,170,127
8172,16398,231,172,128
8173,16400,222,171,128
8174,16402,249,171,128
8175,16404,239,171,128
8176,16406,223,170,128
8177,16408,204,171,126
8178,16410,191,172,129
8179,16412,203,171,128
8180,16414,214,170,129
8181,16416,228,170,129
8182,16418,218,171,129
8183,16420,211,170,130
8184,16422,251,170,129
8185,16424,242,171,130
8186,16426,220,171,129
8187,16428,207,171,129
8188,16430,197,170,130
8189,16432,209,170,129
8190,16434,213,170,131
8191,16436,217,170,129
8192,16438,215,170,130
8193,16440,210,171,131
8194,16442,245,170,130
8195,16444,238,171,130
8196,16446,220,170,131
8197,16448,210,170,130
8198,16450,197,169,131
8199,16452,201,171,130
8200,16454,216,171,129
8201,16456,220,170,129
8202,16458,226,170,131
8203,16460,226,171,130
8204,16462,250,169,130
8205,16464,239,169,131
8206,16466,225,170,129
8207,16468,215,170,130
8208,16470,194,168,128
8209,16472,202,168,130
8210,16474,218,168,130
8211,16476,218,168,127
8212,16478,218,167,126
8213,16480,213,168,124
8214,16482,250,169,123
8215,16484,240,168,126
8216,16486,227,168,125
8217,16488,210,168,124
8218,16490,195,168,125
8219,16492,203,167,124
8220,16494,216,168,123
8221,16496,212,168,123
8222,16498,218,167,126
8223,16500,220,166,123
8224,16502,244,167,126
8225,16504,232,167,123
8226,16506,225,167,125
8227,16508,212,167,123
8228,16510,192,166,122
8229,16512,206,167,123
8230,16514,219,165,125
8231,16516,220,167,121
8232,16518,218,166,123
8233,16520,223,167,123
8234,16522,243,167,124
8235,16524,242,166,124
8236,16526,227,166,123
8237,16528,209,167,124
8238,16530,197,167,124
8239,16532,201,167,125
8240,16534,216,165,124
8241,16536,223,167,125
8242,16538,218,167,127
8243,16540,219,168,124
8244,16542,240,166,125
8245,16544,240,167,123
8246,16546,222,167,124
8247,16548,203,167,124
8248,16550,190,166,124
8249,16552,197,167,124
8250,16554,213,167,124
8251,16556,214,167,125
8252,16558,220,167,124
8253,16560,222,167,124
8254,16562,248,167,126
8255,16564,241,167,125
8256,16566,220,167,125
8257,16568,208,167,125
8258,16570,202,167,124
8259,16572,199,167,124
8260,16574,213,168,126
8261,16576,214,167,126
8262,16578,212,167,124
8263,16580,222,167,125
8264,16582,248,167,125
8265,16584,231,166,124
8266,16586,230,168,124
8267,16588,215,167,124
8268,16590,190,167,125
8269,16592,199,167,124
8270,16594,226,168,124
8271,16596,219,167,124
8272,16598,214,167,124
8273,16600,230,168,123
8274,16602,241,167,125
8275,16604,239,167,126
8276,16606,224,167,126
8277,16608,210,167,124
8278,16610,194,167,123
8279,16612,195,167,123
8280,16614,212,167,126
8281,16616,205,167,125
8282,16618,219,166,125
8283,16620,227,167,126
8284,16622,242,167,127
8285,16624,242,167,126
8286,16626,224,167,122
8287,16628,216,167,123
8288,16630,195,167,123
8289,16632,201,167,124
8290,16634,216,165,123
8291,16636,214,167,125
8292,16638,211,167,125
8293,16640,229,168,125
8294,16642,243,167,125
8295,16644,248,167,127
8296,16646,223,167,124
8297,16648,211,167,123
8298,16650,199,167,123
8299,16652,199,167,121
8300,16654,217,167,122
8301,16656,212,167,119
8302,16658,221,166,120
8303,16660,215,167,121
8304,16662,247,167,122
8305,16664,245,166,120
8306,16666,223,167,120
8307,16668,212,167,121
8308,16670,194,166,120
8309,16672,196,167,119
8310,16674,222,167,120
8311,16676,204,168,120
8312,16678,213,169,121
8313,16680,216,168,119
8314,16682,242,167,117
8315,16684,240,168,119
8316,16686,228,168,120
8317,16688,218,168,119
8318,16690,193,167,118
8319,16692,200,167,115
8320,16694,222,168,118
8321,16696,210,168,119
8322,16698,214,168,121
8323,16700,214,168,120
8324,16702,239,168,120
8325,16704,237,168,119
8326,16706,219,168,119
8327,16708,216,168,118
8328,16710,195,167,117
8329,16712,201,168,117
8330,16714,218,168,118
8331,16716,209,168,117
8332,16718,218,168,118
8333,16720,209,168,117
8334,16722,243,168,119
8335,16724,234,168,117
8336,16726,223,168,119
8337,16728,211,168,119
8338,16730,183,168,119
8339,16732,200,168,119
8340,16734,219,167,120
8341,16736,206,167,118
8342,16738,224,168,119
8343,16740,215,167,118
8344,16742,238,168,118
8345,16744,242,167,118
8346,16746,216,167,119
8347,16748,211,167,120
8348,16750,183,168,120
8349,16752,199,167,121
8350,16754,220,167,121
8351,16756,213,167,120
8352,16758,216,167,121
8353,16760,213,167,121
8354,16762,245,168,123
8355,16764,240,167,121
8356,16766,214,166,121
8357,16768,220,167,121
8358,16770,190,167,120
8359,16772,204,167,120
8360,16774,218,167,120
8361,16776,236,168,125
8362,16778,228,167,122
8363,16780,214,166,121
8364,16782,241,167,122
8365,16784,243,167,122
8366,16786,220,167,122
8367,16788,208,167,120
8368,16790,188,166,122
8369,16792,203,167,124
8370,16794,214,167,123
8371,16796,217,167,122
8372,16798,219,167,121
8373,16800,210,167,117
8374,16802,245,167,122
8375,16804,248,166,119
8376,16806,220,167,123
8377,16808,217,166,121
8378,16810,199,166,119
8379,16812,202,166,121
8380,16814,214,166,121
8381,16816,218,166,119
8382,16818,221,166,117
8383,16820,213,166,119
8384,16822,244,165,122
8385,16824,239,165,125
8386,16826,213,165,117
8387,16828,211,166,117
8388,16830,198,165,116
8389,16832,207,166,116
8390,16834,214,165,118
8391,16836,222,164,118
8392,16838,219,165,121
8393,16840,214,164,119
8394,16842,243,166,121
8395,16844,239,165,121
8396,16846,221,164,120
8397,16848,210,165,118
8398,16850,190,165,118
8399,16852,206,165,117
8400,16854,217,165,119
8401,16856,216,166,117
8402,16858,216,166,118
8403,16860,214,165,119
8404,16862,241,166,119
8405,16864,236,165,118
8406,16866,223,166,121
8407,16868,211,165,119
8408,16870,187,166,119
8409,16872,209,166,117
8410,16874,220,167,119
8411,16876,222,167,118
8412,16878,224,168,117
8413,16880,223,168,118
8414,16882,247,168,118
8415,16884,250,170,117
8416,16886,223,169,119
8417,16888,209,168,118
8418,16890,200,168,118
8419,16892,210,168,119
8420,16894,224,169,118
8421,16896,221,169,118
8422,16898,220,168,118
8423,16900,219,172,118
8424,16902,229,169,118
8425,16904,241,169,119
8426,16906,224,169,119
8427,16908,210,169,118
8428,16910,198,169,119
8429,16912,204,169,119
8430,16914,214,169,119
8431,16916,225,171,120
8432,16918,220,171,119
8433,16920,211,170,118
8434,16922,239,170,119
8435,16924,231,171,119
8436,16926,220,170,118
8437,16928,214,170,118
8438,16930,206,170,119
8439,16932,198,170,118
8440,16934,213,170,118
8441,16936,223,170,118
8442,16938,215,171,119
8443,16940,218,170,120
8444,16942,245,171,120
8445,16944,240,170,118
8446,16946,221,168,119
8447,16948,216,170,119
8448,16950,192,170,118
8449,16952,206,170,118
8450,16954,223,170,118
8451,16956,229,170,119
8452,16958,214,170,118
8453,16960,226,171,120
8454,16962,239,171,119
8455,16964,240,170,117
8456,16966,223,170,119
8457,16968,214,170,119
8458,16970,197,171,119
8459,16972,209,171,119
8460,16974,216,171,118
8461,16976,210,171,119
8462,16978,222,171,118
8463,16980,224,171,119
8464,16982,231,171,119
8465,16984,245,171,118
8466,16986,221,171,118
8467,16988,211,171,118
8468,16990,195,171,120
8469,16992,209,171,120
8470,16994,222,171,119
8471,16996,225,171,117
8472,16998,222,172,118
8473,17000,222,171,118
8474,17002,227,171,118
8475,17004,253,170,117
8476,17006,220,171,117
8477,17008,213,171,117
8478,17010,191,171,116
8479,17012,210,172,119
8480,17014,217,171,118
8481,17016,228,172,119
8482,17018,226,171,118
8483,17020,223,171,118
8484,17022,223,172,119
8485,17024,250,171,118
8486,17026,215,171,118
8487,17028,211,171,119
8488,17030,197,171,119
8489,17032,207,172,119
8490,17034,216,170,120
8491,17036,217,171,116
8492,17038,214,171,120
8493,17040,210,172,120
8494,17042,226,172,119
8495,17044,234,171,118
8496,17046,220,171,119
8497,17048,224,172,117
8498,17050,197,172,117
8499,17052,200,171,117
8500,17054,219,172,119
8501,17056,214,171,118
8502,17058,221,172,117
8503,17060,215,171,118
8504,17062,227,172,118
8505,17064,236,172,118
8506,17066,221,172,118
8507,17068,218,171,118
8508,17070,194,172,118
8509,17072,207,172,117
8510,17074,217,171,120
8511,17076,219,171,117
8512,17078,213,171,118
8513,17080,232,171,118
8514,17082,221,172,119
8515,17084,244,172,117
8516,17086,225,172,118
8517,17088,222,172,118
8518,17090,195,172,120
8519,17092,202,172,118
8520,17094,211,172,118
8521,17096,214,172,118
8522,17098,209,172,119
8523,17100,217,172,120
8524,17102,221,172,118
8525,17104,241,172,120
8526,17106,225,173,122
8527,17108,215,174,120
8528,17110,188,173,119
8529,17112,209,173,121
8530,17114,218,173,121
8531,17116,226,171,120
8532,17118,216,173,121
8533,17120,224,174,121
8534,17122,220,174,121
8535,17124,246,174,123
8536,17126,217,173,119
8537,17128,220,173,121
8538,17130,197,174,122
8539,17132,210,173,120
8540,17134,213,173,120
8541,17136,216,173,121
8542,17138,219,174,121
8543,17140,210,173,120
8544,17142,227,174,121
8545,17144,249,174,120
8546,17146,229,173,121
8547,17148,220,173,121
8548,17150,204,173,121
8549,17152,205,173,121
8550,17154,212,174,122
8551,17156,213,173,118
8552,17158,210,173,121
8553,17160,201,173,121
8554,17162,219,173,121
8555,17164,245,174,123
8556,17166,225,173,122
8557,17168,219,173,122
8558,17170,195,172,121
8559,17172,202,172,122
8560,17174,214,173,121
8561,17176,217,172,120
8562,17178,215,172,120
8563,17180,213,173,121
8564,17182,223,173,122
8565,17184,241,173,121
8566,17186,228,173,123
8567,17188,219,173,123
8568,17190,195,174,121
8569,17192,206,173,122
8570,17194,224,173,121
8571,17196,210,173,122
8572,17198,213,173,122
8573,17200,226,174,122
8574,17202,213,173,123
8575,17204,241,172,121
8576,17206,230,172,122
8577,17208,219,174,123
8578,17210,187,171,120
8579,17212,203,174,120
8580,17214,204,173,123
8581,17216,212,173,123
8582,17218,217,173,122
8583,17220,221,173,124
8584,17222,214,172,122
8585,17224,241,172,124
8586,17226,227,173,124
8587,17228,206,172,123
8588,17230,199,172,121
8589,17232,197,172,122
8590,17234,215,173,124
8591,17236,212,172,123
8592,17238,216,171,123
8593,17240,210,172,123
8594,17242,219,172,122
8595,17244,245,172,123
8596,17246,231,172,122
8597,17248,207,172,122
8598,17250,196,172,121
8599,17252,205,172,120
8600,17254,215,172,121
8601,17256,215,171,121
8602,17258,220,171,121
8603,17260,224,171,120
8604,17262,218,172,121
8605,17264,248,171,123
8606,17266,221,172,122
8607,17268,210,171,122
8608,17270,196,172,122
8609,17272,201,171,120
8610,17274,228,171,120
8611,17276,225,171,121
8612,17278,212,171,124
8613,17280,217,171,123
8614,17282,218,171,121
8615,17284,241,170,121
8616,17286,227,171,121
8617,17288,220,171,119
8618,17290,194,171,121
8619,17292,190,172,121
8620,17294,212,171,120
8621,17296,212,171,121
8622,17298,212,171,121
8623,17300,232,171,122
8624,17302,204,171,121
8625,17304,244,171,121
8626,17306,232,171,121
8627,17308,230,172,121
8628,17310,191,171,121
8629,17312,199,171,120
8630,17314,220,171,120
8631,17316,209,171,120
8632,17318,216,172,122
8633,17320,222,170,120
8634,17322,214,171,122
8635,17324,252,170,122
8636,17326,224,171,118
8637,17328,219,171,120
8638,17330,198,171,121
8639,17332,203,171,120
8640,17334,223,170,120
8641,17336,210,172,120
8642,17338,219,171,120
8643,17340,222,173,120
8644,17342,210,171,116
8645,17344,242,170,117
8646,17346,229,170,115
8647,17348,215,171,116
8648,17350,185,172,115
8649,17352,208,171,116
8650,17354,217,170,116
8651,17356,216,171,116
8652,17358,218,171,117
8653,17360,214,171,114
8654,17362,212,171,117
8655,17364,240,171,117
8656,17366,231,171,118
8657,17368,220,170,117
8658,17370,189,170,118
8659,17372,202,171,118
8660,17374,213,171,118
8661,17376,215,171,118
8662,17378,217,171,119
8663,17380,216,171,117
8664,17382,216,171,119
8665,17384,249,172,121
8666,17386,225,171,118
8667,17388,216,171,119
8668,17390,195,169,116
8669,17392,200,171,118
8670,17394,215,171,120
8671,17396,205,171,118
8672,17398,216,171,119
8673,17400,208,171,118
8674,17402,213,171,117
8675,17404,238,170,117
8676,17406,225,171,118
8677,17408,213,172,121
8678,17410,188,171,119
8679,17412,203,172,118
8680,17414,213,172,120
8681,17416,216,172,120
8682,17418,211,172,119
8683,17420,219,173,121
8684,17422,208,172,119
8685,17424,237,172,121
8686,17426,229,172,120
8687,17428,219,172,119
8688,17430,191,172,118
8689,17432,203,175,120
8690,17434,205,174,117
8691,17436,212,174,118
8692,17438,218,174,118
8693,17440,215,175,119
8694,17442,209,174,119
8695,17444,239,175,119
8696,17446,228,174,118
8697,17448,217,174,118
8698,17450,191,174,119
8699,17452,210,174,119
8700,17454,214,174,118
8701,17456,221,175,121
8702,17458,217,175,119
8703,17460,214,174,119
8704,17462,214,174,118
8705,17464,241,175,119
8706,17466,230,174,119
8707,17468,216,175,119
8708,17470,191,175,119
8709,17472,214,175,118
8710,17474,213,174,121
8711,17476,216,175,117
8712,17478,220,175,117
8713,17480,211,174,118
8714,17482,212,175,117
8715,17484,245,176,121
8716,17486,227,175,122
8717,17488,216,175,120
8718,17490,194,175,120
8719,17492,216,175,121
8720,17494,216,176,121
8721,17496,216,176,119
8722,17498,222,175,120
8723,17500,206,175,121
8724,17502,222,176,119
8725,17504,243,176,122
8726,17506,232,175,120
8727,17508,212,175,119
8728,17510,192,175,120
8729,17512,212,175,123
8730,17514,218,175,118
8731,17516,220,176,120
8732,17518,224,176,120
8733,17520,210,175,118
8734,17522,212,175,118
8735,17524,244,176,120
8736,17526,231,180,121
8737,17528,212,176,121
8738,17530,196,175,121
8739,17532,210,175,121
8740,17534,204,175,121
8741,17536,221,175,120
8742,17538,213,176,123
8743,17540,222,175,122
8744,17542,218,176,121
8745,17544,244,176,121
8746,17546,238,176,121
8747,17548,210,176,121
8748,17550,190,176,120
8749,17552,203,175,122
8750,17554,218,175,121
8751,17556,225,175,121
8752,17558,217,176,122
8753,17560,219,176,121
8754,17562,211,175,121
8755,17564,228,176,122
8756,17566,229,176,120
8757,17568,213,176,121
8758,17570,194,176,118
8759,17572,206,176,120
8760,17574,217,176,123
8761,17576,219,176,119
8762,17578,212,175,120
8763,17580,226,175,120
8764,17582,212,176,121
8765,17584,242,181,120
8766,17586,233,175,121
8767,17588,208,176,120
8768,17590,202,176,120
8769,17592,203,176,120
8770,17594,204,175,122
8771,17596,220,174,122
8772,17598,216,174,121
8773,17600,210,176,123
8774,17602,213,178,121
8775,17604,240,176,120
8776,17606,234,176,121
8777,17608,215,175,121
8778,17610,196,176,122
8779,17612,203,175,120
8780,17614,213,177,121
8781,17616,214,176,121
8782,17618,219,176,120
8783,17620,215,176,120
8784,17622,213,175,120
8785,17624,246,176,119
8786,17626,233,175,120
8787,17628,218,176,121
8788,17630,200,183,119
8789,17632,205,175,120
8790,17634,218,175,120
8791,17636,220,172,121
8792,17638,214,175,120
8793,17640,215,175,121
8794,17642,212,176,120
8795,17644,239,175,118
8796,17646,230,176,122
8797,17648,222,176,122
8798,17650,205,176,121
8799,17652,200,177,120
8800,17654,224,176,122
8801,17656,223,176,121
8802,17658,213,176,121
8803,17660,218,175,123
8804,17662,214,176,122
8805,17664,238,176,121
8806,17666,226,176,119
8807,17668,215,175,120
8808,17670,201,176,121
8809,17672,193,176,122
8810,17674,218,177,121
8811,17676,209,176,122
8812,17678,220,176,120
8813,17680,207,176,122
8814,17682,212,176,122
8815,17684,244,176,118
8816,17686,232,177,122
8817,17688,210,176,121
8818,17690,193,175,119
8819,17692,199,176,120
8820,17694,210,176,121
8821,17696,215,176,123
8822,17698,215,176,120
8823,17700,211,176,121
8824,17702,211,175,120
8825,17704,245,176,122
8826,17706,234,174,120
8827,17708,222,177,121
8828,17710,196,176,120
8829,17712,201,176,121
8830,17714,212,176,121
8831,17716,215,177,121
8832,17718,219,175,121
8833,17720,219,177,121
8834,17722,210,175,122
8835,17724,241,176,121
8836,17726,226,176,122
8837,17728,221,176,120
8838,17730,208,175,122
8839,17732,199,176,120
8840,17734,214,176,121
8841,17736,217,177,123
8842,17738,222,176,121
8843,17740,225,176,121
8844,17742,215,176,121
8845,17744,245,176,120
8846,17746,233,176,120
8847,17748,223,176,123
8848,17750,194,175,120
8849,17752,197,176,121
8850,17754,215,176,121
8851,17756,212,174,120
8852,17758,210,176,120
8853,17760,209,176,120
8854,17762,218,174,120
8855,17764,242,175,120
8856,17766,231,176,121
8857,17768,224,175,120
8858,17770,193,176,120
8859,17772,197,176,119
8860,17774,222,176,121
8861,17776,223,175,118
8862,17778,214,176,118
8863,17780,220,176,120
8864,17782,213,176,119
8865,17784,240,176,115
8866,17786,225,176,119
8867,17788,215,176,118
8868,17790,194,176,118
8869,17792,199,176,117
8870,17794,213,176,117
8871,17796,211,176,118
8872,17798,209,176,117
8873,17800,216,175,118
8874,17802,220,176,117
8875,17804,242,176,117
8876,17806,238,177,119
8877,17808,217,175,118
8878,17810,193,176,119
8879,17812,196,176,118
8880,17814,216,176,117
8881,17816,210,176,119
8882,17818,214,177,117
8883,17820,214,177,117
8884,17822,211,177,117
8885,17824,242,176,115
8886,17826,240,176,118
8887,17828,215,177,118
8888,17830,191,176,119
8889,17832,199,177,116
8890,17834,214,177,119
8891,17836,224,177,117
8892,17838,219,177,118
8893,17840,215,176,117
8894,17842,217,177,118
8895,17844,242,177,116
8896,17846,237,177,119
8897,17848,221,177,117
8898,17850,185,177,116
8899,17852,193,177,117
8900,17854,217,177,115
8901,17856,218,176,116
8902,17858,210,178,116
8903,17860,219,177,119
8904,17862,212,177,117
8905,17864,237,177,125
8906,17866,233,177,117
8907,17868,219,178,117
8908,17870,197,177,116
8909,17872,191,177,115
8910,17874,213,177,116
8911,17876,216,177,117
8912,17878,217,178,115
8913,17880,217,177,112
8914,17882,216,178,116
8915,17884,243,177,117
8916,17886,231,178,117
8917,17888,225,178,116
8918,17890,205,177,115
8919,17892,194,178,117
8920,17894,220,177,115
8921,17896,214,177,117
8922,17898,213,177,116
8923,17900,221,178,116
8924,17902,221,178,116
8925,17904,244,178,114
8926,17906,233,177,114
8927,17908,218,179,116
8928,17910,197,177,118
8929,17912,191,177,118
8930,17914,224,177,119
8931,17916,210,178,117
8932,17918,215,177,118
8933,17920,213,178,117
8934,17922,216,177,118
8935,17924,241,178,119
8936,17926,236,177,116
8937,17928,226,178,116
8938,17930,195,177,116
8939,17932,195,178,117
8940,17934,218,178,117
8941,17936,212,178,116
8942,17938,215,178,116
8943,17940,214,178,117
8944,17942,210,177,116
8945,17944,251,177,114
8946,17946,234,178,117
8947,17948,215,178,116
8948,17950,194,177,117
8949,17952,194,179,118
8950,17954,219,178,116
8951,17956,218,178,116
8952,17958,218,177,116
8953,17960,213,178,118
8954,17962,207,178,118
8955,17964,252,178,120
8956,17966,243,178,115
8957,17968,210,178,117
8958,17970,190,177,117
8959,17972,185,178,118
8960,17974,215,178,118
8961,17976,214,178,117
8962,17978,214,176,116
8963,17980,206,178,116
8964,17982,210,178,119
8965,17984,246,177,116
8966,17986,231,177,117
8967,17988,221,178,117
8968,17990,195,178,116
8969,17992,191,178,120
8970,17994,219,178,119
8971,17996,214,178,119
8972,17998,216,177,120
8973,18000,215,177,119
8974,18002,217,177,117
8975,18004,232,176,118
8976,18006,233,179,118
8977,18008,223,178,119
8978,18010,194,178,118
8979,18012,190,178,118
8980,18014,219,178,118
8981,18016,215,178,119
8982,18018,215,177,118
8983,18020,214,177,117
8984,18022,222,178,120
8985,18024,247,178,119
8986,18026,238,177,120
8987,18028,222,177,121
8988,18030,203,178,119
8989,18032,200,178,119
8990,18034,222,177,121
8991,18036,215,178,120
8992,18038,213,178,118
8993,18040,209,178,120
8994,18042,219,178,121
8995,18044,250,177,119
8996,18046,230,177,121
8997,18048,218,176,118
8998,18050,201,176,120
8999,18052,199,176,119
9000,18054,216,177,117
9001,18056,214,177,121
9002,18058,217,176,119
9003,18060,226,176,119
9004,18062,223,175,119
9005,18064,245,176,118
9006,18066,236,176,119
9007,18068,220,178,117
9008,18070,203,176,116
9009,18072,205,177,122
9010,18074,219,176,120
9011,18076,209,176,120
9012,18078,224,176,116
9013,18080,211,175,119
9014,18082,223,176,119
9015,18084,248,176,117
9016,18086,233,174,118
9017,18088,210,176,118
9018,18090,192,176,118
9019,18092,199,175,117
9020,18094,215,176,118
9021,18096,225,177,120
9022,18098,214,177,119
9023,18100,215,177,118
9024,18102,221,177,119
9025,18104,247,177,119
9026,18106,223,177,120
9027,18108,216,177,118
9028,18110,196,177,118
9029,18112,204,178,118
9030,18114,220,178,119
9031,18116,218,176,116
9032,18118,215,176,117
9033,18120,206,178,118
9034,18122,225,178,118
9035,18124,241,178,119
9036,18126,236,178,118
9037,18128,219,178,118
9038,18130,209,178,118
9039,18132,198,177,117
9040,18134,215,178,119
9041,18136,224,177,119
9042,18138,215,178,119
9043,18140,213,179,119
9044,18142,231,177,119
9045,18144,243,178,120
9046,18146,232,178,120
9047,18148,218,177,118
9048,18150,199,177,121
9049,18152,196,178,119
9050,18154,212,178,121
9051,18156,207,179,121
9052,18158,217,179,120
9053,18160,219,177,116
9054,18162,217,179,121
9055,18164,242,178,122
9056,18166,221,178,115
9057,18168,200,179,119
9058,18170,204,178,116
9059,18172,212,179,119
9060,18174,221,179,116
9061,18176,220,178,116
9062,18178,227,178,118
9063,18180,222,179,118
9064,18182,214,178,117
9065,18184,233,179,119
9066,18186,226,179,119
9067,18188,201,178,118
9068,18190,206,178,115
9069,18192,204,178,116
9070,18194,222,178,116
9071,18196,229,178,116
9072,18198,227,178,119
9073,18200,216,179,117
9074,18202,212,178,115
9075,18204,242,179,117
9076,18206,217,179,117
9077,18208,210,179,116
9078,18210,202,179,117
9079,18212,204,178,116
9080,18214,222,179,117
9081,18216,223,179,116
9082,18218,219,179,117
9083,18220,211,179,117
9084,18222,215,179,118
9085,18224,232,179,117
9086,18226,224,179,117
9087,18228,213,180,116
9088,18230,211,179,117
9089,18232,205,178,118
9090,18234,221,178,120
9091,18236,214,178,116
9092,18238,220,180,117
9093,18240,215,179,116
9094,18242,214,179,118
9095,18244,231,179,118
9096,18246,215,179,117
9097,18248,217,178,118
9098,18250,212,179,118
9099,18252,210,179,118
9100,18254,230,179,117
9101,18256,214,178,117
9102,18258,223,179,118
9103,18260,221,179,118
9104,18262,215,179,117
9105,18264,230,180,118
9106,18266,221,179,119
9107,18268,211,177,117
9108,18270,205,179,117
9109,18272,207,179,118
9110,18274,226,179,118
9111,18276,222,179,117
9112,18278,213,180,117
9113,18280,221,179,118
9114,18282,209,178,118
9115,18284,236,179,119
9116,18286,224,178,118
9117,18288,214,179,119
9118,18290,209,179,118
9119,18292,208,180,118
9120,18294,222,179,119
9121,18296,219,179,118
9122,18298,219,182,118
9123,18300,219,179,118
9124,18302,209,183,119
9125,18304,232,179,118
9126,18306,223,179,119
9127,18308,211,179,119
9128,18310,205,177,119
9129,18312,208,178,118
9130,18314,226,183,119
9131,18316,226,181,121
9132,18318,219,179,118
9133,18320,218,183,118
9134,18322,216,179,116
9135,18324,236,179,119
9136,18326,218,178,118
9137,18328,214,179,121
9138,18330,209,178,119
9139,18332,206,178,119
9140,18334,225,177,119
9141,18336,218,179,120
9142,18338,220,179,119
9143,18340,220,179,119
9144,18342,210,178,118
9145,18344,231,178,119
9146,18346,218,178,119
9147,18348,218,180,120
9148,18350,203,178,118
9149,18352,207,178,120
9150,18354,218,178,119
9151,18356,216,179,118
9152,18358,220,179,118
9153,18360,220,179,117
9154,18362,218,178,120
9155,18364,233,178,119
9156,18366,220,178,119
9157,18368,217,178,118
9158,18370,209,179,118
9159,18372,208,178,117
9160,18374,224,179,119
9161,18376,216,179,118
9162,18378,219,178,118
9163,18380,223,178,116
9164,18382,219,178,119
9165,18384,235,178,117
9166,18386,227,179,119
9167,18388,216,179,118
9168,18390,206,178,118
9169,18392,213,178,118
9170,18394,223,178,118
9171,18396,215,178,118
9172,18398,218,178,118
9173,18400,221,178,117
9174,18402,215,178,119
9175,18404,233,178,118
9176,18406,215,177,119
9177,18408,216,177,119
9178,18410,202,177,118
9179,18412,220,177,117
9180,18414,224,177,117
9181,18416,213,177,119
9182,18418,220,175,118
9183,18420,206,175,119
9184,18422,219,175,119
9185,18424,239,176,118
9186,18426,225,176,119
9187,18428,217,175,118
9188,18430,203,174,118
9189,18432,214,175,119
9190,18434,221,173,119
9191,18436,222,174,118
9192,18438,227,175,121
9193,18440,214,174,117
9194,18442,224,175,117
9195,18444,232,174,118
9196,18446,225,174,119
9197,18448,217,174,121
9198,18450,209,174,120
9199,18452,201,174,120
9200,18454,224,175,119
9201,18456,217,175,118
9202,18458,217,175,120
9203,18460,206,175,119
9204,18462,231,175,120
9205,18464,235,177,119
9206,18466,221,175,120
9207,18468,216,175,120
9208,18470,204,174,119
9209,18472,202,175,119
9210,18474,227,175,120
9211,18476,219,175,119
9212,18478,228,176,119
9213,18480,209,176,119
9214,18482,220,175,118
9215,18484,238,175,121
9216,18486,223,176,120
9217,18488,220,175,119
9218,18490,206,176,119
9219,18492,204,175,119
9220,18494,228,175,120
9221,18496,226,176,120
9222,18498,222,175,121
9223,18500,219,175,119
9224,18502,224,175,121
9225,18504,247,174,120
9226,18506,228,175,121
9227,18508,217,174,119
9228,18510,206,175,121
9229,18512,214,175,119
9230,18514,218,175,121
9231,18516,221,175,119
9232,18518,218,174,120
9233,18520,222,174,119
9234,18522,217,174,117
9235,18524,241,175,119
9236,18526,233,175,118
9237,18528,223,175,118
9238,18530,196,174,117
9239,18532,202,175,117
9240,18534,226,174,119
9241,18536,227,175,120
9242,18538,222,176,120
9243,18540,216,174,119
9244,18542,216,174,120
9245,18544,243,177,119
9246,18546,227,175,118
9247,18548,210,174,120
9248,18550,206,174,120
9249,18552,195,174,119
9250,18554,218,175,119
9251,18556,213,175,120
9252,18558,218,176,120
9253,18560,221,174,119
9254,18562,227,173,121
9255,18564,245,176,120
9256,18566,232,175,119
9257,18568,213,175,119
9258,18570,207,175,120
9259,18572,195,174,120
9260,18574,226,175,119
9261,18576,220,175,120
9262,18578,217,174,118
9263,18580,220,174,119
9264,18582,209,175,118
9265,18584,244,175,120
9266,18586,227,176,119
9267,18588,223,174,119
9268,18590,200,175,118
9269,18592,199,175,119
9270,18594,227,175,118
9271,18596,224,175,119
9272,18598,214,175,119
9273,18600,223,175,118
9274,18602,220,175,120
9275,18604,238,174,119
9276,18606,227,175,118
9277,18608,220,174,119
9278,18610,205,175,118
9279,18612,190,175,120
9280,18614,228,175,120
9281,18616,223,175,119
9282,18618,225,174,118
9283,18620,223,174,118
9284,18622,213,175,118
9285,18624,239,174,118
9286,18626,220,174,119
9287,18628,219,174,119
9288,18630,206,175,119
9289,18632,203,175,116
9290,18634,229,175,117
9291,18636,217,175,117
9292,18638,219,174,119
9293,18640,225,174,118
9294,18642,218,174,118
9295,18644,247,175,117
9296,18646,226,174,120
9297,18648,217,174,117
9298,18650,207,175,119
9299,18652,199,174,119
9300,18654,222,174,120
9301,18656,228,174,120
9302,18658,220,175,120
9303,18660,214,174,119
9304,18662,216,174,118
9305,18664,246,175,120
9306,18666,227,174,121
9307,18668,217,174,119
9308,18670,210,174,119
9309,18672,207,173,119
9310,18674,228,173,121
9311,18676,222,174,121
9312,18678,225,174,121
9313,18680,223,174,121
9314,18682,216,173,118
9315,18684,246,174,122
9316,18686,230,174,119
9317,18688,218,173,121
9318,18690,202,174,122
9319,18692,208,175,119
9320,18694,208,174,122
9321,18696,221,172,118
9322,18698,221,173,120
9323,18700,217,174,118
9324,18702,221,174,118
9325,18704,248,173,120
9326,18706,221,174,121
9327,18708,221,173,117
9328,18710,202,173,120
9329,18712,195,173,118
9330,18714,219,174,119
9331,18716,221,173,116
9332,18718,214,174,116
9333,18720,213,173,116
9334,18722,215,174,116
9335,18724,247,173,117
9336,18726,234,170,120
9337,18728,222,174,118
9338,18730,198,173,118
9339,18732,202,173,118
9340,18734,223,174,117
9341,18736,215,172,117
9342,18738,219,173,118
9343,18740,219,173,117
9344,18742,212,174,120
9345,18744,228,174,118
9346,18746,236,174,116
9347,18748,233,174,117
9348,18750,202,174,115
9349,18752,197,173,116
9350,18754,218,173,121
9351,18756,218,174,118
9352,18758,227,174,117
9353,18760,218,174,119
9354,18762,215,174,119
9355,18764,245,175,120
9356,18766,237,174,117
9357,18768,222,174,120
9358,18770,205,175,120
9359,18772,199,174,116
9360,18774,219,174,117
9361,18776,223,174,118
9362,18778,222,173,117
9363,18780,222,174,116
9364,18782,217,174,117
9365,18784,247,174,116
9366,18786,248,174,115
9367,18788,216,174,115
9368,18790,200,174,114
9369,18792,204,174,114
9370,18794,211,173,117
9371,18796,223,174,116
9372,18798,218,173,117
9373,18800,214,173,113
9374,18802,217,173,114
9375,18804,243,173,113
9376,18806,235,172,112
9377,18808,216,172,113
9378,18810,203,171,103
9379,18812,207,171,102
9380,18814,212,171,100
9381,18816,218,171,98
9382,18818,216,170,100
9383,18820,221,169,101
9384,18822,218,168,101
9385,18824,237,170,101
9386,18826,232,170,100
9387,18828,214,169,100
9388,18830,199,169,100
9389,18832,198,169,100
9390,18834,214,169,100
9391,18836,224,170,100
9392,18838,218,169,100
9393,18840,217,169,103
9394,18842,218,169,99
9395,18844,234,169,100
9396,18846,231,168,98
9397,18848,227,169,99
9398,18850,193,166,100
9399,18852,196,168,99
9400,18854,206,169,98
9401,18856,218,169,104
9402,18858,219,168,99
9403,18860,219,167,100
9404,18862,216,168,101
9405,18864,236,167,99
9406,18866,219,163,98
9407,18868,209,169,101
9408,18870,200,169,99
9409,18872,202,169,99
9410,18874,206,169,98
9411,18876,217,167,98
9412,18878,217,170,99
9413,18880,221,167,99
9414,18882,218,169,99
9415,18884,240,170,99
9416,18886,227,169,100
9417,18888,207,172,99
9418,18890,208,168,99
9419,18892,212,168,99
9420,18894,214,168,99
9421,18896,232,168,98
9422,18898,220,168,99
9423,18900,218,169,99
9424,18902,218,169,98
9425,18904,238,167,99
9426,18906,230,169,99
9427,18908,210,169,98
9428,18910,201,168,99
9429,18912,203,164,99
9430,18914,205,168,99
9431,18916,227,172,99
9432,18918,215,169,99
9433,18920,216,169,99
9434,18922,208,169,99
9435,18924,242,170,102
9436,18926,227,170,99
9437,18928,213,170,100
9438,18930,205,170,99
9439,18932,199,170,99
9440,18934,212,171,99
9441,18936,227,171,100
9442,18938,219,172,99
9443,18940,222,172,99
9444,18942,219,172,101
9445,18944,244,173,100
9446,18946,225,172,100
9447,18948,214,172,100
9448,18950,208,168,99
9449,18952,201,170,100
9450,18954,214,172,100
9451,18956,220,173,101
9452,18958,218,172,100
9453,18960,216,172,100
9454,18962,221,176,100
9455,18964,236,172,99
9456,18966,225,172,101
9457,18968,211,172,100
9458,18970,202,173,100
9459,18972,199,172,99
9460,18974,211,172,101
9461,18976,216,173,99
9462,18978,217,174,100
9463,18980,222,173,99
9464,18982,210,173,100
9465,18984,237,173,100
9466,18986,226,173,99
9467,18988,217,173,100
9468,18990,201,173,100
9469,18992,203,172,99
9470,18994,215,173,101
9471,18996,220,173,100
9472,18998,217,172,100
9473,19000,222,172,98
9474,19002,211,172,99
9475,19004,240,172,99
9476,19006,223,173,99
9477,19008,202,173,101
9478,19010,222,172,100
9479,19012,201,173,99
9480,19014,206,172,100
9481,19016,221,173,98
9482,19018,220,173,99
9483,19020,225,172,99
9484,19022,210,172,99
9485,19024,241,172,101
9486,19026,215,173,100
9487,19028,214,173,101
9488,19030,208,172,100
9489,19032,198,172,99
9490,19034,205,172,100
9491,19036,221,173,101
9492,19038,219,172,101
9493,19040,224,173,100
9494,19042,219,172,101
9495,19044,235,173,99
9496,19046,212,173,100
9497,19048,220,173,99
9498,19050,207,172,98
9499,19052,197,173,97
9500,19054,208,173,99
9501,19056,217,173,100
9502,19058,221,173,100
9503,19060,212,172,99
9504,19062,222,172,99
9505,19064,236,173,101
9506,19066,224,172,100
9507,19068,219,173,101
9508,19070,199,173,100
9509,19072,198,172,99
9510,19074,215,172,99
9511,19076,213,173,101
9512,19078,214,171,100
9513,19080,219,172,100
9514,19082,216,171,102
9515,19084,236,173,99
9516,19086,220,171,100
9517,19088,210,172,99
9518,19090,203,171,99
9519,19092,190,171,100
9520,19094,210,172,99
9521,19096,209,171,100
9522,19098,219,172,100
9523,19100,216,171,100
9524,19102,211,171,100
9525,19104,234,171,100
9526,19106,219,171,100
9527,19108,213,171,101
9528,19110,203,171,101
9529,19112,204,171,100
9530,19114,206,173,100
9531,19116,211,172,101
9532,19118,219,172,100
9533,19120,214,173,101
9534,19122,216,173,102
9535,19124,239,172,101
9536,19126,232,173,101
9537,19128,224,173,102
9538,19130,202,173,101
9539,19132,202,172,99
9540,19134,212,172,101
9541,19136,216,172,101
9542,19138,216,173,101
9543,19140,214,173,101
9544,19142,215,173,101
9545,19144,234,173,101
9546,19146,221,172,101
9547,19148,216,173,101
9548,19150,209,174,100
9549,19152,198,174,100
9550,19154,208,173,101
9551,19156,216,174,101
9552,19158,209,173,101
9553,19160,211,173,101
9554,19162,218,173,102
9555,19164,236,173,102
9556,19166,220,173,101
9557,19168,212,174,101
9558,19170,207,173,101
9559,19172,203,174,101
9560,19174,209,174,102
9561,19176,216,174,101
9562,19178,207,174,100
9563,19180,214,174,101
9564,19182,224,175,101
9565,19184,230,175,102
9566,19186,228,174,101
9567,19188,211,174,101
9568,19190,206,174,102
9569,19192,199,174,102
9570,19194,212,174,101
9571,19196,213,175,102
9572,19198,209,175,100
9573,19200,217,174,101
9574,19202,221,175,102
9575,19204,226,174,101
9576,19206,222,175,102
9577,19208,212,175,101
9578,19210,206,175,102
9579,19212,204,174,99
9580,19214,205,176,100
9581,19216,214,175,101
9582,19218,218,175,102
9583,19220,216,175,102
9584,19222,216,175,101
9585,19224,225,176,101
9586,19226,220,175,103
9587,19228,207,175,101
9588,19230,200,174,101
9589,19232,200,176,103
9590,19234,205,175,102
9591,19236,216,175,102
9592,19238,210,176,103
9593,19240,219,175,101
9594,19242,217,176,101
9595,19244,231,175,103
9596,19246,221,175,101
9597,19248,210,176,102
9598,19250,212,175,103
9599,19252,206,176,102
9600,19254,207,175,100
9601,19256,221,175,103
9602,19258,213,175,102
9603,19260,212,175,101
9604,19262,219,176,102
9605,19264,228,175,103
9606,19266,223,175,101
9607,19268,204,176,104
9608,19270,206,175,102
9609,19272,193,175,102
9610,19274,206,175,101
9611,19276,212,176,103
9612,19278,207,175,102
9613,19280,215,175,101
9614,19282,218,175,102
9615,19284,229,176,101
9616,19286,220,174,101
9617,19288,213,174,101
9618,19290,205,175,101
9619,19292,194,175,101
9620,19294,209,175,102
9621,19296,221,175,101
9622,19298,212,176,101
9623,19300,215,175,102
9624,19302,218,175,101
9625,19304,231,175,101
9626,19306,217,174,103
9627,19308,212,175,101
9628,19310,209,175,102
9629,19312,196,175,101
9630,19314,211,175,101
9631,19316,214,175,103
9632,19318,217,175,101
9633,19320,213,175,103
9634,19322,213,175,102
9635,19324,231,175,102
9636,19326,223,175,102
9637,19328,215,175,102
9638,19330,211,175,101
9639,19332,187,174,101
9640,19334,215,175,101
9641,19336,211,175,102
9642,19338,217,175,101
9643,19340,220,175,103
9644,19342,211,175,102
9645,19344,232,175,100
9646,19346,224,175,102
9647,19348,214,175,102
9648,19350,205,175,102
9649,19352,193,175,101
9650,19354,212,174,101
9651,19356,211,176,101
9652,19358,218,175,103
9653,19360,216,175,102
9654,19362,213,175,102
9655,19364,234,175,101
9656,19366,217,175,101
9657,19368,207,175,101
9658,19370,211,175,102
9659,19372,201,175,102
9660,19374,209,175,101
9661,19376,215,175,101
9662,19378,217,175,102
9663,19380,214,175,100
9664,19382,203,175,102
9665,19384,235,175,101
9666,19386,212,175,99
9667,19388,222,175,101
9668,19390,209,175,101
9669,19392,207,175,103
9670,19394,211,175,100
9671,19396,215,175,101
9672,19398,213,175,100
9673,19400,217,175,100
9674,19402,206,175,102
9675,19404,235,175,104
9676,19406,206,174,101
9677,19408,206,175,100
9678,19410,211,174,102
9679,19412,205,175,100
9680,19414,212,175,101
9681,19416,217,175,102
9682,19418,229,174,101
9683,19420,214,175,101
9684,19422,222,175,101
9685,19424,227,175,102
9686,19426,219,175,102
9687,19428,212,175,102
9688,19430,197,175,102
9689,19432,200,175,103
9690,19434,214,176,102
9691,19436,214,175,102
9692,19438,232,175,102
9693,19440,221,174,104
9694,19442,216,175,101
9695,19444,226,175,102
9696,19446,217,175,103
9697,19448,206,175,102
9698,19450,204,175,102
9699,19452,213,174,102
9700,19454,213,175,102
9701,19456,210,175,103
9702,19458,221,175,102
9703,19460,219,175,104
9704,19462,216,175,102
9705,19464,228,176,102
9706,19466,221,175,103
9707,19468,211,175,102
9708,19470,208,175,102
9709,19472,209,175,102
9710,19474,209,176,103
9711,19476,216,175,103
9712,19478,217,175,101
9713,19480,214,175,101
9714,19482,212,176,101
9715,19484,227,175,101
9716,19486,214,175,101
9717,19488,201,176,101
9718,19490,210,176,102
9719,19492,201,176,102
9720,19494,211,176,103
9721,19496,213,175,101
9722,19498,218,176,102
9723,19500,220,180,102
9724,19502,218,176,102
9725,19504,231,177,103
9726,19506,219,176,102
9727,19508,202,176,104
9728,19510,210,176,103
9729,19512,205,174,102
9730,19514,207,176,102
9731,19516,216,176,101
9732,19518,215,176,104
9733,19520,217,176,103
9734,19522,213,177,102
9735,19524,223,176,101
9736,19526,227,176,103
9737,19528,205,176,102
9738,19530,213,177,100
9739,19532,205,176,102
9740,19534,213,177,106
9741,19536,221,177,102
9742,19538,214,176,100
9743,19540,216,177,102
9744,19542,217,177,101
9745,19544,226,177,100
9746,19546,220,177,101
9747,19548,213,177,105
9748,19550,219,177,102
9749,19552,205,178,104
9750,19554,207,177,100
9751,19556,216,177,102
9752,19558,213,177,104
9753,19560,212,177,103
9754,19562,216,177,101
9755,19564,227,177,103
9756,19566,219,175,102
9757,19568,210,177,103
9758,19570,204,177,105
9759,19572,196,177,104
9760,19574,208,178,103
9761,19576,212,178,103
9762,19578,209,177,103
9763,19580,209,177,103
9764,19582,206,178,104
9765,19584,223,177,105
9766,19586,220,178,104
9767,19588,201,177,102
9768,19590,207,178,104
9769,19592,197,178,101
9770,19594,207,177,102
9771,19596,205,177,102
9772,19598,212,178,103
9773,19600,216,177,105
9774,19602,200,178,104
9775,19604,226,178,104
9776,19606,218,178,104
9777,19608,197,178,103
9778,19610,205,178,103
9779,19612,199,176,103
9780,19614,205,178,103
9781,19616,214,178,104
9782,19618,215,177,103
9783,19620,208,178,103
9784,19622,201,178,104
9785,19624,216,178,103
9786,19626,213,178,104
9787,19628,201,178,104
9788,19630,207,178,102
9789,19632,198,174,105
9790,19634,205,177,104
9791,19636,210,178,103
9792,19638,212,178,103
9793,19640,209,178,104
9794,19642,210,178,103
9795,19644,213,177,103
9796,19646,220,178,104
9797,19648,204,180,104
9798,19650,203,177,99
9799,19652,198,177,103
9800,19654,202,178,104
9801,19656,211,177,105
9802,19658,208,178,102
9803,19660,215,178,104
9804,19662,214,178,103
9805,19664,213,177,102
9806,19666,214,180,103
9807,19668,216,177,104
9808,19670,206,176,104
9809,19672,197,178,103
9810,19674,215,178,103
9811,19676,212,179,103
9812,19678,212,176,104
9813,19680,212,177,103
9814,19682,205,178,104
9815,19684,214,171,103
9816,19686,225,177,105
9817,19688,210,178,104
9818,19690,209,178,104
9819,19692,199,177,103
9820,19694,215,178,104
9821,19696,215,178,103
9822,19698,215,177,104
9823,19700,214,177,103
9824,19702,212,177,103
9825,19704,213,177,103
9826,19706,221,178,104
9827,19708,204,178,103
9828,19710,206,177,102
9829,19712,202,177,103
9830,19714,210,178,104
9831,19716,214,175,104
9832,19718,217,177,103
9833,19720,209,177,104
9834,19722,223,179,103
9835,19724,217,177,103
9836,19726,218,177,103
9837,19728,204,178,104
9838,19730,215,177,103
9839,19732,200,178,104
9840,19734,213,178,104
9841,19736,212,178,104
9842,19738,214,178,104
9843,19740,211,178,104
9844,19742,210,178,104
9845,19744,215,177,103
9846,19746,219,178,103
9847,19748,208,177,103
9848,19750,211,177,107
9849,19752,208,177,105
9850,19754,211,178,105
9851,19756,207,177,104
9852,19758,209,177,107
9853,19760,215,178,104
9854,19762,216,178,105
9855,19764,220,178,105
9856,19766,218,177,105
9857,19768,213,177,103
9858,19770,216,177,105
9859,19772,199,178,105
9860,19774,207,178,105
9861,19776,223,177,103
9862,19778,213,177,105
9863,19780,215,178,105
9864,19782,220,178,105
9865,19784,218,178,106
9866,19786,225,179,107
9867,19788,209,178,106
9868,19790,212,177,105
9869,19792,198,177,106
9870,19794,216,177,105
9871,19796,221,178,105
9872,19798,214,178,105
9873,19800,211,178,105
9874,19802,225,178,104
9875,19804,216,178,105
9876,19806,228,178,107
9877,19808,225,178,107
9878,19810,208,178,105
9879,19812,209,178,106
9880,19814,209,178,105
9881,19816,216,178,107
9882,19818,214,179,106
9883,19820,216,178,105
9884,19822,212,178,106
9885,19824,224,177,104
9886,19826,218,178,105
9887,19828,211,178,105
9888,19830,212,177,106
9889,19832,211,178,107
9890,19834,213,178,105
9891,19836,214,177,105
9892,19838,218,178,106
9893,19840,211,178,106
9894,19842,214,178,106
9895,19844,223,178,106
9896,19846,228,178,105
9897,19848,216,178,105
9898,19850,220,178,105
9899,19852,204,178,105
9900,19854,211,178,106
9901,19856,220,178,106
9902,19858,214,178,105
9903,19860,208,178,106
9904,19862,215,178,106
9905,19864,218,178,106
9906,19866,226,178,105
9907,19868,214,178,105
9908,19870,215,178,105
9909,19872,208,178,106
9910,19874,212,178,106
9911,19876,223,178,106
9912,19878,217,177,106
9913,19880,219,178,106
9914,19882,226,178,107
9915,19884,216,178,105
9916,19886,225,178,104
9917,19888,204,178,106
9918,19890,216,178,105
9919,19892,203,178,104
9920,19894,216,178,106
9921,19896,221,178,106
9922,19898,216,178,104
9923,19900,222,178,105
9924,19902,222,176,106
9925,19904,216,178,106
9926,19906,233,177,104
9927,19908,218,177,106
9928,19910,213,177,105
9929,19912,203,177,104
9930,19914,213,178,105
9931,19916,215,177,106
9932,19918,214,177,106
9933,19920,216,177,106
9934,19922,216,177,106
9935,19924,215,177,105
9936,19926,222,177,105
9937,19928,209,177,106
9938,19930,209,176,105
9939,19932,205,176,105
9940,19934,213,176,105
9941,19936,219,177,106
9942,19938,218,175,106
9943,19940,217,177,106
9944,19942,214,177,106
9945,19944,214,177,106
9946,19946,225,176,105
9947,19948,206,177,106
9948,19950,217,176,106
9949,19952,206,177,106
9950,19954,210,176,105
9951,19956,225,176,104
9952,19958,216,177,105
9953,19960,218,177,105
9954,19962,219,176,105
9955,19964,213,177,106
9956,19966,224,177,107
9957,19968,209,177,105
9958,19970,213,177,105
9959,19972,192,176,105
9960,19974,213,176,105
9961,19976,214,177,106
9962,19978,214,177,106
9963,19980,209,177,106
9964,19982,211,176,106
9965,19984,217,177,106
9966,19986,223,177,105
9967,19988,219,176,105
9968,19990,216,176,106
9969,19992,201,176,105
9970,19994,215,177,106
9971,19996,220,176,106
9972,19998,214,176,106
9973,20000,217,177,106
9974,20002,214,177,106
9975,20004,218,177,106
9976,20006,226,176,105
9977,20008,219,176,106
9978,20010,214,176,106
9979,20012,199,176,105
9980,20014,219,176,105
9981,20016,219,176,105
9982,20018,224,176,106
9983,20020,217,176,106
9984,20022,223,176,105
9985,20024,211,175,106
9986,20026,226,176,105
9987,20028,217,177,106
9988,20030,209,176,106
9989,20032,208,176,104
9990,20034,217,176,105
9991,20036,217,176,105
9992,20038,217,176,106
9993,20040,220,176,105
9994,20042,217,176,104
9995,20044,220,175,105
9996,20046,226,176,107
9997,20048,213,174,106
9998,20050,214,176,107
9999,20052,207,176,107
10000,20054,218,176,108
10001,20056,219,176,108
10002,20058,219,176,106
10003,20060,222,176,107
10004,20062,213,176,108
10005,20064,218,177,108
10006,20066,225,176,110
10007,20068,217,176,107
10008,20070,214,176,108
10009,20072,205,176,108
10010,20074,218,176,108
10011,20076,218,176,108
10012,20078,220,176,109
10013,20080,226,177,109
10014,20082,209,176,109
10015,20084,219,176,109
10016,20086,226,175,109
10017,20088,216,177,110
10018,20090,210,176,110
10019,20092,210,177,110
10020,20094,219,176,111
10021,20096,221,176,109
10022,20098,228,176,110
10023,20100,220,177,111
10024,20102,219,176,108
10025,20104,219,177,110
10026,20106,223,175,110
10027,20108,216,176,110
10028,20110,214,176,109
10029,20112,207,176,106
10030,20114,219,176,109
10031,20116,220,176,111
10032,20118,220,176,110
10033,20120,222,176,109
10034,20122,218,176,109
10035,20124,213,176,107
10036,20126,224,176,109
10037,20128,211,177,108
10038,20130,212,176,110
10039,20132,203,176,112
10040,20134,220,176,110
10041,20136,215,176,107
10042,20138,226,176,109
10043,20140,221,176,110
10044,20142,226,176,111
10045,20144,215,176,111
10046,20146,224,175,110
10047,20148,217,177,109
10048,20150,211,176,109
10049,20152,208,176,110
10050,20154,217,176,110
10051,20156,218,176,107
10052,20158,219,176,109
10053,20160,218,176,109
10054,20162,223,175,110
10055,20164,210,176,109
10056,20166,227,175,106
10057,20168,219,176,109
10058,20170,211,176,114
10059,20172,209,175,108
10060,20174,212,176,110
10061,20176,222,173,109
10062,20178,219,175,108
10063,20180,215,175,109
10064,20182,220,176,112
10065,20184,210,176,108
10066,20186,229,175,110
10067,20188,218,176,109
10068,20190,221,176,111
10069,20192,214,175,109
10070,20194,215,176,110
10071,20196,219,176,109
10072,20198,220,176,110
10073,20200,220,176,110
10074,20202,217,176,110
10075,20204,211,176,109
10076,20206,224,176,109
10077,20208,215,175,109
10078,20210,213,175,113
10079,20212,208,175,109
10080,20214,213,175,110
10081,20216,226,176,108
10082,20218,222,175,109
10083,20220,216,176,108
10084,20222,219,174,111
10085,20224,216,175,109
10086,20226,225,176,110
10087,20228,217,176,109
10088,20230,215,175,111
10089,20232,202,176,109
10090,20234,212,176,110
10091,20236,221,176,109
10092,20238,217,176,110
10093,20240,224,176,108
10094,20242,225,175,110
10095,20244,210,176,108
10096,20246,225,176,110
10097,20248,221,175,109
10098,20250,222,175,109
10099,20252,201,179,108
10100,20254,219,176,109
10101,20256,224,173,109
10102,20258,227,175,108
10103,20260,225,173,109
10104,20262,221,176,110
10105,20264,214,174,110
10106,20266,230,176,109
10107,20268,230,176,108
10108,20270,223,176,110
10109,20272,201,176,109
10110,20274,217,176,108
10111,20276,225,177,110
10112,20278,227,176,109
10113,20280,231,176,109
10114,20282,209,176,110
10115,20284,212,176,110
10116,20286,235,176,110
10117,20288,221,176,109
10118,20290,221,175,110
10119,20292,210,176,108
10120,20294,221,176,108
10121,20296,222,176,108
10122,20298,224,175,109
10123,20300,221,176,108
10124,20302,217,175,109
10125,20304,226,176,109
10126,20306,228,174,109
10127,20308,219,176,109
10128,20310,217,174,109
10129,20312,208,176,110
10130,20314,213,175,109
10131,20316,217,176,108
10132,20318,220,176,108
10133,20320,218,176,109
10134,20322,218,175,112
10135,20324,222,176,109
10136,20326,224,176,109
10137,20328,216,176,109
10138,20330,216,176,110
10139,20332,194,176,111
10140,20334,219,176,109
10141,20336,225,176,110
10142,20338,215,175,110
10143,20340,216,176,110
10144,20342,215,176,110
10145,20344,223,175,108
10146,20346,227,176,109
10147,20348,230,176,107
10148,20350,214,176,113
10149,20352,200,176,110
10150,20354,217,175,108
10151,20356,224,176,109
10152,20358,223,176,111
10153,20360,221,175,110
10154,20362,211,176,110
10155,20364,215,176,110
10156,20366,218,176,109
10157,20368,216,176,110
10158,20370,217,175,108
10159,20372,204,175,109
10160,20374,216,175,109
10161,20376,222,176,109
10162,20378,219,175,110
10163,20380,230,175,108
10164,20382,221,176,109
10165,20384,208,176,107
10166,20386,227,175,109
10167,20388,218,176,109
10168,20390,220,176,109
10169,20392,206,176,109
10170,20394,214,176,109
10171,20396,221,175,108
10172,20398,222,175,110
10173,20400,222,175,109
10174,20402,227,176,109
10175,20404,218,176,109
10176,20406,233,175,110
10177,20408,228,176,110
10178,20410,219,176,110
10179,20412,211,176,109
10180,20414,212,175,109
10181,20416,223,176,110
10182,20418,218,175,109
10183,20420,215,176,109
10184,20422,220,174,108
10185,20424,219,175,109
10186,20426,229,175,109
10187,20428,213,176,109
10188,20430,214,175,109
10189,20432,203,176,108
10190,20434,211,176,109
10191,20436,220,176,109
10192,20438,228,175,108
10193,20440,215,176,109
10194,20442,228,176,109
10195,20444,224,176,108
10196,20446,226,175,109
10197,20448,220,176,107
10198,20450,215,173,109
10199,20452,203,176,109
10200,20454,210,175,109
10201,20456,223,177,109
10202,20458,221,175,109
10203,20460,219,176,109
10204,20462,220,176,109
10205,20464,218,176,108
10206,20466,233,175,106
10207,20468,225,176,109
10208,20470,213,175,109
10209,20472,204,176,108
10210,20474,210,176,108
10211,20476,225,177,109
10212,20478,218,176,109
10213,20480,215,176,110
10214,20482,214,177,109
10215,20484,222,176,109
10216,20486,229,177,109
10217,20488,218,176,109
10218,20490,217,176,109
10219,20492,202,175,108
10220,20494,213,176,110
10221,20496,216,177,108
10222,20498,224,176,109
10223,20500,219,174,109
10224,20502,221,175,110
10225,20504,217,177,109
10226,20506,230,176,110
10227,20508,223,176,110
10228,20510,216,176,109
10229,20512,205,176,109
10230,20514,216,176,109
10231,20516,216,176,111
10232,20518,220,176,110
10233,20520,216,177,109
10234,20522,207,176,109
10235,20524,213,176,109
10236,20526,238,176,109
10237,20528,220,175,109
10238,20530,213,176,111
10239,20532,203,176,108
10240,20534,212,176,110
10241,20536,219,174,109
10242,20538,213,176,110
10243,20540,213,176,109
10244,20542,223,176,109
10245,20544,218,177,107
10246,20546,237,176,109
10247,20548,222,176,107
10248,20550,213,176,108
10249,20552,199,177,109
10250,20554,211,176,109
10251,20556,220,176,109
10252,20558,214,176,109
10253,20560,217,176,109
10254,20562,227,177,111
10255,20564,215,176,109
10256,20566,232,176,109
10257,20568,216,176,109
10258,20570,218,175,110
10259,20572,202,177,110
10260,20574,210,176,110
10261,20576,222,177,109
10262,20578,225,177,110
10263,20580,223,176,111
10264,20582,222,176,111
10265,20584,219,177,109
10266,20586,234,177,111
10267,20588,220,177,111
10268,20590,219,176,109
10269,20592,204,176,110
10270,20594,210,176,109
10271,20596,224,176,111
10272,20598,223,175,110
10273,20600,221,177,110
10274,20602,219,176,109
10275,20604,221,177,110
10276,20606,232,176,110
10277,20608,224,176,109
10278,20610,215,176,109
10279,20612,204,176,108
10280,20614,205,176,109
10281,20616,218,176,111
10282,20618,210,176,110
10283,20620,224,176,110
10284,20622,216,176,109
10285,20624,212,176,109
10286,20626,233,176,111
10287,20628,209,176,109
10288,20630,212,176,110
10289,20632,208,177,110
10290,20634,207,176,110
10291,20636,226,176,110
10292,20638,221,176,110
10293,20640,219,176,110
10294,20642,204,176,110
10295,20644,216,177,110
10296,20646,241,177,111
10297,20648,222,177,111
10298,20650,217,177,110
10299,20652,206,177,109
10300,20654,208,176,110
10301,20656,222,177,109
10302,20658,220,176,110
10303,20660,218,176,109
10304,20662,214,177,110
10305,20664,212,177,111
10306,20666,230,176,109
10307,20668,220,177,110
10308,20670,212,176,109
10309,20672,209,178,110
10310,20674,207,177,111
10311,20676,222,177,109
10312,20678,214,177,110
10313,20680,214,177,109
10314,20682,213,176,110
10315,20684,216,178,110
10316,20686,230,177,110
10317,20688,211,177,110
10318,20690,213,177,108
10319,20692,203,178,109
10320,20694,205,177,110
10321,20696,222,177,109
10322,20698,215,177,110
10323,20700,217,177,111
10324,20702,216,176,110
10325,20704,214,176,110
10326,20706,226,177,111
10327,20708,222,176,109
10328,20710,222,176,110
10329,20712,198,177,111
10330,20714,208,177,110
10331,20716,223,178,110
10332,20718,221,177,111
10333,20720,220,177,109
10334,20722,213,177,109
10335,20724,213,177,111
10336,20726,225,177,110
10337,20728,219,177,110
10338,20730,212,177,110
10339,20732,206,176,110
10340,20734,218,176,110
10341,20736,222,177,109
10342,20738,217,177,110
10343,20740,217,177,110
10344,20742,216,177,109
10345,20744,216,177,110
10346,20746,227,177,109
10347,20748,220,177,109
10348,20750,206,177,109
10349,20752,201,177,109
10350,20754,210,177,108
10351,20756,219,177,110
10352,20758,223,176,108
10353,20760,230,177,109
10354,20762,218,177,111
10355,20764,214,177,109
10356,20766,231,180,109
10357,20768,216,176,110
10358,20770,206,177,110
10359,20772,203,176,108
10360,20774,210,176,109
10361,20776,217,177,110
10362,20778,221,177,109
10363,20780,223,176,109
10364,20782,218,176,109
10365,20784,214,177,110
10366,20786,231,177,109
10367,20788,219,177,108
10368,20790,215,177,109
10369,20792,203,177,109
10370,20794,211,176,109
10371,20796,224,177,111
10372,20798,224,176,109
10373,20800,213,176,108
10374,20802,221,178,110
10375,20804,222,177,109
10376,20806,226,176,111
10377,20808,223,176,110
10378,20810,212,177,108
10379,20812,202,176,112
10380,20814,210,176,109
10381,20816,223,177,109
10382,20818,218,176,110
10383,20820,214,177,109
10384,20822,219,176,109
10385,20824,219,177,109
10386,20826,228,175,110
10387,20828,220,176,109
10388,20830,208,176,110
10389,20832,207,176,110
10390,20834,209,176,110
10391,20836,225,177,109
10392,20838,218,176,109
10393,20840,222,176,109
10394,20842,219,176,111
10395,20844,208,174,109
10396,20846,225,176,110
10397,20848,219,177,111
10398,20850,212,176,109
10399,20852,195,177,110
10400,20854,211,177,108
10401,20856,224,178,110
10402,20858,220,177,110
10403,20860,221,177,109
10404,20862,216,177,111
10405,20864,208,177,108
10406,20866,235,178,111
10407,20868,219,177,109
10408,20870,212,177,107
10409,20872,207,178,111
10410,20874,210,178,110
10411,20876,223,178,111
10412,20878,232,178,108
10413,20880,221,178,111
10414,20882,223,178,109
10415,20884,209,178,110
10416,20886,231,178,111
10417,20888,227,178,110
10418,20890,213,177,110
10419,20892,211,177,110
10420,20894,208,177,110
10421,20896,225,178,109
10422,20898,216,178,111
10423,20900,213,178,111
10424,20902,218,179,109
10425,20904,214,179,111
10426,20906,232,178,111
10427,20908,217,178,110
10428,20910,220,177,110
10429,20912,208,178,111
10430,20914,201,178,110
10431,20916,222,178,111
10432,20918,218,177,111
10433,20920,220,178,111
10434,20922,212,178,111
10435,20924,202,178,109
10436,20926,238,179,111
10437,20928,227,179,111
10438,20930,217,178,109
10439,20932,197,177,111
10440,20934,191,177,109
10441,20936,208,182,110
10442,20938,212,179,110
10443,20940,226,176,110
10444,20942,218,178,111
10445,20944,218,180,110
10446,20946,251,178,112
10447,20948,239,178,112
10448,20950,225,178,113
10449,20952,206,178,110
10450,20954,197,179,111
10451,20956,222,179,107
10452,20958,199,178,111
10453,20960,218,178,110
10454,20962,222,178,112
10455,20964,213,178,111
10456,20966,254,178,111
10457,20968,238,177,111
10458,20970,222,178,110
10459,20972,209,174,110
10460,20974,198,179,112
10461,20976,219,179,110
10462,20978,210,178,109
10463,20980,223,178,109
10464,20982,211,178,110
10465,20984,220,179,110
10466,20986,251,180,111
10467,20988,225,178,110
10468,20990,219,178,111
10469,20992,199,178,108
10470,20994,190,178,108
10471,20996,219,178,111
10472,20998,218,179,110
10473,21000,220,179,109
10474,21002,212,178,109
10475,21004,219,179,111
10476,21006,244,179,112
10477,21008,236,179,110
10478,21010,215,179,109
10479,21012,200,178,109
10480,21014,197,179,112
10481,21016,214,179,110
10482,21018,213,179,112
10483,21020,215,180,113
10484,21022,210,179,111
10485,21024,219,179,113
10486,21026,243,179,112
10487,21028,232,179,113
10488,21030,230,179,117
10489,21032,200,179,115
10490,21034,192,180,113
10491,21036,219,181,113
10492,21038,215,180,113
10493,21040,220,179,110
10494,21042,216,180,111
10495,21044,227,180,111
10496,21046,245,180,112
10497,21048,237,180,111
10498,21050,223,180,111
10499,21052,194,180,110
10500,21054,195,179,109
10501,21056,213,180,109
10502,21058,212,180,117
10503,21060,221,180,118
10504,21062,215,180,115
10505,21064,222,180,116
10506,21066,242,181,121
10507,21068,233,181,118
10508,21070,224,180,119
10509,21072,193,180,120
10510,21074,199,180,110
10511,21076,215,180,109
10512,21078,209,180,109
10513,21080,218,180,108
10514,21082,212,181,110
10515,21084,224,180,110
10516,21086,249,182,112
10517,21088,245,180,110
10518,21090,222,180,111
10519,21092,199,180,109
10520,21094,198,181,110
10521,21096,218,181,110
10522,21098,222,180,111
10523,21100,213,181,108
10524,21102,209,181,111
10525,21104,222,181,110
10526,21106,249,181,111
10527,21108,234,181,112
10528,21110,218,183,112
10529,21112,199,182,109
10530,21114,192,181,110
10531,21116,219,185,110
10532,21118,216,182,110
10533,21120,213,182,110
10534,21122,214,182,109
10535,21124,218,182,110
10536,21126,247,182,110
10537,21128,241,181,111
10538,21130,222,181,110
10539,21132,202,184,110
10540,21134,189,183,112
10541,21136,209,183,110
10542,21138,221,182,111
10543,21140,217,182,110
10544,21142,215,182,109
10545,21144,220,183,112
10546,21146,244,182,110
10547,21148,224,182,115
10548,21150,223,182,114
10549,21152,201,187,115
10550,21154,187,183,115
10551,21156,220,183,118
10552,21158,219,184,119
10553,21160,211,183,116
10554,21162,213,183,117
10555,21164,218,184,118
10556,21166,244,184,118
10557,21168,240,187,118
10558,21170,222,179,119
10559,21172,199,183,117
10560,21174,184,179,116
10561,21176,215,183,116
10562,21178,209,183,118
10563,21180,214,184,118
10564,21182,217,183,118
10565,21184,211,184,119
10566,21186,242,185,119
10567,21188,236,184,120
10568,21190,221,183,120
10569,21192,204,184,119
10570,21194,190,183,119
10571,21196,223,184,119
10572,21198,216,182,120
10573,21200,219,183,122
10574,21202,227,183,123
10575,21204,214,183,120
10576,21206,245,183,123
10577,21208,235,183,121
10578,21210,219,183,121
10579,21212,198,184,122
10580,21214,195,183,122
10581,21216,216,184,123
10582,21218,211,184,122
10583,21220,212,184,121
10584,21222,229,184,123
10585,21224,221,184,119
10586,21226,251,185,122
10587,21228,232,183,121
10588,21230,231,182,121
10589,21232,202,184,121
10590,21234,196,182,119
10591,21236,217,184,122
10592,21238,212,183,121
10593,21240,210,184,121
10594,21242,216,182,121
10595,21244,215,184,121
10596,21246,245,184,122
10597,21248,230,184,120
10598,21250,219,183,121
10599,21252,201,184,120
10600,21254,196,183,119
10601,21256,205,184,118
10602,21258,210,183,119
10603,21260,213,184,120
10604,21262,215,184,119
10605,21264,220,183,121
10606,21266,241,183,118
10607,21268,243,184,117
10608,21270,226,183,117
10609,21272,201,184,116
10610,21274,202,184,116
10611,21276,226,184,117
10612,21278,218,182,117
10613,21280,222,185,116
10614,21282,212,184,117
10615,21284,219,185,117
10616,21286,240,184,117
10617,21288,221,185,118
10618,21290,214,184,117
10619,21292,205,184,116
10620,21294,206,185,118
10621,21296,224,184,117
10622,21298,216,184,119
10623,21300,222,184,117
10624,21302,217,184,116
10625,21304,221,184,116
10626,21306,233,185,118
10627,21308,225,184,118
10628,21310,217,184,118
10629,21312,207,184,118
10630,21314,213,184,120
10631,21316,225,184,119
10632,21318,220,184,119
10633,21320,221,185,119
10634,21322,219,183,118
10635,21324,215,184,119
10636,21326,231,184,118
10637,21328,217,184,120
10638,21330,215,183,119
10639,21332,210,184,118
10640,21334,217,182,119
10641,21336,219,184,118
10642,21338,218,183,117
10643,21340,221,183,117
10644,21342,218,183,119
10645,21344,212,183,117
10646,21346,227,183,118
10647,21348,212,183,117
10648,21350,214,182,117
10649,21352,208,183,116
10650,21354,214,182,118
10651,21356,221,183,117
10652,21358,214,183,116
10653,21360,222,182,113
10654,21362,212,182,115
10655,21364,218,182,115
10656,21366,227,182,116
10657,21368,215,183,115
10658,21370,208,181,114
10659,21372,207,181,114
10660,21374,206,181,115
10661,21376,223,182,113
10662,21378,220,181,113
10663,21380,217,182,113
10664,21382,212,182,113
10665,21384,214,182,111
10666,21386,227,182,114
10667,21388,218,181,113
10668,21390,214,181,113
10669,21392,204,181,113
10670,21394,209,181,113
10671,21396,222,182,113
10672,21398,218,181,113
10673,21400,219,182,111
10674,21402,215,181,114
10675,21404,213,182,113
10676,21406,225,182,114
10677,21408,219,182,114
10678,21410,212,181,114
10679,21412,207,181,113
10680,21414,210,181,114
10681,21416,225,181,114
10682,21418,215,181,115
10683,21420,217,181,114
10684,21422,218,181,115
10685,21424,213,181,114
10686,21426,223,181,116
10687,21428,214,181,115
10688,21430,209,181,114
10689,21432,205,181,113
10690,21434,211,181,114
10691,21436,219,181,114
10692,21438,215,181,114
10693,21440,217,181,114
10694,21442,216,181,114
10695,21444,213,181,113
10696,21446,220,181,114
10697,21448,218,181,113
10698,21450,208,181,112
10699,21452,210,181,112
10700,21454,213,181,112
10701,21456,220,181,110
10702,21458,211,181,111
10703,21460,221,181,111
10704,21462,214,181,112
10705,21464,218,181,110
10706,21466,224,181,110
10707,21468,219,181,110
10708,21470,213,181,111
10709,21472,211,181,109
10710,21474,210,181,110
10711,21476,220,181,111
10712,21478,219,181,110
10713,21480,220,181,110
10714,21482,212,181,110
10715,21484,215,181,109
10716,21486,222,181,110
10717,21488,214,181,109
10718,21490,212,181,110
10719,21492,209,181,111
10720,21494,211,180,111
10721,21496,219,181,108
10722,21498,217,181,109
10723,21500,215,181,109
10724,21502,215,181,109
10725,21504,215,181,110
10726,21506,220,181,107
10727,21508,215,182,107
10728,21510,213,181,108
10729,21512,207,181,107
10730,21514,210,181,107
10731,21516,219,181,108
10732,21518,218,181,108
10733,21520,213,181,108
10734,21522,218,181,108
10735,21524,218,181,109
10736,21526,221,181,108
10737,21528,223,180,107
10738,21530,210,181,107
10739,21532,218,181,105
10740,21534,217,181,106
10741,21536,219,181,103
10742,21538,216,180,106
10743,21540,218,181,105
10744,21542,215,181,105
10745,21544,219,180,105
10746,21546,220,180,107
10747,21548,224,180,107
10748,21550,221,180,105
10749,21552,213,181,105
10750,21554,213,180,105
10751,21556,218,180,105
10752,21558,217,180,105
10753,21560,214,180,107
10754,21562,216,179,106
10755,21564,212,180,107
10756,21566,221,180,107
10757,21568,216,181,105
10758,21570,222,182,106
10759,21572,210,180,105
10760,21574,211,180,105
10761,21576,217,180,105
10762,21578,219,179,105
10763,21580,213,179,105
10764,21582,215,179,104
10765,21584,212,179,103
10766,21586,221,179,105
10767,21588,216,178,105
10768,21590,213,177,106
10769,21592,213,179,106
10770,21594,210,178,106
10771,21596,216,177,107
10772,21598,220,177,106
10773,21600,215,177,105
10774,21602,214,177,106
10775,21604,214,177,106
10776,21606,218,177,107
10777,21608,214,178,107
10778,21610,213,178,107
10779,21612,211,177,107
10780,21614,211,175,107
10781,21616,211,177,109
10782,21618,217,176,108
10783,21620,211,177,108
10784,21622,218,176,108
10785,21624,209,176,109
10786,21626,220,176,108
10787,21628,215,177,108
10788,21630,217,176,109
10789,21632,216,176,108
10790,21634,212,176,106
10791,21636,222,175,107
10792,21638,213,175,109
10793,21640,215,176,106
10794,21642,216,176,106
10795,21644,213,176,108
10796,21646,218,176,108
10797,21648,216,176,107
10798,21650,219,175,108
10799,21652,210,175,107
10800,21654,211,175,108
10801,21656,214,176,107
10802,21658,215,176,108
10803,21660,213,176,107
10804,21662,215,175,107
10805,21664,213,176,107
10806,21666,217,175,108
10807,21668,221,175,108
10808,21670,218,175,107
10809,21672,208,176,107
10810,21674,213,176,108
10811,21676,215,176,107
10812,21678,214,175,106
10813,21680,215,176,106
10814,21682,214,175,106
10815,21684,212,176,106
10816,21686,220,175,105
10817,21688,216,175,105
10818,21690,219,175,107
10819,21692,212,176,106
10820,21694,212,175,107
10821,21696,212,176,106
10822,21698,218,176,105
10823,21700,213,176,106
10824,21702,216,175,105
10825,21704,216,176,106
10826,21706,221,176,105
10827,21708,217,175,105
10828,21710,215,176,105
10829,21712,212,175,104
10830,21714,208,175,105
10831,21716,212,175,105
10832,21718,213,175,105
10833,21720,215,175,104
10834,21722,214,175,104
10835,21724,221,176,104
10836,21726,219,175,105
10837,21728,216,175,105
10838,21730,215,175,105
10839,21732,211,175,106
10840,21734,211,175,105
10841,21736,213,175,103
10842,21738,214,174,104
10843,21740,208,173,107
10844,21742,215,173,105
10845,21744,218,173,105
10846,21746,218,173,105
10847,21748,218,173,105
10848,21750,216,171,105
10849,21752,212,174,106
10850,21754,211,173,105
10851,21756,215,173,104
10852,21758,215,172,104
10853,21760,216,173,104
10854,21762,216,172,105
10855,21764,219,173,103
10856,21766,220,172,104
10857,21768,219,173,105
10858,21770,214,173,104
10859,21772,213,172,104
10860,21774,213,173,105
10861,21776,217,172,103
10862,21778,217,172,105
10863,21780,217,172,103
10864,21782,215,172,102
10865,21784,217,171,102
10866,21786,218,171,102
10867,21788,220,172,102
10868,21790,213,171,103
10869,21792,213,171,102
10870,21794,212,171,103
10871,21796,213,170,102
10872,21798,215,171,110
10873,21800,213,171,109
10874,21802,217,170,114
10875,21804,218,171,115
10876,21806,216,170,116
10877,21808,218,171,115
10878,21810,216,171,115
10879,21812,217,171,115
10880,21814,215,170,117
10881,21816,214,171,117
10882,21818,217,169,116
10883,21820,215,169,110
10884,21822,216,169,113
10885,21824,218,169,110
10886,21826,218,169,114
10887,21828,218,169,111
10888,21830,215,169,110
10889,21832,214,169,112
10890,21834,216,169,111
10891,21836,215,169,111
10892,21838,220,169,111
10893,21840,214,171,112
10894,21842,216,169,111
10895,21844,218,168,111
10896,21846,224,169,112
10897,21848,218,169,111
10898,21850,215,166,111
10899,21852,214,166,109
10900,21854,210,166,112
10901,21856,214,166,109
10902,21858,216,165,109
10903,21860,209,165,108
10904,21862,214,165,107
10905,21864,217,164,106
10906,21866,218,166,107
10907,21868,219,165,107
10908,21870,212,165,107
10909,21872,215,165,107
10910,21874,210,165,110
10911,21876,214,165,109
10912,21878,210,165,108
10913,21880,219,164,110
10914,21882,216,165,108
10915,21884,216,165,107
10916,21886,217,166,109
10917,21888,218,164,108
10918,21890,215,165,114
10919,21892,214,165,108
10920,21894,211,165,102
10921,21896,215,165,102
10922,21898,216,164,102
10923,21900,215,164,101
10924,21902,214,164,102
10925,21904,207,163,101
10926,21906,211,163,102
10927,21908,213,163,101
10928,21910,206,161,102
10929,21912,211,163,102
10930,21914,207,165,102
10931,21916,209,162,102
10932,21918,207,162,101
10933,21920,209,162,101
10934,21922,207,161,101
10935,21924,206,161,101
10936,21926,211,160,104
10937,21928,209,161,105
10938,21930,209,161,105
10939,21932,212,161,106
10940,21934,212,161,106
10941,21936,212,161,105
10942,21938,215,160,106
10943,21940,213,161,106
10944,21942,213,160,108
10945,21944,212,160,107
10946,21946,219,160,108
10947,21948,213,160,107
10948,21950,212,160,107
10949,21952,206,161,106
10950,21954,208,160,106
10951,21956,210,160,105
10952,21958,213,160,105
10953,21960,208,160,105
10954,21962,210,160,106
10955,21964,211,161,105
10956,21966,213,160,104
10957,21968,207,160,104
10958,21970,210,160,104
10959,21972,208,160,104
10960,21974,205,160,103
10961,21976,207,160,103
10962,21978,208,160,105
10963,21980,211,160,103
10964,21982,209,160,104
10965,21984,213,160,105
10966,21986,211,160,105
10967,21988,207,161,105
10968,21990,208,160,105
10969,21992,207,161,104
10970,21994,209,160,104
10971,21996,210,160,103
10972,21998,203,160,105
10973,22000,212,160,105
10974,22002,216,160,105
10975,22004,210,161,105
10976,22006,218,161,104
10977,22008,213,161,105
10978,22010,208,160,105
10979,22012,207,160,105
10980,22014,211,160,105
10981,22016,210,161,104
10982,22018,210,160,105
10983,22020,214,161,104
10984,22022,215,160,104
10985,22024,209,160,103
10986,22026,214,160,104
10987,22028,207,161,104
10988,22030,214,160,106
10989,22032,210,161,106
10990,22034,210,160,104
10991,22036,207,160,104
10992,22038,215,161,106
10993,22040,212,162,106
10994,22042,214,161,105
10995,22044,209,161,105
10996,22046,223,161,107
10997,22048,214,161,105
10998,22050,205,161,106
10999,22052,205,161,105
11000,22054,205,160,104
11001,22056,203,162,103
11002,22058,221,162,105
11003,22060,209,161,105
11004,22062,214,161,105
11005,22064,215,162,105
11006,22066,237,162,107
11007,22068,225,162,105
11008,22070,211,160,105
11009,22072,199,162,106
11010,22074,192,161,104
11011,22076,192,161,105
11012,22078,209,162,106
11013,22080,207,162,107
11014,22082,212,161,106
11015,22084,215,161,103
11016,22086,233,160,108
11017,22088,237,162,107
11018,22090,205,161,108
11019,22092,204,161,107
11020,22094,185,161,106
11021,22096,195,161,106
11022,22098,213,160,106
11023,22100,203,161,107
11024,22102,213,161,107
11025,22104,207,161,109
11026,22106,228,160,108
11027,22108,230,162,110
11028,22110,222,162,108
11029,22112,203,160,109
11030,22114,186,161,111
11031,22116,196,162,108
11032,22118,204,161,108
11033,22120,217,162,109
11034,22122,215,161,109
11035,22124,200,161,109
11036,22126,228,162,109
11037,22128,235,162,108
11038,22130,210,161,109
11039,22132,207,162,108
11040,22134,191,164,110
11041,22136,199,162,107
11042,22138,213,162,111
11043,22140,208,162,110
11044,22142,222,161,108
11045,22144,202,161,106
11046,22146,231,162,107
11047,22148,244,161,106
11048,22150,205,161,110
11049,22152,212,162,108
11050,22154,191,161,104
11051,22156,190,162,106
11052,22158,213,161,107
11053,22160,211,162,105
11054,22162,216,160,106
11055,22164,209,162,104
11056,22166,228,162,104
11057,22168,233,161,105
11058,22170,211,162,107
11059,22172,216,162,103
11060,22174,187,162,105
11061,22176,198,162,105
11062,22178,210,162,107
11063,22180,205,161,104
11064,22182,211,162,105
11065,22184,203,162,105
11066,22186,233,161,106
11067,22188,243,161,104
11068,22190,210,162,105
11069,22192,206,162,104
11070,22194,189,161,108
11071,22196,201,162,106
11072,22198,211,162,106
11073,22200,191,161,104
11074,22202,194,161,106
11075,22204,189,161,106
11076,22206,215,161,108
11077,22208,210,162,105
11078,22210,207,162,106
11079,22212,193,161,104
11080,22214,156,161,105
11081,22216,188,161,105
11082,22218,194,162,106
11083,22220,193,162,105
11084,22222,187,161,105
11085,22224,186,162,106
11086,22226,212,161,105
11087,22228,205,161,105
11088,22230,192,161,105
11089,22232,186,161,106
11090,22234,161,161,105
11091,22236,184,162,106
11092,22238,183,161,106
11093,22240,189,160,105
11094,22242,194,160,106
11095,22244,187,160,105
11096,22246,209,160,107
11097,22248,210,160,105
11098,22250,187,160,107
11099,22252,184,161,106
11100,22254,161,160,107
11101,22256,171,161,108
11102,22258,185,160,110
11103,22260,188,160,109
11104,22262,187,160,110
11105,22264,179,160,110
11106,22266,212,161,110
11107,22268,204,160,110
11108,22270,189,160,110
11109,22272,185,161,112
11110,22274,169,160,113
11111,22276,167,161,111
11112,22278,171,160,110
11113,22280,185,161,111
11114,22282,178,160,110
11115,22284,188,161,115
11116,22286,211,161,116
11117,22288,212,161,114
11118,22290,186,161,112
11119,22292,183,161,111
11120,22294,170,161,109
11121,22296,169,161,111
11122,22298,179,161,112
11123,22300,189,160,111
11124,22302,188,161,112
11125,22304,188,161,111
11126,22306,213,161,111
11127,22308,202,161,112
11128,22310,188,161,116
11129,22312,192,162,113
11130,22314,164,161,112
11131,22316,177,162,113
11132,22318,187,162,114
11133,22320,182,162,115
11134,22322,185,162,111
11135,22324,193,162,113
11136,22326,217,162,114
11137,22328,204,163,114
11138,22330,187,162,113
11139,22332,182,162,113
11140,22334,162,162,113
11141,22336,171,163,113
11142,22338,178,162,113
11143,22340,178,163,112
11144,22342,185,162,115
11145,22344,191,163,113
11146,22346,211,162,113
11147,22348,218,163,113
11148,22350,189,163,113
11149,22352,188,163,113
11150,22354,159,162,112
11151,22356,175,163,112
11152,22358,176,163,113
11153,22360,182,163,112
11154,22362,189,163,112
11155,22364,187,163,112
11156,22366,212,164,114
11157,22368,211,164,112
11158,22370,197,164,113
11159,22372,185,164,114
11160,22374,161,164,112
11161,22376,170,164,113
11162,22378,185,164,113
11163,22380,185,165,113
11164,22382,185,164,115
11165,22384,182,165,114
11166,22386,211,164,115
11167,22388,213,165,114
11168,22390,196,164,113
11169,22392,183,164,113
11170,22394,166,164,112
11171,22396,174,165,113
11172,22398,186,165,114
11173,22400,189,165,114
11174,22402,184,164,114
11175,22404,203,165,113
11176,22406,218,164,114
11177,22408,213,164,114
11178,22410,191,165,113
11179,22412,186,166,112
11180,22414,162,167,113
11181,22416,168,169,114
11182,22418,191,170,114
11183,22420,188,171,116
11184,22422,177,169,112
11185,22424,195,170,115
11186,22426,206,169,114
11187,22428,211,170,113
11188,22430,194,169,114
11189,22432,196,170,116
11190,22434,168,170,116
11191,22436,173,170,116
11192,22438,189,170,116
11193,22440,189,170,113
11194,22442,188,170,115
11195,22444,189,171,117
11196,22446,197,170,115
11197,22448,200,169,115
11198,22450,193,170,115
11199,22452,200,170,117
11200,22454,171,170,113
11201,22456,182,171,114
11202,22458,198,170,116
11203,22460,194,170,117
11204,22462,213,170,115
11205,22464,223,170,114
11206,22466,214,170,116
11207,22468,232,170,116
11208,22470,213,170,114
11209,22472,209,170,115
11210,22474,190,170,117
11211,22476,201,171,115
11212,22478,209,171,113
11213,22480,207,171,115
11214,22482,220,169,114
11215,22484,210,171,113
11216,22486,219,170,115
11217,22488,236,171,115
11218,22490,218,171,114
11219,22492,202,170,117
11220,22494,186,170,117
11221,22496,194,171,118
11222,22498,207,174,118
11223,22500,204,171,119
11224,22502,206,169,115
11225,22504,216,171,119
11226,22506,214,170,118
11227,22508,232,171,117
11228,22510,221,170,121
11229,22512,209,172,120
11230,22514,192,172,113
11231,22516,196,171,113
11232,22518,213,171,110
11233,22520,210,172,114
11234,22522,208,170,113
11235,22524,203,171,114
11236,22526,214,171,112
11237,22528,220,171,112
11238,22530,213,171,109
11239,22532,209,171,112
11240,22534,187,171,113
11241,22536,192,170,113
11242,22538,212,175,115
11243,22540,196,173,112
11244,22542,206,170,114
11245,22544,203,172,114
11246,22546,215,171,115
11247,22548,230,171,114
11248,22550,205,171,113
11249,22552,209,172,114
11250,22554,181,171,114
11251,22556,187,169,113
11252,22558,207,172,113
11253,22560,201,171,115
11254,22562,208,170,114
11255,22564,207,171,113
11256,22566,210,170,113
11257,22568,239,171,114
11258,22570,217,171,114
11259,22572,215,170,114
11260,22574,178,170,115
11261,22576,195,170,113
11262,22578,218,170,113
11263,22580,206,170,114
11264,22582,214,170,115
11265,22584,215,169,111
11266,22586,212,170,114
11267,22588,233,165,113
11268,22590,220,171,114
11269,22592,208,170,114
11270,22594,182,169,115
11271,22596,196,169,113
11272,22598,207,170,117
11273,22600,204,171,113
11274,22602,214,169,114
11275,22604,203,170,118
11276,22606,219,169,115
11277,22608,231,167,114
11278,22610,212,168,115
11279,22612,207,167,114
11280,22614,179,168,115
11281,22616,194,167,113
11282,22618,204,167,113
11283,22620,212,167,114
11284,22622,213,167,114
11285,22624,206,167,115
11286,22626,208,167,114
11287,22628,229,167,115
11288,22630,212,166,114
11289,22632,206,168,113
11290,22634,189,167,113
11291,22636,196,168,113
11292,22638,209,168,116
11293,22640,219,167,112
11294,22642,208,167,112
11295,22644,208,167,112
11296,22646,217,167,112
11297,22648,231,168,109
11298,22650,220,167,108
11299,22652,204,167,109
11300,22654,187,167,107
11301,22656,202,167,109
11302,22658,204,167,107
11303,22660,215,167,108
11304,22662,205,166,109
11305,22664,208,168,109
11306,22666,208,167,107
11307,22668,225,167,108
11308,22670,221,165,110
11309,22672,208,166,109
11310,22674,181,167,107
11311,22676,203,167,108
11312,22678,207,167,107
11313,22680,217,167,107
11314,22682,206,165,108
11315,22684,207,167,106
11316,22686,209,167,108
11317,22688,231,167,106
11318,22690,218,167,107
11319,22692,200,167,107
11320,22694,183,167,108
11321,22696,204,167,108
11322,22698,219,166,108
11323,22700,219,167,107
11324,22702,204,167,107
11325,22704,209,166,106
11326,22706,210,166,107
11327,22708,234,168,108
11328,22710,225,166,109
11329,22712,206,167,107
11330,22714,186,167,108
11331,22716,203,171,107
11332,22718,206,167,107
11333,22720,218,166,106
11334,22722,215,166,106
11335,22724,210,167,106
11336,22726,210,166,106
11337,22728,231,168,103
11338,22730,211,167,106
11339,22732,198,167,106
11340,22734,196,167,105
11341,22736,195,167,108
11342,22738,201,167,107
11343,22740,216,167,107
11344,22742,211,167,106
11345,22744,206,167,106
11346,22746,207,167,107
11347,22748,230,167,106
11348,22750,213,167,106
11349,22752,202,169,106
11350,22754,193,167,108
11351,22756,194,167,106
11352,22758,205,166,106
11353,22760,213,168,105
11354,22762,213,167,107
11355,22764,213,168,106
11356,22766,198,167,107
11357,22768,231,167,108
11358,22770,209,167,107
11359,22772,213,168,106
11360,22774,188,167,106
11361,22776,192,167,106
11362,22778,210,167,105
11363,22780,207,168,108
11364,22782,203,167,107
11365,22784,205,168,107
11366,22786,201,167,107
11367,22788,233,168,106
11368,22790,214,168,108
11369,22792,205,168,106
11370,22794,194,167,106
11371,22796,195,168,107
11372,22798,211,168,108
11373,22800,207,168,107
11374,22802,206,167,108
11375,22804,202,169,106
11376,22806,192,167,107
11377,22808,229,168,106
11378,22810,212,168,107
11379,22812,216,167,106
11380,22814,181,168,107
11381,22816,194,168,107
11382,22818,211,167,108
11383,22820,206,168,107
11384,22822,210,167,107
11385,22824,203,168,107
11386,22826,200,168,108
11387,22828,235,169,107
11388,22830,217,167,106
11389,22832,201,168,105
11390,22834,186,168,107
11391,22836,197,167,107
11392,22838,212,167,107
11393,22840,212,168,107
11394,22842,208,167,106
11395,22844,203,167,107
11396,22846,202,167,107
11397,22848,232,168,107
11398,22850,219,167,110
11399,22852,208,166,106
11400,22854,185,167,106
11401,22856,195,167,107
11402,22858,217,166,108
11403,22860,209,167,106
11404,22862,218,166,106
11405,22864,207,167,106
11406,22866,210,166,107
11407,22868,236,167,107
11408,22870,204,166,107
11409,22872,209,166,106
11410,22874,184,166,107
11411,22876,198,166,105
11412,22878,210,166,106
11413,22880,210,167,106
11414,22882,206,166,107
11415,22884,210,167,104
11416,22886,214,167,105
11417,22888,231,167,106
11418,22890,217,166,106
11419,22892,206,166,105
11420,22894,185,166,106
11421,22896,193,167,106
11422,22898,211,165,107
11423,22900,206,166,103
11424,22902,215,166,107
11425,22904,206,167,105
11426,22906,207,166,105
11427,22908,233,166,108
11428,22910,227,167,107
11429,22912,211,168,106
11430,22914,180,166,106
11431,22916,195,167,105
11432,22918,217,167,105
11433,22920,205,167,106
11434,22922,204,166,105
11435,22924,214,166,104
11436,22926,209,166,106
11437,22928,234,167,107
11438,22930,225,167,107
11439,22932,209,167,105
11440,22934,188,168,103
11441,22936,199,167,105
11442,22938,211,167,106
11443,22940,203,167,106
11444,22942,210,167,105
11445,22944,202,168,106
11446,22946,206,167,106
11447,22948,230,168,107
11448,22950,225,167,105
11449,22952,215,167,106
11450,22954,187,167,107
11451,22956,197,167,105
11452,22958,204,167,106
11453,22960,201,167,105
11454,22962,210,167,107
11455,22964,208,168,105
11456,22966,204,167,106
11457,22968,237,167,105
11458,22970,223,167,108
11459,22972,214,167,106
11460,22974,188,168,107
11461,22976,193,168,106
11462,22978,212,167,106
11463,22980,206,167,104
11464,22982,208,168,106
11465,22984,196,168,108
11466,22986,206,167,107
11467,22988,236,168,106
11468,22990,221,167,105
11469,22992,210,168,106
11470,22994,186,167,106
11471,22996,188,168,106
11472,22998,205,168,106
11473,23000,209,167,106
11474,23002,203,167,106
11475,23004,216,168,104
11476,23006,205,167,104
11477,23008,233,167,107
11478,23010,227,168,106
11479,23012,208,168,105
11480,23014,193,167,105
11481,23016,190,168,106
11482,23018,208,167,105
11483,23020,200,167,105
11484,23022,198,168,105
11485,23024,220,168,106
11486,23026,212,167,105
11487,23028,231,168,105
11488,23030,225,168,106
11489,23032,210,169,107
11490,23034,192,168,108
11491,23036,198,168,106
11492,23038,206,168,108
11493,23040,193,168,108
11494,23042,199,167,106
11495,23044,211,168,106
11496,23046,212,167,107
11497,23048,237,167,109
11498,23050,227,167,107
11499,23052,208,168,107
11500,23054,188,167,107
11501,23056,191,167,105
11502,23058,211,167,107
11503,23060,212,167,105
11504,23062,207,167,105
11505,23064,212,168,107
11506,23066,210,167,106
11507,23068,231,169,106
11508,23070,243,168,106
11509,23072,208,167,106
11510,23074,192,168,107
11511,23076,194,168,105
11512,23078,205,168,108
11513,23080,212,169,108
11514,23082,209,168,108
11515,23084,217,167,106
11516,23086,202,167,107
11517,23088,237,168,108
11518,23090,221,168,107
11519,23092,208,167,106
11520,23094,192,168,108
11521,23096,192,168,107
11522,23098,206,167,104
11523,23100,221,167,106
11524,23102,205,167,106
11525,23104,216,167,107
11526,23106,213,167,107
11527,23108,230,168,106
11528,23110,225,167,107
11529,23112,213,168,107
11530,23114,193,167,107
11531,23116,189,167,106
11532,23118,210,166,108
11533,23120,206,166,107
11534,23122,195,168,106
11535,23124,209,167,107
11536,23126,212,168,108
11537,23128,229,168,106
11538,23130,224,168,108
11539,23132,214,168,109
11540,23134,182,167,108
11541,23136,188,168,108
11542,23138,212,167,108
11543,23140,205,168,109
11544,23142,201,168,109
11545,23144,215,168,110
11546,23146,210,168,111
11547,23148,227,168,108
11548,23150,227,169,110
11549,23152,216,166,110
11550,23154,186,167,109
11551,23156,201,167,107
11552,23158,206,167,108
11553,23160,202,168,112
11554,23162,209,167,109
11555,23164,209,168,108
11556,23166,211,166,111
11557,23168,234,168,111
11558,23170,223,167,110
11559,23172,209,168,110
11560,23174,189,168,111
11561,23176,192,167,107
11562,23178,200,168,112
11563,23180,204,167,111
11564,23182,211,168,111
11565,23184,209,168,111
11566,23186,212,167,111
11567,23188,238,169,110
11568,23190,220,168,111
11569,23192,204,168,111
11570,23194,179,167,110
11571,23196,189,167,110
11572,23198,205,168,110
11573,23200,203,168,111
11574,23202,214,168,111
11575,23204,202,169,112
11576,23206,208,168,114
11577,23208,239,167,112
11578,23210,213,167,113
11579,23212,205,168,113
11580,23214,190,167,110
11581,23216,186,168,111
11582,23218,198,168,112
11583,23220,213,168,111
11584,23222,219,165,113
11585,23224,214,168,112
11586,23226,207,168,108
11587,23228,238,168,110
11588,23230,213,168,111
11589,23232,212,168,111
11590,23234,184,167,108
11591,23236,187,168,111
11592,23238,208,168,112
11593,23240,208,168,110
11594,23242,214,168,111
11595,23244,203,168,111
11596,23246,205,168,111
11597,23248,237,168,112
11598,23250,222,168,112
11599,23252,220,167,113
11600,23254,192,166,113
11601,23256,186,168,112
11602,23258,209,167,112
11603,23260,202,168,110
11604,23262,211,169,113
11605,23264,208,168,112
11606,23266,207,168,111
11607,23268,232,168,112
11608,23270,231,168,112
11609,23272,214,167,111
11610,23274,189,167,112
11611,23276,194,168,111
11612,23278,211,171,112
11613,23280,208,168,112
11614,23282,207,168,112
11615,23284,213,168,111
11616,23286,206,168,111
11617,23288,239,168,111
11618,23290,224,168,111
11619,23292,208,168,111
11620,23294,189,167,113
11621,23296,203,167,110
11622,23298,211,169,112
11623,23300,220,168,109
11624,23302,215,168,109
11625,23304,200,168,111
11626,23306,205,168,109
11627,23308,236,169,111
11628,23310,227,168,110
11629,23312,202,168,110
11630,23314,190,168,108
11631,23316,194,169,109
11632,23318,203,168,110
11633,23320,212,169,111
11634,23322,204,167,110
11635,23324,201,168,110
11636,23326,212,168,113
11637,23328,232,169,111
11638,23330,220,167,113
11639,23332,210,167,111
11640,23334,191,168,112
11641,23336,196,170,111
11642,23338,206,169,112
11643,23340,221,170,113
11644,23342,208,170,113
11645,23344,204,170,114
11646,23346,206,171,113
11647,23348,233,170,114
11648,23350,229,170,115
11649,23352,225,170,112
11650,23354,200,169,114
11651,23356,191,169,112
11652,23358,215,174,113
11653,23360,216,170,112
11654,23362,208,170,113
11655,23364,209,170,111
11656,23366,208,170,112
11657,23368,233,170,112
11658,23370,225,170,113
11659,23372,208,170,114
11660,23374,193,170,117
11661,23376,195,170,116
11662,23378,218,173,116
11663,23380,217,170,119
11664,23382,204,170,120
11665,23384,210,171,120
11666,23386,217,172,121
11667,23388,237,173,123
11668,23390,230,173,127
11669,23392,204,173,128
11670,23394,194,172,129
11671,23396,205,173,127
11672,23398,214,173,130
11673,23400,212,173,125
11674,23402,204,173,125
11675,23404,216,174,124
11676,23406,206,175,123
11677,23408,235,176,127
11678,23410,226,174,129
11679,23412,209,175,126
11680,23414,193,175,126
11681,23416,196,175,124
11682,23418,209,175,127
11683,23420,210,176,127
11684,23422,211,176,133
11685,23424,207,174,131
11686,23426,209,175,132
11687,23428,235,177,132
11688,23430,224,176,133
11689,23432,214,176,135
11690,23434,200,176,134
11691,23436,192,177,132
11692,23438,210,176,132
11693,23440,212,176,134
11694,23442,212,176,132
11695,23444,202,176,135
11696,23446,205,177,134
11697,23448,235,177,134
11698,23450,218,176,133
11699,23452,212,178,133
11700,23454,198,176,132
11701,23456,189,177,132
11702,23458,214,176,131
11703,23460,220,177,133
11704,23462,211,177,131
11705,23464,210,177,131
11706,23466,205,175,130
11707,23468,242,177,131
11708,23470,223,177,133
11709,23472,212,177,131
11710,23474,189,176,131
11711,23476,188,177,131
11712,23478,212,177,133
11713,23480,211,177,132
11714,23482,209,176,130
11715,23484,210,178,132
11716,23486,200,177,132
11717,23488,236,177,132
11718,23490,225,177,133
11719,23492,211,177,133
11720,23494,184,176,133
11721,23496,186,177,132
11722,23498,217,177,132
11723,23500,208,177,133
11724,23502,211,177,135
11725,23504,216,178,134
11726,23506,201,177,135
11727,23508,239,177,134
11728,23510,218,177,135
11729,23512,218,177,136
11730,23514,190,178,135
11731,23516,192,176,134
11732,23518,218,177,137
11733,23520,216,177,134
11734,23522,215,176,134
11735,23524,217,177,135
11736,23526,202,177,138
11737,23528,244,177,136
11738,23530,225,177,137
11739,23532,212,177,134
11740,23534,188,176,133
11741,23536,193,176,133
11742,23538,212,177,133
11743,23540,203,178,131
11744,23542,213,177,129
11745,23544,200,177,129
11746,23546,195,177,130
11747,23548,237,178,130
11748,23550,219,176,129
11749,23552,216,178,130
11750,23554,202,177,130
11751,23556,184,177,129
11752,23558,199,176,129
11753,23560,202,177,131
11754,23562,221,177,130
11755,23564,201,177,132
11756,23566,204,177,132
11757,23568,241,177,133
11758,23570,220,177,133
11759,23572,220,177,132
11760,23574,197,176,131
11761,23576,196,176,133
11762,23578,218,176,131
11763,23580,209,175,133
11764,23582,210,177,132
11765,23584,210,176,132
11766,23586,207,177,133
11767,23588,240,177,133
11768,23590,225,178,133
11769,23592,224,177,133
11770,23594,195,176,132
11771,23596,187,177,132
11772,23598,216,177,130
11773,23600,213,177,131
11774,23602,213,175,132
11775,23604,214,178,132
11776,23606,218,176,132
11777,23608,247,178,132
11778,23610,232,176,131
11779,23612,220,176,131
11780,23614,193,177,131
11781,23616,193,177,132
11782,23618,212,177,133
11783,23620,205,176,132
11784,23622,213,177,131
11785,23624,216,176,133
11786,23626,223,178,133
11787,23628,241,176,132
11788,23630,236,176,133
11789,23632,222,177,131
11790,23634,196,176,132
11791,23636,200,176,131
11792,23638,219,177,131
11793,23640,213,177,131
11794,23642,218,177,132
11795,23644,211,177,131
11796,23646,209,177,132
11797,23648,247,177,134
11798,23650,237,176,134
11799,23652,228,178,133
11800,23654,196,176,133
11801,23656,195,177,133
11802,23658,208,177,133
11803,23660,214,177,135
11804,23662,210,177,134
11805,23664,219,177,134
11806,23666,211,177,134
11807,23668,241,176,134
11808,23670,234,178,134
11809,23672,215,177,134
11810,23674,197,177,134
11811,23676,196,176,135
11812,23678,216,176,135
11813,23680,213,177,133
11814,23682,214,176,135
11815,23684,210,177,135
11816,23686,228,177,138
11817,23688,241,177,133
11818,23690,230,177,136
11819,23692,224,176,134
11820,23694,200,176,134
11821,23696,196,177,135
11822,23698,218,176,135
11823,23700,210,177,134
11824,23702,210,176,135
11825,23704,214,176,133
11826,23706,220,177,134
11827,23708,248,177,134
11828,23710,235,176,134
11829,23712,224,176,133
11830,23714,200,176,135
11831,23716,191,176,134
11832,23718,214,176,133
11833,23720,214,176,134
11834,23722,213,176,134
11835,23724,215,176,136
11836,23726,222,176,135
11837,23728,244,176,135
11838,23730,235,176,136
11839,23732,219,176,136
11840,23734,190,177,138
11841,23736,188,176,136
11842,23738,216,177,137
11843,23740,216,177,137
11844,23742,213,176,137
11845,23744,213,175,134
11846,23746,210,176,138
11847,23748,243,177,137
11848,23750,232,176,137
11849,23752,217,176,135
11850,23754,201,175,134
11851,23756,192,176,135
11852,23758,215,177,137
11853,23760,218,175,136
11854,23762,222,176,136
11855,23764,220,176,135
11856,23766,215,177,137
11857,23768,249,177,136
11858,23770,236,176,137
11859,23772,211,176,135
11860,23774,199,176,137
11861,23776,191,177,135
11862,23778,207,177,136
11863,23780,222,175,135
11864,23782,213,177,136
11865,23784,211,177,136
11866,23786,206,177,136
11867,23788,243,177,135
11868,23790,222,177,137
11869,23792,234,177,135
11870,23794,201,176,136
11871,23796,187,177,133
11872,23798,211,176,135
11873,23800,214,176,136
11874,23802,212,176,137
11875,23804,216,176,135
11876,23806,219,176,135
11877,23808,245,176,134
11878,23810,230,175,136
11879,23812,224,177,135
11880,23814,209,176,134
11881,23816,194,177,136
11882,23818,221,176,134
11883,23820,217,176,136
11884,23822,210,175,136
11885,23824,219,176,135
11886,23826,222,175,134
11887,23828,250,176,136
11888,23830,230,177,135
11889,23832,227,176,135
11890,23834,199,176,134
11891,23836,194,177,136
11892,23838,220,176,136
11893,23840,206,176,134
11894,23842,213,176,135
11895,23844,219,176,135
11896,23846,225,175,136
11897,23848,242,175,137
11898,23850,234,175,135
11899,23852,226,176,136
11900,23854,201,176,135
11901,23856,202,176,135
11902,23858,223,175,135
11903,23860,210,176,137
11904,23862,221,173,135
11905,23864,220,174,134
11906,23866,216,176,135
11907,23868,250,176,136
11908,23870,233,175,136
11909,23872,226,175,135
11910,23874,194,175,136
11911,23876,203,175,139
11912,23878,221,175,136
11913,23880,218,174,137
11914,23882,219,174,135
11915,23884,212,175,135
11916,23886,221,174,137
11917,23888,252,178,136
11918,23890,230,174,135
11919,23892,216,174,135
11920,23894,210,174,136
11921,23896,201,175,135
11922,23898,216,175,136
11923,23900,215,175,134
11924,23902,212,174,136
11925,23904,211,174,135
11926,23906,217,175,137
11927,23908,243,174,135
11928,23910,229,176,134
11929,23912,214,175,135
11930,23914,193,175,134
11931,23916,198,174,135
11932,23918,215,174,135
11933,23920,210,175,135
11934,23922,217,175,134
11935,23924,209,172,134
11936,23926,229,174,136
11937,23928,239,175,134
11938,23930,225,175,135
11939,23932,222,175,137
11940,23934,201,174,134
11941,23936,197,174,133
11942,23938,221,174,136
11943,23940,217,174,134
11944,23942,215,174,135
11945,23944,217,175,134
11946,23946,213,175,136
11947,23948,245,174,136
11948,23950,231,174,137
11949,23952,214,175,135
11950,23954,204,174,135
11951,23956,189,174,135
11952,23958,219,175,135
11953,23960,209,174,136
11954,23962,213,175,135
11955,23964,208,175,136
11956,23966,199,174,134
11957,23968,244,175,136
11958,23970,233,175,135
11959,23972,218,174,137
11960,23974,190,175,136
11961,23976,193,178,135
11962,23978,199,174,137
11963,23980,211,176,136
11964,23982,215,175,136
11965,23984,221,175,136
11966,23986,211,175,135
11967,23988,248,175,137
11968,23990,235,174,137
11969,23992,212,175,136
11970,23994,193,175,135
11971,23996,202,175,137
11972,23998,220,175,135
11973,24000,218,175,136
11974,24002,225,175,136
11975,24004,216,173,136
11976,24006,208,175,136
11977,24008,246,175,139
11978,24010,227,174,136
11979,24012,218,169,136
11980,24014,199,175,134
11981,24016,201,174,134
11982,24018,213,175,138
11983,24020,216,175,135
11984,24022,215,174,135
11985,24024,216,175,133
11986,24026,213,176,133
11987,24028,241,176,132
11988,24030,233,175,133
11989,24032,218,176,135
11990,24034,204,177,135
11991,24036,196,175,135
11992,24038,218,174,132
11993,24040,219,176,136
11994,24042,222,176,134
11995,24044,216,175,134
11996,24046,220,174,135
11997,24048,247,176,135
11998,24050,251,176,135
11999,24052,216,176,134
12000,24054,202,175,132
12001,24056,206,175,132
12002,24058,211,176,136
12003,24060,219,175,134
12004,24062,221,175,135
12005,24064,218,175,136
12006,24066,223,175,134
12007,24068,239,176,132
12008,24070,245,175,135
12009,24072,218,176,134
12010,24074,200,175,134
12011,24076,200,175,132
12012,24078,221,175,134
12013,24080,211,174,133
12014,24082,214,175,134
12015,24084,217,175,134
12016,24086,214,175,133
12017,24088,239,176,135
12018,24090,236,175,134
12019,24092,213,176,133
12020,24094,196,175,133
12021,24096,198,175,133
12022,24098,218,175,131
12023,24100,216,175,133
12024,24102,212,175,132
12025,24104,218,175,132
12026,24106,219,175,132
12027,24108,244,175,131
12028,24110,252,175,133
12029,24112,218,175,132
12030,24114,201,175,133
12031,24116,207,175,132
12032,24118,218,176,133
12033,24120,220,177,134
12034,24122,223,175,133
12035,24124,217,175,131
12036,24126,208,175,134
12037,24128,246,175,134
12038,24130,240,174,131
12039,24132,212,175,133
12040,24134,198,175,133
12041,24136,189,175,133
12042,24138,213,175,133
12043,24140,219,176,133
12044,24142,215,174,132
12045,24144,213,175,133
12046,24146,210,174,132
12047,24148,248,175,133
12048,24150,236,175,133
12049,24152,237,176,133
12050,24154,201,175,133
12051,24156,186,174,132
12052,24158,209,176,133
12053,24160,211,175,134
12054,24162,215,175,131
12055,24164,218,175,132
12056,24166,225,174,132
12057,24168,245,175,132
12058,24170,236,175,131
12059,24172,221,175,132
12060,24174,196,175,134
12061,24176,195,175,132
12062,24178,219,176,132
12063,24180,222,176,130
12064,24182,234,176,132
12065,24184,221,175,134
12066,24186,221,175,131
12067,24188,249,176,133
12068,24190,228,175,133
12069,24192,234,176,130
12070,24194,211,175,132
12071,24196,189,175,133
12072,24198,227,175,133
12073,24200,203,175,133
12074,24202,212,174,132
12075,24204,223,176,133
12076,24206,222,175,132
12077,24208,240,176,134
12078,24210,237,175,134
12079,24212,230,176,131
12080,24214,190,177,133
12081,24216,196,177,131
12082,24218,225,175,132
12083,24220,216,177,133
12084,24222,220,176,133
12085,24224,215,176,133
12086,24226,217,176,134
12087,24228,256,176,130
12088,24230,243,176,134
12089,24232,231,177,131
12090,24234,189,176,133
12091,24236,199,177,132
12092,24238,220,176,132
12093,24240,213,176,132
12094,24242,219,176,133
12095,24244,216,177,131
12096,24246,223,176,131
12097,24248,250,177,132
12098,24250,236,176,132
12099,24252,223,176,130
12100,24254,194,176,133
12101,24256,199,176,131
12102,24258,218,176,131
12103,24260,221,177,133
12104,24262,222,177,133
12105,24264,214,177,132
12106,24266,219,176,134
12107,24268,248,176,131
12108,24270,238,176,133
12109,24272,222,176,133
12110,24274,201,176,133
12111,24276,196,175,133
12112,24278,210,176,132
12113,24280,215,176,134
12114,24282,225,176,134
12115,24284,207,176,131
12116,24286,222,176,132
12117,24288,249,176,131
12118,24290,240,177,130
12119,24292,238,176,133
12120,24294,200,176,132
12121,24296,197,177,132
12122,24298,219,177,134
12123,24300,220,177,135
12124,24302,217,176,134
12125,24304,218,176,134
12126,24306,224,176,133
12127,24308,249,177,135
12128,24310,242,175,133
12129,24312,225,177,134
12130,24314,199,176,133
12131,24316,200,176,134
12132,24318,221,176,134
12133,24320,217,175,133
12134,24322,216,176,135
12135,24324,218,176,134
12136,24326,222,176,132
12137,24328,248,176,132
12138,24330,244,175,131
12139,24332,224,176,134
12140,24334,199,177,133
12141,24336,206,177,132
12142,24338,205,175,133
12143,24340,215,177,135
12144,24342,206,177,133
12145,24344,212,176,134
12146,24346,222,176,133
12147,24348,248,176,132
12148,24350,242,177,133
12149,24352,216,176,133
12150,24354,200,176,132
12151,24356,206,177,131
12152,24358,213,177,132
12153,24360,222,177,131
12154,24362,211,176,132
12155,24364,216,176,133
12156,24366,226,176,131
12157,24368,251,177,132
12158,24370,245,176,131
12159,24372,219,177,129
12160,24374,202,176,130
12161,24376,195,177,131
12162,24378,213,176,129
12163,24380,216,176,129
12164,24382,212,175,129
12165,24384,217,176,128
12166,24386,225,176,130
12167,24388,249,176,129
12168,24390,244,177,129
12169,24392,220,177,129
12170,24394,197,176,127
12171,24396,191,177,126
12172,24398,213,176,127
12173,24400,226,176,126
12174,24402,217,176,124
12175,24404,216,177,127
12176,24406,225,177,127
12177,24408,246,176,122
12178,24410,251,176,125
12179,24412,233,177,121
12180,24414,190,176,121
12181,24416,189,176,120
12182,24418,205,177,119
12183,24420,215,177,124
12184,24422,212,176,122
12185,24424,213,177,122
12186,24426,221,177,121
12187,24428,246,177,124
12188,24430,239,176,123
12189,24432,228,176,125
12190,24434,198,175,125
12191,24436,194,176,124
12192,24438,216,176,126
12193,24440,215,176,126
12194,24442,217,177,125
12195,24444,219,176,125
12196,24446,219,176,127
12197,24448,240,177,126
12198,24450,244,177,125
12199,24452,218,177,125
12200,24454,197,176,123
12201,24456,186,177,122
12202,24458,210,175,124
12203,24460,215,176,122
12204,24462,214,177,122
12205,24464,225,177,120
12206,24466,211,176,120
12207,24468,245,177,118
12208,24470,238,176,118
12209,24472,219,176,116
12210,24474,201,177,117
12211,24476,195,176,115
12212,24478,212,176,117
12213,24480,209,176,117
12214,24482,209,176,117
12215,24484,213,176,116
12216,24486,215,176,117
12217,24488,246,176,118
12218,24490,235,176,120
12219,24492,231,175,117
12220,24494,201,174,118
12221,24496,189,176,117
12222,24498,213,175,118
12223,24500,214,175,117
12224,24502,219,176,117
12225,24504,219,175,118
12226,24506,212,176,118
12227,24508,237,174,115
12228,24510,237,176,118
12229,24512,222,175,116
12230,24514,199,175,117
12231,24516,201,175,115
12232,24518,198,175,118
12233,24520,212,174,116
12234,24522,209,174,115
12235,24524,209,174,117
12236,24526,217,174,117
12237,24528,244,174,118
12238,24530,237,175,117
12239,24532,217,173,117
12240,24534,196,174,117
12241,24536,183,171,115
12242,24538,215,172,118
12243,24540,216,172,117
12244,24542,208,171,116
12245,24544,217,172,118
12246,24546,217,172,117
12247,24548,243,172,116
12248,24550,234,172,117
12249,24552,221,172,117
12250,24554,196,172,116
12251,24556,191,172,116
12252,24558,208,172,117
12253,24560,214,174,116
12254,24562,217,172,116
12255,24564,218,171,116
12256,24566,221,172,116
12257,24568,245,172,115
12258,24570,241,171,115
12259,24572,215,171,116
12260,24574,190,171,115
12261,24576,196,171,112
12262,24578,202,171,117
12263,24580,209,171,114
12264,24582,218,171,115
12265,24584,218,169,115
12266,24586,226,169,114
12267,24588,241,169,113
12268,24590,235,169,112
12269,24592,217,170,112
12270,24594,210,170,113
12271,24596,192,170,113
12272,24598,196,169,113
12273,24600,215,169,111
12274,24602,215,170,112
12275,24604,213,170,112
12276,24606,205,168,112
12277,24608,243,168,114
12278,24610,234,167,112
12279,24612,219,168,112
12280,24614,194,168,112
12281,24616,194,168,112
12282,24618,196,168,111
12283,24620,207,168,112
12284,24622,215,168,111
12285,24624,215,169,112
12286,24626,208,168,112
12287,24628,228,169,111
12288,24630,236,168,109
12289,24632,219,169,110
12290,24634,196,169,109
12291,24636,189,170,111
12292,24638,188,168,110
12293,24640,201,168,110
12294,24642,215,168,112
12295,24644,212,168,109
12296,24646,226,167,111
12297,24648,237,167,110
12298,24650,236,168,110
12299,24652,213,168,110
12300,24654,197,168,110
12301,24656,192,168,110
12302,24658,201,168,111
12303,24660,218,169,110
12304,24662,218,168,110
12305,24664,215,167,109
12306,24666,216,168,109
12307,24668,232,168,109
12308,24670,243,167,109
12309,24672,220,167,110
12310,24674,192,166,108
12311,24676,194,166,107
12312,24678,196,166,109
12313,24680,215,166,107
12314,24682,223,165,108
12315,24684,216,166,108
12316,24686,208,165,110
12317,24688,237,166,109
12318,24690,235,166,110
12319,24692,221,163,108
12320,24694,192,164,109
12321,24696,196,164,108
12322,24698,196,163,109
12323,24700,217,164,108
12324,24702,215,163,108
12325,24704,207,163,109
12326,24706,210,163,107
12327,24708,239,163,104
12328,24710,233,163,108
12329,24712,213,162,105
12330,24714,198,163,105
12331,24716,193,163,102
12332,24718,185,162,103
12333,24720,210,162,102
12334,24722,209,163,104
12335,24724,213,163,100
12336,24726,208,162,104
12337,24728,231,163,105
12338,24730,234,163,107
12339,24732,209,161,103
12340,24734,189,162,105
12341,24736,201,161,103
12342,24738,189,161,110
12343,24740,209,162,109
12344,24742,209,162,103
12345,24744,208,161,106
12346,24746,212,162,106
12347,24748,231,162,105
12348,24750,224,161,103
12349,24752,213,162,107
12350,24754,194,163,106
12351,24756,189,162,107
12352,24758,191,161,103
12353,24760,213,162,105
12354,24762,208,161,104
12355,24764,212,162,107
12356,24766,210,161,106
12357,24768,227,161,104
12358,24770,231,161,109
12359,24772,214,163,110
12360,24774,195,161,108
12361,24776,190,161,109
12362,24778,191,161,106
12363,24780,213,161,110
12364,24782,203,162,109
12365,24784,214,162,109
12366,24786,208,161,107
12367,24788,233,161,109
12368,24790,233,161,109
12369,24792,210,161,108
12370,24794,200,160,109
12371,24796,189,162,109
12372,24798,196,161,110
12373,24800,209,161,111
12374,24802,208,161,112
12375,24804,209,162,111
12376,24806,199,162,112
12377,24808,234,161,113
12378,24810,226,159,110
12379,24812,208,161,111
12380,24814,199,161,111
12381,24816,186,162,111
12382,24818,195,161,113
12383,24820,209,162,112
12384,24822,205,162,113
12385,24824,211,162,111
12386,24826,203,161,114
12387,24828,232,161,113
12388,24830,228,162,111
12389,24832,206,161,113
12390,24834,199,161,114
12391,24836,184,162,113
12392,24838,199,161,113
12393,24840,213,162,112
12394,24842,202,162,112
12395,24844,211,161,112
12396,24846,204,161,115
12397,24848,237,163,116
12398,24850,232,161,117
12399,24852,208,162,110
12400,24854,200,162,111
12401,24856,181,162,111
12402,24858,194,161,111
12403,24860,215,161,112
12404,24862,201,160,111
12405,24864,210,162,110
12406,24866,217,161,113
12407,24868,231,162,114
12408,24870,238,161,115
12409,24872,217,162,115
12410,24874,212,162,113
12411,24876,177,161,113
12412,24878,194,162,114
12413,24880,200,163,114
12414,24882,203,162,114
12415,24884,208,162,115
12416,24886,206,161,117
12417,24888,237,162,114
12418,24890,220,163,114
12419,24892,219,162,114
12420,24894,203,162,114
12421,24896,175,163,114
12422,24898,187,162,115
12423,24900,213,161,116
12424,24902,206,163,117
12425,24904,209,162,116
12426,24906,216,162,117
12427,24908,221,161,115
12428,24910,236,163,116
12429,24912,221,164,116
12430,24914,205,161,118
12431,24916,178,163,116
12432,24918,200,163,118
12433,24920,208,162,117
12434,24922,216,162,116
12435,24924,214,162,117
12436,24926,208,162,118
12437,24928,233,163,115
12438,24930,238,163,118
12439,24932,220,164,115
12440,24934,200,162,118
12441,24936,186,162,116
12442,24938,189,162,117
12443,24940,203,163,118
12444,24942,208,162,116
12445,24944,207,162,117
12446,24946,205,162,116
12447,24948,234,162,115
12448,24950,227,163,116
12449,24952,210,162,118
12450,24954,213,162,118
12451,24956,186,162,115
12452,24958,190,162,115
12453,24960,206,163,114
12454,24962,207,162,116
12455,24964,214,162,116
12456,24966,214,162,116
12457,24968,231,162,116
12458,24970,231,162,118
12459,24972,217,162,115
12460,24974,200,162,114
12461,24976,183,161,114
12462,24978,191,162,118
12463,24980,208,163,115
12464,24982,210,163,117
12465,24984,211,162,114
12466,24986,217,162,114
12467,24988,234,162,115
12468,24990,226,163,116
12469,24992,218,162,114
12470,24994,207,162,114
12471,24996,183,162,114
12472,24998,193,161,115
12473,25000,204,162,115
12474,25002,199,162,114
12475,25004,204,162,113
12476,25006,213,162,114
12477,25008,236,162,114
12478,25010,233,161,112
12479,25012,211,161,112
12480,25014,197,162,112
12481,25016,185,162,112
12482,25018,191,161,111
12483,25020,200,161,111
12484,25022,201,162,113
12485,25024,206,162,113
12486,25026,208,162,112
12487,25028,229,163,113
12488,25030,237,163,112
12489,25032,215,162,111
12490,25034,202,161,113
12491,25036,188,161,113
12492,25038,191,162,111
12493,25040,203,161,112
12494,25042,202,161,113
12495,25044,207,164,113
12496,25046,204,161,113
12497,25048,232,161,103
12498,25050,230,162,103
12499,25052,213,162,103
12500,25054,209,164,104
12501,25056,186,162,102
12502,25058,190,161,102
12503,25060,207,163,102
12504,25062,207,161,103
12505,25064,203,163,103
12506,25066,208,162,104
12507,25068,227,162,102
12508,25070,236,162,103
12509,25072,199,161,101
12510,25074,206,162,103
12511,25076,185,162,103
12512,25078,185,163,103
12513,25080,211,162,103
12514,25082,199,157,103
12515,25084,207,163,103
12516,25086,215,163,103
12517,25088,226,162,102
12518,25090,227,162,105
12519,25092,207,162,104
12520,25094,212,162,103
12521,25096,186,162,103
12522,25098,187,162,103
12523,25100,207,162,104
12524,25102,193,162,104
12525,25104,204,162,105
12526,25106,211,161,105
12527,25108,232,162,102
12528,25110,226,162,104
12529,25112,216,163,107
12530,25114,208,162,103
12531,25116,185,163,104
12532,25118,195,162,105
12533,25120,211,161,104
12534,25122,201,163,105
12535,25124,212,163,103
12536,25126,211,162,105
12537,25128,229,162,102
12538,25130,234,157,103
12539,25132,216,162,104
12540,25134,199,161,104
12541,25136,178,162,104
12542,25138,191,161,104
12543,25140,210,163,106
12544,25142,190,163,104
12545,25144,216,163,103
12546,25146,214,163,103
12547,25148,234,161,104
12548,25150,232,162,104
12549,25152,213,162,103
12550,25154,202,161,102
12551,25156,181,161,102
12552,25158,190,162,103
12553,25160,210,162,103
12554,25162,210,162,102
12555,25164,205,163,104
12556,25166,208,162,103
12557,25168,229,162,102
12558,25170,232,162,102
12559,25172,210,162,102
12560,25174,206,163,103
12561,25176,182,161,102
12562,25178,191,162,102
12563,25180,198,162,103
12564,25182,202,162,104
12565,25184,203,162,106
12566,25186,189,162,102
12567,25188,224,162,102
12568,25190,224,162,103
12569,25192,207,161,103
12570,25194,206,161,102
12571,25196,170,162,102
12572,25198,190,162,103
12573,25200,210,163,103
12574,25202,206,162,103
12575,25204,204,161,103
12576,25206,199,163,103
12577,25208,236,162,104
12578,25210,226,163,105
12579,25212,224,163,102
12580,25214,211,162,102
12581,25216,168,163,104
12582,25218,174,164,102
12583,25220,216,164,101
12584,25222,216,164,101
12585,25224,203,164,102
12586,25226,198,163,102
12587,25228,234,165,102
12588,25230,231,163,102
12589,25232,215,162,102
12590,25234,203,163,104
12591,25236,183,163,102
12592,25238,173,162,102
12593,25240,195,163,105
12594,25242,213,162,102
12595,25244,211,164,102
12596,25246,195,163,102
12597,25248,231,163,100
12598,25250,237,163,103
12599,25252,209,163,102
12600,25254,196,163,101
12601,25256,188,163,104
12602,25258,199,163,102
12603,25260,195,163,100
12604,25262,212,163,100
12605,25264,203,161,102
12606,25266,215,163,104
12607,25268,234,163,101
12608,25270,222,163,103
12609,25272,211,163,101
12610,25274,197,163,102
12611,25276,187,163,101
12612,25278,194,163,103
12613,25280,205,162,104
12614,25282,210,162,102
12615,25284,210,163,101
12616,25286,206,163,101
12617,25288,231,164,103
12618,25290,231,163,102
12619,25292,209,163,103
12620,25294,210,162,103
12621,25296,185,163,100
12622,25298,193,162,102
12623,25300,207,163,103
12624,25302,213,163,102
12625,25304,203,163,102
12626,25306,202,163,104
12627,25308,233,163,104
12628,25310,236,162,102
12629,25312,203,163,105
12630,25314,207,162,100
12631,25316,189,164,102
12632,25318,185,163,102
12633,25320,207,165,103
12634,25322,210,163,103
12635,25324,209,164,104
12636,25326,216,165,105
12637,25328,223,164,103
12638,25330,224,165,103
12639,25332,208,164,106
12640,25334,201,165,104
12641,25336,192,164,102
12642,25338,190,164,104
12643,25340,205,165,104
12644,25342,205,163,103
12645,25344,217,165,103
12646,25346,213,163,103
12647,25348,229,165,104
12648,25350,233,165,105
12649,25352,207,164,103
12650,25354,199,164,104
12651,25356,182,164,102
12652,25358,191,164,103
12653,25360,203,165,103
12654,25362,210,165,106
12655,25364,205,165,104
12656,25366,202,164,104
12657,25368,219,164,104
12658,25370,235,165,105
12659,25372,207,165,102
12660,25374,201,164,102
12661,25376,188,165,103
12662,25378,190,164,103
12663,25380,207,164,101
12664,25382,204,164,103
12665,25384,202,164,102
12666,25386,206,163,102
12667,25388,205,162,101
12668,25390,229,163,103
12669,25392,209,161,103
12670,25394,202,162,104
12671,25396,190,162,104
12672,25398,195,162,103
12673,25400,206,162,102
12674,25402,214,161,103
12675,25404,212,163,103
12676,25406,199,162,105
12677,25408,209,162,105
12678,25410,229,161,103
12679,25412,209,161,102
12680,25414,202,161,104
12681,25416,175,161,102
12682,25418,195,160,103
12683,25420,209,161,104
12684,25422,216,160,104
12685,25424,207,160,101
12686,25426,204,160,102
12687,25428,207,160,102
12688,25430,224,160,104
12689,25432,200,160,103
12690,25434,203,160,103
12691,25436,187,160,102
12692,25438,196,160,103
12693,25440,206,159,102
12694,25442,208,161,104
12695,25444,212,160,106
12696,25446,200,160,103
12697,25448,210,160,102
12698,25450,216,160,103
12699,25452,205,161,103
12700,25454,209,160,104
12701,25456,188,160,103
12702,25458,204,159,103
12703,25460,207,159,103
12704,25462,213,159,102
12705,25464,212,160,103
12706,25466,207,160,103
12707,25468,209,160,102
12708,25470,217,160,103
12709,25472,200,160,103
12710,25474,210,159,104
12711,25476,181,160,101
12712,25478,209,159,103
12713,25480,209,159,103
12714,25482,210,159,102
12715,25484,210,160,101
12716,25486,199,160,106
12717,25488,209,160,102
12718,25490,220,161,103
12719,25492,206,161,102
12720,25494,196,159,102
12721,25496,192,160,101
12722,25498,207,159,103
12723,25500,213,160,103
12724,25502,208,159,103
12725,25504,208,160,103
12726,25506,214,160,104
12727,25508,203,160,103
12728,25510,215,160,104
12729,25512,199,160,103
12730,25514,216,160,105
12731,25516,199,159,105
12732,25518,208,160,103
12733,25520,212,160,104
12734,25522,208,160,102
12735,25524,208,160,102
12736,25526,207,159,103
12737,25528,214,160,104
12738,25530,212,160,103
12739,25532,198,159,105
12740,25534,202,160,104
12741,25536,178,159,102
12742,25538,184,159,103
12743,25540,188,159,103
12744,25542,190,159,103
12745,25544,183,159,102
12746,25546,184,159,103
12747,25548,190,158,102
12748,25550,188,159,103
12749,25552,185,158,101
12750,25554,183,158,102
12751,25556,175,158,102
12752,25558,182,158,102
12753,25560,186,157,100
12754,25562,181,158,102
12755,25564,190,159,102
12756,25566,188,157,102
12757,25568,188,159,103
12758,25570,184,158,104
12759,25572,186,159,103
12760,25574,187,158,106
12761,25576,178,159,105
12762,25578,185,158,103
12763,25580,186,159,103
12764,25582,182,158,102
12765,25584,195,159,103
12766,25586,189,157,103
12767,25588,186,158,102
12768,25590,188,158,101
12769,25592,182,157,101
12770,25594,186,158,103
12771,25596,177,158,103
12772,25598,190,158,103
12773,25600,193,158,101
12774,25602,180,157,103
12775,25604,185,158,105
12776,25606,188,157,100
12777,25608,194,157,102
12778,25610,194,157,102
12779,25612,183,154,101
12780,25614,181,156,102
12781,25616,171,156,102
12782,25618,185,156,100
12783,25620,183,157,100
12784,25622,187,156,102
12785,25624,181,156,101
12786,25626,189,157,101
12787,25628,195,156,101
12788,25630,192,155,101
12789,25632,181,158,102
12790,25634,188,156,100
12791,25636,181,155,102
12792,25638,185,155,101
12793,25640,179,156,104
12794,25642,181,156,100
12795,25644,189,155,101
12796,25646,184,156,104
12797,25648,184,155,99
12798,25650,192,154,101
12799,25652,185,154,102
12800,25654,184,154,102
12801,25656,173,155,99
12802,25658,180,154,102
12803,25660,190,155,104
12804,25662,189,153,101
12805,25664,182,156,103
12806,25666,187,153,100
12807,25668,189,155,100
12808,25670,198,153,102
12809,25672,184,154,101
12810,25674,183,154,102
12811,25676,172,154,102
12812,25678,180,154,100
12813,25680,186,155,100
12814,25682,186,154,103
12815,25684,180,154,102
12816,25686,194,154,102
12817,25688,188,154,102
12818,25690,191,154,102
12819,25692,190,154,101
12820,25694,185,154,102
12821,25696,171,154,102
12822,25698,181,154,101
12823,25700,193,154,102
12824,25702,186,152,103
12825,25704,183,154,103
12826,25706,187,153,102
12827,25708,186,154,101
12828,25710,197,154,101
12829,25712,187,153,101
12830,25714,185,153,101
12831,25716,171,153,102
12832,25718,180,153,101
12833,25720,186,153,102
12834,25722,187,153,102
12835,25724,187,152,100
12836,25726,190,153,101
12837,25728,181,152,101
12838,25730,199,153,101
12839,25732,189,154,100
12840,25734,181,153,100
12841,25736,173,151,101
12842,25738,182,153,102
12843,25740,186,156,100
12844,25742,186,157,100
12845,25744,187,152,100
12846,25746,191,153,101
12847,25748,189,153,100
12848,25750,201,153,101
12849,25752,185,153,100
12850,25754,176,152,100
12851,25756,171,149,100
12852,25758,175,152,100
12853,25760,185,153,102
12854,25762,188,152,101
12855,25764,187,152,101
12856,25766,192,153,100
12857,25768,191,153,100
12858,25770,208,152,101
12859,25772,192,153,100
12860,25774,186,152,102
12861,25776,168,152,101
12862,25778,175,151,102
12863,25780,189,153,102
12864,25782,186,152,102
12865,25784,183,153,102
12866,25786,177,151,101
12867,25788,185,153,101
12868,25790,208,155,100
12869,25792,189,152,101
12870,25794,183,152,101
12871,25796,169,152,100
12872,25798,173,152,101
12873,25800,195,152,100
12874,25802,181,152,102
12875,25804,183,152,101
12876,25806,186,152,101
12877,25808,187,152,101
12878,25810,206,153,100
12879,25812,191,153,101
12880,25814,190,150,101
12881,25816,162,153,101
12882,25818,175,154,102
12883,25820,192,153,100
12884,25822,190,153,100
12885,25824,197,153,101
12886,25826,189,153,102
12887,25828,181,153,100
12888,25830,209,153,101
12889,25832,194,153,100
12890,25834,187,153,102
12891,25836,164,153,101
12892,25838,179,152,101
12893,25840,186,153,100
12894,25842,180,153,102
12895,25844,203,154,100
12896,25846,188,153,102
12897,25848,179,153,100
12898,25850,212,153,102
12899,25852,190,153,101
12900,25854,179,153,102
12901,25856,161,154,101
12902,25858,172,153,101
12903,25860,184,154,101
12904,25862,185,153,102
12905,25864,187,154,102
12906,25866,179,153,101
12907,25868,181,154,102
12908,25870,210,153,102
12909,25872,190,153,101
12910,25874,184,153,102
12911,25876,168,153,100
12912,25878,176,153,101
12913,25880,188,154,101
12914,25882,181,153,101
12915,25884,198,153,100
12916,25886,184,153,100
12917,25888,187,153,100
12918,25890,204,153,99
12919,25892,191,153,100
12920,25894,187,152,101
12921,25896,175,153,100
12922,25898,175,154,100
12923,25900,188,153,101
12924,25902,191,153,101
12925,25904,188,153,102
12926,25906,191,154,102
12927,25908,191,153,100
12928,25910,200,153,99
12929,25912,190,153,101
12930,25914,184,152,100
12931,25916,167,152,101
12932,25918,181,154,102
12933,25920,186,153,100
12934,25922,196,153,101
12935,25924,190,153,101
12936,25926,183,153,102
12937,25928,188,153,101
12938,25930,200,153,102
12939,25932,188,153,101
12940,25934,179,153,101
12941,25936,167,154,102
12942,25938,197,153,101
12943,25940,202,154,101
12944,25942,210,153,101
12945,25944,203,154,100
12946,25946,204,153,98
12947,25948,203,153,100
12948,25950,229,153,101
12949,25952,217,153,100
12950,25954,207,154,101
12951,25956,185,153,100
12952,25958,201,154,99
12953,25960,205,153,103
12954,25962,219,153,100
12955,25964,214,153,102
12956,25966,207,153,101
12957,25968,201,153,102
12958,25970,233,153,101
12959,25972,220,153,101
12960,25974,206,153,101
12961,25976,197,153,102
12962,25978,200,154,100
12963,25980,209,154,102
12964,25982,211,154,102
12965,25984,209,153,102
12966,25986,206,153,105
12967,25988,209,154,101
12968,25990,234,154,102
12969,25992,218,153,101
12970,25994,202,153,101
12971,25996,196,154,102
12972,25998,187,153,101
12973,26000,205,153,104
12974,26002,230,153,101
12975,26004,206,154,103
12976,26006,205,152,101
12977,26008,206,154,101
12978,26010,220,152,101
12979,26012,209,154,102
12980,26014,199,154,101
12981,26016,194,154,101
12982,26018,192,153,101
12983,26020,207,154,102
12984,26022,206,154,99
12985,26024,212,153,99
12986,26026,210,154,101
12987,26028,207,154,101
12988,26030,226,154,102
12989,26032,215,154,102
12990,26034,207,153,103
12991,26036,184,154,101
12992,26038,192,153,101
12993,26040,214,153,99
12994,26042,200,154,103
12995,26044,203,153,101
12996,26046,207,151,102
12997,26048,202,153,103
12998,26050,236,153,99
12999,26052,211,154,103
13000,26054,211,155,102
13001,26056,188,154,103
13002,26058,194,154,101
13003,26060,210,154,103
13004,26062,212,154,101
13005,26064,211,154,103
13006,26066,211,154,101
13007,26068,199,154,102
13008,26070,236,155,102
13009,26072,225,154,102
13010,26074,198,154,102
13011,26076,191,154,101
13012,26078,203,154,100
13013,26080,207,153,101
13014,26082,209,154,101
13015,26084,206,154,101
13016,26086,208,155,102
13017,26088,196,154,102
13018,26090,242,155,102
13019,26092,215,154,103
13020,26094,207,154,105
13021,26096,193,154,102
13022,26098,191,154,101
13023,26100,208,154,100
13024,26102,204,154,101
13025,26104,214,154,101
13026,26106,206,153,100
13027,26108,201,154,102
13028,26110,231,154,101
13029,26112,211,154,102
13030,26114,213,154,102
13031,26116,191,155,102
13032,26118,182,155,102
13033,26120,211,155,102
13034,26122,217,154,103
13035,26124,207,156,101
13036,26126,201,155,100
13037,26128,198,155,102
13038,26130,233,154,100
13039,26132,202,155,102
13040,26134,206,154,102
13041,26136,189,155,104
13042,26138,181,155,102
13043,26140,211,156,100
13044,26142,198,155,102
13045,26144,209,155,102
13046,26146,204,155,103
13047,26148,200,155,103
13048,26150,233,156,102
13049,26152,217,154,102
13050,26154,210,156,102
13051,26156,183,154,102
13052,26158,189,155,102
13053,26160,206,155,104
13054,26162,211,155,103
13055,26164,206,156,103
13056,26166,211,156,103
13057,26168,211,155,101
13058,26170,235,155,101
13059,26172,224,155,103
13060,26174,210,155,103
13061,26176,185,156,104
13062,26178,193,155,103
13063,26180,213,156,105
13064,26182,200,155,103
13065,26184,206,155,104
13066,26186,213,156,100
13067,26188,194,155,103
13068,26190,236,155,105
13069,26192,218,155,104
13070,26194,214,155,101
13071,26196,196,155,104
13072,26198,196,155,103
13073,26200,210,155,103
13074,26202,204,156,104
13075,26204,212,156,104
13076,26206,196,155,103
13077,26208,205,155,103
13078,26210,239,155,104
13079,26212,230,155,104
13080,26214,218,155,101
13081,26216,178,155,105
13082,26218,193,153,101
13083,26220,206,155,102
13084,26222,205,155,106
13085,26224,202,155,104
13086,26226,210,155,106
13087,26228,208,155,104
13088,26230,233,155,104
13089,26232,219,155,105
13090,26234,203,154,104
13091,26236,183,154,106
13092,26238,183,155,105
13093,26240,203,154,103
13094,26242,207,155,105
13095,26244,202,155,105
13096,26246,199,153,105
13097,26248,208,154,106
13098,26250,216,154,106
13099,26252,230,155,106
13100,26254,210,155,105
13101,26256,197,154,106
13102,26258,187,154,104
13103,26260,200,155,105
13104,26262,199,154,103
13105,26264,202,154,104
13106,26266,200,154,103
13107,26268,212,154,103
13108,26270,232,154,106
13109,26272,232,154,106
13110,26274,217,154,103
13111,26276,191,155,101
13112,26278,186,154,104
13113,26280,205,154,104
13114,26282,215,156,104
13115,26284,208,154,103
13116,26286,222,155,105
13117,26288,218,154,103
13118,26290,235,156,104
13119,26292,225,154,104
13120,26294,205,154,103
13121,26296,181,155,103
13122,26298,184,155,102
13123,26300,206,155,103
13124,26302,205,154,103
13125,26304,209,154,105
13126,26306,215,154,104
13127,26308,206,154,105
13128,26310,238,154,102
13129,26312,222,154,105
13130,26314,211,154,103
13131,26316,185,154,106
13132,26318,185,154,103
13133,26320,208,154,104
13134,26322,208,155,104
13135,26324,206,155,104
13136,26326,204,154,102
13137,26328,205,153,104
13138,26330,236,155,105
13139,26332,225,154,104
13140,26334,213,155,103
13141,26336,200,153,105
13142,26338,189,154,102
13143,26340,197,153,104
13144,26342,211,154,104
13145,26344,211,152,104
13146,26346,202,153,103
13147,26348,204,154,104
13148,26350,238,154,104
13149,26352,219,154,103
13150,26354,209,155,104
13151,26356,192,154,105
13152,26358,184,154,105
13153,26360,204,153,103
13154,26362,214,153,104
13155,26364,197,153,105
13156,26366,209,153,105
13157,26368,205,153,105
13158,26370,237,154,105
13159,26372,224,153,103
13160,26374,214,153,104
13161,26376,193,153,104
13162,26378,183,153,104
13163,26380,208,153,102
13164,26382,203,153,104
13165,26384,203,153,106
13166,26386,211,153,104
13167,26388,209,153,104
13168,26390,232,153,104
13169,26392,226,153,104
13170,26394,210,154,105
13171,26396,186,153,104
13172,26398,192,153,103
13173,26400,211,153,106
13174,26402,206,153,104
13175,26404,204,153,106
13176,26406,217,153,104
13177,26408,209,153,105
13178,26410,237,153,106
13179,26412,226,153,105
13180,26414,208,153,104
13181,26416,189,153,104
13182,26418,192,153,104
13183,26420,214,153,103
13184,26422,203,153,104
13185,26424,211,153,104
13186,26426,213,151,102
13187,26428,204,152,103
13188,26430,236,152,103
13189,26432,223,150,103
13190,26434,220,150,106
13191,26436,195,150,103
13192,26438,193,148,103
13193,26440,207,150,104
13194,26442,210,150,102
13195,26444,212,149,104
13196,26446,208,146,104
13197,26448,211,149,104
13198,26450,239,149,104
13199,26452,224,147,104
13200,26454,213,148,104
13201,26456,190,149,104
13202,26458,188,148,103
13203,26460,217,148,103
13204,26462,219,148,105
13205,26464,215,148,104
13206,26466,209,148,104
13207,26468,213,147,103
13208,26470,238,148,104
13209,26472,220,147,103
13210,26474,211,147,103
13211,26476,196,147,103
13212,26478,188,146,102
13213,26480,206,146,103
13214,26482,207,147,101
13215,26484,217,146,103
13216,26486,204,145,103
13217,26488,204,143,103
13218,26490,235,144,104
13219,26492,221,143,101
13220,26494,214,142,102
13221,26496,186,142,104
13222,26498,185,143,104
13223,26500,207,143,103
13224,26502,212,143,103
13225,26504,212,143,103
13226,26506,210,142,104
13227,26508,208,141,103
13228,26510,240,142,105
13229,26512,228,148,101
13230,26514,214,142,103
13231,26516,189,141,104
13232,26518,192,142,102
13233,26520,217,142,104
13234,26522,210,142,102
13235,26524,206,141,105
13236,26526,200,141,103
13237,26528,215,141,102
13238,26530,236,141,103
13239,26532,231,142,101
13240,26534,210,142,102
13241,26536,188,141,104
13242,26538,181,142,103
13243,26540,200,141,103
13244,26542,195,142,103
13245,26544,213,142,101
13246,26546,207,137,102
13247,26548,205,138,102
13248,26550,231,138,101
13249,26552,211,137,101
13250,26554,210,137,103
13251,26556,187,137,102
13252,26558,188,137,101
13253,26560,209,138,101
13254,26562,207,138,101
13255,26564,212,137,102
13256,26566,202,137,101
13257,26568,214,136,101
13258,26570,241,137,103
13259,26572,216,137,101
13260,26574,208,137,102
13261,26576,184,137,102
13262,26578,191,137,100
13263,26580,213,137,102
13264,26582,202,137,102
13265,26584,206,137,101
13266,26586,206,137,101
13267,26588,201,137,101
13268,26590,233,136,103
13269,26592,225,135,102
13270,26594,207,136,102
13271,26596,187,137,101
13272,26598,188,137,101
13273,26600,210,136,99
13274,26602,208,136,101
13275,26604,210,135,101
13276,26606,203,136,100
13277,26608,206,136,102
13278,26610,229,135,101
13279,26612,215,136,103
13280,26614,206,136,101
13281,26616,177,135,99
13282,26618,190,135,98
13283,26620,210,135,100
13284,26622,211,133,99
13285,26624,214,135,101
13286,26626,213,135,100
13287,26628,208,134,99
13288,26630,230,135,101
13289,26632,226,135,101
13290,26634,217,135,100
13291,26636,197,139,100
13292,26638,185,134,100
13293,26640,210,134,100
13294,26642,214,135,101
13295,26644,208,136,101
13296,26646,211,136,101
13297,26648,202,135,100
13298,26650,238,134,101
13299,26652,225,135,100
13300,26654,206,135,101
13301,26656,193,135,99
13302,26658,188,135,100
13303,26660,203,136,99
13304,26662,212,135,100
13305,26664,212,136,101
13306,26666,209,136,99
13307,26668,206,135,100
13308,26670,233,136,100
13309,26672,225,135,98
13310,26674,207,135,100
13311,26676,194,135,100
13312,26678,185,135,99
13313,26680,204,135,100
13314,26682,214,135,99
13315,26684,222,135,100
13316,26686,213,136,98
13317,26688,200,135,103
13318,26690,232,136,101
13319,26692,218,136,100
13320,26694,208,136,99
13321,26696,189,135,99
13322,26698,186,135,97
13323,26700,211,135,100
13324,26702,215,135,100
13325,26704,209,135,100
13326,26706,208,135,99
13327,26708,208,134,99
13328,26710,236,136,99
13329,26712,223,134,98
13330,26714,208,136,97
13331,26716,195,135,100
13332,26718,185,137,101
13333,26720,195,134,99
13334,26722,185,135,100
13335,26724,189,134,99
13336,26726,183,135,99
13337,26728,180,135,101
13338,26730,214,135,100
13339,26732,205,136,99
13340,26734,185,134,100
13341,26736,170,135,102
13342,26738,165,135,99
13343,26740,195,135,100
13344,26742,187,135,101
13345,26744,187,134,101
13346,26746,187,135,101
13347,26748,186,133,100
13348,26750,212,134,99
13349,26752,205,134,101
13350,26754,194,134,100
13351,26756,176,134,100
13352,26758,174,134,99
13353,26760,192,134,100
13354,26762,196,134,100
13355,26764,192,134,100
13356,26766,188,135,101
13357,26768,181,134,100
13358,26770,213,134,100
13359,26772,201,134,100
13360,26774,190,133,100
13361,26776,173,134,101
13362,26778,177,134,100
13363,26780,194,134,98
13364,26782,184,134,101
13365,26784,193,134,100
13366,26786,186,134,100
13367,26788,184,134,100
13368,26790,208,134,100
13369,26792,204,134,101
13370,26794,195,133,100
13371,26796,174,134,101
13372,26798,177,133,99
13373,26800,186,133,100
13374,26802,185,133,99
13375,26804,186,134,100
13376,26806,185,133,99
13377,26808,183,134,100
13378,26810,216,133,99
13379,26812,197,133,100
13380,26814,195,134,99
13381,26816,177,133,100
13382,26818,167,133,100
13383,26820,192,134,101
13384,26822,184,133,99
13385,26824,196,133,99
13386,26826,189,134,100
13387,26828,190,133,98
13388,26830,217,134,99
13389,26832,201,134,100
13390,26834,192,133,97
13391,26836,176,133,97
13392,26838,166,133,99
13393,26840,194,134,100
13394,26842,186,133,99
13395,26844,191,133,99
13396,26846,190,134,99
13397,26848,185,133,100
13398,26850,209,133,97
13399,26852,208,133,97
13400,26854,201,133,97
13401,26856,168,133,98
13402,26858,162,134,99
13403,26860,193,134,99
13404,26862,187,133,98
13405,26864,202,134,99
13406,26866,186,133,98
13407,26868,184,134,98
13408,26870,217,134,99
13409,26872,210,133,99
13410,26874,195,133,98
13411,26876,173,132,99
13412,26878,167,133,99
13413,26880,190,134,98
13414,26882,185,133,96
13415,26884,185,133,98
13416,26886,188,131,99
13417,26888,189,132,99
13418,26890,222,132,99
13419,26892,210,133,99
13420,26894,191,132,98
13421,26896,167,132,99
13422,26898,170,132,98
13423,26900,192,132,98
13424,26902,182,132,97
13425,26904,184,131,98
13426,26906,184,132,98
13427,26908,183,132,98
13428,26910,215,132,98
13429,26912,201,131,99
13430,26914,186,132,97
13431,26916,171,130,98
13432,26918,168,130,98
13433,26920,186,131,96
13434,26922,187,131,98
13435,26924,184,131,98
13436,26926,181,130,97
13437,26928,194,130,95
13438,26930,213,130,99
13439,26932,208,130,99
13440,26934,192,130,98
13441,26936,170,130,99
13442,26938,177,131,99
13443,26940,183,131,99
13444,26942,182,131,98
13445,26944,179,131,98
13446,26946,189,131,99
13447,26948,193,130,100
13448,26950,210,130,98
13449,26952,202,130,98
13450,26954,195,130,98
13451,26956,176,130,101
13452,26958,163,131,99
13453,26960,186,131,98
13454,26962,180,130,100
13455,26964,181,132,99
13456,26966,187,131,99
13457,26968,193,130,101
13458,26970,220,130,99
13459,26972,231,131,100
13460,26974,212,130,99
13461,26976,188,130,99
13462,26978,189,131,99
13463,26980,208,130,99
13464,26982,197,131,99
13465,26984,195,130,99
13466,26986,209,132,98
13467,26988,204,131,97
13468,26990,234,131,99
13469,26992,236,130,98
13470,26994,201,132,98
13471,26996,185,130,99
13472,26998,188,131,99
13473,27000,205,130,98
13474,27002,202,131,97
13475,27004,207,131,98
13476,27006,209,132,97
13477,27008,207,132,100
13478,27010,239,132,100
13479,27012,226,132,99
13480,27014,209,133,101
13481,27016,192,132,100
13482,27018,191,132,100
13483,27020,200,132,100
13484,27022,201,133,100
13485,27024,205,133,99
13486,27026,207,133,100
13487,27028,210,133,100
13488,27030,238,134,101
13489,27032,227,133,101
13490,27034,214,133,97
13491,27036,192,134,102
13492,27038,190,133,97
13493,27040,208,134,101
13494,27042,206,134,99
13495,27044,206,135,101
13496,27046,215,133,99
13497,27048,213,135,101
13498,27050,238,134,102
13499,27052,227,134,101
13500,27054,207,134,100
13501,27056,196,134,103
13502,27058,192,133,99
13503,27060,216,132,98
13504,27062,213,135,101
13505,27064,202,135,100
13506,27066,210,135,99
13507,27068,220,135,98
13508,27070,242,135,100
13509,27072,241,135,99
13510,27074,223,136,99
13511,27076,201,135,99
13512,27078,193,135,98
13513,27080,211,135,98
13514,27082,218,136,100
13515,27084,209,135,99
13516,27086,214,135,98
13517,27088,212,137,93
13518,27090,242,137,101
13519,27092,241,135,101
13520,27094,223,136,99
13521,27096,198,136,102
13522,27098,197,135,100
13523,27100,222,136,100
13524,27102,215,137,101
13525,27104,203,137,102
13526,27106,221,137,100
13527,27108,218,137,100
13528,27110,247,137,101
13529,27112,239,136,104
13530,27114,220,135,100
13531,27116,197,136,97
13532,27118,189,137,99
13533,27120,211,137,98
13534,27122,207,137,98
13535,27124,222,138,99
13536,27126,219,137,99
13537,27128,208,136,98
13538,27130,249,137,97
13539,27132,238,136,98
13540,27134,218,137,100
13541,27136,199,137,100
13542,27138,193,136,96
13543,27140,216,138,100
13544,27142,211,137,99
13545,27144,213,137,100
13546,27146,217,133,100
13547,27148,214,136,99
13548,27150,242,136,99
13549,27152,234,136,99
13550,27154,220,137,100
13551,27156,202,135,100
13552,27158,190,135,99
13553,27160,217,137,100
13554,27162,211,137,99
13555,27164,222,137,99
13556,27166,214,137,99
13557,27168,219,135,99
13558,27170,250,137,101
13559,27172,240,138,100
13560,27174,218,136,101
13561,27176,200,137,100
13562,27178,195,137,101
13563,27180,216,138,100
13564,27182,220,136,101
13565,27184,213,137,101
13566,27186,216,137,100
13567,27188,207,137,101
13568,27190,242,137,101
13569,27192,231,137,99
13570,27194,221,137,101
13571,27196,192,137,101
13572,27198,194,137,100
13573,27200,217,138,100
13574,27202,210,136,101
13575,27204,225,137,102
13576,27206,217,142,101
13577,27208,214,141,101
13578,27210,247,141,101
13579,27212,235,142,102
13580,27214,216,141,101
13581,27216,210,141,101
13582,27218,198,142,100
13583,27220,221,142,100
13584,27222,217,141,101
13585,27224,222,141,101
13586,27226,219,137,100
13587,27228,212,137,100
13588,27230,245,137,100
13589,27232,236,137,100
13590,27234,220,137,101
13591,27236,201,137,100
13592,27238,193,137,101
13593,27240,220,137,102
13594,27242,216,137,101
13595,27244,220,137,101
13596,27246,217,137,101
13597,27248,211,137,100
13598,27250,242,138,102
13599,27252,240,137,101
13600,27254,211,137,104
13601,27256,207,137,101
13602,27258,199,137,103
13603,27260,216,137,101
13604,27262,221,137,99
13605,27264,224,137,102
13606,27266,216,138,102
13607,27268,215,136,101
13608,27270,247,137,102
13609,27272,240,137,102
13610,27274,220,137,101
13611,27276,202,137,101
13612,27278,211,137,102
13613,27280,222,136,101
13614,27282,220,137,102
13615,27284,229,135,101
13616,27286,221,137,102
13617,27288,214,137,102
13618,27290,239,137,101
13619,27292,230,137,102
13620,27294,218,137,103
13621,27296,201,137,102
13622,27298,193,137,103
13623,27300,217,136,105
13624,27302,216,136,102
13625,27304,209,137,101
13626,27306,213,139,101
13627,27308,220,138,103
13628,27310,239,137,102
13629,27312,234,128,101
13630,27314,220,137,102
13631,27316,200,138,102
13632,27318,195,137,102
13633,27320,209,137,101
13634,27322,213,137,101
13635,27324,216,137,105
13636,27326,219,137,102
13637,27328,218,138,100
13638,27330,239,136,102
13639,27332,238,137,101
13640,27334,211,137,101
13641,27336,201,137,100
13642,27338,203,137,99
13643,27340,217,137,103
13644,27342,215,137,102
13645,27344,220,136,103
13646,27346,223,138,103
13647,27348,218,137,102
13648,27350,240,137,103
13649,27352,242,136,103
13650,27354,223,138,104
13651,27356,201,137,104
13652,27358,201,138,105
13653,27360,211,138,102
13654,27362,219,136,101
13655,27364,207,137,104
13656,27366,215,136,104
13657,27368,215,138,104
13658,27370,248,137,103
13659,27372,243,137,102
13660,27374,208,138,103
13661,27376,198,138,101
13662,27378,199,136,103
13663,27380,216,137,101
13664,27382,222,137,101
13665,27384,213,137,101
13666,27386,218,138,101
13667,27388,214,137,101
13668,27390,246,136,103
13669,27392,244,137,101
13670,27394,227,137,99
13671,27396,205,137,101
13672,27398,196,137,102
13673,27400,218,137,101
13674,27402,225,137,102
13675,27404,210,137,101
13676,27406,215,136,99
13677,27408,215,136,101
13678,27410,239,138,106
13679,27412,241,137,102
13680,27414,225,137,101
13681,27416,197,137,102
13682,27418,196,139,101
13683,27420,201,137,102
13684,27422,215,136,101
13685,27424,219,137,101
13686,27426,221,137,101
13687,27428,219,137,102
13688,27430,249,137,104
13689,27432,237,137,102
13690,27434,237,137,102
13691,27436,206,137,101
13692,27438,195,135,101
13693,27440,211,137,101
13694,27442,219,137,102
13695,27444,219,137,103
13696,27446,227,137,101
13697,27448,214,135,101
13698,27450,245,136,101
13699,27452,242,137,102
13700,27454,222,136,101
13701,27456,207,137,102
13702,27458,195,136,101
13703,27460,209,137,102
13704,27462,219,136,101
13705,27464,219,136,102
13706,27466,226,136,102
13707,27468,215,137,102
13708,27470,251,137,103
13709,27472,243,136,103
13710,27474,235,136,102
13711,27476,203,136,102
13712,27478,193,136,101
13713,27480,202,136,101
13714,27482,209,136,103
13715,27484,218,135,101
13716,27486,220,137,101
13717,27488,210,136,101
13718,27490,249,137,102
13719,27492,231,137,102
13720,27494,221,136,101
13721,27496,199,137,102
13722,27498,192,136,103
13723,27500,201,136,102
13724,27502,214,136,101
13725,27504,220,136,101
13726,27506,217,136,102
13727,27508,203,136,102
13728,27510,238,135,102
13729,27512,225,136,102
13730,27514,211,136,102
13731,27516,194,135,102
13732,27518,183,136,102
13733,27520,184,135,102
13734,27522,201,135,101
13735,27524,197,135,102
13736,27526,199,134,101
13737,27528,203,134,102
13738,27530,227,135,101
13739,27532,216,136,102
13740,27534,208,134,100
13741,27536,181,135,101
13742,27538,164,134,101
13743,27540,181,135,101
13744,27542,191,133,100
13745,27544,184,135,100
13746,27546,204,134,101
13747,27548,188,134,100
13748,27550,212,134,100
13749,27552,210,134,101
13750,27554,198,134,100
13751,27556,174,134,102
13752,27558,167,135,99
13753,27560,179,134,100
13754,27562,189,134,101
13755,27564,186,134,100
13756,27566,194,134,100
13757,27568,198,134,102
13758,27570,221,135,100
13759,27572,215,133,99
13760,27574,201,134,98
13761,27576,184,134,100
13762,27578,174,133,100
13763,27580,173,134,100
13764,27582,200,133,101
13765,27584,196,134,100
13766,27586,193,133,100
13767,27588,194,134,101
13768,27590,215,133,100
13769,27592,209,133,101
13770,27594,195,133,101
13771,27596,184,134,101
13772,27598,173,134,100
13773,27600,182,133,99
13774,27602,201,134,100
13775,27604,204,134,101
13776,27606,210,135,101
13777,27608,207,133,100
13778,27610,237,135,101
13779,27612,235,134,101
13780,27614,212,134,100
13781,27616,203,135,100
13782,27618,192,135,99
13783,27620,191,135,100
13784,27622,215,134,101
13785,27624,204,135,102
13786,27626,207,135,101
13787,27628,218,134,101
13788,27630,243,135,100
13789,27632,233,134,100
13790,27634,217,134,101
13791,27636,204,135,101
13792,27638,188,135,100
13793,27640,211,135,102
13794,27642,201,134,102
13795,27644,203,134,104
13796,27646,209,135,105
13797,27648,224,134,103
13798,27650,248,135,103
13799,27652,231,133,102
13800,27654,221,135,103
13801,27656,193,135,102
13802,27658,188,136,103
13803,27660,207,135,102
13804,27662,200,134,106
13805,27664,201,135,105
13806,27666,203,134,106
13807,27668,216,135,102
13808,27670,226,135,102
13809,27672,231,135,101
13810,27674,215,135,101
13811,27676,202,135,101
13812,27678,175,134,103
13813,27680,210,135,103
13814,27682,210,137,102
13815,27684,211,134,102
13816,27686,211,134,101
13817,27688,216,135,102
13818,27690,234,136,102
13819,27692,232,135,101
13820,27694,207,135,104
13821,27696,199,136,101
13822,27698,191,135,101
13823,27700,199,134,101
13824,27702,202,134,102
13825,27704,208,136,103
13826,27706,214,135,102
13827,27708,207,135,103
13828,27710,224,134,102
13829,27712,233,136,101
13830,27714,215,135,102
13831,27716,196,135,103
13832,27718,190,135,103
13833,27720,189,134,100
13834,27722,208,135,101
13835,27724,213,134,104
13836,27726,210,135,102
13837,27728,205,135,103
13838,27730,233,135,102
13839,27732,242,135,104
13840,27734,209,135,103
13841,27736,208,135,103
13842,27738,193,136,103
13843,27740,194,134,103
13844,27742,209,135,95
13845,27744,209,135,95
13846,27746,204,134,100
13847,27748,200,134,100
13848,27750,235,134,102
13849,27752,222,135,101
13850,27754,211,134,102
13851,27756,210,135,102
13852,27758,187,135,102
13853,27760,198,134,102
13854,27762,210,135,104
13855,27764,221,135,103
13856,27766,206,135,105
13857,27768,216,131,102
13858,27770,237,135,103
13859,27772,233,133,102
13860,27774,209,133,102
13861,27776,208,132,103
13862,27778,192,133,103
13863,27780,201,133,102
13864,27782,212,134,102
13865,27784,209,132,102
13866,27786,212,134,104
13867,27788,205,133,101
13868,27790,215,132,99
13869,27792,211,133,100
13870,27794,194,136,102
13871,27796,187,133,101
13872,27798,171,135,97
13873,27800,185,133,100
13874,27802,183,132,101
13875,27804,190,133,103
13876,27806,206,133,102
13877,27808,193,134,100
13878,27810,214,133,104
13879,27812,211,134,102
13880,27814,195,133,102
13881,27816,193,132,103
13882,27818,174,133,102
13883,27820,190,133,102
13884,27822,199,132,102
13885,27824,205,133,102
13886,27826,208,132,101
13887,27828,197,133,100
13888,27830,222,132,101
13889,27832,214,133,101
13890,27834,201,132,101
13891,27836,207,133,102
13892,27838,190,132,101
13893,27840,187,132,102
13894,27842,204,131,102
13895,27844,200,132,100
13896,27846,211,132,101
13897,27848,200,133,101
13898,27850,226,133,99
13899,27852,216,132,100
13900,27854,202,136,99
13901,27856,194,132,98
13902,27858,185,132,102
13903,27860,186,132,99
13904,27862,202,136,100
13905,27864,202,132,99
13906,27866,201,132,100
13907,27868,185,129,99
13908,27870,222,133,100
13909,27872,214,132,100
13910,27874,200,133,100
13911,27876,190,131,100
13912,27878,171,132,98
13913,27880,184,133,99
13914,27882,203,133,100
13915,27884,206,133,99
13916,27886,203,133,99
13917,27888,196,133,91
13918,27890,226,132,97
13919,27892,212,132,98
13920,27894,207,131,97
13921,27896,195,132,98
13922,27898,175,125,98
13923,27900,187,132,98
13924,27902,208,136,100
13925,27904,210,132,98
13926,27906,200,132,98
13927,27908,187,131,97
13928,27910,214,132,99
13929,27912,213,131,98
13930,27914,186,132,99
13931,27916,189,132,99
13932,27918,175,131,99
13933,27920,190,131,97
13934,27922,196,132,97
13935,27924,202,132,97
13936,27926,213,132,98
13937,27928,185,132,97
13938,27930,212,132,95
13939,27932,200,132,99
13940,27934,193,131,96
13941,27936,181,132,98
13942,27938,157,131,95
13943,27940,178,132,96
13944,27942,185,131,99
13945,27944,187,131,97
13946,27946,187,132,97
13947,27948,173,131,98
13948,27950,204,132,98
13949,27952,202,133,97
13950,27954,191,132,98
13951,27956,188,132,99
13952,27958,176,132,99
13953,27960,176,132,97
13954,27962,192,132,98
13955,27964,197,132,99
13956,27966,193,132,100
13957,27968,195,133,97
13958,27970,210,133,99
13959,27972,207,132,98
13960,27974,187,131,98
13961,27976,185,132,98
13962,27978,166,132,98
13963,27980,173,133,99
13964,27982,198,133,99
13965,27984,214,132,98
13966,27986,207,132,98
13967,27988,206,134,99
13968,27990,233,132,99
13969,27992,230,133,100
13970,27994,210,132,99
13971,27996,206,133,98
13972,27998,191,132,98
13973,28000,193,133,99
13974,28002,216,132,100
13975,28004,213,132,99
13976,28006,213,133,99
13977,28008,218,132,99
13978,28010,227,133,100
13979,28012,231,132,99
13980,28014,210,132,99
13981,28016,203,133,98
13982,28018,196,132,99
13983,28020,196,133,98
13984,28022,210,132,99
13985,28024,213,134,99
13986,28026,214,133,97
13987,28028,215,132,101
13988,28030,226,132,99
13989,28032,230,133,99
13990,28034,214,133,100
13991,28036,206,132,99
13992,28038,188,134,99
13993,28040,195,133,99
13994,28042,202,132,99
13995,28044,213,133,99
13996,28046,215,132,99
13997,28048,206,133,96
13998,28050,225,133,99
13999,28052,239,133,101
14000,28054,200,132,99
14001,28056,206,133,98
14002,28058,184,133,98
14003,28060,198,133,99
14004,28062,206,133,100
14005,28064,203,133,98
14006,28066,211,133,99
14007,28068,210,133,99
14008,28070,233,134,100
14009,28072,234,134,100
14010,28074,212,133,99
14011,28076,208,133,99
14012,28078,186,133,99
14013,28080,192,134,99
14014,28082,214,133,98
14015,28084,211,133,99
14016,28086,215,133,99
14017,28088,202,134,99
14018,28090,230,134,100
14019,28092,232,133,99
14020,28094,209,134,100
14021,28096,213,134,96
14022,28098,182,134,98
14023,28100,199,134,99
14024,28102,211,134,99
14025,28104,212,133,100
14026,28106,216,134,97
14027,28108,211,134,100
14028,28110,236,134,99
14029,28112,236,134,100
14030,28114,215,134,101
14031,28116,214,133,99
14032,28118,178,134,99
14033,28120,192,134,100
14034,28122,210,135,101
14035,28124,207,134,100
14036,28126,212,133,100
14037,28128,209,135,101
14038,28130,233,133,99
14039,28132,227,133,100
14040,28134,217,134,100
14041,28136,211,134,100
14042,28138,178,133,101
14043,28140,198,134,100
14044,28142,206,135,100
14045,28144,207,135,100
14046,28146,215,134,99
14047,28148,208,133,100
14048,28150,234,134,100
14049,28152,233,134,99
14050,28154,218,135,100
14051,28156,208,134,100
14052,28158,179,134,100
14053,28160,202,134,100
14054,28162,207,134,101
14055,28164,199,134,100
14056,28166,216,134,100
14057,28168,208,134,100
14058,28170,233,134,100
14059,28172,232,134,100
14060,28174,217,134,100
14061,28176,208,134,100
14062,28178,185,135,100
14063,28180,197,134,99
14064,28182,200,134,97
14065,28184,215,134,100
14066,28186,210,133,101
14067,28188,209,134,99
14068,28190,227,134,99
14069,28192,230,135,101
14070,28194,211,134,99
14071,28196,203,134,100
14072,28198,168,134,99
14073,28200,176,133,99
14074,28202,189,134,99
14075,28204,189,133,99
14076,28206,189,134,92
14077,28208,192,135,99
14078,28210,222,133,99
14079,28212,215,135,101
14080,28214,201,134,100
14081,28216,196,134,101
14082,28218,172,135,99
14083,28220,177,134,97
14084,28222,191,133,99
14085,28224,194,133,98
14086,28226,192,133,101
14087,28228,195,134,98
14088,28230,218,134,97
14089,28232,214,134,101
14090,28234,196,133,99
14091,28236,196,134,100
14092,28238,164,134,99
14093,28240,174,134,99
14094,28242,188,132,97
14095,28244,186,133,99
14096,28246,181,135,97
14097,28248,197,134,99
14098,28250,207,133,97
14099,28252,216,134,97
14100,28254,196,134,97
14101,28256,188,134,99
14102,28258,165,134,97
14103,28260,176,134,97
14104,28262,184,134,96
14105,28264,178,133,97
14106,28266,186,133,100
14107,28268,192,134,96
14108,28270,195,133,97
14109,28272,212,134,95
14110,28274,196,134,98
14111,28276,188,134,95
14112,28278,175,134,96
14113,28280,175,134,95
14114,28282,183,134,97
14115,28284,189,134,97
14116,28286,182,134,97
14117,28288,183,134,96
14118,28290,195,134,95
14119,28292,203,135,96
14120,28294,195,134,96
14121,28296,200,134,97
14122,28298,166,134,97
14123,28300,173,134,96
14124,28302,183,134,99
14125,28304,181,134,97
14126,28306,183,134,94
14127,28308,182,135,98
14128,28310,188,134,97
14129,28312,206,135,95
14130,28314,194,134,96
14131,28316,181,135,96
14132,28318,169,134,89
14133,28320,173,134,95
14134,28322,190,135,95
14135,28324,188,134,97
14136,28326,187,134,97
14137,28328,190,134,98
14138,28330,199,135,98
14139,28332,212,135,97
14140,28334,208,135,88
14141,28336,196,135,88
14142,28338,162,135,89
14143,28340,173,135,88
14144,28342,188,134,88
14145,28344,187,135,89
14146,28346,197,136,89
14147,28348,192,135,89
14148,28350,190,135,88
14149,28352,210,134,89
14150,28354,192,135,89
14151,28356,186,135,89
14152,28358,163,135,90
14153,28360,174,135,90
14154,28362,190,135,90
14155,28364,194,135,88
14156,28366,186,136,90
14157,28368,199,135,91
14158,28370,198,135,93
14159,28372,218,136,91
14160,28374,201,135,90
14161,28376,201,135,90
14162,28378,175,135,89
14163,28380,186,136,91
14164,28382,193,135,89
14165,28384,189,133,90
14166,28386,196,136,90
14167,28388,204,134,90
14168,28390,200,136,90
14169,28392,221,136,86
14170,28394,203,136,90
14171,28396,206,136,91
14172,28398,191,136,89
14173,28400,199,136,96
14174,28402,202,135,89
14175,28404,200,136,93
14176,28406,211,134,89
14177,28408,205,135,89
14178,28410,213,136,90
14179,28412,228,136,91
14180,28414,208,136,89
14181,28416,195,136,91
14182,28418,188,135,88
14183,28420,192,136,88
14184,28422,206,136,87
14185,28424,204,136,91
14186,28426,202,136,90
14187,28428,206,136,92
14188,28430,211,136,90
14189,28432,234,137,90
14190,28434,209,136,90
14191,28436,205,136,89
14192,28438,187,136,87
14193,28440,194,136,89
14194,28442,210,136,93
14195,28444,206,135,91
14196,28446,211,136,90
14197,28448,211,136,90
14198,28450,212,136,91
14199,28452,233,136,91
14200,28454,212,136,90
14201,28456,212,136,90
14202,28458,186,136,88
14203,28460,195,136,89
14204,28462,214,137,89
14205,28464,209,136,90
14206,28466,210,136,90
14207,28468,210,136,90
14208,28470,208,136,89
14209,28472,227,136,91
14210,28474,211,137,90
14211,28476,211,140,90
14212,28478,187,140,90
14213,28480,195,136,91
14214,28482,207,137,91
14215,28484,205,136,90
14216,28486,214,136,88
14217,28488,210,134,91
14218,28490,203,137,92
14219,28492,229,137,90
14220,28494,207,136,90
14221,28496,203,136,91
14222,28498,179,137,89
14223,28500,199,137,90
14224,28502,213,135,92
14225,28504,212,136,91
14226,28506,220,136,91
14227,28508,199,137,90
14228,28510,205,137,90
14229,28512,234,137,90
14230,28514,222,136,90
14231,28516,210,136,89
14232,28518,184,137,89
14233,28520,205,136,89
14234,28522,207,134,90
14235,28524,215,136,91
14236,28526,213,137,90
14237,28528,194,136,91
14238,28530,214,137,91
14239,28532,231,136,91
14240,28534,215,137,90
14241,28536,204,137,90
14242,28538,191,135,90
14243,28540,196,136,90
14244,28542,205,137,91
14245,28544,213,136,90
14246,28546,206,136,90
14247,28548,202,136,90
14248,28550,213,137,91
14249,28552,228,137,91
14250,28554,210,137,90
14251,28556,204,136,90
14252,28558,187,137,90
14253,28560,199,139,90
14254,28562,205,137,90
14255,28564,213,136,90
14256,28566,206,137,90
14257,28568,211,136,90
14258,28570,213,136,89
14259,28572,231,136,91
14260,28574,215,137,91
14261,28576,206,136,90
14262,28578,192,138,90
14263,28580,201,136,90
14264,28582,212,137,90
14265,28584,211,136,89
14266,28586,203,136,89
14267,28588,211,136,89
14268,28590,207,136,90
14269,28592,230,135,90
14270,28594,214,136,90
14271,28596,204,136,89
14272,28598,184,136,90
14273,28600,201,137,89
14274,28602,204,136,89
14275,28604,219,137,89
14276,28606,209,136,89
14277,28608,206,137,90
14278,28610,199,136,91
14279,28612,226,136,89
14280,28614,215,137,90
14281,28616,204,136,89
14282,28618,190,136,88
14283,28620,196,136,89
14284,28622,205,137,89
14285,28624,209,137,90
14286,28626,206,136,86
14287,28628,203,136,87
14288,28630,183,137,87
14289,28632,214,136,85
14290,28634,196,136,86
14291,28636,182,136,89
14292,28638,166,136,88
14293,28640,183,136,87
14294,28642,190,137,88
14295,28644,199,136,87
14296,28646,193,136,87
14297,28648,189,136,88
14298,28650,185,136,86
14299,28652,209,136,86
14300,28654,197,137,87
14301,28656,186,136,88
14302,28658,170,136,86
14303,28660,184,136,87
14304,28662,188,137,86
14305,28664,195,136,87
14306,28666,183,136,85
14307,28668,174,136,84
14308,28670,187,136,85
14309,28672,211,136,83
14310,28674,191,136,85
14311,28676,194,136,84
14312,28678,176,136,82
14313,28680,178,136,82
14314,28682,188,136,84
14315,28684,189,136,83
14316,28686,188,137,84
14317,28688,193,137,82
14318,28690,191,137,83
14319,28692,210,136,84
14320,28694,195,136,84
14321,28696,185,138,84
14322,28698,178,137,84
14323,28700,179,137,83
14324,28702,198,136,83
14325,28704,197,136,84
14326,28706,184,136,84
14327,28708,187,136,84
14328,28710,190,136,85
14329,28712,208,136,83
14330,28714,200,136,85
14331,28716,183,137,84
14332,28718,173,136,85
14333,28720,183,136,85
14334,28722,193,137,84
14335,28724,203,137,85
14336,28726,214,136,84
14337,28728,201,137,86
14338,28730,199,137,85
14339,28732,232,137,87
14340,28734,220,136,83
14341,28736,204,136,85
14342,28738,191,136,81
14343,28740,196,137,82
14344,28742,204,137,83
14345,28744,202,136,84
14346,28746,213,137,85
14347,28748,209,136,85
14348,28750,202,136,85
14349,28752,234,137,85
14350,28754,226,136,84
14351,28756,209,137,85
14352,28758,190,136,84
14353,28760,197,137,85
14354,28762,211,137,86
14355,28764,205,137,86
14356,28766,210,136,83
14357,28768,208,136,85
14358,28770,204,137,87
14359,28772,238,136,87
14360,28774,217,137,86
14361,28776,214,136,87
14362,28778,184,136,85
14363,28780,193,137,87
14364,28782,204,136,85
14365,28784,212,137,85
14366,28786,207,136,86
14367,28788,207,137,86
14368,28790,203,136,84
14369,28792,230,137,85
14370,28794,226,137,85
14371,28796,216,137,86
14372,28798,183,137,85
14373,28800,192,136,86
14374,28802,210,137,87
14375,28804,207,136,85
14376,28806,205,137,86
14377,28808,201,137,88
14378,28810,209,136,84
14379,28812,234,137,87
14380,28814,219,137,86
14381,28816,213,136,86
14382,28818,183,137,87
14383,28820,190,137,86
14384,28822,213,136,84
14385,28824,200,136,86
14386,28826,207,136,88
14387,28828,225,136,85
14388,28830,205,136,85
14389,28832,229,136,86
14390,28834,222,137,87
14391,28836,208,137,86
14392,28838,188,136,84
14393,28840,200,136,86
14394,28842,211,136,85
14395,28844,206,136,86
14396,28846,207,136,86
14397,28848,209,137,86
14398,28850,201,136,87
14399,28852,212,137,86
14400,28854,207,136,86
14401,28856,185,136,86
14402,28858,168,136,85
14403,28860,175,137,86
14404,28862,187,136,88
14405,28864,184,137,89
14406,28866,198,138,87
14407,28868,189,136,86
14408,28870,186,136,86
14409,28872,208,136,85
14410,28874,204,137,86
14411,28876,193,136,87
14412,28878,174,137,87
14413,28880,177,136,85
14414,28882,181,136,85
14415,28884,188,137,85
14416,28886,191,136,86
14417,28888,188,136,85
14418,28890,191,136,85
14419,28892,205,136,84
14420,28894,199,136,85
14421,28896,190,137,85
14422,28898,167,137,83
14423,28900,173,137,83
14424,28902,183,137,84
14425,28904,191,136,81
14426,28906,179,136,83
14427,28908,188,137,84
14428,28910,186,137,84
14429,28912,209,136,83
14430,28914,193,137,84
14431,28916,193,137,84
14432,28918,167,136,83
14433,28920,173,136,83
14434,28922,187,136,84
14435,28924,187,138,83
14436,28926,193,136,83
14437,28928,190,136,82
14438,28930,187,136,81
14439,28932,206,137,84
14440,28934,198,137,83
14441,28936,203,137,83
14442,28938,169,136,81
14443,28940,169,137,81
14444,28942,191,136,80
14445,28944,178,136,83
14446,28946,183,136,83
14447,28948,191,136,83
14448,28950,182,136,81
14449,28952,213,136,82
14450,28954,199,136,82
14451,28956,186,136,81
14452,28958,174,137,81
14453,28960,176,137,81
14454,28962,189,136,80
14455,28964,193,136,79
14456,28966,186,136,79
14457,28968,195,135,78
14458,28970,195,136,80
14459,28972,213,135,80
14460,28974,212,135,80
14461,28976,192,135,80
14462,28978,186,136,79
14463,28980,184,135,80
14464,28982,191,136,81
14465,28984,196,135,81
14466,28986,190,135,81
14467,28988,200,135,81
14468,28990,193,136,80
14469,28992,217,135,81
14470,28994,214,135,81
14471,28996,184,135,81
14472,28998,173,136,80
14473,29000,184,135,80
14474,29002,189,136,81
14475,29004,191,135,80
14476,29006,187,135,79
14477,29008,188,135,81
14478,29010,191,135,80
14479,29012,214,136,80
14480,29014,206,135,81
14481,29016,204,135,81
14482,29018,176,135,80
14483,29020,172,136,82
14484,29022,188,136,80
14485,29024,188,135,80
14486,29026,189,135,82
14487,29028,196,135,80
14488,29030,193,135,81
14489,29032,210,135,79
14490,29034,206,135,80
14491,29036,193,135,81
14492,29038,175,135,81
14493,29040,169,136,80
14494,29042,189,136,81
14495,29044,181,135,81
14496,29046,192,136,81
14497,29048,189,135,80
14498,29050,184,136,81
14499,29052,203,135,81
14500,29054,200,135,79
14501,29056,193,135,80
14502,29058,168,134,81
14503,29060,172,136,81
14504,29062,194,135,80
14505,29064,183,135,79
14506,29066,184,135,81
14507,29068,190,135,82
14508,29070,183,135,81
14509,29072,216,135,82
14510,29074,199,134,77
14511,29076,184,135,79
14512,29078,177,135,77
14513,29080,176,135,78
14514,29082,190,135,79
14515,29084,191,135,78
14516,29086,190,135,78
14517,29088,190,135,79
14518,29090,191,134,78
14519,29092,215,135,78
14520,29094,199,134,79
14521,29096,185,134,78
14522,29098,172,135,79
14523,29100,167,135,78
14524,29102,192,133,80
14525,29104,181,135,80
14526,29106,186,135,79
14527,29108,193,135,79
14528,29110,183,135,79
14529,29112,211,135,79
14530,29114,195,135,80
14531,29116,182,135,81
14532,29118,171,135,81
14533,29120,164,135,82
14534,29122,186,135,82
14535,29124,184,135,82
14536,29126,188,135,81
14537,29128,187,135,82
14538,29130,181,135,80
14539,29132,210,135,82
14540,29134,187,135,81
14541,29136,187,134,83
14542,29138,168,135,84
14543,29140,173,134,85
14544,29142,191,135,83
14545,29144,191,133,83
14546,29146,190,135,84
14547,29148,183,135,83
14548,29150,192,135,84
14549,29152,206,135,86
14550,29154,205,135,85
14551,29156,192,135,85
14552,29158,178,135,84
14553,29160,179,136,86
14554,29162,195,135,86
14555,29164,198,135,85
14556,29166,197,136,85
14557,29168,187,135,85
14558,29170,193,135,85
14559,29172,212,135,85
14560,29174,212,135,84
14561,29176,208,134,85
14562,29178,187,135,85
14563,29180,199,136,84
14564,29182,208,135,84
14565,29184,205,135,85
14566,29186,209,136,86
14567,29188,209,135,85
14568,29190,198,135,85
14569,29192,223,135,84
14570,29194,213,135,86
14571,29196,206,135,85
14572,29198,196,135,85
14573,29200,203,135,85
14574,29202,210,136,84
14575,29204,206,135,84
14576,29206,216,135,84
14577,29208,210,135,84
14578,29210,210,136,84
14579,29212,233,135,84
14580,29214,216,135,84
14581,29216,190,135,84
14582,29218,171,135,85
14583,29220,190,135,83
14584,29222,197,136,86
14585,29224,198,135,84
14586,29226,197,135,85
14587,29228,191,135,85
14588,29230,195,135,85
14589,29232,208,134,84
14590,29234,196,135,85
14591,29236,184,134,85
14592,29238,184,134,84
14593,29240,186,135,85
14594,29242,190,134,85
14595,29244,197,134,85
14596,29246,188,134,85
14597,29248,186,134,85
14598,29250,197,134,84
14599,29252,215,134,86
14600,29254,196,135,86
14601,29256,194,134,85
14602,29258,183,135,85
14603,29260,188,134,84
14604,29262,195,133,86
14605,29264,207,133,84
14606,29266,195,134,83
14607,29268,203,134,83
14608,29270,199,133,83
14609,29272,215,134,83
14610,29274,203,133,83
14611,29276,195,134,83
14612,29278,187,133,83
14613,29280,186,133,84
14614,29282,199,133,82
14615,29284,195,132,82
14616,29286,195,133,83
14617,29288,188,133,84
14618,29290,193,132,81
14619,29292,210,133,82
14620,29294,200,133,81
14621,29296,190,133,81
14622,29298,173,132,80
14623,29300,183,132,80
14624,29302,203,132,80
14625,29304,195,132,81
14626,29306,191,133,80
14627,29308,199,131,79
14628,29310,192,132,79
14629,29312,213,132,80
14630,29314,208,133,79
14631,29316,196,132,79
14632,29318,191,132,79
14633,29320,186,132,80
14634,29322,198,131,80
14635,29324,201,131,79
14636,29326,197,132,80
14637,29328,202,130,81
14638,29330,188,132,80
14639,29332,219,131,80
14640,29334,202,132,79
14641,29336,194,131,80
14642,29338,188,131,78
14643,29340,189,131,81
14644,29342,198,131,78
14645,29344,199,131,79
14646,29346,207,131,79
14647,29348,200,131,80
14648,29350,188,131,79
14649,29352,215,131,80
14650,29354,200,131,78
14651,29356,196,131,79
14652,29358,187,131,78
14653,29360,180,131,80
14654,29362,198,130,79
14655,29364,197,132,81
14656,29366,193,131,79
14657,29368,199,131,80
14658,29370,195,131,80
14659,29372,221,131,80
14660,29374,203,131,79
14661,29376,197,131,80
14662,29378,186,131,79
14663,29380,182,131,79
14664,29382,205,131,77
14665,29384,199,131,80
14666,29386,199,131,79
14667,29388,197,131,81
14668,29390,199,132,80
14669,29392,218,132,80
14670,29394,201,131,80
14671,29396,198,133,79
14672,29398,180,131,81
14673,29400,182,132,79
14674,29402,209,132,79
14675,29404,197,131,79
14676,29406,195,131,79
14677,29408,198,132,81
14678,29410,193,131,82
14679,29412,214,133,81
14680,29414,210,132,81
14681,29416,196,132,80
14682,29418,177,131,80
14683,29420,180,132,79
14684,29422,198,131,80
14685,29424,191,132,80
14686,29426,198,132,81
14687,29428,196,132,79
14688,29430,188,131,79
14689,29432,217,132,80
14690,29434,202,131,81
14691,29436,187,131,80
14692,29438,172,132,80
14693,29440,177,131,80
14694,29442,197,131,80
14695,29444,205,132,80
14696,29446,193,132,81
14697,29448,198,131,80
14698,29450,196,131,79
14699,29452,219,132,80
14700,29454,212,132,79
14701,29456,196,132,80
14702,29458,178,130,80
14703,29460,178,132,79
14704,29462,197,132,79
14705,29464,186,132,80
14706,29466,198,132,79
14707,29468,192,132,78
14708,29470,197,132,80
14709,29472,222,131,79
14710,29474,202,132,80
14711,29476,206,132,80
14712,29478,183,131,80
14713,29480,179,132,78
14714,29482,196,132,78
14715,29484,204,131,78
14716,29486,200,130,77
14717,29488,203,131,80
14718,29490,204,132,79
14719,29492,224,132,79
14720,29494,209,131,78
14721,29496,210,131,77
14722,29498,177,130,77
14723,29500,178,132,76
14724,29502,198,132,77
14725,29504,189,131,77
14726,29506,195,131,79
14727,29508,195,131,76
14728,29510,203,131,77
14729,29512,224,132,79
14730,29514,208,131,78
14731,29516,204,132,79
14732,29518,176,131,78
14733,29520,182,132,78
14734,29522,199,133,78
14735,29524,189,131,77
14736,29526,192,132,78
14737,29528,195,132,78
14738,29530,204,131,77
14739,29532,219,132,78
14740,29534,214,131,77
14741,29536,203,133,77
14742,29538,167,131,77
14743,29540,171,131,76
14744,29542,192,131,78
14745,29544,183,131,78
14746,29546,188,132,79
14747,29548,185,132,78
14748,29550,189,132,78
14749,29552,214,131,77
14750,29554,204,131,76
14751,29556,188,131,74
14752,29558,167,132,73
14753,29560,172,131,73
14754,29562,197,131,73
14755,29564,183,131,73
14756,29566,194,131,73
14757,29568,186,131,73
14758,29570,180,131,73
14759,29572,214,132,74
14760,29574,205,132,73
14761,29576,196,131,73
14762,29578,170,132,74
14763,29580,166,132,74
14764,29582,186,132,75
14765,29584,191,132,76
14766,29586,197,133,77
14767,29588,189,132,75
14768,29590,187,133,76
14769,29592,216,134,77
14770,29594,200,133,77
14771,29596,191,133,77
14772,29598,172,133,76
14773,29600,165,133,77
14774,29602,183,134,77
14775,29604,188,134,74
14776,29606,185,134,77
14777,29608,185,134,79
14778,29610,191,134,79
14779,29612,212,134,79
14780,29614,207,134,78
14781,29616,194,135,78
14782,29618,176,134,81
14783,29620,169,134,78
14784,29622,191,134,79
14785,29624,188,134,78
14786,29626,187,134,78
14787,29628,194,135,78
14788,29630,191,134,77
14789,29632,211,134,77
14790,29634,199,134,77
14791,29636,197,134,78
14792,29638,168,134,78
14793,29640,170,136,78
14794,29642,188,134,77
14795,29644,186,134,79
14796,29646,189,135,78
14797,29648,189,134,79
14798,29650,195,135,80
14799,29652,219,135,80
14800,29654,209,135,79
14801,29656,199,134,79
14802,29658,182,135,77
14803,29660,171,135,78
14804,29662,193,135,76
14805,29664,184,135,79
14806,29666,198,135,78
14807,29668,204,135,80
14808,29670,209,135,79
14809,29672,243,135,78
14810,29674,236,135,79
14811,29676,213,135,80
14812,29678,197,135,78
14813,29680,191,135,80
14814,29682,209,136,79
14815,29684,210,135,80
14816,29686,215,135,80
14817,29688,202,135,79
14818,29690,211,135,78
14819,29692,245,135,79
14820,29694,232,135,78
14821,29696,223,136,79
14822,29698,202,134,80
14823,29700,189,135,78
14824,29702,212,135,79
14825,29704,213,135,81
14826,29706,212,135,79
14827,29708,207,134,79
14828,29710,201,135,80
14829,29712,246,135,78
14830,29714,224,135,80
14831,29716,207,135,80
14832,29718,199,136,80
14833,29720,192,135,80
14834,29722,216,136,80
14835,29724,203,135,80
14836,29726,211,136,78
14837,29728,213,136,81
14838,29730,215,135,81
14839,29732,238,135,82
14840,29734,230,135,79
14841,29736,204,135,79
14842,29738,196,136,79
14843,29740,191,136,79
14844,29742,216,136,79
14845,29744,223,136,80
14846,29746,209,136,79
14847,29748,213,136,79
14848,29750,217,136,80
14849,29752,238,136,79
14850,29754,236,136,79
14851,29756,209,136,80
14852,29758,195,136,79
14853,29760,193,136,79
14854,29762,213,136,80
14855,29764,212,136,80
14856,29766,214,136,80
14857,29768,214,136,79
14858,29770,216,136,81
14859,29772,242,137,80
14860,29774,220,136,81
14861,29776,219,136,79
14862,29778,199,136,79
14863,29780,200,136,79
14864,29782,219,135,79
14865,29784,205,137,80
14866,29786,215,136,80
14867,29788,215,136,81
14868,29790,214,136,80
14869,29792,243,136,80
14870,29794,229,136,80
14871,29796,188,136,81
14872,29798,186,136,80
14873,29800,181,136,79
14874,29802,198,137,80
14875,29804,197,136,81
14876,29806,206,137,80
14877,29808,193,136,80
14878,29810,196,136,80
14879,29812,225,136,79
14880,29814,213,137,80
14881,29816,196,136,80
14882,29818,184,137,81
14883,29820,180,136,81
14884,29822,203,136,80
14885,29824,201,137,81
14886,29826,202,136,81
14887,29828,201,136,80
14888,29830,199,137,79
14889,29832,222,137,80
14890,29834,208,137,81
14891,29836,201,137,79
14892,29838,188,137,79
14893,29840,176,136,79
14894,29842,198,137,80
14895,29844,197,137,79
14896,29846,201,137,81
14897,29848,204,136,80
14898,29850,198,136,81
14899,29852,220,137,80
14900,29854,212,136,80
14901,29856,202,137,82
14902,29858,187,136,79
14903,29860,177,137,80
14904,29862,202,137,81
14905,29864,202,136,81
14906,29866,203,137,81
14907,29868,189,137,81
14908,29870,200,137,81
14909,29872,223,137,80
14910,29874,215,136,81
14911,29876,200,137,79
14912,29878,180,137,80
14913,29880,182,136,80
14914,29882,207,137,81
14915,29884,195,137,81
14916,29886,202,137,80
14917,29888,197,137,80
14918,29890,202,136,80
14919,29892,221,138,81
14920,29894,209,137,80
14921,29896,202,137,81
14922,29898,181,137,80
14923,29900,189,137,80
14924,29902,195,136,80
14925,29904,198,136,81
14926,29906,197,136,79
14927,29908,193,138,80
14928,29910,193,137,80
14929,29912,227,136,80
14930,29914,218,137,81
14931,29916,204,137,81
14932,29918,186,136,81
14933,29920,187,136,80
14934,29922,194,137,80
14935,29924,197,137,81
14936,29926,199,137,80
14937,29928,200,136,81
14938,29930,194,138,81
14939,29932,218,136,79
14940,29934,218,136,82
14941,29936,196,137,80
14942,29938,178,138,79
14943,29940,190,136,78
14944,29942,203,137,80
14945,29944,198,137,80
14946,29946,194,137,80
14947,29948,201,137,78
14948,29950,203,137,78
14949,29952,233,138,81
14950,29954,226,137,80
14951,29956,210,137,81
14952,29958,189,138,80
14953,29960,198,135,80
14954,29962,202,137,81
14955,29964,208,137,81
14956,29966,203,138,80
14957,29968,206,137,82
14958,29970,209,137,81
14959,29972,235,138,81
14960,29974,236,137,80
14961,29976,216,137,82
14962,29978,199,138,80
14963,29980,194,137,81
14964,29982,217,136,80
14965,29984,217,137,81
14966,29986,217,137,82
14967,29988,217,137,82
14968,29990,220,137,82
14969,29992,236,135,80
14970,29994,223,136,82
14971,29996,209,137,80
14972,29998,194,137,81
14973,30000,197,138,81
14974,30002,207,137,81
14975,30004,210,137,81
14976,30006,208,137,81
14977,30008,210,138,80
14978,30010,195,137,81
14979,30012,223,137,82
14980,30014,218,136,81
14981,30016,198,137,82
14982,30018,184,137,80
14983,30020,177,137,79
14984,30022,198,137,80
14985,30024,197,136,80
14986,30026,203,137,81
14987,30028,200,137,80
14988,30030,203,138,81
14989,30032,227,137,79
14990,30034,224,137,79
14991,30036,200,137,79
14992,30038,182,137,79
14993,30040,180,137,79
14994,30042,183,136,79
14995,30044,204,135,80
14996,30046,203,136,80
14997,30048,201,136,79
14998,30050,192,136,80
14999,30052,228,137,80
15000,30054,215,136,80
15001,30056,198,138,79
15002,30058,186,136,79
15003,30060,172,136,81
15004,30062,200,136,81
15005,30064,198,135,80
15006,30066,203,137,77
15007,30068,185,137,80
15008,30070,194,136,81
15009,30072,221,136,81
15010,30074,219,136,80
15011,30076,206,137,81
15012,30078,177,136,80
15013,30080,169,137,81
15014,30082,199,137,79
15015,30084,201,137,81
15016,30086,199,137,80
15017,30088,200,137,80
15018,30090,193,137,79
15019,30092,221,136,81
15020,30094,213,136,80
15021,30096,203,138,80
15022,30098,187,137,80
15023,30100,176,136,78
15024,30102,201,137,78
15025,30104,198,135,80
15026,30106,192,136,80
15027,30108,200,136,80
15028,30110,191,137,77
15029,30112,223,136,80
15030,30114,214,137,80
15031,30116,209,137,81
15032,30118,182,137,80
15033,30120,178,137,80
15034,30122,199,136,81
15035,30124,193,136,80
15036,30126,194,137,80
15037,30128,212,136,79
15038,30130,199,136,80
15039,30132,215,136,79
15040,30134,214,137,80
15041,30136,206,136,80
15042,30138,196,137,80
15043,30140,176,137,79
15044,30142,200,137,81
15045,30144,202,137,80
15046,30146,199,137,80
15047,30148,198,137,80
15048,30150,199,137,81
15049,30152,228,137,81
15050,30154,217,137,79
15051,30156,201,136,80
15052,30158,183,137,80
15053,30160,179,137,81
15054,30162,199,137,81
15055,30164,196,136,79
15056,30166,207,137,80
15057,30168,196,137,81
15058,30170,201,137,81
15059,30172,233,137,81
15060,30174,215,135,81
15061,30176,206,136,80
15062,30178,182,138,81
15063,30180,171,137,82
15064,30182,196,137,79
15065,30184,197,137,82
15066,30186,192,137,80
15067,30188,188,137,82
15068,30190,194,137,80
15069,30192,223,137,79
15070,30194,222,137,81
15071,30196,206,138,79
15072,30198,183,137,79
15073,30200,177,136,78
15074,30202,194,138,79
15075,30204,195,136,77
15076,30206,191,137,82
15077,30208,198,137,80
15078,30210,205,136,81
15079,30212,224,137,81
15080,30214,221,137,82
15081,30216,207,137,81
15082,30218,187,137,83
15083,30220,178,137,80
15084,30222,197,136,82
15085,30224,195,136,79
15086,30226,188,137,81
15087,30228,198,137,81
15088,30230,204,137,81
15089,30232,221,138,80
15090,30234,217,138,81
15091,30236,201,136,81
15092,30238,194,137,80
15093,30240,171,137,80
15094,30242,188,137,81
15095,30244,194,138,81
15096,30246,192,138,81
15097,30248,209,138,78
15098,30250,195,138,80
15099,30252,222,137,80
15100,30254,229,137,81
15101,30256,215,137,80
15102,30258,193,138,80
15103,30260,189,138,81
15104,30262,201,137,79
15105,30264,207,138,81
15106,30266,217,138,81
15107,30268,208,137,81
15108,30270,228,137,81
15109,30272,234,137,85
15110,30274,233,137,81
15111,30276,214,138,80
15112,30278,199,138,81
15113,30280,196,137,80
15114,30282,199,138,81
15115,30284,205,137,79
15116,30286,203,138,81
15117,30288,212,138,80
15118,30290,219,137,80
15119,30292,239,139,81
15120,30294,233,137,79
15121,30296,216,138,80
15122,30298,193,137,80
15123,30300,179,137,79
15124,30302,194,137,79
15125,30304,212,137,79
15126,30306,213,138,79
15127,30308,211,138,80
15128,30310,221,137,81
15129,30312,239,138,80
15130,30314,234,137,80
15131,30316,217,137,80
15132,30318,195,137,79
15133,30320,183,137,79
15134,30322,193,137,79
15135,30324,215,137,81
15136,30326,209,137,80
15137,30328,206,137,79
15138,30330,219,137,80
15139,30332,236,137,80
15140,30334,234,137,80
15141,30336,219,137,81
15142,30338,197,137,80
15143,30340,187,137,78
15144,30342,194,137,79
15145,30344,212,137,81
15146,30346,208,138,80
15147,30348,208,138,80
15148,30350,202,137,80
15149,30352,229,137,80
15150,30354,229,137,81
15151,30356,207,137,80
15152,30358,191,137,80
15153,30360,185,138,80
15154,30362,187,138,80
15155,30364,208,138,80
15156,30366,210,137,81
15157,30368,209,137,84
15158,30370,206,137,80
15159,30372,231,137,80
15160,30374,231,138,81
15161,30376,204,138,79
15162,30378,195,137,80
15163,30380,178,137,80
15164,30382,190,137,81
15165,30384,206,137,81
15166,30386,216,136,81
15167,30388,217,137,79
15168,30390,212,138,80
15169,30392,235,137,80
15170,30394,232,137,80
15171,30396,211,137,78
15172,30398,201,138,79
15173,30400,185,137,79
15174,30402,192,138,79
15175,30404,216,137,78
15176,30406,214,137,80
15177,30408,216,138,78
15178,30410,209,137,81
15179,30412,249,141,81
15180,30414,230,141,80
15181,30416,208,140,83
15182,30418,201,141,80
15183,30420,183,140,80
15184,30422,195,140,80
15185,30424,214,142,83
15186,30426,212,140,80
15187,30428,214,141,79
15188,30430,208,141,82
15189,30432,227,140,80
15190,30434,230,141,81
15191,30436,229,140,78
15192,30438,203,141,79
15193,30440,176,140,84
15194,30442,200,141,85
15195,30444,213,141,81
15196,30446,214,145,82
15197,30448,220,145,82
15198,30450,214,145,79
15199,30452,243,145,79
15200,30454,235,145,83
15201,30456,210,146,83
15202,30458,201,146,80
15203,30460,184,145,82
15204,30462,202,145,84
15205,30464,223,146,87
15206,30466,210,145,83
15207,30468,220,146,83
15208,30470,207,146,83
15209,30472,238,146,87
15210,30474,238,146,82
15211,30476,211,145,84
15212,30478,198,148,82
15213,30480,189,149,86
15214,30482,196,148,84
15215,30484,212,150,85
15216,30486,212,151,84
15217,30488,217,150,91
15218,30490,211,148,94
15219,30492,239,150,92
15220,30494,237,151,94
15221,30496,211,154,93
15222,30498,203,150,92
15223,30500,195,149,93
15224,30502,199,150,92
15225,30504,215,150,91
15226,30506,219,148,93
15227,30508,222,148,93
15228,30510,211,150,93
15229,30512,246,150,93
15230,30514,241,150,95
15231,30516,218,151,93
15232,30518,199,151,94
15233,30520,203,151,94
15234,30522,204,150,97
15235,30524,219,152,94
15236,30526,223,151,96
15237,30528,222,151,92
15238,30530,217,151,91
15239,30532,248,150,92
15240,30534,233,152,93
15241,30536,224,151,90
15242,30538,212,155,91
15243,30540,202,151,92
15244,30542,209,152,94
15245,30544,224,151,93
15246,30546,222,152,95
15247,30548,224,151,94
15248,30550,224,151,95
15249,30552,243,152,97
15250,30554,244,152,98
15251,30556,225,153,98
15252,30558,212,152,100
15253,30560,201,153,100
15254,30562,207,152,100
15255,30564,236,151,105
15256,30566,223,152,106
15257,30568,232,156,104
15258,30570,222,153,109
15259,30572,245,152,108
15260,30574,242,153,110
15261,30576,225,152,109
15262,30578,218,154,109
15263,30580,207,156,109
15264,30582,213,154,109
15265,30584,226,155,110
15266,30586,225,154,110
15267,30588,220,154,112
15268,30590,224,153,110
15269,30592,243,154,107
15270,30594,243,154,110
15271,30596,224,152,110
15272,30598,211,154,111
15273,30600,197,154,110
15274,30602,209,154,110
15275,30604,225,154,112
15276,30606,231,154,113
15277,30608,224,154,113
15278,30610,221,154,112
15279,30612,246,154,115
15280,30614,249,154,112
15281,30616,224,154,113
15282,30618,220,154,114
15283,30620,201,154,114
15284,30622,208,154,114
15285,30624,225,154,114
15286,30626,227,155,114
15287,30628,224,154,111
15288,30630,226,154,114
15289,30632,248,155,115
15290,30634,233,154,115
15291,30636,228,154,115
15292,30638,217,155,116
15293,30640,203,154,114
15294,30642,213,155,114
15295,30644,223,155,114
15296,30646,232,154,112
15297,30648,224,154,113
15298,30650,230,154,113
15299,30652,247,155,116
15300,30654,245,155,115
15301,30656,234,155,114
15302,30658,218,155,113
15303,30660,200,155,113
15304,30662,209,155,113
15305,30664,226,156,115
15306,30666,221,156,115
15307,30668,230,156,117
15308,30670,229,156,115
15309,30672,251,157,117
15310,30674,244,157,113
15311,30676,230,155,118
15312,30678,220,156,118
15313,30680,202,155,117
15314,30682,214,156,115
15315,30684,226,156,116
15316,30686,220,156,116
15317,30688,224,156,117
15318,30690,234,155,116
15319,30692,249,156,116
15320,30694,249,156,117
15321,30696,230,155,116
15322,30698,218,157,118
15323,30700,198,155,116
15324,30702,216,156,116
15325,30704,226,156,113
15326,30706,218,156,116
15327,30708,235,156,114
15328,30710,228,155,116
15329,30712,249,156,117
15330,30714,240,156,116
15331,30716,242,156,117
15332,30718,220,155,118
15333,30720,207,156,118
15334,30722,213,156,118
15335,30724,226,156,117
15336,30726,219,156,115
15337,30728,239,157,118
15338,30730,226,156,116
15339,30732,247,156,116
15340,30734,241,157,117
15341,30736,215,155,118
15342,30738,226,155,117
15343,30740,207,154,116
15344,30742,211,155,116
15345,30744,228,156,118
15346,30746,218,156,117
15347,30748,226,155,117
15348,30750,234,156,115
15349,30752,252,156,115
15350,30754,242,155,115
15351,30756,220,156,115
15352,30758,221,156,114
15353,30760,202,157,115
15354,30762,213,156,115
15355,30764,216,155,113
15356,30766,221,155,113
15357,30768,223,155,112
15358,30770,225,156,113
15359,30772,247,156,112
15360,30774,238,156,113
15361,30776,222,154,111
15362,30778,220,156,113
15363,30780,203,155,112
15364,30782,213,155,111
15365,30784,226,156,110
15366,30786,214,156,112
15367,30788,225,156,113
15368,30790,228,156,112
15369,30792,243,156,111
15370,30794,247,156,112
15371,30796,228,155,112
15372,30798,227,156,112
15373,30800,197,156,112
15374,30802,212,155,112
15375,30804,224,156,115
15376,30806,220,157,114
15377,30808,220,155,113
15378,30810,217,155,111
15379,30812,250,155,112
15380,30814,248,154,112
15381,30816,235,155,112
15382,30818,219,155,111
15383,30820,201,155,112
15384,30822,214,156,113
15385,30824,221,156,111
15386,30826,225,155,113
15387,30828,228,156,113
15388,30830,225,155,114
15389,30832,251,155,114
15390,30834,248,157,115
15391,30836,233,155,118
15392,30838,235,156,120
15393,30840,198,155,115
15394,30842,213,155,115
15395,30844,225,154,116
15396,30846,227,153,115
15397,30848,231,153,114
15398,30850,212,154,115
15399,30852,251,152,115
15400,30854,252,153,114
15401,30856,235,152,114
15402,30858,221,152,113
15403,30860,202,154,110
15404,30862,207,152,112
15405,30864,223,152,111
15406,30866,224,153,112
15407,30868,217,153,110
15408,30870,225,152,110
15409,30872,252,152,110
15410,30874,242,152,113
15411,30876,226,152,112
15412,30878,223,152,114
15413,30880,198,151,114
15414,30882,206,151,112
15415,30884,225,152,118
15416,30886,228,152,116
15417,30888,227,152,116
15418,30890,227,151,117
15419,30892,250,151,117
15420,30894,230,150,114
15421,30896,234,150,116
15422,30898,220,150,115
15423,30900,195,151,112
15424,30902,211,151,111
15425,30904,219,151,110
15426,30906,222,151,111
15427,30908,220,152,111
15428,30910,229,151,112
15429,30912,249,151,113
15430,30914,245,151,112
15431,30916,232,151,111
15432,30918,220,151,111
15433,30920,195,151,111
15434,30922,212,151,111
15435,30924,222,151,109
15436,30926,221,151,110
15437,30928,226,151,111
15438,30930,231,152,111
15439,30932,249,152,113
15440,30934,251,151,112
15441,30936,226,151,110
15442,30938,218,151,113
15443,30940,201,151,111
15444,30942,215,152,111
15445,30944,224,151,112
15446,30946,217,152,111
15447,30948,218,151,111
15448,30950,219,150,111
15449,30952,244,151,110
15450,30954,245,151,111
15451,30956,243,152,111
15452,30958,222,152,111
15453,30960,202,150,113
15454,30962,209,151,111
15455,30964,220,151,111
15456,30966,232,151,111
15457,30968,223,151,112
15458,30970,230,151,110
15459,30972,253,152,113
15460,30974,250,151,110
15461,30976,227,151,109
15462,30978,219,150,113
15463,30980,210,151,111
15464,30982,207,152,112
15465,30984,231,151,112
15466,30986,226,152,112
15467,30988,223,151,112
15468,30990,228,152,113
15469,30992,254,151,111
15470,30994,242,151,111
15471,30996,226,151,113
15472,30998,228,152,111
15473,31000,199,151,110
15474,31002,209,152,112
15475,31004,226,151,113
15476,31006,224,151,112
15477,31008,218,151,112
15478,31010,229,152,112
15479,31012,244,152,113
15480,31014,243,152,113
15481,31016,225,152,112
15482,31018,221,152,112
15483,31020,203,151,110
15484,31022,206,152,112
15485,31024,225,152,113
15486,31026,224,151,113
15487,31028,230,152,113
15488,31030,231,153,112
15489,31032,246,152,112
15490,31034,245,152,113
15491,31036,227,153,114
15492,31038,223,152,113
15493,31040,206,152,113
15494,31042,213,153,113
15495,31044,226,152,113
15496,31046,220,152,112
15497,31048,227,152,112
15498,31050,228,153,113
15499,31052,248,152,114
15500,31054,246,152,115
15501,31056,223,152,110
15502,31058,214,153,112
15503,31060,198,152,112
15504,31062,210,153,112
15505,31064,222,152,112
15506,31066,222,153,113
15507,31068,233,152,114
15508,31070,225,153,113
15509,31072,247,153,113
15510,31074,244,152,113
15511,31076,221,152,113
15512,31078,220,153,112
15513,31080,205,152,114
15514,31082,210,153,113
15515,31084,223,153,113
15516,31086,226,153,113
15517,31088,225,153,114
15518,31090,223,152,113
15519,31092,247,153,115
15520,31094,251,153,117
15521,31096,223,152,114
15522,31098,227,153,113
15523,31100,197,152,114
15524,31102,207,152,114
15525,31104,222,153,114
15526,31106,227,153,114
15527,31108,216,153,114
15528,31110,209,154,114
15529,31112,233,154,114
15530,31114,243,155,116
15531,31116,220,154,114
15532,31118,223,154,114
15533,31120,198,155,114
15534,31122,209,154,110
15535,31124,219,155,115
15536,31126,219,154,115
15537,31128,226,154,115
15538,31130,219,154,115
15539,31132,229,154,114
15540,31134,242,155,115
15541,31136,234,154,115
15542,31138,224,154,116
15543,31140,203,155,115
15544,31142,214,154,113
15545,31144,223,154,112
15546,31146,221,154,116
15547,31148,232,155,114
15548,31150,227,154,115
15549,31152,230,154,115
15550,31154,246,156,113
15551,31156,236,154,114
15552,31158,219,156,114
15553,31160,188,154,115
15554,31162,214,154,114
15555,31164,217,154,116
15556,31166,216,154,114
15557,31168,224,155,113
15558,31170,226,153,115
15559,31172,230,154,113
15560,31174,243,155,114
15561,31176,226,154,113
15562,31178,219,153,115
15563,31180,197,154,113
15564,31182,218,154,115
15565,31184,224,155,113
15566,31186,228,155,115
15567,31188,222,154,115
15568,31190,215,155,115
15569,31192,226,154,115
15570,31194,236,154,113
15571,31196,222,155,114
15572,31198,219,154,115
15573,31200,206,155,115
15574,31202,213,155,114
15575,31204,227,155,115
15576,31206,229,154,115
15577,31208,227,155,114
15578,31210,223,153,114
15579,31212,228,155,114
15580,31214,239,157,114
15581,31216,217,154,114
15582,31218,220,155,113
15583,31220,203,154,114
15584,31222,219,154,113
15585,31224,225,154,113
15586,31226,234,158,114
15587,31228,222,154,120
15588,31230,228,154,122
15589,31232,228,154,117
15590,31234,242,151,114
15591,31236,225,154,114
15592,31238,219,156,113
15593,31240,205,153,114
15594,31242,212,154,115
15595,31244,230,154,116
15596,31246,228,153,114
15597,31248,220,154,113
15598,31250,224,153,114
15599,31252,227,154,115
15600,31254,244,153,114
15601,31256,232,154,114
15602,31258,220,153,115
15603,31260,195,154,114
15604,31262,223,154,115
15605,31264,228,153,115
15606,31266,233,153,113
15607,31268,222,152,115
15608,31270,229,152,114
15609,31272,226,153,115
15610,31274,246,153,115
15611,31276,239,152,115
15612,31278,212,152,114
15613,31280,201,154,113
15614,31282,218,153,113
15615,31284,234,153,115
15616,31286,223,153,114
15617,31288,224,155,114
15618,31290,234,153,113
15619,31292,229,153,114
15620,31294,242,153,114
15621,31296,229,157,113
15622,31298,219,152,111
15623,31300,201,150,109
15624,31302,204,153,110
15625,31304,209,152,109
15626,31306,211,153,111
15627,31308,208,153,109
15628,31310,217,153,112
15629,31312,211,152,109
15630,31314,237,152,109
15631,31316,221,152,109
15632,31318,212,153,109
15633,31320,187,151,109
15634,31322,203,152,109
15635,31324,210,152,109
15636,31326,211,152,107
15637,31328,215,152,110
15638,31330,217,151,107
15639,31332,210,152,108
15640,31334,229,151,109
15641,31336,220,150,110
15642,31338,219,149,109
15643,31340,194,150,110
15644,31342,191,150,109
15645,31344,205,150,108
15646,31346,208,149,110
15647,31348,208,149,110
15648,31350,200,149,110
15649,31352,207,150,111
15650,31354,234,149,110
15651,31356,213,150,112
15652,31358,211,150,112
15653,31360,185,150,111
15654,31362,196,150,109
15655,31364,208,150,111
15656,31366,201,150,112
15657,31368,216,150,112
15658,31370,203,150,111
15659,31372,206,151,112
15660,31374,226,151,110
15661,31376,216,150,114
15662,31378,207,151,112
15663,31380,183,151,112
15664,31382,196,151,113
15665,31384,204,150,110
15666,31386,213,150,111
15667,31388,222,151,111
15668,31390,233,152,111
15669,31392,222,152,112
15670,31394,244,152,111
15671,31396,237,152,111
15672,31398,220,152,111
15673,31400,193,153,110
15674,31402,214,152,111
15675,31404,219,152,111
15676,31406,207,151,109
15677,31408,220,150,111
15678,31410,223,152,111
15679,31412,222,153,113
15680,31414,246,151,110
15681,31416,237,152,112
15682,31418,217,152,111
15683,31420,195,152,112
15684,31422,206,151,110
15685,31424,222,152,110
15686,31426,220,151,111
15687,31428,221,152,111
15688,31430,210,152,110
15689,31432,219,151,109
15690,31434,253,152,110
15691,31436,227,152,110
15692,31438,232,152,110
15693,31440,200,152,107
15694,31442,207,152,108
15695,31444,214,152,109
15696,31446,218,152,109
15697,31448,214,152,107
15698,31450,223,152,112
15699,31452,225,152,108
15700,31454,247,152,111
15701,31456,222,152,110
15702,31458,224,152,111
15703,31460,198,151,110
15704,31462,208,152,111
15705,31464,226,152,109
15706,31466,214,152,109
15707,31468,217,152,108
15708,31470,213,151,108
15709,31472,218,151,106
15710,31474,245,151,109
15711,31476,228,151,108
15712,31478,225,151,108
15713,31480,194,151,108
15714,31482,206,151,108
15715,31484,219,151,108
15716,31486,210,150,109
15717,31488,216,150,109
15718,31490,220,151,109
15719,31492,217,150,108
15720,31494,238,151,109
15721,31496,234,151,109
15722,31498,223,151,109
15723,31500,201,151,108
15724,31502,214,151,108
15725,31504,225,151,109
15726,31506,222,151,109
15727,31508,227,151,107
15728,31510,226,151,108
15729,31512,223,151,109
15730,31514,240,151,108
15731,31516,232,150,109
15732,31518,218,151,108
15733,31520,208,150,109
15734,31522,223,151,107
15735,31524,222,150,108
15736,31526,220,151,109
15737,31528,227,151,109
15738,31530,222,151,109
15739,31532,224,151,108
15740,31534,238,150,108
15741,31536,230,151,110
15742,31538,230,151,109
15743,31540,206,151,109
15744,31542,219,151,108
15745,31544,221,151,108
15746,31546,228,151,109
15747,31548,222,151,109
15748,31550,222,151,109
15749,31552,225,151,107
15750,31554,242,151,108
15751,31556,224,151,108
15752,31558,223,151,110
15753,31560,208,151,108
15754,31562,217,151,108
15755,31564,227,151,109
15756,31566,225,150,107
15757,31568,218,151,109
15758,31570,226,151,111
15759,31572,231,151,111
15760,31574,251,150,108
15761,31576,237,151,108
15762,31578,221,151,109
15763,31580,201,151,108
15764,31582,212,150,108
15765,31584,228,151,110
15766,31586,223,151,108
15767,31588,210,150,109
15768,31590,225,151,107
15769,31592,226,151,108
15770,31594,243,150,109
15771,31596,244,151,108
15772,31598,222,150,108
15773,31600,201,151,108
15774,31602,211,150,107
15775,31604,226,151,107
15776,31606,226,150,109
15777,31608,223,150,108
15778,31610,233,150,108
15779,31612,225,149,110
15780,31614,247,150,110
15781,31616,250,148,108
15782,31618,225,149,108
15783,31620,206,148,108
15784,31622,215,147,108
15785,31624,222,148,108
15786,31626,234,147,108
15787,31628,226,147,109
15788,31630,229,147,108
15789,31632,214,145,108
15790,31634,249,144,109
15791,31636,240,144,108
15792,31638,223,143,107
15793,31640,206,143,107
15794,31642,212,143,107
15795,31644,221,142,107
15796,31646,224,142,107
15797,31648,224,143,107
15798,31650,224,142,107
15799,31652,219,141,107
15800,31654,256,142,107
15801,31656,234,141,108
15802,31658,214,142,108
15803,31660,202,141,108
15804,31662,208,142,107
15805,31664,218,142,107
15806,31666,220,142,107
15807,31668,225,142,107
15808,31670,220,140,109
15809,31672,226,141,107
15810,31674,249,141,106
15811,31676,242,142,107
15812,31678,228,141,107
15813,31680,209,141,106
15814,31682,209,141,103
15815,31684,223,141,102
15816,31686,236,141,104
15817,31688,221,142,103
15818,31690,225,141,102
15819,31692,226,140,103
15820,31694,240,141,103
15821,31696,229,141,103
15822,31698,222,141,103
15823,31700,211,140,102
15824,31702,211,141,102
15825,31704,222,140,101
15826,31706,243,141,101
15827,31708,212,141,101
15828,31710,227,140,102
15829,31712,222,141,102
15830,31714,246,140,104
15831,31716,237,141,104
15832,31718,217,141,104
15833,31720,201,141,103
15834,31722,208,140,102
15835,31724,222,141,104
15836,31726,214,141,102
15837,31728,224,140,105
15838,31730,217,141,104
15839,31732,223,141,103
15840,31734,251,141,105
15841,31736,231,141,105
15842,31738,218,142,103
15843,31740,202,139,103
15844,31742,210,141,104
15845,31744,216,140,105
15846,31746,219,141,104
15847,31748,227,141,105
15848,31750,235,141,102
15849,31752,220,141,103
15850,31754,245,141,108
15851,31756,234,141,104
15852,31758,223,141,104
15853,31760,206,141,104
15854,31762,212,141,104
15855,31764,215,141,104
15856,31766,227,142,105
15857,31768,225,141,103
15858,31770,215,142,104
15859,31772,221,141,105
15860,31774,251,141,104
15861,31776,232,141,107
15862,31778,221,141,104
15863,31780,211,141,105
15864,31782,216,141,105
15865,31784,222,141,106
15866,31786,227,141,103
15867,31788,221,141,105
15868,31790,220,141,105
15869,31792,224,141,105
15870,31794,243,141,103
15871,31796,227,140,105
15872,31798,224,141,105
15873,31800,209,141,106
15874,31802,213,141,107
15875,31804,231,140,103
15876,31806,226,141,106
15877,31808,227,140,104
15878,31810,222,141,105
15879,31812,226,141,100
15880,31814,241,141,104
15881,31816,235,141,102
15882,31818,227,141,104
15883,31820,207,141,103
15884,31822,219,141,102
15885,31824,225,140,105
15886,31826,231,140,106
15887,31828,219,141,109
15888,31830,224,141,102
15889,31832,222,141,102
15890,31834,242,141,105
15891,31836,236,141,104
15892,31838,225,141,102
15893,31840,208,142,102
15894,31842,213,141,104
15895,31844,229,142,104
15896,31846,221,140,104
15897,31848,226,141,103
15898,31850,223,142,103
15899,31852,215,142,103
15900,31854,245,141,103
15901,31856,230,141,103
15902,31858,219,141,103
15903,31860,210,140,102
15904,31862,214,141,102
15905,31864,225,142,96
15906,31866,233,141,101
15907,31868,221,141,101
15908,31870,226,142,102
15909,31872,211,141,101
15910,31874,243,141,101
15911,31876,236,141,102
15912,31878,216,142,102
15913,31880,203,140,102
15914,31882,214,142,101
15915,31884,220,141,101
15916,31886,226,142,101
15917,31888,225,141,101
15918,31890,221,140,101
15919,31892,216,141,102
15920,31894,242,140,101
15921,31896,232,142,103
15922,31898,220,141,101
15923,31900,207,141,101
15924,31902,209,143,101
15925,31904,223,141,101
15926,31906,229,143,101
15927,31908,226,142,102
15928,31910,232,142,103
15929,31912,220,136,102
15930,31914,246,141,102
15931,31916,230,141,102
15932,31918,225,142,100
15933,31920,208,141,100
15934,31922,207,141,101
15935,31924,222,140,100
15936,31926,217,142,100
15937,31928,218,141,99
15938,31930,228,141,101
15939,31932,215,141,101
15940,31934,245,141,101
15941,31936,233,141,100
15942,31938,218,141,100
15943,31940,205,142,101
15944,31942,211,141,99
15945,31944,228,140,100
15946,31946,223,140,98
15947,31948,225,141,100
15948,31950,225,141,99
15949,31952,222,140,100
15950,31954,246,141,99
15951,31956,239,140,100
15952,31958,214,141,98
15953,31960,203,141,97
15954,31962,208,141,99
15955,31964,221,140,99
15956,31966,231,139,98
15957,31968,221,141,97
15958,31970,229,141,97
15959,31972,217,140,98
15960,31974,249,147,99
15961,31976,233,140,96
15962,31978,220,141,99
15963,31980,206,141,98
15964,31982,206,141,97
15965,31984,214,140,96
15966,31986,218,141,97
15967,31988,221,140,97
15968,31990,219,141,95
15969,31992,205,141,97
15970,31994,243,140,96
15971,31996,226,138,98
15972,31998,209,140,98
15973,32000,204,140,97
15974,32002,207,140,95
15975,32004,222,140,96
15976,32006,223,140,94
15977,32008,226,139,98
15978,32010,214,140,98
15979,32012,216,140,95
15980,32014,251,141,98
15981,32016,237,141,99
15982,32018,225,140,97
15983,32020,204,141,97
15984,32022,204,139,96
15985,32024,226,139,98
15986,32026,217,140,98
15987,32028,212,140,98
15988,32030,225,140,96
15989,32032,223,140,98
15990,32034,245,141,98
15991,32036,230,141,97
15992,32038,222,140,97
15993,32040,208,140,95
15994,32042,207,139,97
15995,32044,222,140,97
15996,32046,220,140,98
15997,32048,220,141,99
15998,32050,220,140,97
15999,32052,220,138,99
16000,32054,249,140,99
16001,32056,228,141,98
16002,32058,221,141,98
16003,32060,197,140,97
16004,32062,200,140,96
16005,32064,226,140,97
16006,32066,212,140,97
16007,32068,217,141,98
16008,32070,229,140,98
16009,32072,221,140,96
16010,32074,242,141,97
16011,32076,239,141,97
16012,32078,227,141,97
16013,32080,201,140,98
16014,32082,211,141,97
16015,32084,232,141,95
16016,32086,212,139,96
16017,32088,232,141,94
16018,32090,222,141,95
16019,32092,225,140,95
16020,32094,241,140,96
16021,32096,234,141,96
16022,32098,224,141,96
16023,32100,199,141,99
16024,32102,209,141,97
16025,32104,217,140,97
16026,32106,218,139,98
16027,32108,218,141,97
16028,32110,217,141,95
16029,32112,217,141,97
16030,32114,243,141,97
16031,32116,237,141,96
16032,32118,227,141,96
16033,32120,200,142,95
16034,32122,204,141,96
16035,32124,218,142,94
16036,32126,213,143,94
16037,32128,226,143,94
16038,32130,220,144,96
16039,32132,225,144,96
16040,32134,247,145,92
16041,32136,238,145,96
16042,32138,228,145,97
16043,32140,205,145,93
16044,32142,205,147,96
16045,32144,214,145,92
16046,32146,213,146,93
16047,32148,219,145,93
16048,32150,211,145,94
16049,32152,230,145,93
16050,32154,244,147,95
16051,32156,231,148,95
16052,32158,228,148,93
16053,32160,199,148,94
16054,32162,201,148,94
16055,32164,217,148,96
16056,32166,211,148,97
16057,32168,219,149,96
16058,32170,220,148,96
16059,32172,225,148,96
16060,32174,238,149,96
16061,32176,236,148,95
16062,32178,231,149,96
16063,32180,197,148,97
16064,32182,205,149,96
16065,32184,219,148,95
16066,32186,221,148,96
16067,32188,220,148,96
16068,32190,219,149,96
16069,32192,223,149,97
16070,32194,243,149,96
16071,32196,240,149,96
16072,32198,229,149,94
16073,32200,202,149,94
16074,32202,207,149,95
16075,32204,218,149,95
16076,32206,220,150,95
16077,32208,225,150,96
16078,32210,222,150,95
16079,32212,219,150,97
16080,32214,242,150,97
16081,32216,237,149,95
16082,32218,221,150,96
16083,32220,197,150,96
16084,32222,207,150,95
16085,32224,229,150,96
16086,32226,217,150,96
16087,32228,231,151,97
16088,32230,223,149,96
16089,32232,220,151,95
16090,32234,246,150,96
16091,32236,245,151,97
16092,32238,221,151,96
16093,32240,202,151,96
16094,32242,202,151,97
16095,32244,221,151,97
16096,32246,225,151,98
16097,32248,219,151,96
16098,32250,212,151,97
16099,32252,223,151,96
16100,32254,243,152,97
16101,32256,243,151,96
16102,32258,224,151,96
16103,32260,202,151,96
16104,32262,199,152,96
16105,32264,227,151,97
16106,32266,229,151,95
16107,32268,221,151,95
16108,32270,227,151,96
16109,32272,219,152,96
16110,32274,242,151,95
16111,32276,227,154,95
16112,32278,226,154,95
16113,32280,208,154,94
16114,32282,200,154,94
16115,32284,225,154,94
16116,32286,213,155,94
16117,32288,221,154,96
16118,32290,224,154,93
16119,32292,226,154,95
16120,32294,243,154,95
16121,32296,233,154,96
16122,32298,218,154,96
16123,32300,202,154,95
16124,32302,199,154,96
16125,32304,222,154,95
16126,32306,222,155,94
16127,32308,217,154,93
16128,32310,230,154,94
16129,32312,218,154,94
16130,32314,243,155,95
16131,32316,237,154,95
16132,32318,214,155,95
16133,32320,207,154,95
16134,32322,204,154,95
16135,32324,225,155,94
16136,32326,220,156,94
16137,32328,225,155,95
16138,32330,227,155,94
16139,32332,229,154,94
16140,32334,252,154,95
16141,32336,237,155,94
16142,32338,221,154,96
16143,32340,209,154,94
16144,32342,211,155,97
16145,32344,222,155,97
16146,32346,224,155,94
16147,32348,224,154,95
16148,32350,224,155,95
16149,32352,222,155,94
16150,32354,250,155,95
16151,32356,229,155,96
16152,32358,218,154,93
16153,32360,203,155,94
16154,32362,202,155,95
16155,32364,224,155,95
16156,32366,226,155,95
16157,32368,217,155,93
16158,32370,220,155,95
16159,32372,226,155,96
16160,32374,248,155,96
16161,32376,230,155,95
16162,32378,218,154,95
16163,32380,211,155,95
16164,32382,207,155,94
16165,32384,228,155,94
16166,32386,220,151,95
16167,32388,223,153,94
16168,32390,225,152,95
16169,32392,224,152,95
16170,32394,242,152,93
16171,32396,228,152,95
16172,32398,224,152,94
16173,32400,205,153,95
16174,32402,203,152,95
16175,32404,226,152,96
16176,32406,221,151,94
16177,32408,221,152,96
16178,32410,218,152,96
16179,32412,221,152,95
16180,32414,236,152,94
16181,32416,226,151,95
16182,32418,222,152,95
16183,32420,203,151,94
16184,32422,208,151,95
16185,32424,213,151,95
16186,32426,218,151,96
16187,32428,225,151,97
16188,32430,218,151,96
16189,32432,219,150,95
16190,32434,238,151,96
16191,32436,227,151,96
16192,32438,226,151,95
16193,32440,207,151,95
16194,32442,210,151,96
16195,32444,223,151,94
16196,32446,218,151,94
16197,32448,233,151,95
16198,32450,224,151,95
16199,32452,220,151,95
16200,32454,245,151,96
16201,32456,225,151,95
16202,32458,223,151,96
16203,32460,204,151,93
16204,32462,213,151,91
16205,32464,228,152,94
16206,32466,222,151,93
16207,32468,224,151,95
16208,32470,222,151,95
16209,32472,222,152,96
16210,32474,244,151,94
16211,32476,230,152,96
16212,32478,219,151,95
16213,32480,205,152,95
16214,32482,211,151,94
16215,32484,229,151,94
16216,32486,226,150,97
16217,32488,224,152,97
16218,32490,220,151,95
16219,32492,219,151,99
16220,32494,242,151,96
16221,32496,230,151,97
16222,32498,224,151,96
16223,32500,208,151,98
16224,32502,208,152,97
16225,32504,230,151,96
16226,32506,234,152,97
16227,32508,224,153,98
16228,32510,224,152,99
16229,32512,226,151,97
16230,32514,245,152,95
16231,32516,235,152,100
16232,32518,218,152,99
16233,32520,203,152,98
16234,32522,203,152,95
16235,32524,216,151,97
16236,32526,221,152,96
16237,32528,232,151,97
16238,32530,222,151,97
16239,32532,218,152,97
16240,32534,242,152,95
16241,32536,226,148,99
16242,32538,222,152,98
16243,32540,198,150,96
16244,32542,210,151,93
16245,32544,215,152,98
16246,32546,230,152,97
16247,32548,222,152,98
16248,32550,224,152,98
16249,32552,217,152,97
16250,32554,242,152,96
16251,32556,239,152,99
16252,32558,223,151,97
16253,32560,204,151,98
16254,32562,211,151,97
16255,32564,219,152,92
16256,32566,223,152,99
16257,32568,226,152,98
16258,32570,221,150,98
16259,32572,217,152,98
16260,32574,240,151,97
16261,32576,228,152,98
16262,32578,223,156,97
16263,32580,201,155,97
16264,32582,211,152,98
16265,32584,221,152,98
16266,32586,224,152,99
16267,32588,230,150,97
16268,32590,223,152,97
16269,32592,219,152,99
16270,32594,240,152,98
16271,32596,228,152,98
16272,32598,220,152,98
16273,32600,214,155,98
16274,32602,204,151,98
16275,32604,222,152,96
16276,32606,229,152,97
16277,32608,224,150,96
16278,32610,220,150,99
16279,32612,225,153,98
16280,32614,241,152,97
16281,32616,231,152,97
16282,32618,222,152,97
16283,32620,200,154,97
16284,32622,210,150,95
16285,32624,229,152,97
16286,32626,228,152,98
16287,32628,224,152,97
16288,32630,224,152,96
16289,32632,231,152,96
16290,32634,247,155,99
16291,32636,232,152,98
16292,32638,213,152,97
16293,32640,205,153,98
16294,32642,202,151,96
16295,32644,228,152,96
16296,32646,232,152,98
16297,32648,236,152,99
16298,32650,221,152,98
16299,32652,223,152,97
16300,32654,242,152,97
16301,32656,235,152,97
16302,32658,217,151,98
16303,32660,203,152,96
16304,32662,205,151,96
16305,32664,223,152,97
16306,32666,227,152,96
16307,32668,223,153,96
16308,32670,222,152,97
16309,32672,218,152,96
16310,32674,246,155,97
16311,32676,232,152,96
16312,32678,224,152,97
16313,32680,204,152,96
16314,32682,209,153,97
16315,32684,225,153,97
16316,32686,223,152,97
16317,32688,228,152,97
16318,32690,230,152,97
16319,32692,224,152,98
16320,32694,255,152,97
16321,32696,241,152,97
16322,32698,226,152,98
16323,32700,213,153,98
16324,32702,211,152,97
16325,32704,232,152,97
16326,32706,228,152,98
16327,32708,224,152,98
16328,32710,228,152,98
16329,32712,228,153,100
16330,32714,252,152,98
16331,32716,233,152,99
16332,32718,229,152,99
16333,32720,211,152,99
16334,32722,204,153,98
16335,32724,228,153,98
16336,32726,227,153,98
16337,32728,224,151,98
16338,32730,226,152,97
16339,32732,224,153,98
16340,32734,253,152,98
16341,32736,252,153,98
16342,32738,229,152,98
16343,32740,206,152,99
16344,32742,202,151,99
16345,32744,225,152,98
16346,32746,221,153,99
16347,32748,220,153,98
16348,32750,223,152,99
16349,32752,227,151,99
16350,32754,245,152,98
16351,32756,230,152,99
16352,32758,230,153,98
16353,32760,211,153,98
16354,32762,207,154,99
16355,32764,231,152,99
16356,32766,229,153,99
16357,32768,220,152,99
16358,32770,222,153,99
16359,32772,228,153,98
16360,32774,257,152,97
16361,32776,244,153,101
16362,32778,231,152,98
16363,32780,205,154,98
16364,32782,209,152,98
16365,32784,226,152,98
16366,32786,222,152,99
16367,32788,237,152,99
16368,32790,224,154,99
16369,32792,228,153,99
16370,32794,251,153,98
16371,32796,240,152,100
16372,32798,232,153,98
16373,32800,212,153,101
16374,32802,207,153,99
16375,32804,230,153,100
16376,32806,222,152,98
16377,32808,230,152,99
16378,32810,221,153,98
16379,32812,228,152,100
16380,32814,256,152,100
16381,32816,246,153,100
16382,32818,230,153,99
16383,32820,209,152,99
16384,32822,209,152,98
16385,32824,229,152,99
16386,32826,221,152,99
16387,32828,228,152,98
16388,32830,224,152,98
16389,32832,233,152,101
16390,32834,253,152,99
16391,32836,237,152,100
16392,32838,226,153,100
16393,32840,213,152,99
16394,32842,207,152,99
16395,32844,232,152,100
16396,32846,226,153,99
16397,32848,228,152,99
16398,32850,224,152,99
16399,32852,224,153,99
16400,32854,251,153,98
16401,32856,231,152,99
16402,32858,234,152,100
16403,32860,206,152,99
16404,32862,211,153,100
16405,32864,221,152,100
16406,32866,229,153,101
16407,32868,227,153,99
16408,32870,229,152,100
16409,32872,230,153,101
16410,32874,247,153,100
16411,32876,235,152,100
16412,32878,237,153,101
16413,32880,214,151,100
16414,32882,210,152,101
16415,32884,234,153,100
16416,32886,223,153,100
16417,32888,231,152,100
16418,32890,228,153,100
16419,32892,225,153,101
16420,32894,248,153,101
16421,32896,238,153,100
16422,32898,231,153,102
16423,32900,211,153,100
16424,32902,217,153,101
16425,32904,229,152,101
16426,32906,219,153,98
16427,32908,229,153,101
16428,32910,225,153,101
16429,32912,224,153,101
16430,32914,250,153,102
16431,32916,237,153,101
16432,32918,224,153,101
16433,32920,212,153,100
16434,32922,210,153,101
16435,32924,225,153,100
16436,32926,227,153,102
16437,32928,226,153,101
16438,32930,228,152,100
16439,32932,225,153,101
16440,32934,252,153,101
16441,32936,241,153,101
16442,32938,224,153,100
16443,32940,214,153,100
16444,32942,213,153,101
16445,32944,223,153,100
16446,32946,236,153,101
16447,32948,229,153,100
16448,32950,227,152,100
16449,32952,228,153,102
16450,32954,248,152,100
16451,32956,240,153,100
16452,32958,223,153,100
16453,32960,211,155,100
16454,32962,210,156,101
16455,32964,230,155,102
16456,32966,228,155,101
16457,32968,218,155,102
16458,32970,217,155,102
16459,32972,229,155,101
16460,32974,250,156,102
16461,32976,239,156,101
16462,32978,223,156,102
16463,32980,212,154,100
16464,32982,207,156,102
16465,32984,233,156,102
16466,32986,225,155,103
16467,32988,226,156,103
16468,32990,229,156,103
16469,32992,230,156,103
16470,32994,253,155,101
16471,32996,246,156,102
16472,32998,226,156,103
16473,33000,213,155,101
16474,33002,210,156,102
16475,33004,233,156,102
16476,33006,231,156,103
16477,33008,226,156,102
16478,33010,228,156,101
16479,33012,224,156,102
16480,33014,257,156,103
16481,33016,249,156,101
16482,33018,223,156,102
16483,33020,212,158,102
16484,33022,211,156,102
16485,33024,231,155,102
16486,33026,223,156,102
16487,33028,224,156,103
16488,33030,230,156,103
16489,33032,220,157,104
16490,33034,254,156,103
16491,33036,250,156,102
16492,33038,222,156,103
16493,33040,213,156,101
16494,33042,215,156,102
16495,33044,227,156,102
16496,33046,235,156,103
16497,33048,227,156,103
16498,33050,232,156,100
16499,33052,224,156,100
16500,33054,254,156,104
16501,33056,241,155,103
16502,33058,222,157,103
16503,33060,214,158,103
16504,33062,212,156,102
16505,33064,222,155,103
16506,33066,232,157,103
16507,33068,228,157,102
16508,33070,232,156,104
16509,33072,232,155,106
16510,33074,252,156,105
16511,33076,241,157,104
16512,33078,229,156,104
16513,33080,222,156,104
16514,33082,210,156,104
16515,33084,230,155,105
16516,33086,226,156,107
16517,33088,226,156,107
16518,33090,240,156,106
16519,33092,235,156,103
16520,33094,255,156,106
16521,33096,242,157,106
16522,33098,243,155,104
16523,33100,209,157,106
16524,33102,205,157,105
16525,33104,232,155,105
16526,33106,231,157,108
16527,33108,221,156,103
16528,33110,230,156,106
16529,33112,229,155,106
16530,33114,245,158,106
16531,33116,247,157,105
16532,33118,227,157,105
16533,33120,206,156,106
16534,33122,208,156,108
16535,33124,238,156,105
16536,33126,232,157,109
16537,33128,220,156,107
16538,33130,228,156,106
16539,33132,220,157,104
16540,33134,258,156,104
16541,33136,243,156,106
16542,33138,223,156,104
16543,33140,210,157,105
16544,33142,205,157,103
16545,33144,234,156,105
16546,33146,226,156,106
16547,33148,234,156,106
16548,33150,230,156,106
16549,33152,224,156,106
16550,33154,259,155,108
16551,33156,253,156,106
16552,33158,228,156,108
16553,33160,215,156,105
16554,33162,209,156,107
16555,33164,237,155,105
16556,33166,228,156,105
16557,33168,247,156,106
16558,33170,227,156,106
16559,33172,224,156,106
16560,33174,252,152,106
16561,33176,243,156,104
16562,33178,226,156,106
16563,33180,214,156,105
16564,33182,204,156,106
16565,33184,226,156,104
16566,33186,231,157,106
16567,33188,229,156,105
16568,33190,225,156,106
16569,33192,231,156,107
16570,33194,256,157,107
16571,33196,244,156,106
16572,33198,226,156,105
16573,33200,215,156,106
16574,33202,211,157,107
16575,33204,230,158,108
16576,33206,230,157,107
16577,33208,233,157,105
16578,33210,230,157,106
16579,33212,229,158,106
16580,33214,253,156,104
16581,33216,245,158,107
16582,33218,235,158,107
16583,33220,207,156,107
16584,33222,207,157,106
16585,33224,228,157,106
16586,33226,229,157,107
16587,33228,234,157,106
16588,33230,228,154,105
16589,33232,229,155,105
16590,33234,254,154,105
16591,33236,255,154,105
16592,33238,240,154,103
16593,33240,213,154,104
16594,33242,204,155,108
16595,33244,226,154,104
16596,33246,231,154,105
16597,33248,230,154,105
16598,33250,225,153,103
16599,33252,220,154,104
16600,33254,255,158,103
16601,33256,249,154,104
16602,33258,236,154,103
16603,33260,210,154,103
16604,33262,200,154,103
16605,33264,226,154,103
16606,33266,225,154,105
16607,33268,231,154,104
16608,33270,232,154,104
16609,33272,229,154,105
16610,33274,257,152,105
16611,33276,251,155,106
16612,33278,232,154,105
16613,33280,213,155,103
16614,33282,209,150,107
16615,33284,222,155,106
16616,33286,228,154,106
16617,33288,230,154,107
16618,33290,226,154,108
16619,33292,235,155,108
16620,33294,255,154,111
16621,33296,251,155,109
16622,33298,227,154,107
16623,33300,210,153,107
16624,33302,205,153,107
16625,33304,219,152,108
16626,33306,228,155,107
16627,33308,220,153,108
16628,33310,223,154,109
16629,33312,220,155,108
16630,33314,254,155,109
16631,33316,249,155,110
16632,33318,227,154,109
16633,33320,208,155,109
16634,33322,204,154,109
16635,33324,227,157,111
16636,33326,236,157,110
16637,33328,226,157,109
16638,33330,233,158,108
16639,33332,225,157,110
16640,33334,253,157,110
16641,33336,250,157,110
16642,33338,237,157,109
16643,33340,213,158,109
16644,33342,203,158,109
16645,33344,226,157,109
16646,33346,227,157,112
16647,33348,225,158,109
16648,33350,230,157,110
16649,33352,227,158,111
16650,33354,255,158,111
16651,33356,253,158,112
16652,33358,228,158,112
16653,33360,209,159,111
16654,33362,198,159,110
16655,33364,218,159,111
16656,33366,226,159,112
16657,33368,222,158,112
16658,33370,232,160,112
16659,33372,227,159,109
16660,33374,247,159,112
16661,33376,254,160,109
16662,33378,234,160,111
16663,33380,210,160,112
16664,33382,202,160,114
16665,33384,222,160,113
16666,33386,225,160,115
16667,33388,227,161,114
16668,33390,234,162,115
16669,33392,217,161,115
16670,33394,263,161,116
16671,33396,256,161,115
16672,33398,235,161,112
16673,33400,220,162,110
16674,33402,207,162,107
16675,33404,216,162,106
16676,33406,235,162,110
16677,33408,227,162,103
16678,33410,237,162,104
16679,33412,231,162,107
16680,33414,263,162,104
16681,33416,253,163,102
16682,33418,231,163,107
16683,33420,218,163,107
16684,33422,208,163,108
16685,33424,218,163,108
16686,33426,222,164,109
16687,33428,212,163,110
16688,33430,223,163,104
16689,33432,229,163,106
16690,33434,253,163,110
16691,33436,246,163,106
16692,33438,228,163,107
16693,33440,208,163,108
16694,33442,196,163,107
16695,33444,202,164,107
16696,33446,222,165,109
16697,33448,220,165,108
16698,33450,227,165,110
16699,33452,229,164,110
16700,33454,247,162,111
16701,33456,250,164,114
16702,33458,231,163,113
16703,33460,209,164,112
16704,33462,192,163,112
16705,33464,205,163,113
16706,33466,226,163,112
16707,33468,219,162,112
16708,33470,224,163,120
16709,33472,223,164,121
16710,33474,252,163,123
16711,33476,247,164,121
16712,33478,227,164,121
16713,33480,207,163,120
16714,33482,194,164,120
16715,33484,213,164,120
16716,33486,214,164,123
16717,33488,233,164,125
16718,33490,222,164,124
16719,33492,224,164,123
16720,33494,251,165,122
16721,33496,244,164,121
16722,33498,220,164,124
16723,33500,203,163,124
16724,33502,190,164,127
16725,33504,223,165,127
16726,33506,207,164,128
16727,33508,217,163,119
16728,33510,225,164,123
16729,33512,227,164,120
16730,33514,249,164,119
16731,33516,241,164,120
16732,33518,228,164,121
16733,33520,210,164,121
16734,33522,195,163,119
16735,33524,211,164,119
16736,33526,222,164,119
16737,33528,222,163,118
16738,33530,229,164,119
16739,33532,229,164,119
16740,33534,253,163,119
16741,33536,241,164,120
16742,33538,232,165,120
16743,33540,208,165,114
16744,33542,196,164,117
16745,33544,197,164,118
16746,33546,218,164,119
16747,33548,214,164,118
16748,33550,223,164,117
16749,33552,222,164,116
16750,33554,245,165,115
16751,33556,241,165,116
16752,33558,230,164,115
16753,33560,213,165,116
16754,33562,195,164,116
16755,33564,204,165,114
16756,33566,220,164,113
16757,33568,221,164,113
16758,33570,233,164,112
16759,33572,232,164,112
16760,33574,248,164,115
16761,33576,250,164,117
16762,33578,229,164,116
16763,33580,208,164,115
16764,33582,198,164,115
16765,33584,202,165,114
16766,33586,214,164,116
16767,33588,213,164,117
16768,33590,221,163,118
16769,33592,230,163,119
16770,33594,237,164,117
16771,33596,247,164,120
16772,33598,226,164,118
16773,33600,204,164,115
16774,33602,197,163,117
16775,33604,197,163,116
16776,33606,218,163,116
16777,33608,211,163,115
16778,33610,211,163,113
16779,33612,219,163,114
16780,33614,246,162,117
16781,33616,242,162,119
16782,33618,219,161,116
16783,33620,209,162,116
16784,33622,195,162,116
16785,33624,196,162,117
16786,33626,220,160,117
16787,33628,225,160,118
16788,33630,216,160,119
16789,33632,219,160,118
16790,33634,245,160,119
16791,33636,245,159,120
16792,33638,230,160,117
16793,33640,210,159,118
16794,33642,181,160,116
16795,33644,201,160,118
16796,33646,224,160,115
16797,33648,221,159,117
16798,33650,219,160,118
16799,33652,217,159,116
16800,33654,240,159,119
16801,33656,248,159,119
16802,33658,224,158,118
16803,33660,204,159,114
16804,33662,188,160,114
16805,33664,201,158,115
16806,33666,228,159,118
16807,33668,221,158,118
16808,33670,219,158,117
16809,33672,217,158,117
16810,33674,242,158,119
16811,33676,237,159,118
16812,33678,214,158,116
16813,33680,206,157,116
16814,33682,196,158,117
16815,33684,208,159,118
16816,33686,220,158,120
16817,33688,217,158,121
16818,33690,219,158,121
16819,33692,222,158,120
16820,33694,226,157,119
16821,33696,236,158,120
16822,33698,215,157,119
16823,33700,214,158,118
16824,33702,198,157,119
16825,33704,213,158,122
16826,33706,216,157,120
16827,33708,221,157,120
16828,33710,222,158,120
16829,33712,216,157,119
16830,33714,242,158,120
16831,33716,239,157,119
16832,33718,217,158,118
16833,33720,204,157,118
16834,33722,203,158,121
16835,33724,215,158,120
16836,33726,218,158,120
16837,33728,219,158,119
16838,33730,215,158,121
16839,33732,208,157,120
16840,33734,241,158,120
16841,33736,239,158,121
16842,33738,218,158,118
16843,33740,210,158,121
16844,33742,198,157,121
16845,33744,206,158,119
16846,33746,216,157,120
16847,33748,229,157,120
16848,33750,222,158,120
16849,33752,217,158,121
16850,33754,246,157,119
16851,33756,234,158,121
16852,33758,231,158,120
16853,33760,210,158,121
16854,33762,203,157,120
16855,33764,207,157,121
16856,33766,223,158,122
16857,33768,224,158,120
16858,33770,221,157,121
16859,33772,212,158,120
16860,33774,245,158,123
16861,33776,227,157,122
16862,33778,212,158,122
16863,33780,212,157,122
16864,33782,199,157,121
16865,33784,213,158,120
16866,33786,218,158,122
16867,33788,221,157,120
16868,33790,221,157,119
16869,33792,213,157,120
16870,33794,233,157,119
16871,33796,227,158,120
16872,33798,216,157,120
16873,33800,210,157,119
16874,33802,199,157,120
16875,33804,213,158,120
16876,33806,219,158,120
16877,33808,221,157,120
16878,33810,227,157,120
16879,33812,218,158,121
16880,33814,236,158,120
16881,33816,233,159,120
16882,33818,223,158,121
16883,33820,211,157,119
16884,33822,200,158,118
16885,33824,207,157,119
16886,33826,215,158,118
16887,33828,222,157,119
16888,33830,219,157,119
16889,33832,227,157,120
16890,33834,239,156,120
16891,33836,237,157,120
16892,33838,218,158,119
16893,33840,211,157,120
16894,33842,197,156,119
16895,33844,208,157,117
16896,33846,213,157,120
16897,33848,222,157,122
16898,33850,212,157,120
16899,33852,212,158,123
16900,33854,237,157,120
16901,33856,235,156,118
16902,33858,215,157,120
16903,33860,208,157,119
16904,33862,196,157,119
16905,33864,200,157,123
16906,33866,217,158,118
16907,33868,220,156,119
16908,33870,214,156,120
16909,33872,217,156,121
16910,33874,234,157,120
16911,33876,237,157,122
16912,33878,219,157,121
16913,33880,215,157,118
16914,33882,197,157,121
16915,33884,203,157,120
16916,33886,221,157,120
16917,33888,224,156,120
16918,33890,217,157,121
16919,33892,220,157,121
16920,33894,245,157,122
16921,33896,234,157,120
16922,33898,225,157,120
16923,33900,216,158,118
16924,33902,196,157,118
16925,33904,204,157,120
16926,33906,220,157,119
16927,33908,225,157,121
16928,33910,221,157,120
16929,33912,234,157,119
16930,33914,239,158,122
16931,33916,246,157,121
16932,33918,229,157,123
16933,33920,219,157,122
16934,33922,194,157,121
16935,33924,208,157,120
16936,33926,224,157,120
16937,33928,219,158,121
16938,33930,222,157,121
16939,33932,223,158,121
16940,33934,239,157,121
16941,33936,245,157,121
16942,33938,230,157,121
16943,33940,209,157,121
16944,33942,195,157,120
16945,33944,203,158,121
16946,33946,218,157,118
16947,33948,218,158,121
16948,33950,223,157,121
16949,33952,218,158,119
16950,33954,234,157,121
16951,33956,240,157,122
16952,33958,220,156,121
16953,33960,217,157,121
16954,33962,193,157,121
16955,33964,196,157,122
16956,33966,214,160,122
16957,33968,219,157,121
16958,33970,217,158,122
16959,33972,214,158,121
16960,33974,236,157,121
16961,33976,240,157,123
16962,33978,218,158,121
16963,33980,210,157,122
16964,33982,193,158,122
16965,33984,193,158,121
16966,33986,217,158,121
16967,33988,214,157,122
16968,33990,212,157,121
16969,33992,229,160,121
16970,33994,234,157,122
16971,33996,242,156,121
16972,33998,229,157,121
16973,34000,216,156,121
16974,34002,195,157,119
16975,34004,201,157,120
16976,34006,224,157,120
16977,34008,216,157,116
16978,34010,213,157,119
16979,34012,218,157,120
16980,34014,239,158,119
16981,34016,227,157,118
16982,34018,216,157,121
16983,34020,211,157,120
16984,34022,195,157,120
16985,34024,214,153,120
16986,34026,232,158,122
16987,34028,229,157,121
16988,34030,230,157,121
16989,34032,231,157,120
16990,34034,246,157,120
16991,34036,240,156,121
16992,34038,229,157,122
16993,34040,220,158,119
16994,34042,203,157,119
16995,34044,214,157,120
16996,34046,226,156,119
16997,34048,216,157,119
16998,34050,225,157,119
16999,34052,222,156,120
17000,34054,238,157,121
17001,34056,245,158,119
17002,34058,230,157,121
17003,34060,217,158,122
17004,34062,199,158,123
17005,34064,209,157,122
17006,34066,221,158,122
17007,34068,221,158,122
17008,34070,227,158,121
17009,34072,221,159,123
17010,34074,247,157,124
17011,34076,241,159,121
17012,34078,226,158,123
17013,34080,221,158,123
17014,34082,202,158,122
17015,34084,211,159,122
17016,34086,230,159,121
17017,34088,226,158,121
17018,34090,222,159,120
17019,34092,223,160,120
17020,34094,254,159,121
17021,34096,243,158,118
17022,34098,223,159,113
17023,34100,222,158,112
17024,34102,195,159,111
17025,34104,210,158,114
17026,34106,233,160,114
17027,34108,233,160,117
17028,34110,221,160,116
17029,34112,219,159,115
17030,34114,244,159,115
17031,34116,249,159,116
17032,34118,231,159,114
17033,34120,219,159,117
17034,34122,190,159,114
17035,34124,209,159,114
17036,34126,219,159,114
17037,34128,214,159,113
17038,34130,225,160,113
17039,34132,227,159,109
17040,34134,243,159,108
17041,34136,243,159,108
17042,34138,232,159,108
17043,34140,232,159,111
17044,34142,196,159,111
17045,34144,215,159,111
17046,34146,223,160,112
17047,34148,224,160,115
17048,34150,223,159,114
17049,34152,229,159,114
17050,34154,251,159,113
17051,34156,248,159,114
17052,34158,229,159,113
17053,34160,218,160,114
17054,34162,200,158,113
17055,34164,213,159,115
17056,34166,223,159,115
17057,34168,222,159,116
17058,34170,232,159,112
17059,34172,231,159,114
17060,34174,251,159,114
17061,34176,253,160,114
17062,34178,235,159,114
17063,34180,225,159,114
17064,34182,206,159,115
17065,34184,209,160,115
17066,34186,211,159,114
17067,34188,224,160,115
17068,34190,239,159,117
17069,34192,233,160,118
17070,34194,252,160,116
17071,34196,248,159,117
17072,34198,225,159,116
17073,34200,224,159,116
17074,34202,210,159,116
17075,34204,213,160,117
17076,34206,230,159,115
17077,34208,230,159,116
17078,34210,229,159,120
17079,34212,232,161,121
17080,34214,256,160,121
17081,34216,265,159,121
17082,34218,233,160,121
17083,34220,228,160,122
17084,34222,212,160,121
17085,34224,216,160,121
17086,34226,235,161,122
17087,34228,226,159,121
17088,34230,230,160,121
17089,34232,237,160,121
17090,34234,259,160,121
17091,34236,250,160,124
17092,34238,231,161,122
17093,34240,227,161,122
17094,34242,207,161,123
17095,34244,215,161,124
17096,34246,226,160,123
17097,34248,239,161,123
17098,34250,224,161,124
17099,34252,234,161,123
17100,34254,253,161,124
17101,34256,251,161,123
17102,34258,240,161,122
17103,34260,223,160,123
17104,34262,189,160,122
17105,34264,213,161,121
17106,34266,233,161,123
17107,34268,231,161,122
17108,34270,226,160,122
17109,34272,238,161,124
17110,34274,250,161,123
17111,34276,258,161,122
17112,34278,236,161,123
17113,34280,223,161,123
17114,34282,207,161,121
17115,34284,217,161,122
17116,34286,229,161,124
17117,34288,235,161,123
17118,34290,245,161,122
17119,34292,234,161,123
17120,34294,255,162,123
17121,34296,254,160,122
17122,34298,230,161,124
17123,34300,230,161,122
17124,34302,212,161,124
17125,34304,211,161,126
17126,34306,227,161,126
17127,34308,229,161,127
17128,34310,230,161,130
17129,34312,235,161,130
17130,34314,260,161,132
17131,34316,258,161,130
17132,34318,215,161,131
17133,34320,226,161,134
17134,34322,213,162,139
17135,34324,214,162,140
17136,34326,238,163,145
17137,34328,228,162,143
17138,34330,234,162,146
17139,34332,233,162,145
17140,34334,259,162,145
17141,34336,255,161,145
17142,34338,233,162,146
17143,34340,227,162,145
17144,34342,214,162,145
17145,34344,216,162,144
17146,34346,239,161,144
17147,34348,233,162,147
17148,34350,223,163,146
17149,34352,225,162,145
17150,34354,249,162,147
17151,34356,248,162,147
17152,34358,234,162,149
17153,34360,234,163,148
17154,34362,204,162,150
17155,34364,214,162,151
17156,34366,247,163,152
17157,34368,235,164,150
17158,34370,231,164,150
17159,34372,221,165,149
17160,34374,236,164,150
17161,34376,253,165,151
17162,34378,225,164,150
17163,34380,224,164,150
17164,34382,198,165,146
17165,34384,218,164,150
17166,34386,230,165,148
17167,34388,227,165,150
17168,34390,227,165,149
17169,34392,218,166,150
17170,34394,227,165,148
17171,34396,245,165,151
17172,34398,228,165,150
17173,34400,224,165,151
17174,34402,201,165,153
17175,34404,224,164,151
17176,34406,232,165,149
17177,34408,237,165,150
17178,34410,242,166,155
17179,34412,229,166,152
17180,34414,236,166,150
17181,34416,261,166,154
17182,34418,238,165,153
17183,34420,233,167,152
17184,34422,206,168,146
17185,34424,225,169,147
17186,34426,238,170,147
17187,34428,238,169,147
17188,34430,240,169,147
17189,34432,232,170,149
17190,34434,243,171,152
17191,34436,257,172,150
17192,34438,236,173,150
17193,34440,235,173,153
17194,34442,206,174,152
17195,34444,220,174,151
17196,34446,232,174,153
17197,34448,237,174,154
17198,34450,239,176,153
17199,34452,220,176,151
17200,34454,240,177,149
17201,34456,262,178,150
17202,34458,230,177,152
17203,34460,230,177,153
17204,34462,207,176,151
17205,34464,224,177,151
17206,34466,231,177,151
17207,34468,239,178,152
17208,34470,241,178,152
17209,34472,222,177,153
17210,34474,243,177,152
17211,34476,247,178,152
17212,34478,234,178,153
17213,34480,223,178,153
17214,34482,197,178,154
17215,34484,206,177,152
17216,34486,215,178,157
17217,34488,222,178,154
17218,34490,209,179,155
17219,34492,217,178,155
17220,34494,234,177,153
17221,34496,245,179,154
17222,34498,226,179,155
17223,34500,219,178,155
17224,34502,205,179,154
17225,34504,220,179,156
17226,34506,226,178,157
17227,34508,230,178,154
17228,34510,231,178,154
17229,34512,224,179,156
17230,34514,230,179,155
17231,34516,253,178,155
17232,34518,230,179,153
17233,34520,217,179,155
17234,34522,208,178,149
17235,34524,221,178,155
17236,34526,224,179,157
17237,34528,230,179,155
17238,34530,239,179,156
17239,34532,232,178,155
17240,34534,234,179,156
17241,34536,251,179,157
17242,34538,230,178,155
17243,34540,228,178,157
17244,34542,209,179,155
17245,34544,217,179,154
17246,34546,222,179,155
17247,34548,229,180,154
17248,34550,228,179,154
17249,34552,228,179,152
17250,34554,228,180,154
17251,34556,240,179,154
17252,34558,218,179,153
17253,34560,226,179,153
17254,34562,210,178,154
17255,34564,212,179,154
17256,34566,224,180,155
17257,34568,226,179,155
17258,34570,228,179,153
17259,34572,226,179,155
17260,34574,220,179,152
17261,34576,241,179,153
17262,34578,222,180,152
17263,34580,225,179,152
17264,34582,218,179,150
17265,34584,212,179,152
17266,34586,234,179,151
17267,34588,225,180,153
17268,34590,220,179,154
17269,34592,230,179,154
17270,34594,231,179,153
17271,34596,256,179,152
17272,34598,234,178,152
17273,34600,230,179,155
17274,34602,212,179,155
17275,34604,209,179,154
17276,34606,218,179,154
17277,34608,221,178,153
17278,34610,218,179,154
17279,34612,230,179,155
17280,34614,228,177,153
17281,34616,250,177,152
17282,34618,237,176,155
17283,34620,222,177,153
17284,34622,200,179,155
17285,34624,212,177,154
17286,34626,218,177,154
17287,34628,224,177,156
17288,34630,226,178,155
17289,34632,226,176,155
17290,34634,225,180,155
17291,34636,262,176,153
17292,34638,233,175,155
17293,34640,214,175,154
17294,34642,205,175,154
17295,34644,216,173,155
17296,34646,233,171,154
17297,34648,215,173,154
17298,34650,229,173,155
17299,34652,226,173,155
17300,34654,227,172,155
17301,34656,253,173,154
17302,34658,246,171,157
17303,34660,233,171,155
17304,34662,204,170,157
17305,34664,204,171,156
17306,34666,218,172,155
17307,34668,217,170,156
17308,34670,227,170,155
17309,34672,218,170,155
17310,34674,231,170,156
17311,34676,258,169,156
17312,34678,226,170,156
17313,34680,220,171,154
17314,34682,201,170,154
17315,34684,205,169,154
17316,34686,223,169,154
17317,34688,218,169,157
17318,34690,222,169,157
17319,34692,227,169,158
17320,34694,221,169,156
17321,34696,237,169,156
17322,34698,231,169,157
17323,34700,229,168,156
17324,34702,199,168,156
17325,34704,202,168,156
17326,34706,231,168,158
17327,34708,221,170,155
17328,34710,224,168,156
17329,34712,237,168,154
17330,34714,228,167,155
17331,34716,252,167,157
17332,34718,235,167,156
17333,34720,231,167,156
17334,34722,195,166,155
17335,34724,211,165,155
17336,34726,233,165,155
17337,34728,216,166,154
17338,34730,221,164,155
17339,34732,223,165,156
17340,34734,231,164,157
17341,34736,256,163,155
17342,34738,242,165,155
17343,34740,220,164,155
17344,34742,181,165,156
17345,34744,211,164,154
17346,34746,218,162,155
17347,34748,224,163,153
17348,34750,231,164,155
17349,34752,221,163,155
17350,34754,221,163,157
17351,34756,251,163,155
17352,34758,238,163,155
17353,34760,247,164,155
17354,34762,196,161,154
17355,34764,213,163,155
17356,34766,224,163,155
17357,34768,217,164,154
17358,34770,227,161,154
17359,34772,223,163,154
17360,34774,225,163,155
17361,34776,256,164,154
17362,34778,233,163,150
17363,34780,233,163,154
17364,34782,204,163,153
17365,34784,214,164,154
17366,34786,223,162,154
17367,34788,237,163,154
17368,34790,221,163,152
17369,34792,223,162,153
17370,34794,229,162,152
17371,34796,240,162,152
17372,34798,232,161,151
17373,34800,232,163,151
17374,34802,199,163,149
17375,34804,214,163,151
17376,34806,214,162,152
17377,34808,221,162,151
17378,34810,228,163,152
17379,34812,218,163,154
17380,34814,232,163,151
17381,34816,256,163,154
17382,34818,232,162,150
17383,34820,231,162,149
17384,34822,201,162,150
17385,34824,210,161,151
17386,34826,231,162,154
17387,34828,226,161,152
17388,34830,228,162,151
17389,34832,223,161,150
17390,34834,240,162,152
17391,34836,236,162,154
17392,34838,247,162,151
17393,34840,232,161,152
17394,34842,209,161,151
17395,34844,224,161,152
17396,34846,218,161,150
17397,34848,233,162,151
17398,34850,231,162,150
17399,34852,236,163,153
17400,34854,240,162,151
17401,34856,262,162,152
17402,34858,260,162,152
17403,34860,232,161,152
17404,34862,203,161,150
17405,34864,223,162,152
17406,34866,221,162,152
17407,34868,227,162,152
17408,34870,230,162,153
17409,34872,234,161,153
17410,34874,237,161,153
17411,34876,249,161,153
17412,34878,243,161,153
17413,34880,229,162,153
17414,34882,217,161,154
17415,34884,222,163,153
17416,34886,213,161,152
17417,34888,239,162,152
17418,34890,237,161,152
17419,34892,226,162,155
17420,34894,234,162,152
17421,34896,256,162,152
17422,34898,253,162,151
17423,34900,233,162,151
17424,34902,214,162,150
17425,34904,214,161,149
17426,34906,231,161,149
17427,34908,241,162,146
17428,34910,230,162,148
17429,34912,229,160,146
17430,34914,234,162,144
17431,34916,250,162,145
17432,34918,230,161,143
17433,34920,228,162,144
17434,34922,219,161,141
17435,34924,218,162,143
17436,34926,226,162,142
17437,34928,236,162,138
17438,34930,222,162,139
17439,34932,233,161,140
17440,34934,225,162,137
17441,34936,260,163,140
17442,34938,243,161,141
17443,34940,229,161,139
17444,34942,212,162,141
17445,34944,220,161,140
17446,34946,236,162,136
17447,34948,249,161,140
17448,34950,227,162,141
17449,34952,244,162,140
17450,34954,226,162,140
17451,34956,262,162,141
17452,34958,242,163,141
17453,34960,227,160,140
17454,34962,216,162,139
17455,34964,214,161,138
17456,34966,232,161,140
17457,34968,234,162,136
17458,34970,236,160,139
17459,34972,239,161,141
17460,34974,231,161,139
17461,34976,261,161,137
17462,34978,250,160,137
17463,34980,225,159,136
17464,34982,214,162,136
17465,34984,217,160,134
17466,34986,230,160,132
17467,34988,231,160,131
17468,34990,236,160,131
17469,34992,237,159,131
17470,34994,227,157,129
17471,34996,264,159,131
17472,34998,247,159,131
17473,35000,229,159,130
17474,35002,216,160,130
17475,35004,215,159,129
17476,35006,238,160,130
17477,35008,231,160,129
17478,35010,235,159,129
17479,35012,227,160,128
17480,35014,231,160,128
17481,35016,263,160,131
17482,35018,252,159,130
17483,35020,232,159,130
17484,35022,209,159,130
17485,35024,220,160,130
17486,35026,238,159,131
17487,35028,235,159,130
17488,35030,224,160,129
17489,35032,234,167,134
17490,35034,233,159,131
17491,35036,260,160,131
17492,35038,249,159,133
17493,35040,231,159,133
17494,35042,217,161,133
17495,35044,216,161,132
17496,35046,229,161,133
17497,35048,236,161,132
17498,35050,232,160,132
17499,35052,225,160,131
17500,35054,229,160,132
17501,35056,253,160,132
17502,35058,243,160,132
17503,35060,232,160,131
17504,35062,201,160,131
17505,35064,210,159,133
17506,35066,236,162,132
17507,35068,232,160,133
17508,35070,232,161,132
17509,35072,223,160,132
17510,35074,217,160,134
17511,35076,247,159,132
17512,35078,248,159,132
17513,35080,232,159,133
17514,35082,210,158,133
17515,35084,223,160,131
17516,35086,233,160,132
17517,35088,232,159,133
17518,35090,235,158,132
17519,35092,230,158,131
17520,35094,219,157,131
17521,35096,254,158,132
17522,35098,250,159,129
17523,35100,222,158,129
17524,35102,211,158,129
17525,35104,216,159,129
17526,35106,232,158,125
17527,35108,241,157,127
17528,35110,231,159,125
17529,35112,213,159,129
17530,35114,228,158,125
17531,35116,263,159,127
17532,35118,241,158,123
17533,35120,227,158,124
17534,35122,206,159,125
17535,35124,219,159,126
17536,35126,224,159,126
17537,35128,225,157,128
17538,35130,240,160,127
17539,35132,226,159,129
17540,35134,226,159,128
17541,35136,263,160,133
17542,35138,242,158,132
17543,35140,224,158,133
17544,35142,204,159,125
17545,35144,216,159,125
17546,35146,234,159,129
17547,35148,237,159,129
17548,35150,226,159,129
17549,35152,224,159,130
17550,35154,233,159,129
17551,35156,257,159,131
17552,35158,265,159,129
17553,35160,238,158,129
17554,35162,209,159,130
17555,35164,216,159,131
17556,35166,233,159,134
17557,35168,236,159,132
17558,35170,234,158,131
17559,35172,239,159,133
17560,35174,226,158,131
17561,35176,259,159,132
17562,35178,246,159,130
17563,35180,239,159,131
17564,35182,216,159,124
17565,35184,218,158,124
17566,35186,231,158,127
17567,35188,233,159,127
17568,35190,232,158,125
17569,35192,230,159,123
17570,35194,231,158,124
17571,35196,254,158,125
17572,35198,243,158,123
17573,35200,239,159,125
17574,35202,204,158,129
17575,35204,218,159,124
17576,35206,224,158,122
17577,35208,236,159,127
17578,35210,234,158,129
17579,35212,243,158,129
17580,35214,225,158,130
17581,35216,259,161,135
17582,35218,250,159,131
17583,35220,224,161,131
17584,35222,207,159,131
17585,35224,220,159,131
17586,35226,234,159,132
17587,35228,242,159,131
17588,35230,237,159,132
17589,35232,218,159,133
17590,35234,228,158,132
17591,35236,255,160,130
17592,35238,241,161,131
17593,35240,230,159,130
17594,35242,207,159,126
17595,35244,219,159,127
17596,35246,226,159,125
17597,35248,229,158,125
17598,35250,229,159,125
17599,35252,224,158,127
17600,35254,236,159,125
17601,35256,260,158,125
17602,35258,241,159,124
17603,35260,227,160,130
17604,35262,208,159,123
17605,35264,224,158,122
17606,35266,230,158,126
17607,35268,231,159,131
17608,35270,232,159,129
17609,35272,245,159,131
17610,35274,236,158,131
17611,35276,251,158,129
17612,35278,249,158,131
17613,35280,228,158,131
17614,35282,202,159,132
17615,35284,212,158,130
17616,35286,230,158,129
17617,35288,237,157,130
17618,35290,230,157,129
17619,35292,240,157,127
17620,35294,230,156,129
17621,35296,241,158,130
17622,35298,248,157,128
17623,35300,237,157,127
17624,35302,204,155,125
17625,35304,210,156,129
17626,35306,229,158,129
17627,35308,223,157,128
17628,35310,222,156,128
17629,35312,234,156,125
17630,35314,224,158,126
17631,35316,263,157,126
17632,35318,250,155,127
17633,35320,230,158,129
17634,35322,207,158,122
17635,35324,215,157,125
17636,35326,231,156,126
17637,35328,227,158,125
17638,35330,223,161,126
17639,35332,235,158,127
17640,35334,231,158,128
17641,35336,261,159,126
17642,35338,253,157,126
17643,35340,235,158,128
17644,35342,209,158,126
17645,35344,216,159,126
17646,35346,227,159,127
17647,35348,231,159,126
17648,35350,228,159,127
17649,35352,241,159,126
17650,35354,232,160,131
17651,35356,261,159,130
17652,35358,247,159,134
17653,35360,237,160,134
17654,35362,211,160,129
17655,35364,216,161,131
17656,35366,226,160,130
17657,35368,219,160,131
17658,35370,226,160,131
17659,35372,231,159,131
17660,35374,229,161,132
17661,35376,263,160,129
17662,35378,252,161,129
17663,35380,237,160,131
17664,35382,229,161,131
17665,35384,208,161,128
17666,35386,232,162,131
17667,35388,234,161,131
17668,35390,235,162,131
17669,35392,235,161,131
17670,35394,230,162,132
17671,35396,265,163,133
17672,35398,244,162,133
17673,35400,236,161,132
17674,35402,213,162,132
17675,35404,208,162,131
17676,35406,245,162,132
17677,35408,230,162,133
17678,35410,233,162,134
17679,35412,234,162,134
17680,35414,235,162,134
17681,35416,266,163,136
17682,35418,258,164,135
17683,35420,236,164,135
17684,35422,210,164,132
17685,35424,216,164,134
17686,35426,239,165,135
17687,35428,221,164,134
17688,35430,243,165,134
17689,35432,238,165,134
17690,35434,226,166,135
17691,35436,263,167,135
17692,35438,252,166,134
17693,35440,235,168,134
17694,35442,214,168,134
17695,35444,221,169,135
17696,35446,233,170,135
17697,35448,224,170,135
17698,35450,246,171,135
17699,35452,224,172,136
17700,35454,233,174,135
17701,35456,259,174,135
17702,35458,252,175,136
17703,35460,234,176,135
17704,35462,209,177,133
17705,35464,214,178,133
17706,35466,228,179,136
17707,35468,234,178,135
17708,35470,240,178,136
17709,35472,227,179,137
17710,35474,230,180,136
17711,35476,262,181,138
17712,35478,246,181,136
17713,35480,231,183,138
17714,35482,209,182,139
17715,35484,215,183,135
17716,35486,237,183,133
17717,35488,231,185,137
17718,35490,232,185,133
17719,35492,220,186,131
17720,35494,235,187,136
17721,35496,256,187,136
17722,35498,243,188,134
17723,35500,238,188,134
17724,35502,207,189,134
17725,35504,207,190,135
17726,35506,231,189,135
17727,35508,236,189,135
17728,35510,228,189,134
17729,35512,226,190,135
17730,35514,230,190,133
17731,35516,257,191,137
17732,35518,253,190,134
17733,35520,240,191,136
17734,35522,221,191,135
17735,35524,217,191,134
17736,35526,234,191,130
17737,35528,227,191,132
17738,35530,232,191,137
17739,35532,240,191,134
17740,35534,237,193,133
17741,35536,256,192,133
17742,35538,256,192,134
17743,35540,245,192,132
17744,35542,214,193,133
17745,35544,218,192,132
17746,35546,228,193,133
17747,35548,227,193,133
17748,35550,233,193,133
17749,35552,239,193,134
17750,35554,234,193,132
17751,35556,259,193,134
17752,35558,250,193,134
17753,35560,230,193,131
17754,35562,213,194,131
17755,35564,220,193,134
17756,35566,227,194,134
17757,35568,232,193,133
17758,35570,236,193,135
17759,35572,230,193,134
17760,35574,234,193,133
17761,35576,263,193,133
17762,35578,259,194,135
17763,35580,233,194,134
17764,35582,217,193,134
17765,35584,226,193,135
17766,35586,236,193,134
17767,35588,238,193,134
17768,35590,240,194,135
17769,35592,231,194,136
17770,35594,237,192,136
17771,35596,260,193,134
17772,35598,253,193,134
17773,35600,231,193,135
17774,35602,211,193,135
17775,35604,214,193,135
17776,35606,225,194,134
17777,35608,237,194,136
17778,35610,228,194,135
17779,35612,228,194,135
17780,35614,229,193,135
17781,35616,266,193,135
17782,35618,249,194,135
17783,35620,237,194,135
17784,35622,218,193,135
17785,35624,212,193,135
17786,35626,240,194,135
17787,35628,238,194,137
17788,35630,229,194,139
17789,35632,226,193,135
17790,35634,234,193,136
17791,35636,261,193,138
17792,35638,253,193,136
17793,35640,228,194,136
17794,35642,216,193,136
17795,35644,215,194,137
17796,35646,235,193,137
17797,35648,242,193,135
17798,35650,233,194,136
17799,35652,228,194,137
17800,35654,225,193,137
17801,35656,257,193,137
17802,35658,255,195,137
17803,35660,239,193,138
17804,35662,212,194,140
17805,35664,209,194,137
17806,35666,235,193,137
17807,35668,238,194,138
17808,35670,239,194,137
17809,35672,234,193,137
17810,35674,219,194,136
17811,35676,257,193,137
17812,35678,246,193,137
17813,35680,231,194,138
17814,35682,211,193,136
17815,35684,213,194,138
17816,35686,233,194,139
17817,35688,232,193,138
17818,35690,239,193,137
17819,35692,233,194,138
17820,35694,222,194,139
17821,35696,263,193,137
17822,35698,246,194,139
17823,35700,232,193,139
17824,35702,212,193,139
17825,35704,212,193,139
17826,35706,228,193,138
17827,35708,233,194,139
17828,35710,228,194,138
17829,35712,236,194,137
17830,35714,217,192,137
17831,35716,259,194,137
17832,35718,244,194,138
17833,35720,227,194,137
17834,35722,221,193,137
17835,35724,211,193,136
17836,35726,235,194,135
17837,35728,232,194,139
17838,35730,237,193,133
17839,35732,231,193,135
17840,35734,227,194,139
17841,35736,267,193,139
17842,35738,235,194,139
17843,35740,231,194,139
17844,35742,211,194,137
17845,35744,204,194,139
17846,35746,235,194,139
17847,35748,231,193,139
17848,35750,229,193,139
17849,35752,231,193,141
17850,35754,222,193,139
17851,35756,261,193,143
17852,35758,244,193,141
17853,35760,231,193,143
17854,35762,207,193,140
17855,35764,201,194,138
17856,35766,238,194,141
17857,35768,234,193,140
17858,35770,235,193,140
17859,35772,233,193,141
17860,35774,215,194,140
17861,35776,262,193,141
17862,35778,245,192,141
17863,35780,230,195,141
17864,35782,207,193,143
17865,35784,208,194,140
17866,35786,235,194,141
17867,35788,222,194,143
17868,35790,239,193,139
17869,35792,235,194,140
17870,35794,224,194,141
17871,35796,264,194,143
17872,35798,247,193,143
17873,35800,232,193,143
17874,35802,209,194,143
17875,35804,204,194,143
17876,35806,234,195,142
17877,35808,229,194,146
17878,35810,238,193,144
17879,35812,234,193,144
17880,35814,221,194,144
17881,35816,259,194,143
17882,35818,249,193,144
17883,35820,234,194,146
17884,35822,211,193,145
17885,35824,207,194,145
17886,35826,235,194,146
17887,35828,242,194,146
17888,35830,237,194,146
17889,35832,227,194,144
17890,35834,231,194,145
17891,35836,266,194,144
17892,35838,255,194,146
17893,35840,235,193,145
17894,35842,210,193,144
17895,35844,217,193,144
17896,35846,234,193,145
17897,35848,226,193,143
17898,35850,230,194,145
17899,35852,228,194,146
17900,35854,231,193,143
17901,35856,254,193,144
17902,35858,243,194,142
17903,35860,230,195,145
17904,35862,210,194,148
17905,35864,213,194,144
17906,35866,233,193,142
17907,35868,226,195,144
17908,35870,230,194,145
17909,35872,232,194,144
17910,35874,234,193,145
17911,35876,269,194,146
17912,35878,241,194,147
17913,35880,228,194,147
17914,35882,199,194,148
17915,35884,221,194,148
17916,35886,235,194,148
17917,35888,237,194,148
17918,35890,227,194,146
17919,35892,228,194,148
17920,35894,242,194,156
17921,35896,252,194,149
17922,35898,246,194,149
17923,35900,237,194,150
17924,35902,206,194,150
17925,35904,218,193,150
17926,35906,233,194,148
17927,35908,234,194,149
17928,35910,242,194,149
17929,35912,236,193,149
17930,35914,235,194,149
17931,35916,267,194,150
17932,35918,261,194,151
17933,35920,234,193,150
17934,35922,208,194,150
17935,35924,213,193,150
17936,35926,225,193,150
17937,35928,229,192,149
17938,35930,227,192,150
17939,35932,240,192,148
17940,35934,235,192,150
17941,35936,262,192,153
17942,35938,252,192,150
17943,35940,232,192,151
17944,35942,218,192,151
17945,35944,216,192,153
17946,35946,233,191,149
17947,35948,230,191,149
17948,35950,237,192,149
17949,35952,235,192,151
17950,35954,238,192,150
17951,35956,258,192,151
17952,35958,248,192,150
17953,35960,231,191,151
17954,35962,211,192,151
17955,35964,217,192,151
17956,35966,214,196,148
17957,35968,239,193,150
17958,35970,230,191,150
17959,35972,232,192,151
17960,35974,235,191,151
17961,35976,259,191,152
17962,35978,250,193,151
17963,35980,243,193,150
17964,35982,215,192,150
17965,35984,204,192,149
17966,35986,238,190,150
17967,35988,229,192,150
17968,35990,228,195,151
17969,35992,233,191,149
17970,35994,228,190,150
17971,35996,257,191,150
17972,35998,259,192,152
17973,36000,238,191,150
17974,36002,204,191,150
17975,36004,203,191,150
17976,36006,229,191,150
17977,36008,230,190,150
17978,36010,234,191,152
17979,36012,228,190,150
17980,36014,232,193,152
17981,36016,257,191,151
17982,36018,255,189,150
17983,36020,236,191,152
17984,36022,209,186,152
17985,36024,207,192,153
17986,36026,230,191,153
17987,36028,232,191,153
17988,36030,232,191,153
17989,36032,242,190,152
17990,36034,225,190,152
17991,36036,266,190,152
17992,36038,252,190,152
17993,36040,231,195,154
17994,36042,217,191,154
17995,36044,211,191,153
17996,36046,234,191,154
17997,36048,236,191,152
17998,36050,230,191,153
17999,36052,235,192,152
18000,36054,223,191,152
18001,36056,272,192,154
18002,36058,251,192,154
18003,36060,233,192,154
18004,36062,216,192,153
18005,36064,205,193,153
18006,36066,232,191,154
18007,36068,223,192,153
18008,36070,240,193,152
18009,36072,233,195,153
18010,36074,232,192,154
18011,36076,267,193,157
18012,36078,244,193,154
18013,36080,234,193,158
18014,36082,216,192,152
18015,36084,202,192,153
18016,36086,230,193,154
18017,36088,227,193,152
18018,36090,228,193,156
18019,36092,236,193,154
18020,36094,249,193,153
18021,36096,262,193,153
18022,36098,251,193,153
18023,36100,241,193,152
18024,36102,209,193,154
18025,36104,205,193,154
18026,36106,237,193,154
18027,36108,227,193,154
18028,36110,231,193,154
18029,36112,240,194,154
18030,36114,232,193,153
18031,36116,259,193,152
18032,36118,248,194,155
18033,36120,244,193,155
18034,36122,206,193,154
18035,36124,203,194,153
18036,36126,239,192,154
18037,36128,231,194,154
18038,36130,233,193,153
18039,36132,221,193,153
18040,36134,233,193,154
18041,36136,256,193,154
18042,36138,249,194,155
18043,36140,235,193,156
18044,36142,215,193,154
18045,36144,207,194,153
18046,36146,244,194,154
18047,36148,230,194,154
18048,36150,237,193,154
18049,36152,232,194,154
18050,36154,241,192,152
18051,36156,266,194,154
18052,36158,247,194,155
18053,36160,239,194,154
18054,36162,218,193,153
18055,36164,216,194,154
18056,36166,235,195,153
18057,36168,232,194,154
18058,36170,241,194,155
18059,36172,232,194,155
18060,36174,243,194,154
18061,36176,263,194,152
18062,36178,244,193,154
18063,36180,231,195,154
18064,36182,218,194,154
18065,36184,217,193,153
18066,36186,227,193,154
18067,36188,234,194,154
18068,36190,229,194,155
18069,36192,227,194,155
18070,36194,239,193,155
18071,36196,264,195,156
18072,36198,247,195,156
18073,36200,237,196,155
18074,36202,217,194,153
18075,36204,209,194,154
18076,36206,239,194,156
18077,36208,230,193,155
18078,36210,234,194,154
18079,36212,235,194,154
18080,36214,246,194,154
18081,36216,262,194,154
18082,36218,251,194,154
18083,36220,233,194,154
18084,36222,219,193,153
18085,36224,213,194,153
18086,36226,238,193,154
18087,36228,226,194,154
18088,36230,230,195,154
18089,36232,233,194,153
18090,36234,238,195,154
18091,36236,265,194,155
18092,36238,252,195,154
18093,36240,234,194,155
18094,36242,210,194,153
18095,36244,209,193,154
18096,36246,228,195,154
18097,36248,225,194,153
18098,36250,234,194,153
18099,36252,230,193,154
18100,36254,229,194,152
18101,36256,261,193,152
18102,36258,243,195,153
18103,36260,239,194,152
18104,36262,208,194,152
18105,36264,209,194,151
18106,36266,237,195,150
18107,36268,227,195,152
18108,36270,237,193,150
18109,36272,230,194,150
18110,36274,231,194,151
18111,36276,271,194,149
18112,36278,257,194,150
18113,36280,231,195,151
18114,36282,221,194,149
18115,36284,217,194,150
18116,36286,229,194,151
18117,36288,239,194,149
18118,36290,241,194,150
18119,36292,232,194,150
18120,36294,229,193,149
18121,36296,266,194,150
18122,36298,244,194,151
18123,36300,232,194,150
18124,36302,216,194,149
18125,36304,209,193,149
18126,36306,234,193,150
18127,36308,232,194,148
18128,36310,236,192,148
18129,36312,228,193,150
18130,36314,228,194,148
18131,36316,257,194,150
18132,36318,249,193,148
18133,36320,243,194,149
18134,36322,221,193,148
18135,36324,211,194,148
18136,36326,235,197,153
18137,36328,229,194,147
18138,36330,227,193,148
18139,36332,238,193,149
18140,36334,226,193,149
18141,36336,263,193,149
18142,36338,261,193,149
18143,36340,229,193,148
18144,36342,218,192,148
18145,36344,205,193,147
18146,36346,241,192,149
18147,36348,232,192,149
18148,36350,235,193,150
18149,36352,230,192,148
18150,36354,230,193,149
18151,36356,263,192,150
18152,36358,247,193,150
18153,36360,232,191,148
18154,36362,212,192,147
18155,36364,206,193,147
18156,36366,231,191,148
18157,36368,230,191,146
18158,36370,225,192,149
18159,36372,233,192,148
18160,36374,214,192,149
18161,36376,260,192,148
18162,36378,240,192,147
18163,36380,228,187,146
18164,36382,211,191,146
18165,36384,213,191,145
18166,36386,232,191,146
18167,36388,230,192,146
18168,36390,228,191,144
18169,36392,234,191,142
18170,36394,225,191,144
18171,36396,264,191,144
18172,36398,250,191,137
18173,36400,222,190,137
18174,36402,209,187,138
18175,36404,210,188,140
18176,36406,234,186,139
18177,36408,233,187,139
18178,36410,234,186,140
18179,36412,221,186,139
18180,36414,231,185,141
18181,36416,267,186,142
18182,36418,238,185,142
18183,36420,229,184,140
18184,36422,217,184,139
18185,36424,210,184,138
18186,36426,234,183,139
18187,36428,236,184,141
18188,36430,230,184,139
18189,36432,232,184,140
18190,36434,235,185,137
18191,36436,248,184,135
18192,36438,247,184,136
18193,36440,236,185,135
18194,36442,218,184,135
18195,36444,212,184,136
18196,36446,237,184,135
18197,36448,229,183,136
18198,36450,227,184,134
18199,36452,226,184,136
18200,36454,232,184,133
18201,36456,267,184,136
18202,36458,250,185,133
18203,36460,240,185,135
18204,36462,212,184,135
18205,36464,220,184,135
18206,36466,242,185,135
18207,36468,228,184,135
18208,36470,235,184,135
18209,36472,231,185,135
18210,36474,230,183,135
18211,36476,261,185,137
18212,36478,258,185,137
18213,36480,240,184,135
18214,36482,211,184,136
18215,36484,212,185,135
18216,36486,239,185,137
18217,36488,227,185,135
18218,36490,236,184,134
18219,36492,229,185,135
18220,36494,227,185,137
18221,36496,265,185,135
18222,36498,245,185,137
18223,36500,228,184,136
18224,36502,213,184,136
18225,36504,212,184,135
18226,36506,230,184,135
18227,36508,227,184,134
18228,36510,230,185,136
18229,36512,230,184,137
18230,36514,226,185,137
18231,36516,262,184,136
18232,36518,242,185,137
18233,36520,231,185,136
18234,36522,213,184,135
18235,36524,209,184,135
18236,36526,233,183,134
18237,36528,244,185,137
18238,36530,225,184,134
18239,36532,226,185,136
18240,36534,224,185,134
18241,36536,262,185,135
18242,36538,238,186,135
18243,36540,235,185,134
18244,36542,214,185,129
18245,36544,206,185,131
18246,36546,228,183,131
18247,36548,230,183,126
18248,36550,226,184,121
18249,36552,226,184,124
18250,36554,230,184,124
18251,36556,257,184,122
18252,36558,238,184,126
18253,36560,235,184,127
18254,36562,209,184,129
18255,36564,203,183,127
18256,36566,234,184,125
18257,36568,231,183,122
18258,36570,235,184,122
18259,36572,224,184,122
18260,36574,235,184,124
18261,36576,255,183,122
18262,36578,248,184,123
18263,36580,234,183,123
18264,36582,203,184,125
18265,36584,201,184,122
18266,36586,236,184,122
18267,36588,225,184,122
18268,36590,228,184,122
18269,36592,231,184,122
18270,36594,227,183,120
18271,36596,263,183,123
18272,36598,254,183,121
18273,36600,238,183,120
18274,36602,216,182,121
18275,36604,218,183,121
18276,36606,235,183,123
18277,36608,228,183,120
18278,36610,228,183,120
18279,36612,233,182,122
18280,36614,229,183,123
18281,36616,263,183,125
18282,36618,252,182,124
18283,36620,232,182,122
18284,36622,210,182,122
18285,36624,202,182,122
18286,36626,238,182,121
18287,36628,238,183,124
18288,36630,228,182,122
18289,36632,230,181,122
18290,36634,229,183,121
18291,36636,267,182,129
18292,36638,250,183,123
18293,36640,226,182,131
18294,36642,220,182,127
18295,36644,212,183,126
18296,36646,238,182,128
18297,36648,231,183,129
18298,36650,228,182,127
18299,36652,231,182,126
18300,36654,238,184,128
18301,36656,251,183,127
18302,36658,238,183,127
18303,36660,227,182,126
18304,36662,221,182,128
18305,36664,217,183,127
18306,36666,231,181,127
18307,36668,237,182,127
18308,36670,224,180,126
18309,36672,231,182,125
18310,36674,241,182,122
18311,36676,250,182,122
18312,36678,246,180,122
18313,36680,230,182,120
18314,36682,213,182,120
18315,36684,210,181,121
18316,36686,235,182,119
18317,36688,230,182,122
18318,36690,221,182,120
18319,36692,234,182,119
18320,36694,233,182,120
18321,36696,256,182,119
18322,36698,254,181,121
18323,36700,228,183,125
18324,36702,215,179,125
18325,36704,202,182,126
18326,36706,235,177,123
18327,36708,231,182,127
18328,36710,222,182,126
18329,36712,231,182,126
18330,36714,235,181,126
18331,36716,261,183,126
18332,36718,256,187,126
18333,36720,229,183,127
18334,36722,211,184,125
18335,36724,212,183,126
18336,36726,231,184,126
18337,36728,229,182,126
18338,36730,220,184,127
18339,36732,231,186,125
18340,36734,230,185,127
18341,36736,261,184,121
18342,36738,251,184,122
18343,36740,237,184,121
18344,36742,216,183,120
18345,36744,211,183,119
18346,36746,232,184,120
18347,36748,231,184,120
18348,36750,221,185,120
18349,36752,231,183,120
18350,36754,226,184,119
18351,36756,264,181,119
18352,36758,246,184,120
18353,36760,222,182,121
18354,36762,215,184,122
18355,36764,210,179,122
18356,36766,235,184,122
18357,36768,233,184,121
18358,36770,231,183,121
18359,36772,235,184,122
18360,36774,235,184,121
18361,36776,260,184,120
18362,36778,249,184,121
18363,36780,233,184,123
18364,36782,211,184,121
18365,36784,207,184,122
18366,36786,235,183,120
18367,36788,239,183,120
18368,36790,221,183,120
18369,36792,229,184,120
18370,36794,237,184,119
18371,36796,259,184,122
18372,36798,248,183,124
18373,36800,227,184,120
18374,36802,212,184,121
18375,36804,205,184,120
18376,36806,238,184,122
18377,36808,238,184,120
18378,36810,226,184,119
18379,36812,232,184,122
18380,36814,244,183,119
18381,36816,258,183,120
18382,36818,251,185,122
18383,36820,234,184,121
18384,36822,214,184,121
18385,36824,207,183,120
18386,36826,230,185,122
18387,36828,226,184,122
18388,36830,233,184,122
18389,36832,226,183,119
18390,36834,232,186,120
18391,36836,258,184,121
18392,36838,255,184,119
18393,36840,241,184,120
18394,36842,212,183,119
18395,36844,212,184,122
18396,36846,231,184,120
18397,36848,229,184,122
18398,36850,229,184,124
18399,36852,233,184,121
18400,36854,231,184,122
18401,36856,266,184,124
18402,36858,251,185,121
18403,36860,234,184,123
18404,36862,219,184,120
18405,36864,210,184,122
18406,36866,232,184,120
18407,36868,229,184,121
18408,36870,229,183,123
18409,36872,230,183,122
18410,36874,229,184,120
18411,36876,265,185,121
18412,36878,242,184,122
18413,36880,230,184,121
18414,36882,216,183,120
18415,36884,217,185,121
18416,36886,231,184,122
18417,36888,238,184,121
18418,36890,234,184,122
18419,36892,226,184,121
18420,36894,231,184,122
18421,36896,257,184,121
18422,36898,249,185,122
18423,36900,228,184,120
18424,36902,212,185,120
18425,36904,214,184,121
18426,36906,228,185,122
18427,36908,232,185,118
18428,36910,232,184,121
18429,36912,234,184,120
18430,36914,233,184,121
18431,36916,253,184,121
18432,36918,243,184,121
18433,36920,235,183,122
18434,36922,209,184,121
18435,36924,206,185,122
18436,36926,231,185,122
18437,36928,235,185,125
18438,36930,226,184,122
18439,36932,227,185,120
18440,36934,225,185,122
18441,36936,253,184,123
18442,36938,253,185,122
18443,36940,226,184,123
18444,36942,209,183,121
18445,36944,205,184,120
18446,36946,232,185,121
18447,36948,232,183,122
18448,36950,232,185,122
18449,36952,240,184,121
18450,36954,224,185,119
18451,36956,259,184,122
18452,36958,243,183,122
18453,36960,229,185,121
18454,36962,213,184,121
18455,36964,205,184,121
18456,36966,226,185,122
18457,36968,232,184,123
18458,36970,232,184,122
18459,36972,232,185,120
18460,36974,234,184,121
18461,36976,261,184,122
18462,36978,254,185,122
18463,36980,226,185,123
18464,36982,217,184,121
18465,36984,210,185,120
18466,36986,228,184,122
18467,36988,231,185,123
18468,36990,236,184,122
18469,36992,229,185,122
18470,36994,224,185,122
18471,36996,256,184,122
18472,36998,250,185,122
18473,37000,220,184,121
18474,37002,208,184,123
18475,37004,209,184,119
18476,37006,226,185,121
18477,37008,231,184,121
18478,37010,229,185,122
18479,37012,226,185,123
18480,37014,231,185,123
18481,37016,253,185,121
18482,37018,242,185,121
18483,37020,222,185,120
18484,37022,215,184,122
18485,37024,217,185,123
18486,37026,240,185,119
18487,37028,236,184,121
18488,37030,234,185,123
18489,37032,235,184,122
18490,37034,235,185,122
18491,37036,249,185,121
18492,37038,241,185,122
18493,37040,230,185,121
18494,37042,214,185,121
18495,37044,212,185,120
18496,37046,237,185,122
18497,37048,233,185,122
18498,37050,231,185,122
18499,37052,232,185,122
18500,37054,227,185,120
18501,37056,244,185,122
18502,37058,239,186,122
18503,37060,222,185,120
18504,37062,217,184,118
18505,37064,220,185,121
18506,37066,239,186,120
18507,37068,233,185,121
18508,37070,235,185,121
18509,37072,231,186,120
18510,37074,227,186,122
18511,37076,248,185,121
18512,37078,239,186,121
18513,37080,225,186,121
18514,37082,222,186,121
18515,37084,216,185,121
18516,37086,235,186,121
18517,37088,227,185,121
18518,37090,234,185,121
18519,37092,233,185,121
18520,37094,223,185,121
18521,37096,245,187,121
18522,37098,236,185,123
18523,37100,223,185,121
18524,37102,221,185,120
18525,37104,221,185,121
18526,37106,241,185,121
18527,37108,228,186,122
18528,37110,229,185,122
18529,37112,228,185,120
18530,37114,222,185,121
18531,37116,243,185,122
18532,37118,228,185,122
18533,37120,218,185,123
18534,37122,216,185,122
18535,37124,222,185,121
18536,37126,233,185,122
18537,37128,230,186,121
18538,37130,226,185,122
18539,37132,226,185,122
18540,37134,227,185,121
18541,37136,247,185,121
18542,37138,238,184,122
18543,37140,231,185,121
18544,37142,222,184,121
18545,37144,222,185,121
18546,37146,237,185,121
18547,37148,229,185,121
18548,37150,233,185,120
18549,37152,233,185,120
18550,37154,233,184,121
18551,37156,244,185,122
18552,37158,237,185,122
18553,37160,232,185,122
18554,37162,221,185,120
18555,37164,223,185,122
18556,37166,229,184,121
18557,37168,230,185,121
18558,37170,231,184,121
18559,37172,232,184,121
18560,37174,229,185,121
18561,37176,233,185,121
18562,37178,237,185,121
18563,37180,226,184,120
18564,37182,216,185,121
18565,37184,227,184,121
18566,37186,240,185,122
18567,37188,229,185,122
18568,37190,233,185,120
18569,37192,229,184,121
18570,37194,231,184,120
18571,37196,244,185,120
18572,37198,239,185,119
18573,37200,231,185,120
18574,37202,220,185,119
18575,37204,227,184,121
18576,37206,232,185,120
18577,37208,225,185,120
18578,37210,233,185,120
18579,37212,225,184,120
18580,37214,231,184,120
18581,37216,248,185,120
18582,37218,242,184,120
18583,37220,235,184,120
18584,37222,219,184,120
18585,37224,223,184,120
18586,37226,235,185,120
18587,37228,231,184,121
18588,37230,231,184,119
18589,37232,228,185,120
18590,37234,227,184,118
18591,37236,245,184,120
18592,37238,231,185,123
18593,37240,227,184,120
18594,37242,222,185,118
18595,37244,232,185,121
18596,37246,234,184,122
18597,37248,226,185,121
18598,37250,227,185,120
18599,37252,233,185,120
18600,37254,232,185,121
18601,37256,245,184,121
18602,37258,234,184,121
18603,37260,230,184,120
18604,37262,222,185,120
18605,37264,225,184,120
18606,37266,238,184,121
18607,37268,231,184,122
18608,37270,228,184,121
18609,37272,231,184,120
18610,37274,238,184,122
18611,37276,246,184,122
18612,37278,232,185,121
18613,37280,228,184,121
18614,37282,221,184,120
18615,37284,224,184,119
18616,37286,227,184,121
18617,37288,239,184,120
18618,37290,229,184,122
18619,37292,232,184,119
18620,37294,236,184,120
18621,37296,238,184,122
18622,37298,241,184,121
18623,37300,232,185,120
18624,37302,213,184,121
18625,37304,220,184,121
18626,37306,230,184,122
18627,37308,231,184,122
18628,37310,232,184,121
18629,37312,224,184,121
18630,37314,232,184,122
18631,37316,250,185,122
18632,37318,243,184,121
18633,37320,232,184,129
18634,37322,221,184,121
18635,37324,222,183,122
18636,37326,235,184,121
18637,37328,234,184,122
18638,37330,234,184,121
18639,37332,234,185,121
18640,37334,234,183,121
18641,37336,242,183,121
18642,37338,240,185,121
18643,37340,235,185,122
18644,37342,221,185,121
18645,37344,214,184,121
18646,37346,224,184,121
18647,37348,232,184,122
18648,37350,231,184,121
18649,37352,230,184,122
18650,37354,227,183,122
18651,37356,249,184,121
18652,37358,247,187,123
18653,37360,228,184,122
18654,37362,221,185,122
18655,37364,211,184,122
18656,37366,222,184,121
18657,37368,240,185,122
18658,37370,228,182,122
18659,37372,229,185,122
18660,37374,225,188,124
18661,37376,259,185,123
18662,37378,250,184,122
18663,37380,240,184,122
18664,37382,210,185,121
18665,37384,202,185,122
18666,37386,231,184,123
18667,37388,228,185,122
18668,37390,233,184,123
18669,37392,240,182,120
18670,37394,239,185,121
18671,37396,261,184,122
18672,37398,251,184,122
18673,37400,233,185,122
18674,37402,222,185,121
18675,37404,207,184,121
18676,37406,230,185,121
18677,37408,219,187,121
18678,37410,223,185,122
18679,37412,239,184,121
18680,37414,232,185,121
18681,37416,262,184,123
18682,37418,261,185,122
18683,37420,239,184,122
18684,37422,215,183,122
18685,37424,202,184,120
18686,37426,234,184,120
18687,37428,219,184,121
18688,37430,226,185,122
18689,37432,233,184,122
18690,37434,232,184,121
18691,37436,265,183,122
18692,37438,255,184,121
18693,37440,234,184,119
18694,37442,224,183,120
18695,37444,212,177,121
18696,37446,228,184,122
18697,37448,233,185,119
18698,37450,236,184,121
18699,37452,239,183,121
18700,37454,224,184,120
18701,37456,273,185,121
18702,37458,258,184,122
18703,37460,232,184,120
18704,37462,216,184,120
18705,37464,205,185,120
18706,37466,214,184,120
18707,37468,235,184,120
18708,37470,224,185,120
18709,37472,233,185,122
18710,37474,235,183,120
18711,37476,258,185,124
18712,37478,251,184,121
18713,37480,235,184,121
18714,37482,212,184,121
18715,37484,199,184,121
18716,37486,215,184,120
18717,37488,230,184,123
18718,37490,226,184,121
18719,37492,235,184,121
18720,37494,244,184,121
18721,37496,260,184,122
18722,37498,256,184,122
18723,37500,240,184,122
18724,37502,218,184,121
18725,37504,202,184,121
18726,37506,217,184,121
18727,37508,232,183,120
18728,37510,226,184,121
18729,37512,233,184,120
18730,37514,234,183,123
18731,37516,259,184,123
18732,37518,256,184,124
18733,37520,241,184,123
18734,37522,213,184,122
18735,37524,203,183,121
18736,37526,222,184,121
18737,37528,234,184,124
18738,37530,229,184,122
18739,37532,234,183,122
18740,37534,236,184,119
18741,37536,264,184,124
18742,37538,249,185,121
18743,37540,234,184,121
18744,37542,213,184,122
18745,37544,204,183,120
18746,37546,213,184,121
18747,37548,224,185,123
18748,37550,231,184,121
18749,37552,233,184,121
18750,37554,231,185,123
18751,37556,263,184,122
18752,37558,257,184,122
18753,37560,231,183,123
18754,37562,216,184,123
18755,37564,221,184,123
18756,37566,215,184,122
18757,37568,239,184,122
18758,37570,236,185,123
18759,37572,234,184,122
18760,37574,239,184,122
18761,37576,255,184,122
18762,37578,255,184,123
18763,37580,237,182,123
18764,37582,215,183,123
18765,37584,211,185,125
18766,37586,219,185,123
18767,37588,236,185,124
18768,37590,227,183,124
18769,37592,225,184,123
18770,37594,232,183,122
18771,37596,263,184,123
18772,37598,256,184,122
18773,37600,239,183,123
18774,37602,220,184,125
18775,37604,204,184,123
18776,37606,220,184,123
18777,37608,234,184,122
18778,37610,229,184,122
18779,37612,235,185,123
18780,37614,234,183,122
18781,37616,260,185,124
18782,37618,255,185,123
18783,37620,238,184,123
18784,37622,221,184,122
18785,37624,197,184,122
18786,37626,214,184,124
18787,37628,237,185,125
18788,37630,224,184,124
18789,37632,236,184,122
18790,37634,230,184,121
18791,37636,257,184,123
18792,37638,260,185,122
18793,37640,241,184,123
18794,37642,216,184,122
18795,37644,206,184,123
18796,37646,212,184,122
18797,37648,230,184,125
18798,37650,234,184,124
18799,37652,233,184,124
18800,37654,228,185,122
18801,37656,254,184,126
18802,37658,263,185,123
18803,37660,239,184,124
18804,37662,217,185,123
18805,37664,211,185,124
18806,37666,209,184,122
18807,37668,229,185,125
18808,37670,236,185,123
18809,37672,229,184,123
18810,37674,230,185,121
18811,37676,259,185,123
18812,37678,257,185,124
18813,37680,231,184,123
18814,37682,224,184,125
18815,37684,209,185,124
18816,37686,213,185,122
18817,37688,235,185,124
18818,37690,233,184,122
18819,37692,236,184,124
18820,37694,234,184,123
18821,37696,257,185,124
18822,37698,256,185,125
18823,37700,227,184,123
18824,37702,222,185,124
18825,37704,208,183,123
18826,37706,217,183,122
18827,37708,230,185,124
18828,37710,232,184,123
18829,37712,237,185,123
18830,37714,226,184,122
18831,37716,260,184,123
18832,37718,255,184,122
18833,37720,236,184,123
18834,37722,220,184,124
18835,37724,206,184,124
18836,37726,215,185,124
18837,37728,231,184,124
18838,37730,233,184,124
18839,37732,237,184,125
18840,37734,230,184,125
18841,37736,259,184,125
18842,37738,256,184,126
18843,37740,243,185,123
18844,37742,221,185,124
18845,37744,198,184,124
18846,37746,218,184,125
18847,37748,234,185,124
18848,37750,226,184,125
18849,37752,245,188,125
18850,37754,237,185,125
18851,37756,255,185,125
18852,37758,254,185,124
18853,37760,228,185,125
18854,37762,220,185,127
18855,37764,207,184,122
18856,37766,212,184,123
18857,37768,230,183,126
18858,37770,231,185,123
18859,37772,230,184,123
18860,37774,222,185,124
18861,37776,252,184,124
18862,37778,254,185,124
18863,37780,229,184,125
18864,37782,225,185,124
18865,37784,203,184,124
18866,37786,213,184,125
18867,37788,233,184,122
18868,37790,229,184,123
18869,37792,239,185,125
18870,37794,228,184,123
18871,37796,253,185,127
18872,37798,261,187,124
18873,37800,233,186,124
18874,37802,223,185,123
18875,37804,205,184,124
18876,37806,211,184,123
18877,37808,227,184,125
18878,37810,239,185,124
18879,37812,229,185,123
18880,37814,234,184,123
18881,37816,258,184,125
18882,37818,252,185,124
18883,37820,230,186,124
18884,37822,227,184,125
18885,37824,202,185,123
18886,37826,216,184,123
18887,37828,234,185,125
18888,37830,225,185,124
18889,37832,227,185,124
18890,37834,238,183,125
18891,37836,252,185,125
18892,37838,248,185,125
18893,37840,233,185,125
18894,37842,227,184,124
18895,37844,201,185,123
18896,37846,211,185,122
18897,37848,231,185,123
18898,37850,227,185,124
18899,37852,233,185,124
18900,37854,210,185,123
18901,37856,250,184,122
18902,37858,253,185,124
18903,37860,242,185,125
18904,37862,223,185,122
18905,37864,204,185,125
18906,37866,220,185,123
18907,37868,235,184,126
18908,37870,231,185,125
18909,37872,233,185,126
18910,37874,226,185,124
18911,37876,244,185,126
18912,37878,254,185,125
18913,37880,238,185,124
18914,37882,224,185,124
18915,37884,203,185,123
18916,37886,220,185,125
18917,37888,232,186,125
18918,37890,230,185,125
18919,37892,237,185,124
18920,37894,232,184,126
18921,37896,256,185,124
18922,37898,258,185,125
18923,37900,235,185,124
18924,37902,221,185,121
18925,37904,216,184,123
18926,37906,219,185,125
18927,37908,226,184,125
18928,37910,229,184,123
18929,37912,232,186,125
18930,37914,234,184,125
18931,37916,263,186,126
18932,37918,251,184,125
18933,37920,236,185,125
18934,37922,221,185,126
18935,37924,210,184,125
18936,37926,218,184,123
18937,37928,228,186,126
18938,37930,231,185,127
18939,37932,243,184,124
18940,37934,230,183,125
18941,37936,260,185,127
18942,37938,252,187,125
18943,37940,250,185,125
18944,37942,222,185,127
18945,37944,192,184,126
18946,37946,218,184,126
18947,37948,229,184,125
18948,37950,227,184,130
18949,37952,221,185,125
18950,37954,235,185,128
18951,37956,253,184,123
18952,37958,256,185,124
18953,37960,240,184,124
18954,37962,210,184,123
18955,37964,203,184,125
18956,37966,214,184,123
18957,37968,236,184,122
18958,37970,237,184,124
18959,37972,229,184,123
18960,37974,232,184,123
18961,37976,257,183,123
18962,37978,249,183,122
18963,37980,241,184,124
18964,37982,223,183,123
18965,37984,207,184,125
18966,37986,215,183,124
18967,37988,227,183,123
18968,37990,227,184,121
18969,37992,237,184,122
18970,37994,236,183,121
18971,37996,254,184,123
18972,37998,254,183,122
18973,38000,235,184,122
18974,38002,224,184,122
18975,38004,206,183,118
18976,38006,215,184,120
18977,38008,235,184,120
18978,38010,233,184,121
18979,38012,233,183,119
18980,38014,233,184,122
18981,38016,257,184,119
18982,38018,263,183,123
18983,38020,255,184,123
18984,38022,223,183,122
18985,38024,207,183,120
18986,38026,213,182,122
18987,38028,230,183,121
18988,38030,234,183,121
18989,38032,229,183,121
18990,38034,238,183,120
18991,38036,260,183,122
18992,38038,254,183,120
18993,38040,237,183,120
18994,38042,223,182,121
18995,38044,211,183,121
18996,38046,211,182,120
18997,38048,230,184,122
18998,38050,227,184,120
18999,38052,227,183,120
19000,38054,242,181,120
19001,38056,260,184,119
19002,38058,250,184,120
19003,38060,238,183,121
19004,38062,223,183,121
19005,38064,210,184,120
19006,38066,216,186,120
19007,38068,234,184,121
19008,38070,225,183,120
19009,38072,231,183,120
19010,38074,234,184,122
19011,38076,259,184,123
19012,38078,255,180,122
19013,38080,234,184,120
19014,38082,224,183,121
19015,38084,204,184,121
19016,38086,218,183,121
19017,38088,230,184,122
19018,38090,216,184,121
19019,38092,232,184,120
19020,38094,235,184,121
19021,38096,253,182,121
19022,38098,268,184,122
19023,38100,234,184,121
19024,38102,223,183,119
19025,38104,188,183,119
19026,38106,215,184,121
19027,38108,230,184,122
19028,38110,225,184,120
19029,38112,230,184,123
19030,38114,224,183,120
19031,38116,254,183,120
19032,38118,257,184,122
19033,38120,227,183,122
19034,38122,226,183,121
19035,38124,207,184,122
19036,38126,215,183,121
19037,38128,230,185,120
19038,38130,230,183,121
19039,38132,232,184,121
19040,38134,229,182,120
19041,38136,259,184,122
19042,38138,249,183,120
19043,38140,235,184,121
19044,38142,223,183,121
19045,38144,215,184,122
19046,38146,211,184,122
19047,38148,235,183,123
19048,38150,233,184,121
19049,38152,234,183,121
19050,38154,223,183,120
19051,38156,258,184,121
19052,38158,250,184,122
19053,38160,236,184,121
19054,38162,225,183,121
19055,38164,210,183,122
19056,38166,210,183,121
19057,38168,232,184,121
19058,38170,227,184,121
19059,38172,231,184,119
19060,38174,227,183,120
19061,38176,258,184,121
19062,38178,254,184,121
19063,38180,229,183,121
19064,38182,226,183,120
19065,38184,206,183,119
19066,38186,218,184,122
19067,38188,226,183,120
19068,38190,226,183,121
19069,38192,233,183,121
19070,38194,232,184,121
19071,38196,255,183,119
19072,38198,254,184,122
19073,38200,240,184,122
19074,38202,228,184,121
19075,38204,200,183,121
19076,38206,213,183,120
19077,38208,231,183,122
19078,38210,225,183,120
19079,38212,242,184,121
19080,38214,230,183,120
19081,38216,255,184,121
19082,38218,255,183,120
19083,38220,249,184,121
19084,38222,221,183,120
19085,38224,201,184,120
19086,38226,213,183,121
19087,38228,224,184,122
19088,38230,230,183,121
19089,38232,231,184,121
19090,38234,229,183,124
19091,38236,244,183,120
19092,38238,250,184,122
19093,38240,246,184,122
19094,38242,228,184,122
19095,38244,207,184,122
19096,38246,216,183,121
19097,38248,238,183,119
19098,38250,234,184,122
19099,38252,230,184,119
19100,38254,224,184,123
19101,38256,260,183,122
19102,38258,259,184,122
19103,38260,234,183,121
19104,38262,229,184,119
19105,38264,211,184,120
19106,38266,233,183,121
19107,38268,245,183,119
19108,38270,241,183,122
19109,38272,226,183,121
19110,38274,212,183,122
19111,38276,262,183,121
19112,38278,251,184,121
19113,38280,229,184,123
19114,38282,221,184,123
19115,38284,197,183,121
19116,38286,227,183,121
19117,38288,227,182,122
19118,38290,235,184,123
19119,38292,236,183,122
19120,38294,228,184,120
19121,38296,254,184,121
19122,38298,249,184,122
19123,38300,233,183,122
19124,38302,225,184,120
19125,38304,209,183,123
19126,38306,219,183,121
19127,38308,228,183,121
19128,38310,244,183,120
19129,38312,246,183,121
19130,38314,233,184,122
19131,38316,258,184,122
19132,38318,256,184,122
19133,38320,238,184,121
19134,38322,215,184,121
19135,38324,211,183,120
19136,38326,222,184,121
19137,38328,238,184,123
19138,38330,245,183,121
19139,38332,229,183,121
19140,38334,236,183,121
19141,38336,249,183,122
19142,38338,251,184,122
19143,38340,232,183,124
19144,38342,219,183,121
19145,38344,209,183,121
19146,38346,221,184,122
19147,38348,227,182,122
19148,38350,228,182,122
19149,38352,230,183,120
19150,38354,228,184,122
19151,38356,252,184,122
19152,38358,252,183,119
19153,38360,230,182,121
19154,38362,220,183,122
19155,38364,211,184,120
19156,38366,216,183,122
19157,38368,226,185,123
19158,38370,235,184,122
19159,38372,234,183,122
19160,38374,223,183,120
19161,38376,244,183,122
19162,38378,249,183,121
19163,38380,243,183,121
19164,38382,233,183,121
19165,38384,213,183,123
19166,38386,213,183,121
19167,38388,237,183,122
19168,38390,247,183,120
19169,38392,233,182,121
19170,38394,235,182,120
19171,38396,258,182,121
19172,38398,251,182,119
19173,38400,225,182,120
19174,38402,224,182,119
19175,38404,201,181,119
19176,38406,216,182,120
19177,38408,236,183,122
19178,38410,224,182,122
19179,38412,223,182,118
19180,38414,226,182,119
19181,38416,252,182,121
19182,38418,248,182,120
19183,38420,224,181,122
19184,38422,222,181,119
19185,38424,206,181,121
19186,38426,210,182,118
19187,38428,236,182,121
19188,38430,228,181,120
19189,38432,238,182,119
19190,38434,230,181,119
19191,38436,262,180,118
19192,38438,245,181,118
19193,38440,232,181,119
19194,38442,227,181,116
19195,38444,205,180,117
19196,38446,217,181,118
19197,38448,236,181,118
19198,38450,226,181,118
19199,38452,239,181,118
19200,38454,234,181,117
19201,38456,248,180,118
19202,38458,255,177,117
19203,38460,223,177,118
19204,38462,225,177,116
19205,38464,205,178,117
19206,38466,212,177,117
19207,38468,224,176,115
19208,38470,226,176,114
19209,38472,236,178,114
19210,38474,233,176,117
19211,38476,246,177,114
19212,38478,262,176,117
19213,38480,224,174,117
19214,38482,217,176,115
19215,38484,202,176,114
19216,38486,193,176,115
19217,38488,235,176,114
19218,38490,218,175,117
19219,38492,233,175,114
19220,38494,236,174,113
19221,38496,257,174,115
19222,38498,259,173,113
19223,38500,230,175,114
19224,38502,223,173,115
19225,38504,203,173,116
19226,38506,214,173,114
19227,38508,235,172,116
19228,38510,227,172,116
19229,38512,230,172,117
19230,38514,236,171,116
19231,38516,253,171,118
19232,38518,257,172,118
19233,38520,232,171,116
19234,38522,224,171,116
19235,38524,201,170,117
19236,38526,212,170,116
19237,38528,227,169,115
19238,38530,240,169,115
19239,38532,225,169,115
19240,38534,220,168,114
19241,38536,250,168,115
19242,38538,247,169,117
19243,38540,226,168,115
19244,38542,228,168,116
19245,38544,197,169,117
19246,38546,214,169,117
19247,38548,222,169,117
19248,38550,226,169,118
19249,38552,229,169,118
19250,38554,228,169,119
19251,38556,260,168,117
19252,38558,253,167,116
19253,38560,236,168,116
19254,38562,222,167,117
19255,38564,192,168,117
19256,38566,217,168,118
19257,38568,221,167,117
19258,38570,232,169,116
19259,38572,235,168,118
19260,38574,216,169,117
19261,38576,255,168,119
19262,38578,256,169,117
19263,38580,239,168,117
19264,38582,225,168,122
19265,38584,204,168,118
19266,38586,221,168,116
19267,38588,235,169,119
19268,38590,243,169,118
19269,38592,228,169,117
19270,38594,225,168,117
19271,38596,260,169,119
19272,38598,248,167,117
19273,38600,236,168,118
19274,38602,221,168,119
19275,38604,205,168,115
19276,38606,207,169,117
19277,38608,221,168,117
19278,38610,239,168,121
19279,38612,230,168,117
19280,38614,232,169,116
19281,38616,257,168,110
19282,38618,259,168,115
19283,38620,240,168,116
19284,38622,233,168,112
19285,38624,211,168,115
19286,38626,210,168,114
19287,38628,232,168,115
19288,38630,230,168,114
19289,38632,226,167,114
19290,38634,233,169,119
19291,38636,263,169,117
19292,38638,256,169,116
19293,38640,243,168,116
19294,38642,230,168,115
19295,38644,209,169,118
19296,38646,213,168,114
19297,38648,242,170,114
19298,38650,228,169,115
19299,38652,223,168,113
19300,38654,236,169,114
19301,38656,254,169,113
19302,38658,250,169,114
19303,38660,240,168,112
19304,38662,233,169,114
19305,38664,199,169,111
19306,38666,212,168,116
19307,38668,226,169,114
19308,38670,224,169,116
19309,38672,226,169,119
19310,38674,237,169,118
19311,38676,260,168,116
19312,38678,254,168,118
19313,38680,232,169,118
19314,38682,224,167,118
19315,38684,202,169,116
19316,38686,217,169,118
19317,38688,228,168,117
19318,38690,225,169,116
19319,38692,228,168,125
19320,38694,237,168,117
19321,38696,254,169,122
19322,38698,254,168,117
19323,38700,242,169,117
19324,38702,225,170,116
19325,38704,196,170,116
19326,38706,208,169,117
19327,38708,223,169,117
19328,38710,219,169,117
19329,38712,228,169,116
19330,38714,229,169,119
19331,38716,254,169,118
19332,38718,257,169,115
19333,38720,226,169,119
19334,38722,225,169,117
19335,38724,208,169,119
19336,38726,211,169,117
19337,38728,220,169,118
19338,38730,226,168,119
19339,38732,224,169,118
19340,38734,235,170,119
19341,38736,262,169,119
19342,38738,265,169,118
19343,38740,235,169,117
19344,38742,233,169,118
19345,38744,200,169,118
19346,38746,206,170,118
19347,38748,229,169,117
19348,38750,224,169,119
19349,38752,227,170,119
19350,38754,220,168,119
19351,38756,252,169,120
19352,38758,257,169,119
19353,38760,236,169,119
19354,38762,229,171,118
19355,38764,205,170,118
19356,38766,207,169,119
19357,38768,238,170,120
19358,38770,225,169,120
19359,38772,227,169,118
19360,38774,224,169,120
19361,38776,254,169,119
19362,38778,259,169,121
19363,38780,229,170,119
19364,38782,230,169,119
19365,38784,206,168,119
19366,38786,212,169,119
19367,38788,227,170,119
19368,38790,223,169,119
19369,38792,230,169,119
19370,38794,220,169,118
19371,38796,252,170,118
19372,38798,255,170,119
19373,38800,231,169,121
19374,38802,229,169,119
19375,38804,201,169,121
19376,38806,216,169,118
19377,38808,227,168,118
19378,38810,217,169,118
19379,38812,234,170,119
19380,38814,239,169,116
19381,38816,248,168,119
19382,38818,254,169,120
19383,38820,240,164,121
19384,38822,231,169,120
19385,38824,207,170,121
19386,38826,208,170,120
19387,38828,228,170,118
19388,38830,229,170,122
19389,38832,229,170,120
19390,38834,232,170,122
19391,38836,246,170,120
19392,38838,257,169,120
19393,38840,231,169,122
19394,38842,234,169,121
19395,38844,199,170,120
19396,38846,217,170,121
19397,38848,228,169,120
19398,38850,231,170,121
19399,38852,229,169,121
19400,38854,217,169,120
19401,38856,238,170,119
19402,38858,255,171,122
19403,38860,244,170,120
19404,38862,234,171,120
19405,38864,202,172,123
19406,38866,216,175,122
19407,38868,236,172,123
19408,38870,228,174,120
19409,38872,227,172,121
19410,38874,227,173,123
19411,38876,244,173,124
19412,38878,257,173,125
19413,38880,231,174,121
19414,38882,229,176,122
19415,38884,204,176,122
19416,38886,216,178,122
19417,38888,230,177,123
19418,38890,228,176,122
19419,38892,228,176,122
19420,38894,230,177,122
19421,38896,236,177,123
19422,38898,252,176,122
19423,38900,233,176,123
19424,38902,227,177,124
19425,38904,197,177,124
19426,38906,224,177,124
19427,38908,223,178,124
19428,38910,223,179,124
19429,38912,228,179,127
19430,38914,229,179,124
19431,38916,231,179,123
19432,38918,257,179,124
19433,38920,238,179,124
19434,38922,227,179,124
19435,38924,201,180,122
19436,38926,221,180,123
19437,38928,229,180,123
19438,38930,241,178,124
19439,38932,232,180,125
19440,38934,229,180,124
19441,38936,232,181,125
19442,38938,254,182,126
19443,38940,227,181,124
19444,38942,229,182,126
19445,38944,217,182,124
19446,38946,220,181,125
19447,38948,227,181,124
19448,38950,236,182,124
19449,38952,233,182,126
19450,38954,230,182,126
19451,38956,241,182,125
19452,38958,255,183,126
19453,38960,235,184,123
19454,38962,229,183,124
19455,38964,213,183,124
19456,38966,223,183,125
19457,38968,229,183,128
19458,38970,237,183,124
19459,38972,232,183,125
19460,38974,234,183,125
19461,38976,243,183,125
19462,38978,255,183,123
19463,38980,237,183,125
19464,38982,227,183,123
19465,38984,213,183,123
19466,38986,226,183,123
19467,38988,236,182,125
19468,38990,227,183,124
19469,38992,224,183,125
19470,38994,233,184,126
19471,38996,235,183,124
19472,38998,256,183,127
19473,39000,236,184,125
19474,39002,228,185,126
19475,39004,201,184,126
19476,39006,223,183,126
19477,39008,234,185,126
19478,39010,227,183,126
19479,39012,228,184,125
19480,39014,232,184,125
19481,39016,230,183,125
19482,39018,258,183,125
19483,39020,239,184,124
19484,39022,227,183,125
19485,39024,215,183,124
19486,39026,224,183,125
19487,39028,227,183,126
19488,39030,235,183,124
19489,39032,238,184,124
19490,39034,237,184,125
19491,39036,230,185,125
19492,39038,258,184,126
19493,39040,236,184,123
19494,39042,228,184,125
19495,39044,209,184,124
19496,39046,216,183,124
19497,39048,223,184,124
19498,39050,230,184,125
19499,39052,243,184,125
19500,39054,221,184,125
19501,39056,227,184,125
19502,39058,258,183,126
19503,39060,222,184,126
19504,39062,226,184,125
19505,39064,208,184,124
19506,39066,217,183,124
19507,39068,227,183,123
19508,39070,248,183,126
19509,39072,237,182,125
19510,39074,225,184,126
19511,39076,228,183,126
19512,39078,256,183,125
19513,39080,230,182,125
19514,39082,228,182,126
19515,39084,214,182,126
19516,39086,216,183,126
19517,39088,230,183,127
19518,39090,236,183,125
19519,39092,237,182,123
19520,39094,233,183,126
19521,39096,233,183,124
19522,39098,253,183,124
19523,39100,225,183,125
19524,39102,227,182,126
19525,39104,209,182,125
19526,39106,212,182,125
19527,39108,223,181,126
19528,39110,219,183,126
19529,39112,228,182,128
19530,39114,237,183,126
19531,39116,233,183,126
19532,39118,257,183,124
19533,39120,233,183,124
19534,39122,232,181,123
19535,39124,199,183,124
19536,39126,220,181,124
19537,39128,237,182,124
19538,39130,234,182,125
19539,39132,237,182,125
19540,39134,227,182,125
19541,39136,233,182,125
19542,39138,260,182,125
19543,39140,239,182,125
19544,39142,233,182,125
19545,39144,199,181,124
19546,39146,215,182,123
19547,39148,226,181,125
19548,39150,229,181,122
19549,39152,235,181,124
19550,39154,223,182,123
19551,39156,230,182,124
19552,39158,263,180,124
19553,39160,243,182,124
19554,39162,233,181,124
19555,39164,205,181,125
19556,39166,217,181,124
19557,39168,229,182,124
19558,39170,231,181,125
19559,39172,238,181,124
19560,39174,220,181,125
19561,39176,233,181,123
19562,39178,258,182,125
19563,39180,241,182,125
19564,39182,231,182,124
19565,39184,204,181,124
19566,39186,215,181,125
19567,39188,229,183,125
19568,39190,231,182,125
19569,39192,235,182,125
19570,39194,224,182,126
19571,39196,230,182,125
19572,39198,254,182,124
19573,39200,241,182,125
19574,39202,235,182,124
19575,39204,204,182,123
19576,39206,220,183,125
19577,39208,233,183,126
19578,39210,233,182,126
19579,39212,227,182,125
19580,39214,237,182,126
19581,39216,237,182,124
19582,39218,260,183,126
19583,39220,245,182,125
19584,39222,231,183,125
19585,39224,203,182,124
19586,39226,222,182,125
19587,39228,231,183,125
19588,39230,232,182,125
19589,39232,223,181,125
19590,39234,234,183,125
19591,39236,232,182,125
19592,39238,253,182,126
19593,39240,244,183,127
19594,39242,234,182,125
19595,39244,196,183,125
19596,39246,222,182,124
19597,39248,229,181,125
19598,39250,227,182,125
19599,39252,229,181,125
19600,39254,235,182,125
19601,39256,237,183,126
19602,39258,257,183,126
19603,39260,248,183,125
19604,39262,232,182,125
19605,39264,202,183,126
19606,39266,222,182,124
19607,39268,229,183,127
19608,39270,230,183,123
19609,39272,233,182,126
19610,39274,226,182,125
19611,39276,239,183,126
19612,39278,259,184,125
19613,39280,248,183,126
19614,39282,235,183,124
19615,39284,209,182,123
19616,39286,224,183,125
19617,39288,220,183,124
19618,39290,230,183,125
19619,39292,229,183,125
19620,39294,232,183,128
19621,39296,236,183,126
19622,39298,256,182,126
19623,39300,241,183,125
19624,39302,233,182,127
19625,39304,209,183,126
19626,39306,217,183,127
19627,39308,234,183,127
19628,39310,230,183,125
19629,39312,224,183,124
19630,39314,230,183,123
19631,39316,238,183,125
19632,39318,254,184,129
19633,39320,246,183,125
19634,39322,235,183,126
19635,39324,208,182,126
19636,39326,216,183,125
19637,39328,226,183,126
19638,39330,234,183,126
19639,39332,240,183,127
19640,39334,236,183,127
19641,39336,235,183,127
19642,39338,262,183,128
19643,39340,246,183,124
19644,39342,242,183,126
19645,39344,217,183,126
19646,39346,215,183,127
19647,39348,228,183,125
19648,39350,226,182,127
19649,39352,222,182,127
19650,39354,237,184,126
19651,39356,224,182,125
19652,39358,255,184,126
19653,39360,240,183,126
19654,39362,230,183,125
19655,39364,207,184,127
19656,39366,212,184,126
19657,39368,234,184,127
19658,39370,224,183,126
19659,39372,227,183,127
19660,39374,242,184,127
19661,39376,225,184,131
19662,39378,256,183,126
19663,39380,249,184,130
19664,39382,232,183,127
19665,39384,217,184,126
19666,39386,215,184,124
19667,39388,227,184,125
19668,39390,240,185,127
19669,39392,235,184,125
19670,39394,236,184,125
19671,39396,234,184,127
19672,39398,259,182,126
19673,39400,256,184,125
19674,39402,226,184,125
19675,39404,206,184,125
19676,39406,213,184,125
19677,39408,222,184,126
19678,39410,227,184,125
19679,39412,239,184,125
19680,39414,225,184,125
19681,39416,228,185,126
19682,39418,262,183,126
19683,39420,248,184,126
19684,39422,230,185,125
19685,39424,202,184,126
19686,39426,215,184,125
19687,39428,229,184,125
19688,39430,231,185,126
19689,39432,226,184,126
19690,39434,230,184,128
19691,39436,231,184,126
19692,39438,257,185,126
19693,39440,244,183,127
19694,39442,231,185,126
19695,39444,206,184,124
19696,39446,217,185,126
19697,39448,233,182,127
19698,39450,226,185,126
19699,39452,228,184,125
19700,39454,231,185,127
19701,39456,237,185,127
19702,39458,261,185,127
19703,39460,248,185,127
19704,39462,231,185,125
19705,39464,197,185,125
19706,39466,213,185,127
19707,39468,235,186,127
19708,39470,223,186,125
19709,39472,246,185,127
19710,39474,235,185,127
19711,39476,225,188,128
19712,39478,246,185,127
19713,39480,246,184,127
19714,39482,230,185,128
19715,39484,208,185,123
19716,39486,218,186,127
19717,39488,237,186,128
19718,39490,223,185,129
19719,39492,245,185,128
19720,39494,225,185,128
19721,39496,230,186,127
19722,39498,257,186,128
19723,39500,249,183,126
19724,39502,232,185,128
19725,39504,204,181,128
19726,39506,222,185,127
19727,39508,233,185,127
19728,39510,238,185,129
19729,39512,238,185,126
19730,39514,243,185,127
19731,39516,235,185,128
19732,39518,264,185,130
19733,39520,245,185,128
19734,39522,231,185,128
19735,39524,204,185,127
19736,39526,226,186,128
19737,39528,222,185,127
19738,39530,234,185,128
19739,39532,239,185,127
19740,39534,230,185,128
19741,39536,233,185,128
19742,39538,253,186,128
19743,39540,243,185,128
19744,39542,235,185,128
19745,39544,205,185,128
19746,39546,218,185,127
19747,39548,234,186,128
19748,39550,234,186,128
19749,39552,234,186,127
19750,39554,229,187,125
19751,39556,237,186,127
19752,39558,256,186,129
19753,39560,251,186,127
19754,39562,234,186,127
19755,39564,218,186,126
19756,39566,217,185,127
19757,39568,233,186,128
19758,39570,234,186,127
19759,39572,241,185,129
19760,39574,234,186,128
19761,39576,236,186,126
19762,39578,259,186,127
19763,39580,248,186,126
19764,39582,233,185,128
19765,39584,212,186,127
19766,39586,223,185,127
19767,39588,235,186,130
19768,39590,233,186,127
19769,39592,242,185,126
19770,39594,243,186,129
19771,39596,232,185,127
19772,39598,258,186,128
19773,39600,251,185,127
19774,39602,229,186,128
19775,39604,207,186,129
19776,39606,222,186,128
19777,39608,228,186,126
19778,39610,231,186,128
19779,39612,236,185,127
19780,39614,235,186,128
19781,39616,230,186,129
19782,39618,262,185,128
19783,39620,242,186,128
19784,39622,232,186,128
19785,39624,207,185,129
19786,39626,228,185,130
19787,39628,224,186,128
19788,39630,238,186,129
19789,39632,238,187,130
19790,39634,240,185,127
19791,39636,235,186,129
19792,39638,261,186,130
19793,39640,248,186,130
19794,39642,226,186,130
19795,39644,215,186,130
19796,39646,219,186,128
19797,39648,234,186,131
19798,39650,238,186,131
19799,39652,232,186,130
19800,39654,224,186,130
19801,39656,229,187,133
19802,39658,260,187,136
19803,39660,241,186,134
19804,39662,234,186,139
19805,39664,210,186,137
19806,39666,224,186,137
19807,39668,233,187,138
19808,39670,238,186,138
19809,39672,237,186,137
19810,39674,222,186,139
19811,39676,231,186,140
19812,39678,259,186,141
19813,39680,246,187,142
19814,39682,236,186,141
19815,39684,208,187,141
19816,39686,219,187,143
19817,39688,230,187,143
19818,39690,231,188,143
19819,39692,232,188,143
19820,39694,240,188,141
19821,39696,227,189,139
19822,39698,257,179,145
19823,39700,241,189,143
19824,39702,236,190,143
19825,39704,203,190,141
19826,39706,223,192,143
19827,39708,228,191,145
19828,39710,230,191,143
19829,39712,241,193,142
19830,39714,242,193,143
19831,39716,232,194,146
19832,39718,260,194,147
19833,39720,250,194,148
19834,39722,240,194,146
19835,39724,213,193,144
19836,39726,220,194,145
19837,39728,242,194,150
19838,39730,240,194,151
19839,39732,237,194,149
19840,39734,233,193,150
19841,39736,239,192,153
19842,39738,270,193,151
19843,39740,276,193,149
19844,39742,248,193,151
19845,39744,246,192,150
19846,39746,247,192,150
19847,39748,252,192,148
19848,39750,242,192,153
19849,39752,227,191,155
19850,39754,238,191,155
19851,39756,214,192,158
19852,39758,245,192,162
19853,39760,222,193,162
19854,39762,215,192,160
19855,39764,206,193,161
19856,39766,217,192,162
19857,39768,229,197,163
19858,39770,220,197,161
19859,39772,215,199,161
19860,39774,216,201,162
19861,39776,207,201,162
19862,39778,248,201,162
19863,39780,232,201,163
19864,39782,220,202,162
19865,39784,198,201,163
19866,39786,212,202,166
19867,39788,228,202,165
19868,39790,233,202,166
19869,39792,229,203,168
19870,39794,218,202,165
19871,39796,218,203,167
19872,39798,247,203,169
19873,39800,239,203,168
19874,39802,228,203,167
19875,39804,192,204,167
19876,39806,219,203,167
19877,39808,236,202,168
19878,39810,232,202,168
19879,39812,233,201,169
19880,39814,233,203,169
19881,39816,230,201,169
19882,39818,263,201,170
19883,39820,255,200,172
19884,39822,235,200,171
19885,39824,204,200,171
19886,39826,213,200,173
19887,39828,227,199,175
19888,39830,223,199,174
19889,39832,241,198,176
19890,39834,230,199,173
19891,39836,227,198,174
19892,39838,265,199,176
19893,39840,256,199,177
19894,39842,242,198,174
19895,39844,203,196,175
19896,39846,216,194,177
19897,39848,225,192,183
19898,39850,207,190,181
19899,39852,214,191,182
19900,39854,212,194,181
19901,39856,216,196,183
19902,39858,248,193,181
19903,39860,228,194,182
19904,39862,220,193,181
19905,39864,195,190,181
19906,39866,205,187,184
19907,39868,209,187,182
19908,39870,215,185,179
19909,39872,214,184,180
19910,39874,220,183,175
19911,39876,216,183,177
19912,39878,249,183,177
19913,39880,245,182,177
19914,39882,221,182,176
19915,39884,201,182,179
19916,39886,205,183,177
19917,39888,214,183,177
19918,39890,221,186,178
19919,39892,221,185,179
19920,39894,223,188,180
19921,39896,226,191,183
19922,39898,248,191,183
19923,39900,243,193,184
19924,39902,228,194,186
19925,39904,191,196,189
19926,39906,201,199,190
19927,39908,218,202,195
19928,39910,216,207,202
19929,39912,210,205,205
19930,39914,230,206,204
19931,39916,234,209,208
19932,39918,253,212,205
19933,39920,239,214,209
19934,39922,243,218,209
19935,39924,194,222,216
19936,39926,212,228,213
19937,39928,226,230,217
19938,39930,231,231,214
19939,39932,234,235,220
19940,39934,237,236,223
19941,39936,283,237,230
19942,39938,318,237,231
19943,39940,311,239,231
19944,39942,287,241,226
19945,39944,216,243,230
19946,39946,225,244,235
19947,39948,244,245,237
19948,39950,233,245,238
19949,39952,244,246,236
19950,39954,225,246,240
19951,39956,229,246,237
19952,39958,268,245,236
19953,39960,255,244,243
19954,39962,235,244,245
19955,39964,207,244,244
19956,39966,234,242,238
19957,39968,233,244,238
19958,39970,233,244,239
19959,39972,233,243,236
19960,39974,239,243,243
19961,39976,238,243,239
19962,39978,251,243,242
19963,39980,252,241,239
19964,39982,224,242,237
19965,39984,217,242,237
19966,39986,222,242,229
19967,39988,225,241,225
19968,39990,226,241,224
19969,39992,229,242,223
19970,39994,227,242,220
19971,39996,242,240,220
19972,39998,259,240,218
19973,40000,250,239,217
19974,40002,242,240,220
19975,40004,235,239,218
19976,40006,222,239,212
19977,40008,241,237,215
19978,40010,238,235,211
19979,40012,236,236,210
19980,40014,245,236,205
19981,40016,244,236,203
19982,40018,299,236,203
19983,40020,301,234,195
19984,40022,280,235,198
19985,40024,264,234,197
19986,40026,241,234,200
19987,40028,254,234,197
19988,40030,252,233,196
19989,40032,249,231,194
19990,40034,258,231,195
19991,40036,255,229,196
19992,40038,290,228,193
19993,40040,307,229,198
19994,40042,297,227,193
19995,40044,283,226,192
19996,40046,283,226,194
19997,40048,292,225,193
19998,40050,221,226,199
19999,40052,220,225,195
20000,40054,228,225,193
20001,40056,219,225,190
20002,40058,236,225,191
20003,40060,240,226,193
20004,40062,209,225,194
20005,40064,180,225,195
20006,40066,192,225,196
20007,40068,216,225,195
20008,40070,207,224,193
20009,40072,211,224,195
20010,40074,208,224,195
20011,40076,209,225,197
20012,40078,243,224,196
20013,40080,229,225,198
20014,40082,204,224,195
20015,40084,185,224,197
20016,40086,193,225,199
20017,40088,195,224,198
20018,40090,206,224,198
20019,40092,208,225,199
20020,40094,193,225,201
20021,40096,200,225,202
20022,40098,230,225,204
20023,40100,232,225,204
20024,40102,201,225,203
20025,40104,183,226,201
20026,40106,192,226,207
20027,40108,273,227,207
20028,40110,281,227,206
20029,40112,274,227,205
20030,40114,277,227,204
20031,40116,286,227,206
20032,40118,298,228,208
20033,40120,290,229,208
20034,40122,264,228,208
20035,40124,248,228,205
20036,40126,250,227,207
20037,40128,272,230,209
20038,40130,272,229,206
20039,40132,277,229,203
20040,40134,275,229,203
20041,40136,284,229,205
20042,40138,297,229,206
20043,40140,290,228,202
20044,40142,273,228,204
20045,40144,268,227,204
20046,40146,272,227,204
20047,40148,284,228,204
20048,40150,292,227,205
20049,40152,286,226,209
20050,40154,291,226,207
20051,40156,281,226,208
20052,40158,307,225,205
20053,40160,295,225,205
20054,40162,277,225,205
20055,40164,252,225,204
20056,40166,253,226,205
20057,40168,209,225,204
20058,40170,223,225,202
20059,40172,229,229,200
20060,40174,224,224,198
20061,40176,215,224,200
20062,40178,254,224,197
20063,40180,245,223,194
20064,40182,220,223,194
20065,40184,205,224,194
20066,40186,199,223,191
20067,40188,214,223,191
20068,40190,213,223,191
20069,40192,215,223,188
20070,40194,211,223,187
20071,40196,205,223,185
20072,40198,240,222,184
20073,40200,239,221,181
20074,40202,211,221,171
20075,40204,185,222,166
20076,40206,195,220,164
20077,40208,216,220,161
20078,40210,209,220,169
20079,40212,213,216,164
20080,40214,207,215,166
20081,40216,207,216,168
20082,40218,238,215,163
20083,40220,222,213,161
20084,40222,208,213,158
20085,40224,192,214,158
20086,40226,193,212,159
20087,40228,216,210,163
20088,40230,207,210,159
20089,40232,215,210,162
20090,40234,208,209,163
20091,40236,213,209,163
20092,40238,241,210,162
20093,40240,225,209,163
20094,40242,206,209,160
20095,40244,184,209,161
20096,40246,180,207,160
20097,40248,205,208,160
20098,40250,202,206,159
20099,40252,206,207,159
20100,40254,199,204,159
20101,40256,209,204,162
20102,40258,220,203,160
20103,40260,224,202,162
20104,40262,207,201,160
20105,40264,177,200,159
20106,40266,180,200,160
20107,40268,200,200,161
20108,40270,198,198,161
20109,40272,206,199,159
20110,40274,196,197,157
20111,40276,197,197,159
20112,40278,221,194,158
20113,40280,214,193,158
20114,40282,195,192,158
20115,40284,176,192,158
20116,40286,182,192,155
20117,40288,200,192,153
20118,40290,193,191,154
20119,40292,209,191,159
20120,40294,209,191,157
20121,40296,206,191,152
20122,40298,235,191,154
20123,40300,229,190,153
20124,40302,204,190,154
20125,40304,198,189,156
20126,40306,205,190,155
20127,40308,206,190,155
20128,40310,213,189,155
20129,40312,206,188,155
20130,40314,210,186,155
20131,40316,196,184,157
20132,40318,231,185,156
20133,40320,222,183,156
20134,40322,202,184,155
20135,40324,177,182,155
20136,40326,186,181,153
20137,40328,199,182,154
20138,40330,204,178,157
20139,40332,203,178,156
20140,40334,194,178,154
20141,40336,193,178,154
20142,40338,232,178,155
20143,40340,220,178,156
20144,40342,199,177,155
20145,40344,183,178,155
20146,40346,195,178,155
20147,40348,204,178,156
20148,40350,211,177,154
20149,40352,200,178,155
20150,40354,207,178,154
20151,40356,215,177,152
20152,40358,242,177,149
20153,40360,229,176,141
20154,40362,210,175,140
20155,40364,190,175,141
20156,40366,196,174,140
20157,40368,211,173,139
20158,40370,215,173,138
20159,40372,211,172,138
20160,40374,212,173,139
20161,40376,210,173,138
20162,40378,229,173,145
20163,40380,228,174,145
20164,40382,212,173,146
20165,40384,189,171,142
20166,40386,198,171,142
20167,40388,212,171,143
20168,40390,212,171,144
20169,40392,206,170,142
20170,40394,213,170,142
20171,40396,208,171,143
20172,40398,236,171,145
20173,40400,231,171,144
20174,40402,210,170,145
20175,40404,185,169,139
20176,40406,197,170,140
20177,40408,213,169,137
20178,40410,217,169,136
20179,40412,215,168,137
20180,40414,221,168,138
20181,40416,214,168,134
20182,40418,235,168,135
20183,40420,229,168,135
20184,40422,217,167,134
20185,40424,190,166,139
20186,40426,198,166,134
20187,40428,208,166,134
20188,40430,215,165,132
20189,40432,207,164,131
20190,40434,212,165,134
20191,40436,203,166,134
20192,40438,238,165,133
20193,40440,240,164,134
20194,40442,205,164,134
20195,40444,185,164,132
20196,40446,186,163,132
20197,40448,202,161,131
20198,40450,206,160,129
20199,40452,198,158,128
20200,40454,205,159,124
20201,40456,194,159,125
20202,40458,231,153,125
20203,40460,218,154,125
20204,40462,198,154,120
20205,40464,180,153,122
20206,40466,181,153,121
20207,40468,202,153,119
20208,40470,201,152,121
20209,40472,202,152,120
20210,40474,202,153,121
20211,40476,202,151,122
20212,40478,227,151,123
20213,40480,205,152,124
20214,40482,186,151,124
20215,40484,165,150,125
20216,40486,159,150,127
20217,40488,184,151,126
20218,40490,186,150,127
20219,40492,176,149,123
20220,40494,180,149,112
20221,40496,171,150,109
20222,40498,206,148,109
20223,40500,191,150,113
20224,40502,185,150,108
20225,40504,160,149,114
20226,40506,158,149,110
20227,40508,188,147,114
20228,40510,177,149,111
20229,40512,181,149,112
20230,40514,187,149,114
20231,40516,185,148,113
20232,40518,218,149,113
20233,40520,199,148,112
20234,40522,186,148,111
20235,40524,158,147,113
20236,40526,165,147,112
20237,40528,192,147,113
20238,40530,169,147,112
20239,40532,181,147,111
20240,40534,186,148,110
20241,40536,178,148,114
20242,40538,215,148,111
20243,40540,203,148,110
20244,40542,189,148,110
20245,40544,174,148,110
20246,40546,160,147,112
20247,40548,190,148,110
20248,40550,175,147,109
20249,40552,191,148,114
20250,40554,193,147,112
20251,40556,183,146,112
20252,40558,216,147,110
20253,40560,197,146,112
20254,40562,180,147,111
20255,40564,161,147,111
20256,40566,155,146,108
20257,40568,192,146,100
20258,40570,182,147,99
20259,40572,186,146,104
20260,40574,184,145,107
20261,40576,184,146,108
20262,40578,208,146,108
20263,40580,178,146,107
20264,40582,160,146,106
20265,40584,93,146,105
20266,40586,96,145,105
20267,40588,123,146,105
20268,40590,125,145,103
20269,40592,129,146,104
20270,40594,131,146,105
20271,40596,134,146,102
20272,40598,166,146,104
20273,40600,151,146,102
20274,40602,144,147,105
20275,40604,111,146,105
20276,40606,101,146,107
20277,40608,210,147,107
20278,40610,198,147,106
20279,40612,197,147,104
20280,40614,202,146,106
20281,40616,208,148,102
20282,40618,227,147,103
20283,40620,215,147,104
20284,40622,222,147,105
20285,40624,187,147,103
20286,40626,186,147,105
20287,40628,206,147,104
20288,40630,197,147,103
20289,40632,175,148,103
20290,40634,174,148,99
20291,40636,189,147,101
20292,40638,118,147,102
20293,40640,117,148,101
20294,40642,104,147,101
20295,40644,65,148,100
20296,40646,80,146,101
20297,40648,102,147,104
20298,40650,96,147,103
20299,40652,96,147,104
20300,40654,90,147,104
20301,40656,104,146,105
20302,40658,126,146,103
20303,40660,118,147,104
20304,40662,99,146,102
20305,40664,63,145,104
20306,40666,72,144,102
20307,40668,96,144,104
20308,40670,87,142,103
20309,40672,91,144,106
20310,40674,96,143,101
20311,40676,97,141,103
20312,40678,127,144,103
20313,40680,122,143,101
20314,40682,92,142,100
20315,40684,66,143,101
20316,40686,69,143,101
20317,40688,85,143,101
20318,40690,92,142,102
20319,40692,91,142,101
20320,40694,93,141,100
20321,40696,104,142,100
20322,40698,132,142,104
20323,40700,122,143,100
20324,40702,96,142,103
20325,40704,72,142,99
20326,40706,73,142,100
20327,40708,100,142,100
20328,40710,113,143,100
20329,40712,90,143,98
20330,40714,102,143,99
20331,40716,109,143,98
20332,40718,133,143,99
20333,40720,112,143,97
20334,40722,111,143,99
20335,40724,80,143,98
20336,40726,70,143,95
20337,40728,93,143,96
20338,40730,100,142,98
20339,40732,92,143,97
20340,40734,102,143,96
20341,40736,107,143,99
20342,40738,124,143,99
20343,40740,123,143,97
20344,40742,101,143,98
20345,40744,71,143,95
20346,40746,74,143,97
20347,40748,90,143,96
20348,40750,96,143,98
20349,40752,93,143,96
20350,40754,103,143,96
20351,40756,109,144,98
20352,40758,132,143,98
20353,40760,125,143,97
20354,40762,106,143,94
20355,40764,76,143,95
20356,40766,77,143,94
20357,40768,100,143,93
20358,40770,103,143,93
20359,40772,102,143,92
20360,40774,107,143,92
20361,40776,106,143,92
20362,40778,137,142,93
20363,40780,126,143,92
20364,40782,101,143,92
20365,40784,78,142,92
20366,40786,79,142,91
20367,40788,102,143,93
20368,40790,97,143,92
20369,40792,105,140,93
20370,40794,109,143,94
20371,40796,95,143,94
20372,40798,136,143,92
20373,40800,122,142,92
20374,40802,96,142,94
20375,40804,80,142,93
20376,40806,72,143,94
20377,40808,95,142,93
20378,40810,105,145,94
20379,40812,99,142,93
20380,40814,101,141,93
20381,40816,102,142,93
20382,40818,138,142,94
20383,40820,108,143,92
20384,40822,95,143,89
20385,40824,82,142,91
20386,40826,66,143,91
20387,40828,95,143,92
20388,40830,95,142,91
20389,40832,88,143,91
20390,40834,96,143,92
20391,40836,94,141,92
20392,40838,117,142,93
20393,40840,114,143,93
20394,40842,104,143,91
20395,40844,77,142,90
20396,40846,67,142,90
20397,40848,105,143,93
20398,40850,92,142,90
20399,40852,94,142,89
20400,40854,92,141,88
20401,40856,89,141,88
20402,40858,130,141,89
20403,40860,111,141,88
20404,40862,101,141,89
20405,40864,71,141,89
20406,40866,69,139,88
20407,40868,102,141,88
20408,40870,95,141,89
20409,40872,100,141,89
20410,40874,91,140,89
20411,40876,91,142,88
20412,40878,129,142,90
20413,40880,118,141,90
20414,40882,102,142,91
20415,40884,75,141,92
20416,40886,74,141,93
20417,40888,104,141,93
20418,40890,94,142,91
20419,40892,108,141,94
20420,40894,100,142,95
20421,40896,92,142,95
20422,40898,137,142,97
20423,40900,117,142,97
20424,40902,98,142,95
20425,40904,77,141,98
20426,40906,76,143,94
20427,40908,96,143,97
20428,40910,91,142,96
20429,40912,105,143,95
20430,40914,90,143,97
20431,40916,93,143,96
20432,40918,142,143,97
20433,40920,118,143,96
20434,40922,103,143,96
20435,40924,77,143,96
20436,40926,74,144,97
20437,40928,105,143,96
20438,40930,104,144,97
20439,40932,112,144,97
20440,40934,99,144,98
20441,40936,101,144,99
20442,40938,133,143,97
20443,40940,112,144,97
20444,40942,105,144,97
20445,40944,91,143,97
20446,40946,77,144,95
20447,40948,106,144,98
20448,40950,101,144,99
20449,40952,107,143,98
20450,40954,105,144,101
20451,40956,109,144,98
20452,40958,130,144,101
20453,40960,118,144,97
20454,40962,106,144,98
20455,40964,82,144,99
20456,40966,74,144,98
20457,40968,103,144,97
20458,40970,106,145,98
20459,40972,114,144,98
20460,40974,102,144,101
20461,40976,106,144,97
20462,40978,134,144,97
20463,40980,116,145,97
20464,40982,104,143,96
20465,40984,78,144,97
20466,40986,85,143,96
20467,40988,94,142,94
20468,40990,103,144,96
20469,40992,97,144,97
20470,40994,95,144,96
20471,40996,95,144,97
20472,40998,123,144,96
20473,41000,115,144,96
20474,41002,96,143,97
20475,41004,74,144,98
20476,41006,81,144,96
20477,41008,98,144,98
20478,41010,97,145,97
20479,41012,94,145,97
20480,41014,103,144,98
20481,41016,100,144,99
20482,41018,137,144,98
20483,41020,113,142,98
20484,41022,99,144,98
20485,41024,76,144,97
20486,41026,82,144,97
20487,41028,94,145,99
20488,41030,98,144,101
20489,41032,101,145,98
20490,41034,102,144,98
20491,41036,101,144,96
20492,41038,129,145,98
20493,41040,117,144,97
20494,41042,101,145,99
20495,41044,68,144,98
20496,41046,72,145,99
20497,41048,85,145,98
20498,41050,104,144,99
20499,41052,107,145,99
20500,41054,94,145,100
20501,41056,100,145,100
20502,41058,129,145,100
20503,41060,119,145,101
20504,41062,95,145,101
20505,41064,76,145,101
20506,41066,82,145,99
20507,41068,112,145,101
20508,41070,111,145,100
20509,41072,99,146,100
20510,41074,99,146,100
20511,41076,112,147,100
20512,41078,141,147,100
20513,41080,127,146,99
20514,41082,109,146,99
20515,41084,88,147,99
20516,41086,78,146,99
20517,41088,107,147,100
20518,41090,108,148,102
20519,41092,109,147,101
20520,41094,114,148,99
20521,41096,101,147,98
20522,41098,131,147,102
20523,41100,125,148,100
20524,41102,109,147,99
20525,41104,89,147,101
20526,41106,85,148,100
20527,41108,107,148,100
20528,41110,104,147,100
20529,41112,110,148,98
20530,41114,110,147,99
20531,41116,119,148,95
20532,41118,153,148,97
20533,41120,138,148,98
20534,41122,127,147,98
20535,41124,103,147,101
20536,41126,99,147,99
20537,41128,118,147,98
20538,41130,115,148,99
20539,41132,117,148,99
20540,41134,124,147,99
20541,41136,115,148,100
20542,41138,156,148,99
20543,41140,134,148,100
20544,41142,119,148,98
20545,41144,106,148,99
20546,41146,94,147,99
20547,41148,124,148,99
20548,41150,122,148,99
20549,41152,135,148,99
20550,41154,116,148,100
20551,41156,115,148,100
20552,41158,151,149,98
20553,41160,132,148,96
20554,41162,114,148,97
20555,41164,102,147,96
20556,41166,89,148,96
20557,41168,116,148,98
20558,41170,114,148,97
20559,41172,115,148,96
20560,41174,107,148,98
20561,41176,118,148,100
20562,41178,153,148,98
20563,41180,129,148,100
20564,41182,115,149,98
20565,41184,98,148,99
20566,41186,86,148,96
20567,41188,119,148,96
20568,41190,103,148,95
20569,41192,101,149,97
20570,41194,104,148,98
20571,41196,113,148,96
20572,41198,143,148,100
20573,41200,126,148,98
20574,41202,114,147,96
20575,41204,91,148,97
20576,41206,77,148,97
20577,41208,107,148,98
20578,41210,114,148,96
20579,41212,106,148,97
20580,41214,113,148,97
20581,41216,113,148,97
20582,41218,147,148,98
20583,41220,136,147,98
20584,41222,126,148,96
20585,41224,99,148,96
20586,41226,85,147,96
20587,41228,109,148,97
20588,41230,114,148,96
20589,41232,106,147,96
20590,41234,121,147,96
20591,41236,126,147,96
20592,41238,157,148,97
20593,41240,126,148,98
20594,41242,106,147,97
20595,41244,88,147,95
20596,41246,84,147,97
20597,41248,104,148,96
20598,41250,99,147,98
20599,41252,110,148,97
20600,41254,94,148,96
20601,41256,105,146,95
20602,41258,142,148,97
20603,41260,113,148,97
20604,41262,107,147,96
20605,41264,88,147,96
20606,41266,82,148,98
20607,41268,101,148,96
20608,41270,99,147,97
20609,41272,108,147,97
20610,41274,102,147,96
20611,41276,102,148,96
20612,41278,146,147,95
20613,41280,124,147,97
20614,41282,118,148,96
20615,41284,102,147,99
20616,41286,90,147,98
20617,41288,107,148,98
20618,41290,110,148,99
20619,41292,108,148,100
20620,41294,119,147,98
20621,41296,112,147,97
20622,41298,148,148,99
20623,41300,138,146,99
20624,41302,138,148,99
20625,41304,108,147,101
20626,41306,95,148,97
20627,41308,122,148,100
20628,41310,119,148,100
20629,41312,114,148,100
20630,41314,115,148,100
20631,41316,120,147,98
20632,41318,154,148,99
20633,41320,137,147,100
20634,41322,134,148,100
20635,41324,109,148,99
20636,41326,101,147,100
20637,41328,120,147,100
20638,41330,121,148,101
20639,41332,126,148,101
20640,41334,111,148,100
20641,41336,123,147,100
20642,41338,153,148,100
20643,41340,142,148,97
20644,41342,127,148,101
20645,41344,104,148,100
20646,41346,104,148,102
20647,41348,125,149,103
20648,41350,114,147,102
20649,41352,123,148,102
20650,41354,121,148,101
20651,41356,123,149,102
20652,41358,158,148,104
20653,41360,147,149,101
20654,41362,135,148,102
20655,41364,106,149,101
20656,41366,110,148,101
20657,41368,122,149,103
20658,41370,116,148,101
20659,41372,122,149,101
20660,41374,122,148,102
20661,41376,122,149,103
20662,41378,157,149,102
20663,41380,136,148,101
20664,41382,119,148,102
20665,41384,105,149,101
20666,41386,93,149,101
20667,41388,112,149,104
20668,41390,110,148,106
20669,41392,119,148,103
20670,41394,118,149,102
20671,41396,126,148,106
20672,41398,157,149,103
20673,41400,142,149,99
20674,41402,131,149,104
20675,41404,107,148,103
20676,41406,93,148,102
20677,41408,125,149,103
20678,41410,121,148,104
20679,41412,127,149,103
20680,41414,118,149,102
20681,41416,134,149,101
20682,41418,158,149,102
20683,41420,139,150,105
20684,41422,138,149,103
20685,41424,110,148,105
20686,41426,98,149,103
20687,41428,126,149,104
20688,41430,120,149,104
20689,41432,127,148,102
20690,41434,119,149,102
20691,41436,126,148,104
20692,41438,160,150,106
20693,41440,145,150,106
20694,41442,132,148,104
20695,41444,111,149,104
20696,41446,101,149,105
20697,41448,127,150,106
20698,41450,124,150,104
20699,41452,124,150,105
20700,41454,123,152,103
20701,41456,116,151,104
20702,41458,156,150,106
20703,41460,145,151,105
20704,41462,116,154,106
20705,41464,101,151,106
20706,41466,85,154,106
20707,41468,116,151,104
20708,41470,110,152,105
20709,41472,112,151,106
20710,41474,119,152,105
20711,41476,112,152,105
20712,41478,156,151,107
20713,41480,138,151,105
20714,41482,117,149,105
20715,41484,104,152,106
20716,41486,93,153,105
20717,41488,115,155,105
20718,41490,112,153,104
20719,41492,115,152,106
20720,41494,115,152,105
20721,41496,108,152,108
20722,41498,147,152,107
20723,41500,129,152,109
20724,41502,118,152,110
20725,41504,104,152,110
20726,41506,85,151,109
20727,41508,125,151,110
20728,41510,120,151,110
20729,41512,125,152,109
20730,41514,100,152,110
20731,41516,105,152,107
20732,41518,157,148,108
20733,41520,132,151,109
20734,41522,106,153,107
20735,41524,99,152,106
20736,41526,82,154,105
20737,41528,112,152,106
20738,41530,114,153,106
20739,41532,118,151,107
20740,41534,106,153,107
20741,41536,105,153,106
20742,41538,142,153,104
20743,41540,115,153,107
20744,41542,124,154,107
20745,41544,95,153,108
20746,41546,81,154,107
20747,41548,121,154,107
20748,41550,115,153,107
20749,41552,111,155,103
20750,41554,114,154,106
20751,41556,114,153,106
20752,41558,146,154,108
20753,41560,129,154,106
20754,41562,131,154,108
20755,41564,105,154,107
20756,41566,105,154,105
20757,41568,123,154,105
20758,41570,113,153,109
20759,41572,116,159,110
20760,41574,117,161,106
20761,41576,112,161,106
20762,41578,151,162,109
20763,41580,127,161,108
20764,41582,122,162,107
20765,41584,94,163,107
20766,41586,99,162,105
20767,41588,133,163,106
20768,41590,111,163,107
20769,41592,111,163,107
20770,41594,104,164,107
20771,41596,124,164,107
20772,41598,148,165,105
20773,41600,128,165,107
20774,41602,123,165,107
20775,41604,85,164,106
20776,41606,85,165,107
20777,41608,122,165,106
20778,41610,110,163,107
20779,41612,134,164,106
20780,41614,122,164,106
20781,41616,121,165,107
20782,41618,141,166,105
20783,41620,136,166,108
20784,41622,124,166,107
20785,41624,109,165,105
20786,41626,88,166,106
20787,41628,120,165,107
20788,41630,120,165,107
20789,41632,128,166,107
20790,41634,139,166,109
20791,41636,153,165,107
20792,41638,174,166,105
20793,41640,152,166,106
20794,41642,164,167,107
20795,41644,127,166,107
20796,41646,130,166,108
20797,41648,150,166,106
20798,41650,150,166,107
20799,41652,147,166,106
20800,41654,153,166,106
20801,41656,150,166,106
20802,41658,176,166,106
20803,41660,162,166,106
20804,41662,158,166,107
20805,41664,133,166,108
20806,41666,129,166,106
20807,41668,153,167,108
20808,41670,140,166,107
20809,41672,151,165,107
20810,41674,149,166,108
20811,41676,148,164,106
20812,41678,168,166,107
20813,41680,167,166,108
20814,41682,170,166,108
20815,41684,123,167,108
20816,41686,130,166,107
20817,41688,147,167,109
20818,41690,150,165,108
20819,41692,153,166,109
20820,41694,148,166,109
20821,41696,137,165,108
20822,41698,174,167,107
20823,41700,161,166,107
20824,41702,143,165,111
20825,41704,128,167,110
20826,41706,120,167,109
20827,41708,142,166,111
20828,41710,129,165,111
20829,41712,141,166,110
20830,41714,145,166,110
20831,41716,125,166,111
20832,41718,148,166,110
20833,41720,132,167,111
20834,41722,137,166,111
20835,41724,121,167,110
20836,41726,114,167,110
20837,41728,135,166,111
20838,41730,142,166,111
20839,41732,151,166,111
20840,41734,140,167,113
20841,41736,138,166,111
20842,41738,175,167,111
20843,41740,155,167,112
20844,41742,148,166,112
20845,41744,130,166,111
20846,41746,116,166,111
20847,41748,128,166,112
20848,41750,140,167,111
20849,41752,139,167,111
20850,41754,141,166,114
20851,41756,138,166,113
20852,41758,171,166,113
20853,41760,167,167,113
20854,41762,156,166,112
20855,41764,135,166,111
20856,41766,121,166,110
20857,41768,145,166,113
20858,41770,132,166,112
20859,41772,138,167,112
20860,41774,128,174,110
20861,41776,135,166,112
20862,41778,156,167,112
20863,41780,157,166,113
20864,41782,149,167,112
20865,41784,120,167,113
20866,41786,116,166,113
20867,41788,143,166,115
20868,41790,162,167,111
20869,41792,162,168,110
20870,41794,164,167,111
20871,41796,167,168,113
20872,41798,197,168,112
20873,41800,187,169,113
20874,41802,175,169,112
20875,41804,153,169,111
20876,41806,153,169,113
20877,41808,177,170,113
20878,41810,176,168,113
20879,41812,160,170,112
20880,41814,169,170,112
20881,41816,168,170,111
20882,41818,200,170,113
20883,41820,184,169,110
20884,41822,175,171,111
20885,41824,165,169,108
20886,41826,162,171,112
20887,41828,178,170,113
20888,41830,177,170,112
20889,41832,175,171,112
20890,41834,194,171,112
20891,41836,202,172,113
20892,41838,226,171,112
20893,41840,215,171,116
20894,41842,199,172,116
20895,41844,185,171,129
20896,41846,180,172,129
20897,41848,198,172,127
20898,41850,195,172,123
20899,41852,195,170,125
20900,41854,196,172,119
20901,41856,197,173,122
20902,41858,224,173,120
20903,41860,206,172,119
20904,41862,194,172,120
20905,41864,180,173,122
20906,41866,167,173,125
20907,41868,196,172,120
20908,41870,191,173,123
20909,41872,194,173,121
20910,41874,197,174,126
20911,41876,202,173,131
20912,41878,229,173,130
20913,41880,211,174,134
20914,41882,204,173,135
20915,41884,181,173,135
20916,41886,178,173,134
20917,41888,195,174,136
20918,41890,191,173,137
20919,41892,198,173,135
20920,41894,199,173,137
20921,41896,201,174,134
20922,41898,227,173,140
20923,41900,219,173,140
20924,41902,208,174,140
20925,41904,188,173,140
20926,41906,178,174,140
20927,41908,209,173,140
20928,41910,192,174,141
20929,41912,199,173,142
20930,41914,205,173,141
20931,41916,208,174,142
20932,41918,229,173,142
20933,41920,215,173,142
20934,41922,207,174,141
20935,41924,191,174,143
20936,41926,177,173,142
20937,41928,201,174,141
20938,41930,192,173,143
20939,41932,192,173,142
20940,41934,198,174,142
20941,41936,202,174,144
20942,41938,228,174,142
20943,41940,215,173,143
20944,41942,201,175,141
20945,41944,183,173,142
20946,41946,172,173,141
20947,41948,201,174,142
20948,41950,196,173,141
20949,41952,197,174,141
20950,41954,196,174,141
20951,41956,199,174,143
20952,41958,229,174,141
20953,41960,220,174,141
20954,41962,209,174,140
20955,41964,186,173,141
20956,41966,177,173,141
20957,41968,201,174,142
20958,41970,194,174,143
20959,41972,201,174,142
20960,41974,194,175,142
20961,41976,196,174,141
20962,41978,243,174,141
20963,41980,218,174,141
20964,41982,216,175,142
20965,41984,194,174,141
20966,41986,175,175,140
20967,41988,200,175,140
20968,41990,206,175,140
20969,41992,202,174,141
20970,41994,202,174,142
20971,41996,198,174,141
20972,41998,227,174,141
20973,42000,215,174,141
20974,42002,211,174,140
20975,42004,182,173,139
20976,42006,167,174,141
20977,42008,202,175,138
20978,42010,187,174,140
20979,42012,191,174,137
20980,42014,197,174,144
20981,42016,205,174,138
20982,42018,220,174,140
20983,42020,216,175,140
20984,42022,210,174,140
20985,42024,190,174,143
20986,42026,179,174,137
20987,42028,204,175,141
20988,42030,191,174,145
20989,42032,199,174,140
20990,42034,199,174,142
20991,42036,209,174,139
20992,42038,223,174,140
20993,42040,209,175,140
20994,42042,204,174,139
20995,42044,192,174,141
20996,42046,189,174,139
20997,42048,213,174,139
20998,42050,192,174,140
20999,42052,201,174,139
21000,42054,198,174,139
21001,42056,202,173,140
21002,42058,227,175,140
21003,42060,213,175,140
21004,42062,212,174,146
21005,42064,187,174,138
21006,42066,181,174,142
21007,42068,202,174,139
21008,42070,203,174,139
21009,42072,206,174,139
21010,42074,190,174,139
21011,42076,202,174,140
21012,42078,219,174,135
21013,42080,217,175,135
21014,42082,197,174,135
21015,42084,182,174,135
21016,42086,173,174,135
21017,42088,201,174,135
21018,42090,201,174,135
21019,42092,214,174,133
21020,42094,200,174,134
21021,42096,204,174,134
21022,42098,226,174,135
21023,42100,219,174,134
21024,42102,210,174,134
21025,42104,189,174,137
21026,42106,177,174,133
21027,42108,200,173,136
21028,42110,198,174,132
21029,42112,202,174,136
21030,42114,195,173,133
21031,42116,195,174,131
21032,42118,222,174,133
21033,42120,223,174,132
21034,42122,207,174,134
21035,42124,194,173,132
21036,42126,181,174,135
21037,42128,198,174,133
21038,42130,200,174,132
21039,42132,198,173,132
21040,42134,203,174,132
21041,42136,197,174,133
21042,42138,220,173,132
21043,42140,216,173,133
21044,42142,200,174,131
21045,42144,195,174,129
21046,42146,179,174,127
21047,42148,207,173,130
21048,42150,190,174,132
21049,42152,198,174,131
21050,42154,202,172,132
21051,42156,203,173,131
21052,42158,226,178,133
21053,42160,222,175,132
21054,42162,201,177,131
21055,42164,200,174,132
21056,42166,181,172,130
21057,42168,198,175,131
21058,42170,200,177,132
21059,42172,217,175,134
21060,42174,205,173,133
21061,42176,198,173,132
21062,42178,231,175,133
21063,42180,223,174,134
21064,42182,195,174,133
21065,42184,190,174,132
21066,42186,186,172,133
21067,42188,199,173,132
21068,42190,200,169,134
21069,42192,202,174,132
21070,42194,198,174,135
21071,42196,200,174,134
21072,42198,230,174,133
21073,42200,219,174,135
21074,42202,207,174,134
21075,42204,191,174,132
21076,42206,177,174,132
21077,42208,204,174,132
21078,42210,205,174,130
21079,42212,200,174,132
21080,42214,197,174,132
21081,42216,201,173,132
21082,42218,235,173,134
21083,42220,223,174,133
21084,42222,207,173,132
21085,42224,190,173,132
21086,42226,180,174,132
21087,42228,208,174,132
21088,42230,202,174,133
21089,42232,203,174,132
21090,42234,200,173,132
21091,42236,200,173,131
21092,42238,228,174,133
21093,42240,222,176,134
21094,42242,204,173,133
21095,42244,179,173,132
21096,42246,175,173,132
21097,42248,202,172,132
21098,42250,198,173,133
21099,42252,194,173,135
21100,42254,195,173,134
21101,42256,194,174,134
21102,42258,224,173,134
21103,42260,212,174,134
21104,42262,202,174,134
21105,42264,188,173,133
21106,42266,179,172,132
21107,42268,204,173,134
21108,42270,193,173,133
21109,42272,204,174,131
21110,42274,205,174,132
21111,42276,197,172,132
21112,42278,223,174,132
21113,42280,214,174,133
21114,42282,197,174,134
21115,42284,185,174,132
21116,42286,181,173,132
21117,42288,198,173,134
21118,42290,196,173,133
21119,42292,203,174,133
21120,42294,200,174,132
21121,42296,195,174,134
21122,42298,223,174,133
21123,42300,219,174,132
21124,42302,199,174,132
21125,42304,189,174,133
21126,42306,177,173,131
21127,42308,197,173,132
21128,42310,201,173,134
21129,42312,212,173,133
21130,42314,193,174,134
21131,42316,199,173,133
21132,42318,226,173,134
21133,42320,219,173,135
21134,42322,203,174,134
21135,42324,187,174,133
21136,42326,181,174,132
21137,42328,201,173,134
21138,42330,196,173,134
21139,42332,204,174,135
21140,42334,202,174,133
21141,42336,197,173,134
21142,42338,224,174,133
21143,42340,218,173,132
21144,42342,206,175,133
21145,42344,187,174,135
21146,42346,174,174,135
21147,42348,203,174,137
21148,42350,192,173,134
21149,42352,207,173,134
21150,42354,201,174,134
21151,42356,208,174,134
21152,42358,228,174,135
21153,42360,224,175,135
21154,42362,212,175,135
21155,42364,187,175,134
21156,42366,182,174,136
21157,42368,196,174,134
21158,42370,195,174,136
21159,42372,203,174,135
21160,42374,199,174,135
21161,42376,202,174,135
21162,42378,228,174,136
21163,42380,222,173,136
21164,42382,205,174,138
21165,42384,181,173,130
21166,42386,184,174,136
21167,42388,201,173,134
21168,42390,202,173,135
21169,42392,200,174,135
21170,42394,201,174,135
21171,42396,199,173,134
21172,42398,218,174,136
21173,42400,212,175,135
21174,42402,205,174,135
21175,42404,184,174,133
21176,42406,177,174,134
21177,42408,190,173,133
21178,42410,198,174,135
21179,42412,208,174,134
21180,42414,197,174,135
21181,42416,202,173,134
21182,42418,225,174,133
21183,42420,212,175,135
21184,42422,203,174,134
21185,42424,181,174,134
21186,42426,176,173,134
21187,42428,189,173,135
21188,42430,196,174,136
21189,42432,203,174,134
21190,42434,198,173,133
21191,42436,199,174,136
21192,42438,225,173,136
21193,42440,218,173,135
21194,42442,194,173,135
21195,42444,179,173,135
21196,42446,168,173,134
21197,42448,177,173,134
21198,42450,196,172,132
21199,42452,197,174,134
21200,42454,194,173,134
21201,42456,200,173,135
21202,42458,220,174,136
21203,42460,216,173,133
21204,42462,203,173,135
21205,42464,186,173,136
21206,42466,169,173,135
21207,42468,189,174,136
21208,42470,188,174,134
21209,42472,182,173,134
21210,42474,187,173,135
21211,42476,196,174,135
21212,42478,212,174,133
21213,42480,219,173,134
21214,42482,206,175,135
21215,42484,177,173,135
21216,42486,168,174,133
21217,42488,185,174,136
21218,42490,190,174,134
21219,42492,185,174,135
21220,42494,190,174,135
21221,42496,190,174,135
21222,42498,217,174,136
21223,42500,215,174,136
21224,42502,202,174,135
21225,42504,174,174,133
21226,42506,173,174,135
21227,42508,183,174,134
21228,42510,186,174,135
21229,42512,192,174,137
21230,42514,194,174,137
21231,42516,188,175,135
21232,42518,219,174,137
21233,42520,211,174,136
21234,42522,196,174,136
21235,42524,187,173,136
21236,42526,160,175,135
21237,42528,174,174,135
21238,42530,173,174,135
21239,42532,174,173,135
21240,42534,165,174,135
21241,42536,163,173,136
21242,42538,199,174,135
21243,42540,187,174,135
21244,42542,160,173,135
21245,42544,141,174,135
21246,42546,136,174,136
21247,42548,153,173,133
21248,42550,148,173,134
21249,42552,144,173,136
21250,42554,154,174,136
21251,42556,157,174,134
21252,42558,196,174,136
21253,42560,185,173,137
21254,42562,170,173,134
21255,42564,148,174,135
21256,42566,147,173,138
21257,42568,175,173,136
21258,42570,169,173,135
21259,42572,160,174,136
21260,42574,167,174,135
21261,42576,182,174,137
21262,42578,197,174,134
21263,42580,197,173,137
21264,42582,172,174,135
21265,42584,159,174,133
21266,42586,146,174,135
21267,42588,167,175,135
21268,42590,178,174,136
21269,42592,182,174,135
21270,42594,180,174,137
21271,42596,183,175,136
21272,42598,210,174,136
21273,42600,209,174,135
21274,42602,197,174,136
21275,42604,179,175,135
21276,42606,168,174,134
21277,42608,191,174,136
21278,42610,199,174,137
21279,42612,197,175,137
21280,42614,208,175,134
21281,42616,193,174,135
21282,42618,231,175,137
21283,42620,225,174,135
21284,42622,206,174,136
21285,42624,190,174,133
21286,42626,175,175,135
21287,42628,190,174,136
21288,42630,199,174,134
21289,42632,203,174,135
21290,42634,201,174,133
21291,42636,199,174,134
21292,42638,226,174,133
21293,42640,219,174,134
21294,42642,201,173,133
21295,42644,189,174,134
21296,42646,177,174,133
21297,42648,183,174,134
21298,42650,193,175,135
21299,42652,197,174,134
21300,42654,202,174,134
21301,42656,199,175,135
21302,42658,220,174,133
21303,42660,219,174,136
21304,42662,203,174,135
21305,42664,194,173,134
21306,42666,183,174,135
21307,42668,180,174,133
21308,42670,198,175,134
21309,42672,202,175,133
21310,42674,198,174,135
21311,42676,191,174,135
21312,42678,231,174,135
21313,42680,223,175,134
21314,42682,205,174,134
21315,42684,185,174,134
21316,42686,183,173,132
21317,42688,186,174,133
21318,42690,200,174,132
21319,42692,195,174,134
21320,42694,189,174,134
21321,42696,207,174,129
21322,42698,233,174,134
21323,42700,223,174,134
21324,42702,204,175,134
21325,42704,182,174,134
21326,42706,173,174,133
21327,42708,186,174,135
21328,42710,197,174,133
21329,42712,195,175,135
21330,42714,197,174,134
21331,42716,203,174,134
21332,42718,223,175,134
21333,42720,224,174,136
21334,42722,207,175,133
21335,42724,184,175,134
21336,42726,182,174,135
21337,42728,186,174,135
21338,42730,202,175,134
21339,42732,205,175,134
21340,42734,204,174,133
21341,42736,209,175,136
21342,42738,227,174,133
21343,42740,230,175,135
21344,42742,206,175,137
21345,42744,183,176,135
21346,42746,183,174,134
21347,42748,184,174,136
21348,42750,199,174,135
21349,42752,200,175,134
21350,42754,198,174,136
21351,42756,194,174,135
21352,42758,221,178,136
21353,42760,216,174,135
21354,42762,203,174,140
21355,42764,186,175,139
21356,42766,176,175,139
21357,42768,184,175,139
21358,42770,206,175,141
21359,42772,205,175,145
21360,42774,201,173,142
21361,42776,206,175,143
21362,42778,224,174,139
21363,42780,223,175,138
21364,42782,194,175,139
21365,42784,191,175,140
21366,42786,188,174,139
21367,42788,181,174,139
21368,42790,198,174,140
21369,42792,195,174,140
21370,42794,189,175,140
21371,42796,209,174,140
21372,42798,227,175,139
21373,42800,195,174,139
21374,42802,179,174,140
21375,42804,157,173,147
21376,42806,149,174,140
21377,42808,157,174,144
21378,42810,171,174,139
21379,42812,167,174,140
21380,42814,159,175,141
21381,42816,178,175,142
21382,42818,195,172,140
21383,42820,198,174,141
21384,42822,175,171,142
21385,42824,151,174,140
21386,42826,151,174,139
21387,42828,156,174,141
21388,42830,173,173,138
21389,42832,166,175,140
21390,42834,172,172,140
21391,42836,174,173,141
21392,42838,197,172,140
21393,42840,202,174,141
21394,42842,184,176,141
21395,42844,169,173,140
21396,42846,157,171,141
21397,42848,161,174,141
21398,42850,182,171,140
21399,42852,181,173,142
21400,42854,181,174,141
21401,42856,178,173,140
21402,42858,197,173,142
21403,42860,209,173,140
21404,42862,178,173,140
21405,42864,167,173,141
21406,42866,145,173,143
21407,42868,155,173,141
21408,42870,165,171,141
21409,42872,183,173,141
21410,42874,186,173,141
21411,42876,169,173,143
21412,42878,203,174,143
21413,42880,198,173,141
21414,42882,172,175,142
21415,42884,164,173,141
21416,42886,150,174,141
21417,42888,152,174,143
21418,42890,177,174,141
21419,42892,182,173,141
21420,42894,173,174,142
21421,42896,167,175,142
21422,42898,199,173,142
21423,42900,199,177,142
21424,42902,172,174,143
21425,42904,163,173,140
21426,42906,157,175,144
21427,42908,163,174,142
21428,42910,190,173,140
21429,42912,180,174,144
21430,42914,180,174,143
21431,42916,174,174,142
21432,42918,200,173,141
21433,42920,208,174,142
21434,42922,182,174,143
21435,42924,166,175,141
21436,42926,153,174,143
21437,42928,166,172,141
21438,42930,181,173,144
21439,42932,180,168,142
21440,42934,187,174,142
21441,42936,184,173,142
21442,42938,205,174,144
21443,42940,211,174,145
21444,42942,185,174,143
21445,42944,169,174,143
21446,42946,160,174,142
21447,42948,169,173,142
21448,42950,181,173,142
21449,42952,186,173,142
21450,42954,187,174,143
21451,42956,176,174,143
21452,42958,209,174,141
21453,42960,209,174,144
21454,42962,183,174,145
21455,42964,165,173,143
21456,42966,160,173,144
21457,42968,168,173,143
21458,42970,180,172,144
21459,42972,189,173,142
21460,42974,186,173,142
21461,42976,184,173,143
21462,42978,219,173,142
21463,42980,203,172,141
21464,42982,179,173,141
21465,42984,170,172,141
21466,42986,164,174,141
21467,42988,167,172,140
21468,42990,178,173,141
21469,42992,190,173,141
21470,42994,190,172,141
21471,42996,180,172,142
21472,42998,216,171,142
21473,43000,204,171,142
21474,43002,190,170,141
21475,43004,174,171,141
21476,43006,161,170,143
21477,43008,169,170,143
21478,43010,191,171,146
21479,43012,196,170,143
21480,43014,196,171,144
21481,43016,181,169,143
21482,43018,217,171,144
21483,43020,211,171,146
21484,43022,197,172,144
21485,43024,176,171,145
21486,43026,165,171,143
21487,43028,183,171,144
21488,43030,190,171,143
21489,43032,198,170,142
21490,43034,197,172,145
21491,43036,202,170,143
21492,43038,221,171,145
21493,43040,211,171,146
21494,43042,192,171,144
21495,43044,175,171,146
21496,43046,171,170,147
21497,43048,178,170,145
21498,43050,182,171,145
21499,43052,184,171,144
21500,43054,190,170,146
21501,43056,203,171,147
21502,43058,198,171,147
21503,43060,203,171,149
21504,43062,199,171,146
21505,43064,179,171,145
21506,43066,168,171,147
21507,43068,182,171,146
21508,43070,189,169,145
21509,43072,184,170,147
21510,43074,192,170,146
21511,43076,200,169,147
21512,43078,217,169,145
21513,43080,219,170,149
21514,43082,196,169,147
21515,43084,183,169,147
21516,43086,174,169,149
21517,43088,174,169,146
21518,43090,194,170,148
21519,43092,192,168,147
21520,43094,191,168,148
21521,43096,190,169,148
21522,43098,218,169,147
21523,43100,204,170,148
21524,43102,201,170,146
21525,43104,185,169,146
21526,43106,165,170,146
21527,43108,174,170,147
21528,43110,193,169,146
21529,43112,200,169,146
21530,43114,194,170,147
21531,43116,191,170,148
21532,43118,224,169,148
21533,43120,217,169,147
21534,43122,200,169,147
21535,43124,188,169,146
21536,43126,171,169,147
21537,43128,182,169,146
21538,43130,203,170,148
21539,43132,199,169,147
21540,43134,194,169,147
21541,43136,202,170,148
21542,43138,220,169,147
21543,43140,218,168,147
21544,43142,208,169,149
21545,43144,185,169,147
21546,43146,173,169,146
21547,43148,176,169,146
21548,43150,204,169,147
21549,43152,188,170,147
21550,43154,199,169,147
21551,43156,197,170,147
21552,43158,218,171,147
21553,43160,217,171,148
21554,43162,199,170,148
21555,43164,189,171,147
21556,43166,167,170,147
21557,43168,183,170,147
21558,43170,197,170,147
21559,43172,193,170,147
21560,43174,201,170,148
21561,43176,199,170,148
21562,43178,218,170,147
21563,43180,222,170,147
21564,43182,208,170,147
21565,43184,190,170,145
21566,43186,173,170,147
21567,43188,183,170,147
21568,43190,186,171,148
21569,43192,192,170,147
21570,43194,195,170,148
21571,43196,191,170,148
21572,43198,212,170,148
21573,43200,208,169,147
21574,43202,198,170,146
21575,43204,191,170,147
21576,43206,172,170,146
21577,43208,185,170,148
21578,43210,200,170,145
21579,43212,194,170,147
21580,43214,199,169,146
21581,43216,195,170,146
21582,43218,227,171,148
21583,43220,218,170,148
21584,43222,197,170,146
21585,43224,195,169,147
21586,43226,164,169,146
21587,43228,174,170,148
21588,43230,191,169,146
21589,43232,197,169,146
21590,43234,194,170,147
21591,43236,195,169,148
21592,43238,221,170,149
21593,43240,220,170,147
21594,43242,194,170,147
21595,43244,191,169,147
21596,43246,160,170,147
21597,43248,179,169,148
21598,43250,194,170,146
21599,43252,191,170,146
21600,43254,196,170,146
21601,43256,194,170,147
21602,43258,224,171,148
21603,43260,211,170,148
21604,43262,204,170,148
21605,43264,178,170,147
21606,43266,171,170,148
21607,43268,169,170,148
21608,43270,181,170,148
21609,43272,185,170,147
21610,43274,185,170,149
21611,43276,195,170,150
21612,43278,213,171,148
21613,43280,210,169,147
21614,43282,194,170,149
21615,43284,188,171,148
21616,43286,155,171,148
21617,43288,176,170,148
21618,43290,188,170,150
21619,43292,183,170,148
21620,43294,187,172,148
21621,43296,191,170,149
21622,43298,212,171,149
21623,43300,211,170,148
21624,43302,185,171,148
21625,43304,184,171,149
21626,43306,166,171,149
21627,43308,170,171,147
21628,43310,174,170,148
21629,43312,177,171,148
21630,43314,192,171,150
21631,43316,196,171,147
21632,43318,215,171,148
21633,43320,213,171,148
21634,43322,193,171,147
21635,43324,182,171,148
21636,43326,159,171,147
21637,43328,173,171,148
21638,43330,198,171,147
21639,43332,189,171,149
21640,43334,190,171,146
21641,43336,194,171,149
21642,43338,217,172,148
21643,43340,218,170,147
21644,43342,193,171,148
21645,43344,190,171,148
21646,43346,164,171,151
21647,43348,175,171,148
21648,43350,185,172,149
21649,43352,183,171,149
21650,43354,190,171,148
21651,43356,192,171,147
21652,43358,223,171,147
21653,43360,200,171,148
21654,43362,199,171,148
21655,43364,188,171,150
21656,43366,158,171,147
21657,43368,177,171,149
21658,43370,193,171,149
21659,43372,184,171,148
21660,43374,193,171,150
21661,43376,195,171,149
21662,43378,218,171,150
21663,43380,211,171,149
21664,43382,192,171,147
21665,43384,186,171,149
21666,43386,160,170,148
21667,43388,173,171,148
21668,43390,183,171,148
21669,43392,185,170,150
21670,43394,196,171,150
21671,43396,186,172,150
21672,43398,211,170,148
21673,43400,211,171,151
21674,43402,204,170,150
21675,43404,188,171,149
21676,43406,161,171,147
21677,43408,172,171,150
21678,43410,187,171,146
21679,43412,182,171,150
21680,43414,190,171,152
21681,43416,183,171,149
21682,43418,210,171,149
21683,43420,210,171,148
21684,43422,198,172,149
21685,43424,189,172,149
21686,43426,175,171,150
21687,43428,181,170,147
21688,43430,195,171,149
21689,43432,189,171,150
21690,43434,200,171,149
21691,43436,195,171,150
21692,43438,217,171,149
21693,43440,212,171,148
21694,43442,190,172,149
21695,43444,184,171,148
21696,43446,175,171,149
21697,43448,175,171,148
21698,43450,183,172,148
21699,43452,193,173,148
21700,43454,190,173,149
21701,43456,192,173,148
21702,43458,216,172,148
21703,43460,214,173,150
21704,43462,194,173,147
21705,43464,185,173,150
21706,43466,170,172,146
21707,43468,179,173,147
21708,43470,188,173,148
21709,43472,198,174,148
21710,43474,187,173,151
21711,43476,192,174,150
21712,43478,213,174,149
21713,43480,213,172,149
21714,43482,196,173,150
21715,43484,180,173,149
21716,43486,168,172,149
21717,43488,179,173,156
21718,43490,195,173,150
21719,43492,197,173,148
21720,43494,194,172,149
21721,43496,187,174,149
21722,43498,221,172,149
21723,43500,209,173,149
21724,43502,197,173,150
21725,43504,188,172,150
21726,43506,172,173,149
21727,43508,180,173,149
21728,43510,198,173,149
21729,43512,193,173,149
21730,43514,186,173,149
21731,43516,191,173,150
21732,43518,199,174,148
21733,43520,214,174,149
21734,43522,194,173,151
21735,43524,187,173,150
21736,43526,169,171,149
21737,43528,175,173,149
21738,43530,190,172,149
21739,43532,199,173,148
21740,43534,193,171,149
21741,43536,186,173,148
21742,43538,212,177,150
21743,43540,214,174,147
21744,43542,195,177,149
21745,43544,188,173,148
21746,43546,176,173,150
21747,43548,176,173,149
21748,43550,193,172,150
21749,43552,193,173,151
21750,43554,194,176,149
21751,43556,189,173,147
21752,43558,209,174,149
21753,43560,216,173,148
21754,43562,189,173,151
21755,43564,188,172,150
21756,43566,178,172,149
21757,43568,184,173,148
21758,43570,191,173,149
21759,43572,194,173,150
21760,43574,200,172,150
21761,43576,196,173,149
21762,43578,205,173,149
21763,43580,214,174,150
21764,43582,186,173,149
21765,43584,181,173,150
21766,43586,178,173,150
21767,43588,179,176,149
21768,43590,193,173,150
21769,43592,199,172,149
21770,43594,195,173,150
21771,43596,185,174,149
21772,43598,214,173,149
21773,43600,210,173,149
21774,43602,188,173,150
21775,43604,185,173,151
21776,43606,172,173,148
21777,43608,181,173,150
21778,43610,201,173,148
21779,43612,197,171,149
21780,43614,190,173,149
21781,43616,187,169,149
21782,43618,206,172,149
21783,43620,213,173,151
21784,43622,195,173,149
21785,43624,186,173,150
21786,43626,162,173,149
21787,43628,177,173,148
21788,43630,195,173,149
21789,43632,185,173,148
21790,43634,183,173,149
21791,43636,183,174,151
21792,43638,206,172,149
21793,43640,221,173,149
21794,43642,193,174,148
21795,43644,187,174,149
21796,43646,166,174,148
21797,43648,183,172,148
21798,43650,187,173,149
21799,43652,190,173,147
21800,43654,198,173,150
21801,43656,189,172,151
21802,43658,207,173,150
21803,43660,209,173,150
21804,43662,188,172,150
21805,43664,189,173,148
21806,43666,160,175,148
21807,43668,184,172,148
21808,43670,191,173,151
21809,43672,190,172,149
21810,43674,197,173,150
21811,43676,196,172,150
21812,43678,207,171,149
21813,43680,206,171,148
21814,43682,197,172,149
21815,43684,179,172,149
21816,43686,170,171,148
21817,43688,172,171,149
21818,43690,183,171,148
21819,43692,185,171,149
21820,43694,192,171,149
21821,43696,182,171,150
21822,43698,212,170,149
21823,43700,205,171,150
21824,43702,191,171,148
21825,43704,193,170,149
21826,43706,172,170,148
21827,43708,179,171,149
21828,43710,187,171,149
21829,43712,194,170,148
21830,43714,192,170,148
21831,43716,183,169,148
21832,43718,220,171,148
21833,43720,217,171,149
21834,43722,198,170,148
21835,43724,190,170,148
21836,43726,161,170,147
21837,43728,177,170,147
21838,43730,194,169,146
21839,43732,190,169,148
21840,43734,196,170,147
21841,43736,194,169,148
21842,43738,214,169,147
21843,43740,207,169,147
21844,43742,203,169,147
21845,43744,191,169,148
21846,43746,171,169,148
21847,43748,179,169,147
21848,43750,189,169,147
21849,43752,186,168,146
21850,43754,200,169,147
21851,43756,196,169,146
21852,43758,214,169,146
21853,43760,211,169,148
21854,43762,199,169,147
21855,43764,182,170,148
21856,43766,162,169,148
21857,43768,180,169,148
21858,43770,192,169,147
21859,43772,197,169,146
21860,43774,196,170,148
21861,43776,205,170,149
21862,43778,217,169,149
21863,43780,216,170,149
21864,43782,204,169,147
21865,43784,186,169,148
21866,43786,161,170,147
21867,43788,179,169,147
21868,43790,193,169,148
21869,43792,193,169,146
21870,43794,192,169,147
21871,43796,189,170,146
21872,43798,216,169,149
21873,43800,212,169,147
21874,43802,191,169,147
21875,43804,187,169,148
21876,43806,178,170,147
21877,43808,172,169,147
21878,43810,194,169,147
21879,43812,190,170,148
21880,43814,190,169,148
21881,43816,195,169,148
21882,43818,223,169,147
21883,43820,216,169,148
21884,43822,199,169,146
21885,43824,193,169,148
21886,43826,170,169,147
21887,43828,181,170,148
21888,43830,200,169,149
21889,43832,194,169,147
21890,43834,196,169,147
21891,43836,197,169,147
21892,43838,220,170,148
21893,43840,223,169,149
21894,43842,196,169,149
21895,43844,203,170,149
21896,43846,171,169,148
21897,43848,178,169,148
21898,43850,193,170,149
21899,43852,193,169,148
21900,43854,192,170,147
21901,43856,186,169,149
21902,43858,217,170,148
21903,43860,215,169,149
21904,43862,205,169,147
21905,43864,189,169,148
21906,43866,168,170,147
21907,43868,179,170,149
21908,43870,189,169,149
21909,43872,189,170,148
21910,43874,205,169,148
21911,43876,198,169,147
21912,43878,215,169,148
21913,43880,213,169,147
21914,43882,201,169,147
21915,43884,192,169,148
21916,43886,169,170,147
21917,43888,182,168,148
21918,43890,195,169,148
21919,43892,189,170,148
21920,43894,197,169,148
21921,43896,202,170,147
21922,43898,212,169,148
21923,43900,230,170,147
21924,43902,203,169,148
21925,43904,194,170,148
21926,43906,171,169,148
21927,43908,178,169,147
21928,43910,191,170,146
21929,43912,198,170,149
21930,43914,190,169,148
21931,43916,194,169,148
21932,43918,218,170,150
21933,43920,218,170,147
21934,43922,192,170,149
21935,43924,191,170,148
21936,43926,182,169,147
21937,43928,175,169,147
21938,43930,196,170,147
21939,43932,191,170,147
21940,43934,195,168,148
21941,43936,191,170,148
21942,43938,225,170,148
21943,43940,218,169,149
21944,43942,202,170,148
21945,43944,193,169,148
21946,43946,170,169,147
21947,43948,181,170,148
21948,43950,191,170,149
21949,43952,190,168,147
21950,43954,191,170,146
21951,43956,196,169,147
21952,43958,224,169,149
21953,43960,221,169,147
21954,43962,196,169,148
21955,43964,199,170,148
21956,43966,177,169,147
21957,43968,182,169,147
21958,43970,187,168,147
21959,43972,192,169,148
21960,43974,192,170,147
21961,43976,201,169,149
21962,43978,217,170,146
21963,43980,217,170,149
21964,43982,193,169,150
21965,43984,191,170,149
21966,43986,168,169,147
21967,43988,181,170,149
21968,43990,191,170,148
21969,43992,195,170,148
21970,43994,194,170,150
21971,43996,196,170,149
21972,43998,212,170,149
21973,44000,221,170,150
21974,44002,203,169,149
21975,44004,190,170,149
21976,44006,169,170,149
21977,44008,186,170,148
21978,44010,195,171,149
21979,44012,191,170,149
21980,44014,193,169,148
21981,44016,193,170,148
21982,44018,219,169,148
21983,44020,224,170,148
21984,44022,186,169,148
21985,44024,193,169,148
21986,44026,168,169,148
21987,44028,188,169,148
21988,44030,186,168,147
21989,44032,192,169,149
21990,44034,172,167,148
21991,44036,169,169,149
21992,44038,203,170,148
21993,44040,193,169,149
21994,44042,172,169,149
21995,44044,170,169,149
21996,44046,154,168,151
21997,44048,159,168,149
21998,44050,167,169,150
21999,44052,175,169,150
22000,44054,175,168,149
22001,44056,168,168,149
22002,44058,204,169,150
22003,44060,198,168,149
22004,44062,186,168,149
22005,44064,185,165,150
22006,44066,164,165,145
22007,44068,168,167,153
22008,44070,192,166,147
22009,44072,189,166,150
22010,44074,190,165,150
22011,44076,184,166,151
22012,44078,212,165,150
22013,44080,204,165,150
22014,44082,187,165,149
22015,44084,203,165,150
22016,44086,158,166,148
22017,44088,169,165,150
22018,44090,173,164,152
22019,44092,173,165,151
22020,44094,164,165,149
22021,44096,168,164,146
22022,44098,191,165,150
22023,44100,190,163,149
22024,44102,164,163,150
22025,44104,161,163,151
22026,44106,141,162,149
22027,44108,156,163,150
22028,44110,164,162,148
22029,44112,164,161,147
22030,44114,170,161,148
22031,44116,165,162,148
22032,44118,192,162,149
22033,44120,196,162,149
22034,44122,177,162,145
22035,44124,161,162,149
22036,44126,143,158,148
22037,44128,156,156,148
22038,44130,172,157,148
22039,44132,181,157,148
22040,44134,171,157,147
22041,44136,173,157,148
22042,44138,191,157,147
22043,44140,199,157,148
22044,44142,170,157,147
22045,44144,166,157,147
22046,44146,154,158,148
22047,44148,158,157,145
22048,44150,168,157,147
22049,44152,179,157,146
22050,44154,175,156,147
22051,44156,163,157,145
22052,44158,192,154,146
22053,44160,198,157,149
22054,44162,187,157,147
22055,44164,165,156,146
22056,44166,153,157,147
22057,44168,155,156,146
22058,44170,171,157,147
22059,44172,177,156,146
22060,44174,164,156,147
22061,44176,175,156,145
22062,44178,192,157,146
22063,44180,189,156,141
22064,44182,172,157,146
22065,44184,167,157,148
22066,44186,154,155,147
22067,44188,161,156,145
22068,44190,172,158,145
22069,44192,177,155,146
22070,44194,175,161,145
22071,44196,178,157,147
22072,44198,188,157,145
22073,44200,196,156,145
22074,44202,183,158,145
22075,44204,165,156,145
22076,44206,153,156,145
22077,44208,155,157,146
22078,44210,175,158,144
22079,44212,179,157,145
22080,44214,178,158,147
22081,44216,176,157,145
22082,44218,181,157,145
22083,44220,197,157,147
22084,44222,176,157,146
22085,44224,170,157,144
22086,44226,154,158,147
22087,44228,161,156,145
22088,44230,176,157,144
22089,44232,187,157,144
22090,44234,184,157,143
22091,44236,191,157,144
22092,44238,187,157,146
22093,44240,216,157,146
22094,44242,191,156,145
22095,44244,182,156,145
22096,44246,169,156,145
22097,44248,173,156,145
22098,44250,180,157,146
22099,44252,192,156,145
22100,44254,183,156,145
22101,44256,187,155,144
22102,44258,189,155,145
22103,44260,213,156,143
22104,44262,197,155,144
22105,44264,187,158,145
22106,44266,166,155,143
22107,44268,175,156,144
22108,44270,194,155,144
22109,44272,192,153,145
22110,44274,203,156,145
22111,44276,196,154,144
22112,44278,199,156,146
22113,44280,216,156,145
22114,44282,188,156,144
22115,44284,193,154,145
22116,44286,169,156,145
22117,44288,172,156,145
22118,44290,191,156,146
22119,44292,197,157,145
22120,44294,188,156,145
22121,44296,181,156,145
22122,44298,189,155,145
22123,44300,206,156,145
22124,44302,190,156,147
22125,44304,187,156,146
22126,44306,166,156,146
22127,44308,174,156,145
22128,44310,186,156,147
22129,44312,188,156,147
22130,44314,185,156,146
22131,44316,187,156,148
22132,44318,196,157,147
22133,44320,211,157,148
22134,44322,188,156,147
22135,44324,190,155,146
22136,44326,160,157,146
22137,44328,178,157,148
22138,44330,183,157,148
22139,44332,184,156,146
22140,44334,191,156,147
22141,44336,191,157,147
22142,44338,191,157,147
22143,44340,208,156,147
22144,44342,193,157,146
22145,44344,188,156,147
22146,44346,165,157,148
22147,44348,182,156,146
22148,44350,189,157,149
22149,44352,182,157,148
22150,44354,189,157,148
22151,44356,186,157,147
22152,44358,183,157,147
22153,44360,209,157,147
22154,44362,199,157,149
22155,44364,187,157,149
22156,44366,165,158,148
22157,44368,175,157,149
22158,44370,177,158,148
22159,44372,179,158,148
22160,44374,195,158,148
22161,44376,187,164,149
22162,44378,191,164,149
22163,44380,206,165,150
22164,44382,190,166,150
22165,44384,185,165,150
22166,44386,169,166,149
22167,44388,188,166,149
22168,44390,197,166,151
22169,44392,198,166,150
22170,44394,197,166,150
22171,44396,205,169,151
22172,44398,203,169,151
22173,44400,222,167,150
22174,44402,189,169,151
22175,44404,194,170,151
22176,44406,166,171,151
22177,44408,177,171,155
22178,44410,203,173,156
22179,44412,197,172,156
22180,44414,197,175,155
22181,44416,197,175,156
22182,44418,200,177,157
22183,44420,219,178,157
22184,44422,211,179,157
22185,44424,190,178,157
22186,44426,168,184,156
22187,44428,175,185,157
22188,44430,193,188,156
22189,44432,200,192,158
22190,44434,200,195,156
22191,44436,213,200,157
22192,44438,210,202,160
22193,44440,218,204,159
22194,44442,213,206,158
22195,44444,198,208,158
22196,44446,187,212,158
22197,44448,206,214,152
22198,44450,213,215,149
22199,44452,225,216,154
22200,44454,242,218,152
22201,44456,229,221,150
22202,44458,222,223,155
22203,44460,254,224,161
22204,44462,232,225,160
22205,44464,238,227,165
22206,44466,226,229,164
22207,44468,239,231,166
22208,44470,243,232,167
22209,44472,251,232,166
22210,44474,253,234,173
22211,44476,256,234,177
22212,44478,253,235,187
22213,44480,261,244,196
22214,44482,248,253,193
22215,44484,251,258,195
22216,44486,288,262,191
22217,44488,282,264,184
22218,44490,307,269,191
22219,44492,308,271,190
22220,44494,308,274,191
22221,44496,312,276,185
22222,44498,328,278,194
22223,44500,346,279,196
22224,44502,320,281,198
22225,44504,315,281,196
22226,44506,297,284,191
22227,44508,295,287,188
22228,44510,302,288,185
22229,44512,313,291,182
22230,44514,300,292,175
22231,44516,304,299,181
22232,44518,309,305,187
22233,44520,324,309,188
22234,44522,317,310,194
22235,44524,321,311,201
22236,44526,301,313,203
22237,44528,313,315,211
22238,44530,322,318,217
22239,44532,328,318,220
22240,44534,321,319,224
22241,44536,340,320,222
22242,44538,347,322,222
22243,44540,361,325,222
22244,44542,342,325,223
22245,44544,322,328,224
22246,44546,304,331,226
22247,44548,337,333,234
22248,44550,341,332,237
22249,44552,343,335,243
22250,44554,348,337,244
22251,44556,359,338,259
22252,44558,353,340,259
22253,44560,366,341,260
22254,44562,342,341,257
22255,44564,326,343,261
22256,44566,302,344,261
22257,44568,304,346,268
22258,44570,332,346,271
22259,44572,326,348,275
22260,44574,325,349,279
22261,44576,334,350,296
22262,44578,323,352,295
22263,44580,341,353,297
22264,44582,331,354,299
22265,44584,324,356,302
22266,44586,340,357,305
22267,44588,338,359,303
22268,44590,342,362,306
22269,44592,347,363,309
22270,44594,348,364,313
22271,44596,340,366,316
22272,44598,335,368,314
22273,44600,363,370,314
22274,44602,343,371,317
22275,44604,334,374,317
22276,44606,329,375,321
22277,44608,338,378,327
22278,44610,344,379,327
22279,44612,358,380,330
22280,44614,354,380,328
22281,44616,357,381,331
22282,44618,361,382,332
22283,44620,373,384,334
22284,44622,364,386,335
22285,44624,366,388,337
22286,44626,348,390,339
22287,44628,357,391,339
22288,44630,365,392,339
22289,44632,364,395,339
22290,44634,368,396,341
22291,44636,370,397,348
22292,44638,369,398,353
22293,44640,395,399,351
22294,44642,380,400,351
22295,44644,371,401,359
22296,44646,340,401,359
22297,44648,346,401,359
22298,44650,367,403,362
22299,44652,366,402,360
22300,44654,355,402,362
22301,44656,361,403,362
22302,44658,364,404,362
22303,44660,381,405,363
22304,44662,368,405,362
22305,44664,358,405,367
22306,44666,342,405,373
22307,44668,352,405,371
22308,44670,366,404,374
22309,44672,358,405,374
22310,44674,361,405,371
22311,44676,371,404,374
22312,44678,372,405,374
22313,44680,383,404,371
22314,44682,377,405,375
22315,44684,373,405,376
22316,44686,357,405,376
22317,44688,366,405,377
22318,44690,372,406,379
22319,44692,377,405,381
22320,44694,373,404,379
22321,44696,374,405,382
22322,44698,371,406,384
22323,44700,393,406,385
22324,44702,377,406,385
22325,44704,373,408,386
22326,44706,360,407,387
22327,44708,368,407,387
22328,44710,369,407,387
22329,44712,372,407,390
22330,44714,373,407,391
22331,44716,370,407,390
22332,44718,364,407,393
22333,44720,387,408,396
22334,44722,372,408,395
22335,44724,374,408,395
22336,44726,359,409,398
22337,44728,359,408,398
22338,44730,369,409,396
22339,44732,375,408,399
22340,44734,377,409,401
22341,44736,369,408,398
22342,44738,369,409,401
22343,44740,391,410,404
22344,44742,377,409,404
22345,44744,373,409,405
22346,44746,353,410,407
22347,44748,370,411,408
22348,44750,380,411,408
22349,44752,377,411,408
22350,44754,380,412,407
22351,44756,373,412,410
22352,44758,374,412,411
22353,44760,398,412,411
22354,44762,386,413,414
22355,44764,380,413,414
22356,44766,371,413,419
22357,44768,376,414,420
22358,44770,384,413,421
22359,44772,387,413,420
22360,44774,387,414,422
22361,44776,390,414,424
22362,44778,388,415,420
22363,44780,404,415,423
22364,44782,394,415,423
22365,44784,387,416,424
22366,44786,369,416,428
22367,44788,380,416,426
22368,44790,395,416,426
22369,44792,397,418,427
22370,44794,399,417,432
22371,44796,390,417,434
22372,44798,392,418,435
22373,44800,412,418,434
22374,44802,408,419,445
22375,44804,401,418,446
22376,44806,387,418,446
22377,44808,401,418,449
22378,44810,394,418,447
22379,44812,398,418,445
22380,44814,405,418,448
22381,44816,398,419,450
22382,44818,403,419,448
22383,44820,425,419,449
22384,44822,405,418,449
22385,44824,405,420,449
22386,44826,385,419,452
22387,44828,402,420,453
22388,44830,405,420,454
22389,44832,405,420,458
22390,44834,420,421,454
22391,44836,398,420,453
22392,44838,399,421,454
22393,44840,425,421,457
22394,44842,416,421,455
22395,44844,403,421,456
22396,44846,386,420,456
22397,44848,396,420,457
22398,44850,409,420,451
22399,44852,421,420,458
22400,44854,412,421,457
22401,44856,409,421,457
22402,44858,404,421,458
22403,44860,429,421,457
22404,44862,401,421,458
22405,44864,398,422,458
22406,44866,390,421,457
22407,44868,401,422,458
22408,44870,407,421,458
22409,44872,418,421,459
22410,44874,409,421,459
22411,44876,414,421,459
22412,44878,410,421,459
22413,44880,431,422,460
22414,44882,423,422,460
22415,44884,404,422,461
22416,44886,391,421,460
22417,44888,399,423,461
22418,44890,412,420,462
22419,44892,430,422,462
22420,44894,407,423,464
22421,44896,409,423,463
22422,44898,407,422,463
22423,44900,423,423,464
22424,44902,422,423,464
22425,44904,409,423,464
22426,44906,395,424,465
22427,44908,408,424,465
22428,44910,411,422,464
22429,44912,416,424,464
22430,44914,414,427,465
22431,44916,416,423,465
22432,44918,412,424,465
22433,44920,436,423,468
22434,44922,420,423,467
22435,44924,414,424,466
22436,44926,404,424,468
22437,44928,401,424,468
22438,44930,407,421,467
22439,44932,403,423,468
22440,44934,411,423,468
22441,44936,409,424,468
22442,44938,406,423,465
22443,44940,435,424,468
22444,44942,422,423,467
22445,44944,418,424,468
22446,44946,396,424,467
22447,44948,406,424,468
22448,44950,410,422,468
22449,44952,428,426,467
22450,44954,415,424,468
22451,44956,409,422,470
22452,44958,407,424,469
22453,44960,434,427,469
22454,44962,419,424,469
22455,44964,415,422,469
22456,44966,404,424,468
22457,44968,404,422,470
22458,44970,408,423,469
22459,44972,412,423,469
22460,44974,410,424,470
22461,44976,412,423,470
22462,44978,419,423,469
22463,44980,430,424,470
22464,44982,419,423,470
22465,44984,413,426,470
22466,44986,400,423,468
22467,44988,403,425,469
22468,44990,420,423,468
22469,44992,411,423,467
22470,44994,411,423,467
22471,44996,419,422,467
22472,44998,405,423,467
22473,45000,433,422,467
22474,45002,420,422,466
22475,45004,415,421,467
22476,45006,393,421,465
22477,45008,405,421,467
22478,45010,408,421,467
22479,45012,413,421,467
22480,45014,423,421,466
22481,45016,416,421,466
22482,45018,403,421,466
22483,45020,429,421,467
22484,45022,422,421,468
22485,45024,419,420,467
22486,45026,393,420,467
22487,45028,400,420,468
22488,45030,411,419,467
22489,45032,408,419,467
22490,45034,404,420,466
22491,45036,416,419,466
22492,45038,404,419,466
22493,45040,427,419,467
22494,45042,417,419,464
22495,45044,414,417,466
22496,45046,391,418,464
22497,45048,402,417,463
22498,45050,396,418,464
22499,45052,406,417,464
22500,45054,413,417,464
22501,45056,404,416,463
22502,45058,408,416,464
22503,45060,429,416,463
22504,45062,422,415,456
22505,45064,415,414,462
22506,45066,398,414,462
22507,45068,400,415,463
22508,45070,413,415,463
22509,45072,418,414,462
22510,45074,414,414,463
22511,45076,406,413,460
22512,45078,410,414,462
22513,45080,433,414,462
22514,45082,415,412,462
22515,45084,411,413,460
22516,45086,386,412,459
22517,45088,389,413,458
22518,45090,406,411,458
22519,45092,406,410,452
22520,45094,400,409,452
22521,45096,404,410,451
22522,45098,409,410,451
22523,45100,414,410,451
22524,45102,415,408,450
22525,45104,405,408,451
22526,45106,383,408,451
22527,45108,391,408,451
22528,45110,401,407,450
22529,45112,395,408,450
22530,45114,397,407,450
22531,45116,399,407,450
22532,45118,399,407,451
22533,45120,428,406,449
22534,45122,413,406,450
22535,45124,408,406,449
22536,45126,377,405,450
22537,45128,391,404,450
22538,45130,402,405,449
22539,45132,397,404,449
22540,45134,394,404,450
22541,45136,404,403,449
22542,45138,407,402,449
22543,45140,412,400,449
22544,45142,415,399,449
22545,45144,396,399,448
22546,45146,378,399,446
22547,45148,390,399,448
22548,45150,397,399,447
22549,45152,392,400,446
22550,45154,393,398,446
22551,45156,408,398,447
22552,45158,399,397,444
22553,45160,418,397,445
22554,45162,411,396,446
22555,45164,394,396,444
22556,45166,377,396,443
22557,45168,393,394,442
22558,45170,384,395,443
22559,45172,401,394,443
22560,45174,395,386,443
22561,45176,393,394,442
22562,45178,401,393,441
22563,45180,425,393,442
22564,45182,417,393,440
22565,45184,404,393,441
22566,45186,374,393,441
22567,45188,389,393,441
22568,45190,393,393,440
22569,45192,401,392,440
22570,45194,400,392,441
22571,45196,394,392,441
22572,45198,399,390,440
22573,45200,425,391,441
22574,45202,409,391,440
22575,45204,401,390,439
22576,45206,378,390,439
22577,45208,384,390,439
22578,45210,400,391,439
22579,45212,396,390,437
22580,45214,392,390,437
22581,45216,395,389,436
22582,45218,397,389,437
22583,45220,415,388,435
22584,45222,418,388,436
22585,45224,396,388,433
22586,45226,384,388,433
22587,45228,380,386,432
22588,45230,391,386,434
22589,45232,391,386,433
22590,45234,391,386,433
22591,45236,389,385,432
22592,45238,392,384,432
22593,45240,407,385,432
22594,45242,410,384,431
22595,45244,399,384,432
22596,45246,370,384,432
22597,45248,375,384,432
22598,45250,377,384,432
22599,45252,382,384,433
22600,45254,379,384,432
22601,45256,383,384,433
22602,45258,383,383,432
22603,45260,389,383,431
22604,45262,390,383,430
22605,45264,371,383,429
22606,45266,343,382,429
22607,45268,351,383,431
22608,45270,379,380,431
22609,45272,380,380,430
22610,45274,375,382,429
22611,45276,385,381,429
22612,45278,377,381,427
22613,45280,403,380,426
22614,45282,390,379,426
22615,45284,377,378,423
22616,45286,370,378,422
22617,45288,366,378,420
22618,45290,379,379,421
22619,45292,373,377,422
22620,45294,383,377,420
22621,45296,385,377,420
22622,45298,378,376,416
22623,45300,402,375,414
22624,45302,388,374,416
22625,45304,369,372,414
22626,45306,364,371,413
22627,45308,364,371,415
22628,45310,376,370,415
22629,45312,375,371,415
22630,45314,378,371,416
22631,45316,378,370,413
22632,45318,376,369,414
22633,45320,405,369,413
22634,45322,382,366,411
22635,45324,379,367,414
22636,45326,347,366,411
22637,45328,358,366,411
22638,45330,362,363,410
22639,45332,370,362,410
22640,45334,370,363,409
22641,45336,358,363,410
22642,45338,363,362,409
22643,45340,384,362,408
22644,45342,373,361,409
22645,45344,361,361,408
22646,45346,337,361,407
22647,45348,348,361,409
22648,45350,368,359,409
22649,45352,368,361,406
22650,45354,359,360,405
22651,45356,365,361,406
22652,45358,358,361,407
22653,45360,395,363,407
22654,45362,381,363,406
22655,45364,369,363,406
22656,45366,347,364,409
22657,45368,354,364,406
22658,45370,370,363,407
22659,45372,362,365,406
22660,45374,368,364,406
22661,45376,367,364,406
22662,45378,353,365,405
22663,45380,387,365,405
22664,45382,377,365,404
22665,45384,366,365,407
22666,45386,351,365,406
22667,45388,352,364,407
22668,45390,368,364,406
22669,45392,365,365,406
22670,45394,364,365,406
22671,45396,364,366,404
22672,45398,363,365,406
22673,45400,391,365,406
22674,45402,380,365,405
22675,45404,360,365,406
22676,45406,343,364,405
22677,45408,352,364,404
22678,45410,372,364,405
22679,45412,364,364,404
22680,45414,372,364,403
22681,45416,364,361,404
22682,45418,365,362,404
22683,45420,389,362,406
22684,45422,363,361,403
22685,45424,363,360,403
22686,45426,344,362,400
22687,45428,350,361,401
22688,45430,363,361,402
22689,45432,363,361,399
22690,45434,368,360,400
22691,45436,354,360,400
22692,45438,364,360,399
22693,45440,385,361,398
22694,45442,369,361,402
22695,45444,368,359,401
22696,45446,340,360,398
22697,45448,346,360,398
22698,45450,357,360,399
22699,45452,361,359,399
22700,45454,377,360,398
22701,45456,356,360,398
22702,45458,362,362,399
22703,45460,386,363,399
22704,45462,369,362,400
22705,45464,363,363,397
22706,45466,343,362,398
22707,45468,354,362,398
22708,45470,365,362,398
22709,45472,361,362,398
22710,45474,363,362,398
22711,45476,360,360,397
22712,45478,351,361,398
22713,45480,379,361,398
22714,45482,373,361,397
22715,45484,368,361,397
22716,45486,341,361,397
22717,45488,353,361,397
22718,45490,352,360,399
22719,45492,367,361,398
22720,45494,364,360,399
22721,45496,372,360,399
22722,45498,357,359,398
22723,45500,383,360,398
22724,45502,368,360,397
22725,45504,355,358,395
22726,45506,347,358,395
22727,45508,359,358,393
22728,45510,360,357,392
22729,45512,368,358,396
22730,45514,366,357,397
22731,45516,363,357,394
22732,45518,362,357,394
22733,45520,379,358,394
22734,45522,377,357,394
22735,45524,360,356,394
22736,45526,347,357,393
22737,45528,355,357,395
22738,45530,363,357,395
22739,45532,366,357,393
22740,45534,363,356,395
22741,45536,360,357,393
22742,45538,357,356,394
22743,45540,384,357,393
22744,45542,372,356,393
22745,45544,360,357,394
22746,45546,345,356,392
22747,45548,353,356,393
22748,45550,361,356,393
22749,45552,365,357,393
22750,45554,365,356,392
22751,45556,354,357,391
22752,45558,368,356,392
22753,45560,380,355,392
22754,45562,378,355,391
22755,45564,365,356,392
22756,45566,350,355,391
22757,45568,356,355,390
22758,45570,372,355,391
22759,45572,374,354,391
22760,45574,362,355,390
22761,45576,364,355,389
22762,45578,363,355,392
22763,45580,379,354,391
22764,45582,380,355,390
22765,45584,378,355,391
22766,45586,350,355,390
22767,45588,352,354,390
22768,45590,364,356,392
22769,45592,372,355,389
22770,45594,360,354,390
22771,45596,368,355,388
22772,45598,361,355,389
22773,45600,376,355,384
22774,45602,380,355,385
22775,45604,365,355,385
22776,45606,346,354,384
22777,45608,347,355,383
22778,45610,357,360,382
22779,45612,360,356,382
22780,45614,359,355,381
22781,45616,362,356,381
22782,45618,350,354,380
22783,45620,381,355,381
22784,45622,366,356,381
22785,45624,359,355,381
22786,45626,342,356,379
22787,45628,347,355,378
22788,45630,360,356,379
22789,45632,363,355,379
22790,45634,356,355,377
22791,45636,376,355,378
22792,45638,358,355,378
22793,45640,384,357,377
22794,45642,365,356,377
22795,45644,366,356,376
22796,45646,350,355,374
22797,45648,344,355,374
22798,45650,364,356,376
22799,45652,363,353,376
22800,45654,359,356,375
22801,45656,363,359,375
22802,45658,356,356,375
22803,45660,386,355,374
22804,45662,371,355,374
22805,45664,363,355,374
22806,45666,349,355,374
22807,45668,341,354,373
22808,45670,362,356,373
22809,45672,366,357,374
22810,45674,360,354,374
22811,45676,368,355,373
22812,45678,360,356,372
22813,45680,384,356,373
22814,45682,360,355,372
22815,45684,367,355,372
22816,45686,335,355,371
22817,45688,338,355,371
22818,45690,363,355,371
22819,45692,354,356,371
22820,45694,358,355,370
22821,45696,349,355,369
22822,45698,351,356,370
22823,45700,378,355,369
22824,45702,373,355,371
22825,45704,364,355,368
22826,45706,339,356,366
22827,45708,333,355,365
22828,45710,353,353,366
22829,45712,348,354,364
22830,45714,345,354,365
22831,45716,354,355,364
22832,45718,347,354,365
22833,45720,375,355,366
22834,45722,361,354,365
22835,45724,355,354,364
22836,45726,328,354,365
22837,45728,330,353,365
22838,45730,348,354,364
22839,45732,338,353,364
22840,45734,355,354,364
22841,45736,356,354,362
22842,45738,344,353,361
22843,45740,377,353,362
22844,45742,364,354,362
22845,45744,352,353,362
22846,45746,334,353,363
22847,45748,338,353,362
22848,45750,348,352,362
22849,45752,336,352,363
22850,45754,361,352,362
22851,45756,345,352,361
22852,45758,352,351,361
22853,45760,379,352,363
22854,45762,366,351,360
22855,45764,354,351,360
22856,45766,336,350,360
22857,45768,337,351,360
22858,45770,347,350,360
22859,45772,343,351,359
22860,45774,346,350,361
22861,45776,342,349,361
22862,45778,352,351,360
22863,45780,369,350,361
22864,45782,361,350,361
22865,45784,354,349,359
22866,45786,340,349,361
22867,45788,335,349,360
22868,45790,350,349,360
22869,45792,339,349,360
22870,45794,337,349,360
22871,45796,332,350,361
22872,45798,348,348,360
22873,45800,365,350,358
22874,45802,352,349,359
22875,45804,342,349,358
22876,45806,323,348,356
22877,45808,334,349,358
22878,45810,347,348,359
22879,45812,346,347,359
22880,45814,340,348,359
22881,45816,340,347,359
22882,45818,351,348,359
22883,45820,367,348,358
22884,45822,368,347,358
22885,45824,360,337,360
22886,45826,323,347,358
22887,45828,337,347,357
22888,45830,347,347,359
22889,45832,344,347,358
22890,45834,340,347,358
22891,45836,349,347,357
22892,45838,348,346,357
22893,45840,362,347,357
22894,45842,358,346,358
22895,45844,351,347,357
22896,45846,321,347,358
22897,45848,327,347,359
22898,45850,344,347,358
22899,45852,344,346,358
22900,45854,344,347,360
22901,45856,343,346,357
22902,45858,348,347,356
22903,45860,359,346,356
22904,45862,363,347,356
22905,45864,347,347,355
22906,45866,326,347,355
22907,45868,335,346,355
22908,45870,337,346,356
22909,45872,346,347,356
22910,45874,345,347,355
22911,45876,340,346,354
22912,45878,349,347,354
22913,45880,362,346,353
22914,45882,358,345,353
22915,45884,349,346,352
22916,45886,331,345,351
22917,45888,332,346,351
22918,45890,339,345,351
22919,45892,345,345,349
22920,45894,340,346,351
22921,45896,343,345,348
22922,45898,348,345,349
22923,45900,367,345,350
22924,45902,354,345,349
22925,45904,349,344,349
22926,45906,328,345,349
22927,45908,322,344,348
22928,45910,332,344,349
22929,45912,344,345,348
22930,45914,339,345,348
22931,45916,347,344,346
22932,45918,343,344,344
22933,45920,363,344,343
22934,45922,361,345,343
22935,45924,345,344,343
22936,45926,337,344,341
22937,45928,327,343,339
22938,45930,348,343,339
22939,45932,348,343,338
22940,45934,342,343,337
22941,45936,351,343,338
22942,45938,344,343,335
22943,45940,373,343,334
22944,45942,362,343,335
22945,45944,349,343,337
22946,45946,329,342,334
22947,45948,322,342,335
22948,45950,338,342,330
22949,45952,344,343,334
22950,45954,342,343,329
22951,45956,350,343,330
22952,45958,335,343,327
22953,45960,366,344,328
22954,45962,358,343,328
22955,45964,343,343,329
22956,45966,325,343,327
22957,45968,327,343,328
22958,45970,340,345,330
22959,45972,336,343,330
22960,45974,346,343,328
22961,45976,337,343,329
22962,45978,336,343,328
22963,45980,375,344,328
22964,45982,359,343,327
22965,45984,341,343,328
22966,45986,327,344,329
22967,45988,317,343,330
22968,45990,342,343,331
22969,45992,337,343,332
22970,45994,334,343,330
22971,45996,341,343,329
22972,45998,344,344,326
22973,46000,365,343,331
22974,46002,352,343,330
22975,46004,343,345,330
22976,46006,330,343,329
22977,46008,322,344,328
22978,46010,340,344,326
22979,46012,335,344,325
22980,46014,355,345,324
22981,46016,335,344,327
22982,46018,344,343,327
22983,46020,352,344,328
22984,46022,348,344,329
22985,46024,339,344,327
22986,46026,326,344,324
22987,46028,323,344,324
22988,46030,345,344,323
22989,46032,342,344,322
22990,46034,346,344,323
22991,46036,350,344,322
22992,46038,344,343,319
22993,46040,365,345,322
22994,46042,349,344,321
22995,46044,339,344,321
22996,46046,329,344,322
22997,46048,328,344,322
22998,46050,347,344,322
22999,46052,340,345,322
23000,46054,345,344,321
23001,46056,345,344,324
23002,46058,343,345,321
23003,46060,367,344,323
23004,46062,354,344,323
23005,46064,340,344,324
23006,46066,327,344,323
23007,46068,331,344,324
23008,46070,346,343,323
23009,46072,342,344,323
23010,46074,338,345,321
23011,46076,342,344,322
23012,46078,343,344,322
23013,46080,369,345,321
23014,46082,360,344,321
23015,46084,340,343,321
23016,46086,324,343,321
23017,46088,324,344,321
23018,46090,340,344,321
23019,46092,331,344,322
23020,46094,347,344,322
23021,46096,343,343,321
23022,46098,339,344,323
23023,46100,367,344,322
23024,46102,353,344,322
23025,46104,341,343,322
23026,46106,328,343,322
23027,46108,331,344,321
23028,46110,348,343,322
23029,46112,342,347,320
23030,46114,346,344,321
23031,46116,339,344,320
23032,46118,352,344,320
23033,46120,365,343,320
23034,46122,358,343,323
23035,46124,348,344,319
23036,46126,336,343,318
23037,46128,333,343,319
23038,46130,347,343,320
23039,46132,351,342,320
23040,46134,355,342,320
23041,46136,337,342,319
23042,46138,345,343,319
23043,46140,370,343,319
23044,46142,348,342,318
23045,46144,355,343,318
23046,46146,325,343,317
23047,46148,334,343,316
23048,46150,357,342,313
23049,46152,357,343,313
23050,46154,347,343,315
23051,46156,340,341,317
23052,46158,356,343,314
23053,46160,365,343,313
23054,46162,352,342,309
23055,46164,352,343,309
23056,46166,336,343,307
23057,46168,333,342,308
23058,46170,347,341,307
23059,46172,343,343,307
23060,46174,354,341,304
23061,46176,342,342,304
23062,46178,337,341,303
23063,46180,363,342,305
23064,46182,355,342,305
23065,46184,348,341,309
23066,46186,329,341,306
23067,46188,332,340,304
23068,46190,340,339,304
23069,46192,343,340,304
23070,46194,352,341,305
23071,46196,350,340,302
23072,46198,345,340,302
23073,46200,370,340,299
23074,46202,360,340,301
23075,46204,347,339,301
23076,46206,324,339,299
23077,46208,335,339,298
23078,46210,347,339,298
23079,46212,350,339,296
23080,46214,352,339,294
23081,46216,350,338,295
23082,46218,345,340,295
23083,46220,378,338,295
23084,46222,365,338,296
23085,46224,347,338,294
23086,46226,340,339,292
23087,46228,338,338,295
23088,46230,342,338,292
23089,46232,357,337,297
23090,46234,361,339,292
23091,46236,355,337,293
23092,46238,351,337,294
23093,46240,375,337,294
23094,46242,363,336,294
23095,46244,352,335,295
23096,46246,331,329,295
23097,46248,332,332,295
23098,46250,352,328,296
23099,46252,364,329,295
23100,46254,356,330,294
23101,46256,352,330,295
23102,46258,350,332,294
23103,46260,370,331,296
23104,46262,353,330,295
23105,46264,349,330,296
23106,46266,331,328,296
23107,46268,330,328,294
23108,46270,355,328,296
23109,46272,346,327,294
23110,46274,345,328,295
23111,46276,344,329,295
23112,46278,348,329,295
23113,46280,360,329,296
23114,46282,362,329,296
23115,46284,342,331,296
23116,46286,318,329,296
23117,46288,323,329,296
23118,46290,338,329,298
23119,46292,330,329,296
23120,46294,335,330,296
23121,46296,338,330,296
23122,46298,335,325,295
23123,46300,357,330,297
23124,46302,351,330,297
23125,46304,337,330,296
23126,46306,318,330,294
23127,46308,321,330,295
23128,46310,338,330,295
23129,46312,336,330,295
23130,46314,334,331,295
23131,46316,345,331,296
23132,46318,332,332,296
23133,46320,361,333,297
23134,46322,343,332,296
23135,46324,340,331,299
23136,46326,325,333,297
23137,46328,317,335,296
23138,46330,332,333,294
23139,46332,334,332,295
23140,46334,335,334,296
23141,46336,331,334,297
23142,46338,327,334,295
23143,46340,346,333,295
23144,46342,343,334,295
23145,46344,333,334,296
23146,46346,320,332,296
23147,46348,313,333,294
23148,46350,334,334,295
23149,46352,326,332,293
23150,46354,332,333,294
23151,46356,338,333,293
23152,46358,335,334,295
23153,46360,358,331,294
23154,46362,345,333,295
23155,46364,333,333,294
23156,46366,326,332,295
23157,46368,320,333,293
23158,46370,336,333,294
23159,46372,328,333,293
23160,46374,327,334,293
23161,46376,331,334,292
23162,46378,342,333,290
23163,46380,350,333,291
23164,46382,348,334,293
23165,46384,341,333,290
23166,46386,324,334,291
23167,46388,312,334,290
23168,46390,328,333,288
23169,46392,332,332,288
23170,46394,325,333,287
23171,46396,335,334,287
23172,46398,336,333,288
23173,46400,357,334,290
23174,46402,352,333,289
23175,46404,337,333,288
23176,46406,313,333,288
23177,46408,310,333,288
23178,46410,334,333,287
23179,46412,323,332,289
23180,46414,331,332,289
23181,46416,338,332,289
23182,46418,337,332,289
23183,46420,354,333,289
23184,46422,350,332,290
23185,46424,347,332,289
23186,46426,317,332,289
23187,46428,322,332,290
23188,46430,338,333,290
23189,46432,333,332,290
23190,46434,341,331,289
23191,46436,337,332,290
23192,46438,337,331,288
23193,46440,361,331,289
23194,46442,346,331,290
23195,46444,346,331,288
23196,46446,323,331,290
23197,46448,316,330,289
23198,46450,338,330,289
23199,46452,332,330,288
23200,46454,341,330,288
23201,46456,334,331,288
23202,46458,343,330,286
23203,46460,359,331,288
23204,46462,347,330,287
23205,46464,344,329,287
23206,46466,325,331,286
23207,46468,317,330,286
23208,46470,340,331,285
23209,46472,332,331,286
23210,46474,334,330,285
23211,46476,340,330,284
23212,46478,336,330,284
23213,46480,361,331,285
23214,46482,349,329,285
23215,46484,336,330,284
23216,46486,331,331,284
23217,46488,321,330,283
23218,46490,337,331,284
23219,46492,334,331,285
23220,46494,336,330,285
23221,46496,331,330,287
23222,46498,342,331,284
23223,46500,364,331,286
23224,46502,355,331,288
23225,46504,351,330,285
23226,46506,327,331,285
23227,46508,320,331,287
23228,46510,330,331,288
23229,46512,336,330,286
23230,46514,339,332,288
23231,46516,334,332,289
23232,46518,344,331,285
23233,46520,359,331,286
23234,46522,346,332,287
23235,46524,346,331,287
23236,46526,323,332,290
23237,46528,324,331,285
23238,46530,322,332,288
23239,46532,317,332,288
23240,46534,354,332,287
23241,46536,336,332,287
23242,46538,341,331,284
23243,46540,366,332,289
23244,46542,353,331,288
23245,46544,346,332,288
23246,46546,324,333,288
23247,46548,324,332,288
23248,46550,345,333,288
23249,46552,347,333,286
23250,46554,345,332,288
23251,46556,337,332,289
23252,46558,345,332,287
23253,46560,365,333,289
23254,46562,352,333,287
23255,46564,355,333,289
23256,46566,344,333,290
23257,46568,332,333,289
23258,46570,340,333,288
23259,46572,343,332,289
23260,46574,343,332,288
23261,46576,338,333,292
23262,46578,349,331,291
23263,46580,376,334,289
23264,46582,356,333,289
23265,46584,336,332,291
23266,46586,338,332,290
23267,46588,321,333,289
23268,46590,340,332,290
23269,46592,338,333,290
23270,46594,338,333,287
23271,46596,335,333,288
23272,46598,345,333,291
23273,46600,351,333,290
23274,46602,351,333,292
23275,46604,345,332,290
23276,46606,327,334,290
23277,46608,324,332,292
23278,46610,344,333,290
23279,46612,349,333,290
23280,46614,343,333,293
23281,46616,344,334,291
23282,46618,352,332,292
23283,46620,364,333,290
23284,46622,346,334,292
23285,46624,349,333,293
23286,46626,329,334,291
23287,46628,318,333,291
23288,46630,347,334,292
23289,46632,329,334,293
23290,46634,341,333,292
23291,46636,343,333,293
23292,46638,343,334,293
23293,46640,357,333,292
23294,46642,358,334,291
23295,46644,345,333,291
23296,46646,328,333,290
23297,46648,318,333,290
23298,46650,342,334,291
23299,46652,336,333,290
23300,46654,342,333,291
23301,46656,344,333,291
23302,46658,339,333,291
23303,46660,365,333,292
23304,46662,344,333,291
23305,46664,338,333,292
23306,46666,334,334,291
23307,46668,322,333,291
23308,46670,342,334,292
23309,46672,336,332,292
23310,46674,344,332,292
23311,46676,338,332,290
23312,46678,343,332,291
23313,46680,365,332,291
23314,46682,348,332,293
23315,46684,346,331,292
23316,46686,338,332,290
23317,46688,330,331,291
23318,46690,339,332,291
23319,46692,340,332,290
23320,46694,343,332,290
23321,46696,340,332,290
23322,46698,333,331,290
23323,46700,357,331,289
23324,46702,350,332,289
23325,46704,339,332,289
23326,46706,333,332,290
23327,46708,316,332,289
23328,46710,342,332,289
23329,46712,341,333,289
23330,46714,339,332,289
23331,46716,341,332,289
23332,46718,337,332,287
23333,46720,363,332,287
23334,46722,363,332,288
23335,46724,348,332,288
23336,46726,332,332,288
23337,46728,317,332,288
23338,46730,344,332,286
23339,46732,336,332,288
23340,46734,339,332,289
23341,46736,335,332,289
23342,46738,345,334,291
23343,46740,367,333,288
23344,46742,353,333,289
23345,46744,336,333,290
23346,46746,324,332,288
23347,46748,327,331,288
23348,46750,345,332,289
23349,46752,339,331,289
23350,46754,345,332,290
23351,46756,345,332,289
23352,46758,340,332,289
23353,46760,369,332,290
23354,46762,353,333,290
23355,46764,339,331,290
23356,46766,333,333,290
23357,46768,328,332,290
23358,46770,345,332,288
23359,46772,335,332,289
23360,46774,347,332,290
23361,46776,336,333,290
23362,46778,335,332,288
23363,46780,361,332,291
23364,46782,352,332,290
23365,46784,342,332,292
23366,46786,340,332,292
23367,46788,334,332,291
23368,46790,342,332,289
23369,46792,328,332,292
23370,46794,354,333,293
23371,46796,347,332,290
23372,46798,335,332,292
23373,46800,371,332,292
23374,46802,358,332,291
23375,46804,353,333,292
23376,46806,327,332,291
23377,46808,329,333,293
23378,46810,339,333,292
23379,46812,352,332,292
23380,46814,343,331,292
23381,46816,335,333,292
23382,46818,343,333,294
23383,46820,368,333,292
23384,46822,347,333,290
23385,46824,343,333,293
23386,46826,331,333,291
23387,46828,334,333,293
23388,46830,351,333,294
23389,46832,343,333,293
23390,46834,349,333,293
23391,46836,352,333,292
23392,46838,350,333,289
23393,46840,372,333,293
23394,46842,362,332,291
23395,46844,348,333,291
23396,46846,335,333,293
23397,46848,332,333,293
23398,46850,344,333,291
23399,46852,341,332,291
23400,46854,339,333,294
23401,46856,343,333,293
23402,46858,357,333,295
23403,46860,365,333,292
23404,46862,348,334,293
23405,46864,361,333,292
23406,46866,348,334,291
23407,46868,344,333,292
23408,46870,358,333,293
23409,46872,345,333,292
23410,46874,348,333,291
23411,46876,347,333,291
23412,46878,341,333,292
23413,46880,371,333,291
23414,46882,364,333,293
23415,46884,351,333,292
23416,46886,340,333,293
23417,46888,335,333,289
23418,46890,336,332,292
23419,46892,343,333,292
23420,46894,345,332,296
23421,46896,348,333,293
23422,46898,349,333,294
23423,46900,372,333,293
23424,46902,359,332,292
23425,46904,350,333,294
23426,46906,342,333,292
23427,46908,338,333,294
23428,46910,350,333,295
23429,46912,354,333,293
23430,46914,351,332,294
23431,46916,349,333,295
23432,46918,352,332,293
23433,46920,374,333,295
23434,46922,360,333,294
23435,46924,354,333,294
23436,46926,342,333,294
23437,46928,343,333,294
23438,46930,352,333,295
23439,46932,358,334,293
23440,46934,357,334,294
23441,46936,354,333,293
23442,46938,365,333,294
23443,46940,370,333,295
23444,46942,367,333,295
23445,46944,355,333,294
23446,46946,348,335,293
23447,46948,339,333,294
23448,46950,354,333,295
23449,46952,369,333,294
23450,46954,349,332,294
23451,46956,353,333,294
23452,46958,360,333,294
23453,46960,358,332,295
23454,46962,367,332,294
23455,46964,351,333,296
23456,46966,343,334,295
23457,46968,338,332,296
23458,46970,360,332,295
23459,46972,357,332,297
23460,46974,354,333,297
23461,46976,364,333,295
23462,46978,366,331,296
23463,46980,384,332,297
23464,46982,377,336,298
23465,46984,363,332,297
23466,46986,345,332,297
23467,46988,350,332,297
23468,46990,357,333,298
23469,46992,351,332,299
23470,46994,352,332,298
23471,46996,358,332,297
23472,46998,352,333,297
23473,47000,383,333,297
23474,47002,371,333,297
23475,47004,354,332,298
23476,47006,342,333,297
23477,47008,342,332,297
23478,47010,357,333,299
23479,47012,356,332,299
23480,47014,351,333,299
23481,47016,357,335,299
23482,47018,356,333,299
23483,47020,379,333,299
23484,47022,363,332,298
23485,47024,352,332,298
23486,47026,342,333,298
23487,47028,340,330,298
23488,47030,358,333,301
23489,47032,355,331,299
23490,47034,349,333,301
23491,47036,353,332,301
23492,47038,363,333,302
23493,47040,386,331,301
23494,47042,369,333,301
23495,47044,355,333,300
23496,47046,347,333,301
23497,47048,338,333,301
23498,47050,354,334,303
23499,47052,359,333,302
23500,47054,356,333,303
23501,47056,356,333,306
23502,47058,364,333,305
23503,47060,386,334,305
23504,47062,370,334,306
23505,47064,365,333,307
23506,47066,344,333,309
23507,47068,340,333,311
23508,47070,356,334,313
23509,47072,361,333,311
23510,47074,354,334,313
23511,47076,359,334,311
23512,47078,364,333,312
23513,47080,380,334,314
23514,47082,380,333,310
23515,47084,364,334,310
23516,47086,349,333,312
23517,47088,341,334,311
23518,47090,364,333,311
23519,47092,359,333,310
23520,47094,354,334,311
23521,47096,357,333,312
23522,47098,362,334,310
23523,47100,379,333,314
23524,47102,373,333,313
23525,47104,367,334,314
23526,47106,348,335,314
23527,47108,333,334,312
23528,47110,350,334,314
23529,47112,357,334,313
23530,47114,353,334,315
23531,47116,353,334,313
23532,47118,362,334,314
23533,47120,384,333,314
23534,47122,368,334,313
23535,47124,367,334,312
23536,47126,350,334,312
23537,47128,347,335,314
23538,47130,357,334,315
23539,47132,349,334,316
23540,47134,357,334,314
23541,47136,354,335,315
23542,47138,363,334,315
23543,47140,383,333,314
23544,47142,373,334,314
23545,47144,360,334,314
23546,47146,350,334,315
23547,47148,346,334,314
23548,47150,357,334,313
23549,47152,358,334,314
23550,47154,353,334,311
23551,47156,357,334,313
23552,47158,362,334,313
23553,47160,388,334,312
23554,47162,375,334,314
23555,47164,363,335,312
23556,47166,352,335,311
23557,47168,351,334,310
23558,47170,358,334,311
23559,47172,355,335,310
23560,47174,355,334,309
23561,47176,360,334,311
23562,47178,358,335,311
23563,47180,384,334,310
23564,47182,372,334,312
23565,47184,365,335,311
23566,47186,347,334,310
23567,47188,344,334,311
23568,47190,363,334,310
23569,47192,364,335,309
23570,47194,360,334,310
23571,47196,358,334,307
23572,47198,370,334,305
23573,47200,378,334,307
23574,47202,376,334,308
23575,47204,363,334,306
23576,47206,349,334,305
23577,47208,341,335,306
23578,47210,360,335,306
23579,47212,362,335,307
23580,47214,362,334,305
23581,47216,356,335,307
23582,47218,372,334,305
23583,47220,386,334,305
23584,47222,380,334,305
23585,47224,372,335,304
23586,47226,343,335,304
23587,47228,343,335,303
23588,47230,360,334,302
23589,47232,360,334,302
23590,47234,375,335,303
23591,47236,364,335,301
23592,47238,362,334,300
23593,47240,378,334,299
23594,47242,370,334,300
23595,47244,354,335,300
23596,47246,348,334,299
23597,47248,339,334,297
23598,47250,354,337,297
23599,47252,352,335,298
23600,47254,355,334,299
23601,47256,349,334,300
23602,47258,354,334,299
23603,47260,379,334,301
23604,47262,366,334,304
23605,47264,362,334,302
23606,47266,349,333,302
23607,47268,348,334,299
23608,47270,361,334,299
23609,47272,349,334,297
23610,47274,357,333,299
23611,47276,357,334,297
23612,47278,361,334,299
23613,47280,380,334,302
23614,47282,372,334,299
23615,47284,358,333,299
23616,47286,345,334,299
23617,47288,348,334,298
23618,47290,356,334,298
23619,47292,359,334,301
23620,47294,358,333,301
23621,47296,365,334,299
23622,47298,363,333,297
23623,47300,378,334,295
23624,47302,375,333,296
23625,47304,361,333,297
23626,47306,346,334,296
23627,47308,350,334,298
23628,47310,363,334,298
23629,47312,361,334,299
23630,47314,355,334,298
23631,47316,358,333,297
23632,47318,362,333,298
23633,47320,383,334,300
23634,47322,374,334,299
23635,47324,360,334,298
23636,47326,335,334,300
23637,47328,337,334,300
23638,47330,358,334,301
23639,47332,359,334,302
23640,47334,355,334,301
23641,47336,358,334,300
23642,47338,356,334,301
23643,47340,381,334,303
23644,47342,376,334,303
23645,47344,355,335,303
23646,47346,349,335,302
23647,47348,343,335,301
23648,47350,365,335,299
23649,47352,358,335,302
23650,47354,356,335,300
23651,47356,351,336,303
23652,47358,360,337,307
23653,47360,371,336,306
23654,47362,373,336,306
23655,47364,341,337,306
23656,47366,348,338,306
23657,47368,334,338,306
23658,47370,343,339,307
23659,47372,351,338,307
23660,47374,363,338,307
23661,47376,350,339,308
23662,47378,353,339,307
23663,47380,376,339,306
23664,47382,373,339,306
23665,47384,353,339,306
23666,47386,349,339,309
23667,47388,338,339,310
23668,47390,348,340,313
23669,47392,324,339,311
23670,47394,322,340,309
23671,47396,318,340,309
23672,47398,319,340,311
23673,47400,346,340,311
23674,47402,332,341,312
23675,47404,318,340,311
23676,47406,311,340,313
23677,47408,312,341,310
23678,47410,321,341,312
23679,47412,319,341,312
23680,47414,319,342,312
23681,47416,320,342,310
23682,47418,320,342,311
23683,47420,347,342,311
23684,47422,362,342,311
23685,47424,359,342,311
23686,47426,349,342,311
23687,47428,341,342,311
23688,47430,358,343,312
23689,47432,356,342,314
23690,47434,352,342,314
23691,47436,357,342,314
23692,47438,356,343,314
23693,47440,378,344,315
23694,47442,379,343,314
23695,47444,355,343,315
23696,47446,345,343,314
23697,47448,338,343,317
23698,47450,356,344,315
23699,47452,358,343,316
23700,47454,364,343,316
23701,47456,365,343,315
23702,47458,357,343,317
23703,47460,377,344,316
23704,47462,373,344,317
23705,47464,352,343,318
23706,47466,345,344,316
23707,47468,347,344,317
23708,47470,360,343,317
23709,47472,358,344,317
23710,47474,364,343,317
23711,47476,353,344,316
23712,47478,355,344,316
23713,47480,382,343,319
23714,47482,365,343,317
23715,47484,357,344,318
23716,47486,350,344,317
23717,47488,346,344,318
23718,47490,360,344,318
23719,47492,356,344,318
23720,47494,364,344,319
23721,47496,352,343,320
23722,47498,348,343,316
23723,47500,381,344,319
23724,47502,374,345,319
23725,47504,353,344,318
23726,47506,345,344,317
23727,47508,347,345,319
23728,47510,358,345,320
23729,47512,362,344,323
23730,47514,360,344,321
23731,47516,361,344,321
23732,47518,364,345,322
23733,47520,378,345,326
23734,47522,372,345,326
23735,47524,361,344,327
23736,47526,350,344,329
23737,47528,344,344,326
23738,47530,364,344,329
23739,47532,360,344,331
23740,47534,364,345,330
23741,47536,359,345,328
23742,47538,368,345,330
23743,47540,378,345,328
23744,47542,373,345,330
23745,47544,362,345,331
23746,47546,351,345,332
23747,47548,344,344,332
23748,47550,364,345,333
23749,47552,359,345,334
23750,47554,361,345,333
23751,47556,370,345,334
23752,47558,370,345,333
23753,47560,372,347,333
23754,47562,375,345,332
23755,47564,363,345,333
23756,47566,340,345,333
23757,47568,337,345,335
23758,47570,357,346,334
23759,47572,364,346,334
23760,47574,354,345,334
23761,47576,361,346,333
23762,47578,360,346,334
23763,47580,380,346,338
23764,47582,378,347,335
23765,47584,363,346,335
23766,47586,354,346,335
23767,47588,344,346,337
23768,47590,358,346,335
23769,47592,367,346,336
23770,47594,366,346,337
23771,47596,365,347,340
23772,47598,364,346,338
23773,47600,382,346,340
23774,47602,387,349,340
23775,47604,368,349,339
23776,47606,351,349,341
23777,47608,350,352,337
23778,47610,362,350,340
23779,47612,366,351,342
23780,47614,364,351,340
23781,47616,357,353,342
23782,47618,373,354,342
23783,47620,388,355,344
23784,47622,387,353,343
23785,47624,370,355,343
23786,47626,350,355,345
23787,47628,346,356,345
23788,47630,352,355,345
23789,47632,368,356,345
23790,47634,360,356,347
23791,47636,357,355,347
23792,47638,370,355,346
23793,47640,380,357,346
23794,47642,375,358,345
23795,47644,369,356,347
23796,47646,357,357,345
23797,47648,342,357,345
23798,47650,361,357,347
23799,47652,362,357,347
23800,47654,360,357,350
23801,47656,369,358,351
23802,47658,370,357,352
23803,47660,385,359,358
23804,47662,382,360,356
23805,47664,376,359,358
23806,47666,357,359,357
23807,47668,354,359,355
23808,47670,371,366,357
23809,47672,367,360,356
23810,47674,362,356,358
23811,47676,373,361,359
23812,47678,378,361,362
23813,47680,386,361,361
23814,47682,391,361,362
23815,47684,384,361,362
23816,47686,353,361,363
23817,47688,349,361,362
23818,47690,369,361,366
23819,47692,371,361,364
23820,47694,369,361,364
23821,47696,371,362,362
23822,47698,385,361,365
23823,47700,401,362,367
23824,47702,398,361,367
23825,47704,384,364,366
23826,47706,357,361,366
23827,47708,365,360,366
23828,47710,382,362,365
23829,47712,372,359,366
23830,47714,381,362,366
23831,47716,382,362,364
23832,47718,372,362,364
23833,47720,401,363,366
23834,47722,393,361,367
23835,47724,378,365,367
23836,47726,361,362,369
23837,47728,345,362,371
23838,47730,360,362,370
23839,47732,375,363,369
23840,47734,383,362,371
23841,47736,375,362,371
23842,47738,369,362,370
23843,47740,401,363,374
23844,47742,395,363,376
23845,47744,378,364,376
23846,47746,360,363,377
23847,47748,344,364,377
23848,47750,363,365,376
23849,47752,357,365,379
23850,47754,366,365,378
23851,47756,367,365,377
23852,47758,370,365,379
23853,47760,396,366,376
23854,47762,387,365,382
23855,47764,363,366,377
23856,47766,357,366,379
23857,47768,345,366,380
23858,47770,371,365,380
23859,47772,373,366,379
23860,47774,365,367,379
23861,47776,373,368,380
23862,47778,382,366,382
23863,47780,398,367,380
23864,47782,391,369,382
23865,47784,375,367,382
23866,47786,357,369,383
23867,47788,346,366,382
23868,47790,371,368,382
23869,47792,355,368,381
23870,47794,365,368,382
23871,47796,373,369,381
23872,47798,362,369,378
23873,47800,392,370,383
23874,47802,391,369,382
23875,47804,375,370,384
23876,47806,362,370,383
23877,47808,352,370,384
23878,47810,360,370,384
23879,47812,368,370,384
23880,47814,364,371,388
23881,47816,373,371,388
23882,47818,374,371,388
23883,47820,393,371,388
23884,47822,386,372,388
23885,47824,375,372,388
23886,47826,358,372,387
23887,47828,353,372,388
23888,47830,356,372,388
23889,47832,362,372,389
23890,47834,366,372,388
23891,47836,361,373,390
23892,47838,374,373,391
23893,47840,396,374,390
23894,47842,378,373,391
23895,47844,375,373,390
23896,47846,357,373,391
23897,47848,343,373,389
23898,47850,358,374,391
23899,47852,369,373,391
23900,47854,378,373,389
23901,47856,378,373,392
23902,47858,373,373,391
23903,47860,394,374,392
23904,47862,387,374,391
23905,47864,380,373,390
23906,47866,371,374,391
23907,47868,353,374,392
23908,47870,352,374,389
23909,47872,376,374,391
23910,47874,375,374,390
23911,47876,370,375,390
23912,47878,378,375,389
23913,47880,397,375,392
23914,47882,385,374,392
23915,47884,380,374,392
23916,47886,359,374,393
23917,47888,352,375,393
23918,47890,363,375,393
23919,47892,360,375,393
23920,47894,366,376,395
23921,47896,368,375,393
23922,47898,377,376,393
23923,47900,387,376,393
23924,47902,392,376,391
23925,47904,392,376,391
23926,47906,359,375,389
23927,47908,352,375,393
23928,47910,363,375,394
23929,47912,363,376,392
23930,47914,375,376,392
23931,47916,375,375,392
23932,47918,377,375,396
23933,47920,395,375,395
23934,47922,387,375,395
23935,47924,374,374,395
23936,47926,361,375,396
23937,47928,355,375,396
23938,47930,359,374,396
23939,47932,368,375,395
23940,47934,374,374,395
23941,47936,375,375,395
23942,47938,374,375,395
23943,47940,399,374,394
23944,47942,388,375,396
23945,47944,374,374,395
23946,47946,370,374,393
23947,47948,359,374,397
23948,47950,359,374,397
23949,47952,369,375,397
23950,47954,372,375,398
23951,47956,366,375,399
23952,47958,369,375,398
23953,47960,390,375,398
23954,47962,382,375,395
23955,47964,362,375,396
23956,47966,355,374,397
23957,47968,357,375,396
23958,47970,352,374,395
23959,47972,368,375,394
23960,47974,389,375,395
23961,47976,375,375,395
23962,47978,377,375,397
23963,47980,389,375,395
23964,47982,390,375,395
23965,47984,368,375,395
23966,47986,357,376,396
23967,47988,356,374,397
23968,47990,357,375,398
23969,47992,372,375,400
23970,47994,377,375,399
23971,47996,385,376,398
23972,47998,398,374,398
23973,48000,403,375,397
23974,48002,403,374,395
23975,48004,383,374,396
23976,48006,368,374,397
23977,48008,371,374,398
23978,48010,368,374,397
23979,48012,395,373,395
23980,48014,389,373,395
23981,48016,394,373,394
23982,48018,392,373,394
23983,48020,404,372,395
23984,48022,410,373,397
23985,48024,399,373,396
23986,48026,383,370,397
23987,48028,373,372,396
23988,48030,378,373,395
23989,48032,397,371,395
23990,48034,385,372,397
23991,48036,387,372,397
23992,48038,392,371,397
23993,48040,404,371,396
23994,48042,414,372,396
23995,48044,392,373,396
23996,48046,377,373,396
23997,48048,375,374,396
23998,48050,375,374,394
23999,48052,390,373,396
24000,48054,388,374,398
24001,48056,397,375,399
24002,48058,389,374,397
24003,48060,407,375,398
24004,48062,406,376,396
24005,48064,385,376,397
24006,48066,399,374,397
24007,48068,378,374,397
24008,48070,379,375,399
24009,48072,398,376,399
24010,48074,398,376,398
24011,48076,396,377,399
24012,48078,394,378,398
24013,48080,412,378,399
24014,48082,406,378,396
24015,48084,392,378,398
24016,48086,390,379,397
24017,48088,373,379,398
24018,48090,376,379,400
24019,48092,401,379,399
24020,48094,391,380,401
24021,48096,389,381,402
24022,48098,393,380,403
24023,48100,415,381,403
24024,48102,410,381,403
24025,48104,394,380,404
24026,48106,384,381,401
24027,48108,372,381,402
24028,48110,384,381,402
24029,48112,399,382,403
24030,48114,393,381,400
24031,48116,406,383,401
24032,48118,385,382,402
24033,48120,411,382,402
24034,48122,409,383,402
24035,48124,401,383,402
24036,48126,384,383,401
24037,48128,376,382,402
24038,48130,389,383,402
24039,48132,404,382,404
24040,48134,398,383,401
24041,48136,395,383,402
24042,48138,397,383,402
24043,48140,415,383,405
24044,48142,416,383,404
24045,48144,396,383,403
24046,48146,385,383,404
24047,48148,386,383,405
24048,48150,387,382,404
24049,48152,391,383,403
24050,48154,397,383,406
24051,48156,406,383,405
24052,48158,393,383,405
24053,48160,408,383,405
24054,48162,410,383,406
24055,48164,394,383,405
24056,48166,392,383,405
24057,48168,377,384,407
24058,48170,384,382,405
24059,48172,388,383,406
24060,48174,402,382,405
24061,48176,399,382,405
24062,48178,386,383,407
24063,48180,402,382,405
24064,48182,409,382,405
24065,48184,398,381,404
24066,48186,394,382,406
24067,48188,387,382,405
24068,48190,390,382,407
24069,48192,392,382,408
24070,48194,403,381,405
24071,48196,398,381,406
24072,48198,402,382,409
24073,48200,419,382,406
24074,48202,415,381,407
24075,48204,402,380,407
24076,48206,399,381,407
24077,48208,378,380,407
24078,48210,390,381,407
24079,48212,397,380,406
24080,48214,401,380,409
24081,48216,398,381,407
24082,48218,392,379,405
24083,48220,415,380,407
24084,48222,407,380,407
24085,48224,417,380,407
24086,48226,391,380,406
24087,48228,380,381,407
24088,48230,389,380,406
24089,48232,397,381,407
24090,48234,397,380,407
24091,48236,409,380,408
24092,48238,403,381,407
24093,48240,414,380,402
24094,48242,409,380,407
24095,48244,407,380,406
24096,48246,393,380,406
24097,48248,384,380,406
24098,48250,393,375,406
24099,48252,402,379,408
24100,48254,401,380,407
24101,48256,406,379,406
24102,48258,417,379,406
24103,48260,421,380,405
24104,48262,420,377,407
24105,48264,409,377,409
24106,48266,407,377,407
24107,48268,382,376,406
24108,48270,391,377,406
24109,48272,408,378,407
24110,48274,403,380,411
24111,48276,396,376,408
24112,48278,406,378,407
24113,48280,416,376,407
24114,48282,417,374,408
24115,48284,400,375,407
24116,48286,394,375,407
24117,48288,388,375,405
24118,48290,383,375,407
24119,48292,400,375,408
24120,48294,404,374,406
24121,48296,398,375,407
24122,48298,396,376,406
24123,48300,418,376,408
24124,48302,426,375,405
24125,48304,404,375,405
24126,48306,392,375,405
24127,48308,384,375,404
24128,48310,390,375,405
24129,48312,399,375,404
24130,48314,401,375,404
24131,48316,399,375,404
24132,48318,404,373,404
24133,48320,423,374,404
24134,48322,414,378,404
24135,48324,406,375,403
24136,48326,396,373,402
24137,48328,384,375,401
24138,48330,386,375,402
24139,48332,402,375,401
24140,48334,400,374,402
24141,48336,396,374,400
24142,48338,409,373,400
24143,48340,413,374,400
24144,48342,408,376,400
24145,48344,403,374,398
24146,48346,389,374,398
24147,48348,383,374,399
24148,48350,389,374,399
24149,48352,394,374,399
24150,48354,395,371,398
24151,48356,406,374,398
24152,48358,405,379,398
24153,48360,411,374,398
24154,48362,413,374,397
24155,48364,401,371,398
24156,48366,394,374,399
24157,48368,387,374,398
24158,48370,385,373,398
24159,48372,399,374,398
24160,48374,391,375,399
24161,48376,402,372,398
24162,48378,410,374,399
24163,48380,415,375,398
24164,48382,421,374,398
24165,48384,407,375,397
24166,48386,387,375,399
24167,48388,387,374,398
24168,48390,386,374,398
24169,48392,399,374,398
24170,48394,391,374,399
24171,48396,397,374,398
24172,48398,399,374,398
24173,48400,415,373,398
24174,48402,415,373,397
24175,48404,400,376,398
24176,48406,389,373,397
24177,48408,383,376,397
24178,48410,385,372,397
24179,48412,397,376,398
24180,48414,388,371,398
24181,48416,396,373,399
24182,48418,397,371,398
24183,48420,411,371,398
24184,48422,420,371,398
24185,48424,401,370,398
24186,48426,399,369,398
24187,48428,389,371,399
24188,48430,385,370,399
24189,48432,399,370,399
24190,48434,391,370,400
24191,48436,398,370,399
24192,48438,408,367,400
24193,48440,411,369,397
24194,48442,414,370,399
24195,48444,404,370,400
24196,48446,397,368,400
24197,48448,382,370,399
24198,48450,384,369,398
24199,48452,388,370,400
24200,48454,385,370,399
24201,48456,396,370,399
24202,48458,407,370,398
24203,48460,415,370,399
24204,48462,424,369,398
24205,48464,408,370,399
24206,48466,398,370,398
24207,48468,374,370,398
24208,48470,382,370,399
24209,48472,394,370,397
24210,48474,382,370,398
24211,48476,398,370,398
24212,48478,403,370,398
24213,48480,413,369,399
24214,48482,417,370,399
24215,48484,398,370,397
24216,48486,400,369,399
24217,48488,371,369,397
24218,48490,387,369,398
24219,48492,395,369,397
24220,48494,394,369,399
24221,48496,401,369,398
24222,48498,398,368,397
24223,48500,415,370,397
24224,48502,417,372,398
24225,48504,406,372,398
24226,48506,396,371,398
24227,48508,383,372,396
24228,48510,393,372,397
24229,48512,393,372,399
24230,48514,403,372,397
24231,48516,396,372,398
24232,48518,396,372,398
24233,48520,418,371,398
24234,48522,415,372,398
24235,48524,400,373,398
24236,48526,404,372,398
24237,48528,376,372,398
24238,48530,385,373,398
24239,48532,401,372,397
24240,48534,396,372,399
24241,48536,403,372,398
24242,48538,394,372,396
24243,48540,416,373,397
24244,48542,413,374,396
24245,48544,400,373,395
24246,48546,394,373,396
24247,48548,371,373,395
24248,48550,382,372,394
24249,48552,397,373,396
24250,48554,395,373,395
24251,48556,392,373,397
24252,48558,395,374,396
24253,48560,403,373,395
24254,48562,412,373,396
24255,48564,397,373,395
24256,48566,391,372,393
24257,48568,375,373,395
24258,48570,382,373,394
24259,48572,396,372,392
24260,48574,397,372,394
24261,48576,394,372,394
24262,48578,393,374,394
24263,48580,412,373,395
24264,48582,408,373,394
24265,48584,398,373,395
24266,48586,387,372,395
24267,48588,371,372,394
24268,48590,386,373,395
24269,48592,393,374,395
24270,48594,396,372,395
24271,48596,403,374,395
24272,48598,394,373,396
24273,48600,413,374,396
24274,48602,412,372,395
24275,48604,404,374,395
24276,48606,388,374,394
24277,48608,365,374,395
24278,48610,391,374,396
24279,48612,393,375,397
24280,48614,399,374,396
24281,48616,399,374,398
24282,48618,390,374,397
24283,48620,408,373,396
24284,48622,410,374,397
24285,48624,398,373,396
24286,48626,383,373,397
24287,48628,379,373,397
24288,48630,383,373,397
24289,48632,390,373,396
24290,48634,397,373,396
24291,48636,391,373,396
24292,48638,393,374,395
24293,48640,409,374,397
24294,48642,410,374,397
24295,48644,396,373,398
24296,48646,391,373,397
24297,48648,381,373,396
24298,48650,386,374,397
24299,48652,388,373,395
24300,48654,399,374,396
24301,48656,387,374,397
24302,48658,400,373,396
24303,48660,409,374,398
24304,48662,404,374,396
24305,48664,389,373,396
24306,48666,383,374,397
24307,48668,386,374,395
24308,48670,384,374,397
24309,48672,387,374,398
24310,48674,394,373,398
24311,48676,398,373,397
24312,48678,397,374,398
24313,48680,412,373,398
24314,48682,407,374,397
24315,48684,391,375,398
24316,48686,390,373,397
24317,48688,381,374,399
24318,48690,373,373,397
24319,48692,402,374,398
24320,48694,393,374,398
24321,48696,393,373,399
24322,48698,394,373,397
24323,48700,408,374,397
24324,48702,413,372,398
24325,48704,395,374,398
24326,48706,384,374,398
24327,48708,381,374,398
24328,48710,381,374,399
24329,48712,382,372,397
24330,48714,385,374,398
24331,48716,413,374,398
24332,48718,399,374,398
24333,48720,406,375,398
24334,48722,407,375,398
24335,48724,387,375,398
24336,48726,386,375,398
24337,48728,381,375,398
24338,48730,384,375,398
24339,48732,392,375,399
24340,48734,381,375,397
24341,48736,391,375,398
24342,48738,391,375,398
24343,48740,403,376,397
24344,48742,408,375,397
24345,48744,391,376,398
24346,48746,388,376,398
24347,48748,379,375,398
24348,48750,382,375,397
24349,48752,393,376,399
24350,48754,398,375,397
24351,48756,395,376,397
24352,48758,394,375,398
24353,48760,412,376,397
24354,48762,414,375,397
24355,48764,388,375,397
24356,48766,389,375,397
24357,48768,375,375,396
24358,48770,380,375,397
24359,48772,393,375,397
24360,48774,396,375,398
24361,48776,400,376,398
24362,48778,394,374,398
24363,48780,407,375,397
24364,48782,409,375,397
24365,48784,385,375,397
24366,48786,396,375,397
24367,48788,376,375,397
24368,48790,383,375,396
24369,48792,403,374,397
24370,48794,392,375,396
24371,48796,388,374,398
24372,48798,393,374,396
24373,48800,413,375,399
24374,48802,412,374,397
24375,48804,390,375,398
24376,48806,382,375,397
24377,48808,380,374,395
24378,48810,363,375,397
24379,48812,405,373,395
24380,48814,395,374,397
24381,48816,396,374,397
24382,48818,398,375,397
24383,48820,407,375,397
24384,48822,412,374,397
24385,48824,396,375,396
24386,48826,388,375,398
24387,48828,382,375,397
24388,48830,384,374,396
24389,48832,396,374,396
24390,48834,394,375,395
24391,48836,398,372,398
24392,48838,391,373,395
24393,48840,407,374,396
24394,48842,414,373,397
24395,48844,410,374,395
24396,48846,403,374,397
24397,48848,367,373,395
24398,48850,386,373,395
24399,48852,389,373,396
24400,48854,399,372,395
24401,48856,397,373,395
24402,48858,388,373,396
24403,48860,409,371,396
24404,48862,410,373,396
24405,48864,393,373,395
24406,48866,405,374,395
24407,48868,386,374,394
24408,48870,388,376,397
24409,48872,403,373,394
24410,48874,395,375,395
24411,48876,402,373,394
24412,48878,393,373,396
24413,48880,417,373,394
24414,48882,405,374,392
24415,48884,402,374,391
24416,48886,392,375,391
24417,48888,375,376,390
24418,48890,390,376,392
24419,48892,389,376,390
24420,48894,394,376,390
24421,48896,380,377,392
24422,48898,390,378,391
24423,48900,409,379,392
24424,48902,394,379,393
24425,48904,388,379,391
24426,48906,372,379,392
24427,48908,364,378,392
24428,48910,357,380,390
24429,48912,386,380,392
24430,48914,373,380,390
24431,48916,373,380,392
24432,48918,388,381,393
24433,48920,404,381,391
24434,48922,410,379,392
24435,48924,396,380,391
24436,48926,387,382,391
24437,48928,360,381,391
24438,48930,377,381,391
24439,48932,377,381,393
24440,48934,392,381,392
24441,48936,387,382,393
24442,48938,389,381,391
24443,48940,406,382,392
24444,48942,401,382,392
24445,48944,409,382,392
24446,48946,378,382,392
24447,48948,355,382,390
24448,48950,369,382,390
24449,48952,375,382,392
24450,48954,385,382,392
24451,48956,386,382,393
24452,48958,388,382,389
24453,48960,400,381,389
24454,48962,404,383,391
24455,48964,389,381,393
24456,48966,380,382,392
24457,48968,375,382,390
24458,48970,370,381,391
24459,48972,373,380,389
24460,48974,381,380,391
24461,48976,383,381,391
24462,48978,394,381,391
24463,48980,398,381,392
24464,48982,399,381,390
24465,48984,385,380,390
24466,48986,381,380,390
24467,48988,369,380,391
24468,48990,365,380,391
24469,48992,380,380,391
24470,48994,381,380,391
24471,48996,369,379,390
24472,48998,380,380,390
24473,49000,403,380,391
24474,49002,401,379,390
24475,49004,382,380,391
24476,49006,385,379,391
24477,49008,376,379,390
24478,49010,370,380,390
24479,49012,372,380,390
24480,49014,385,377,389
24481,49016,373,380,390
24482,49018,382,380,388
24483,49020,400,379,389
24484,49022,393,380,391
24485,49024,388,379,390
24486,49026,373,377,391
24487,49028,364,376,390
24488,49030,365,377,390
24489,49032,383,376,390
24490,49034,374,374,390
24491,49036,374,377,390
24492,49038,392,374,390
24493,49040,397,376,391
24494,49042,402,377,391
24495,49044,374,376,391
24496,49046,377,375,390
24497,49048,358,376,392
24498,49050,368,376,391
24499,49052,381,376,391
24500,49054,372,377,391
24501,49056,376,376,391
24502,49058,384,376,390
24503,49060,402,376,392
24504,49062,399,375,391
24505,49064,385,374,390
24506,49066,378,375,391
24507,49068,361,374,390
24508,49070,363,375,391
24509,49072,380,373,389
24510,49074,372,374,390
24511,49076,382,373,390
24512,49078,378,374,391
24513,49080,392,373,391
24514,49082,404,374,390
24515,49084,385,375,391
24516,49086,382,374,390
24517,49088,363,373,390
24518,49090,376,374,390
24519,49092,386,373,390
24520,49094,387,374,391
24521,49096,385,371,390
24522,49098,392,374,393
24523,49100,401,373,390
24524,49102,407,373,391
24525,49104,383,374,392
24526,49106,385,373,389
24527,49108,375,373,389
24528,49110,369,373,389
24529,49112,380,373,388
24530,49114,387,373,387
24531,49116,382,373,388
24532,49118,381,372,387
24533,49120,385,373,387
24534,49122,406,373,387
24535,49124,379,373,386
24536,49126,378,373,384
24537,49128,356,373,383
24538,49130,359,373,380
24539,49132,383,373,384
24540,49134,379,373,382
24541,49136,376,373,381
24542,49138,369,373,380
24543,49140,386,373,380
24544,49142,396,373,378
24545,49144,381,373,377
24546,49146,384,373,375
24547,49148,352,373,374
24548,49150,368,372,373
24549,49152,377,373,372
24550,49154,374,373,369
24551,49156,379,373,368
24552,49158,384,375,368
24553,49160,379,373,366
24554,49162,399,374,366
24555,49164,384,375,367
24556,49166,378,374,367
24557,49168,358,374,368
24558,49170,374,374,366
24559,49172,384,374,365
24560,49174,379,374,365
24561,49176,388,375,367
24562,49178,385,375,365
24563,49180,389,374,365
24564,49182,408,375,364
24565,49184,390,375,363
24566,49186,386,375,365
24567,49188,366,375,363
24568,49190,378,375,363
24569,49192,381,375,363
24570,49194,383,376,364
24571,49196,382,376,364
24572,49198,378,375,364
24573,49200,382,375,363
24574,49202,400,375,362
24575,49204,386,376,362
24576,49206,379,376,363
24577,49208,356,375,361
24578,49210,370,376,363
24579,49212,378,375,366
24580,49214,384,376,361
24581,49216,378,376,361
24582,49218,371,376,360
24583,49220,378,375,360
24584,49222,399,376,358
24585,49224,378,377,359
24586,49226,377,377,361
24587,49228,357,378,361
24588,49230,366,377,360
24589,49232,386,377,359
24590,49234,388,376,359
24591,49236,382,377,359
24592,49238,370,376,357
24593,49240,388,377,357
24594,49242,392,377,356
24595,49244,376,377,357
24596,49246,379,377,357
24597,49248,358,376,355
24598,49250,364,377,357
24599,49252,378,376,354
24600,49254,379,376,355
24601,49256,377,375,356
24602,49258,381,375,356
24603,49260,383,375,356
24604,49262,398,375,357
24605,49264,379,375,356
24606,49266,377,374,356
24607,49268,357,375,355
24608,49270,370,374,355
24609,49272,371,375,357
24610,49274,370,375,358
24611,49276,376,374,355
24612,49278,377,374,355
24613,49280,382,375,355
24614,49282,391,374,354
24615,49284,378,374,354
24616,49286,375,374,352
24617,49288,368,374,354
24618,49290,371,374,353
24619,49292,371,374,352
24620,49294,378,375,353
24621,49296,372,374,353
24622,49298,370,375,353
24623,49300,381,374,352
24624,49302,381,373,353
24625,49304,384,374,352
24626,49306,372,374,352
24627,49308,362,373,352
24628,49310,371,374,351
24629,49312,368,375,351
24630,49314,383,374,351
24631,49316,383,374,352
24632,49318,374,374,351
24633,49320,376,374,353
24634,49322,390,374,352
24635,49324,380,372,352
24636,49326,366,373,352
24637,49328,360,373,351
24638,49330,368,372,352
24639,49332,373,372,353
24640,49334,378,372,350
24641,49336,369,371,356
24642,49338,364,372,351
24643,49340,377,371,351
24644,49342,390,371,351
24645,49344,372,371,350
24646,49346,370,371,350
24647,49348,364,371,350
24648,49350,360,371,350
24649,49352,373,370,349
24650,49354,380,372,350
24651,49356,371,371,350
24652,49358,378,370,350
24653,49360,378,370,349
24654,49362,387,371,346
24655,49364,375,370,346
24656,49366,377,370,345
24657,49368,367,370,344
24658,49370,360,370,345
24659,49372,383,370,346
24660,49374,371,370,344
24661,49376,375,368,345
24662,49378,381,368,345
24663,49380,373,368,345
24664,49382,394,367,344
24665,49384,361,368,342
24666,49386,369,367,342
24667,49388,354,367,341
24668,49390,366,367,342
24669,49392,366,367,341
24670,49394,370,366,339
24671,49396,368,366,341
24672,49398,378,365,343
24673,49400,380,366,340
24674,49402,390,364,340
24675,49404,375,364,343
24676,49406,373,364,340
24677,49408,359,364,341
24678,49410,370,364,340
24679,49412,375,364,338
24680,49414,380,364,340
24681,49416,379,363,339
24682,49418,373,363,339
24683,49420,368,363,340
24684,49422,402,364,338
24685,49424,374,363,337
24686,49426,369,363,341
24687,49428,357,363,341
24688,49430,363,362,338
24689,49432,372,363,339
24690,49434,389,363,339
24691,49436,382,363,340
24692,49438,369,361,339
24693,49440,373,363,339
24694,49442,401,362,338
24695,49444,379,362,337
24696,49446,370,362,336
24697,49448,359,362,338
24698,49450,360,362,337
24699,49452,368,362,336
24700,49454,379,362,337
24701,49456,376,361,336
24702,49458,371,362,334
24703,49460,366,363,336
24704,49462,386,362,337
24705,49464,370,361,336
24706,49466,377,362,336
24707,49468,360,362,335
24708,49470,371,362,335
24709,49472,377,363,336
24710,49474,381,362,335
24711,49476,379,361,335
24712,49478,367,361,333
24713,49480,374,361,334
24714,49482,394,362,335
24715,49484,376,361,334
24716,49486,375,361,333
24717,49488,357,361,334
24718,49490,364,360,334
24719,49492,377,360,334
24720,49494,374,360,335
24721,49496,377,361,334
24722,49498,373,360,334
24723,49500,372,360,333
24724,49502,390,360,334
24725,49504,380,361,334
24726,49506,373,360,333
24727,49508,349,360,334
24728,49510,364,360,334
24729,49512,371,361,334
24730,49514,370,359,334
24731,49516,378,361,334
24732,49518,365,360,336
24733,49520,368,360,336
24734,49522,391,359,335
24735,49524,368,360,336
24736,49526,369,360,334
24737,49528,350,360,335
24738,49530,365,359,335
24739,49532,366,359,335
24740,49534,365,359,336
24741,49536,378,359,335
24742,49538,370,359,336
24743,49540,373,360,337
24744,49542,395,360,336
24745,49544,383,359,336
24746,49546,376,360,335
24747,49548,356,359,336
24748,49550,366,359,336
24749,49552,362,358,335
24750,49554,369,359,336
24751,49556,378,358,335
24752,49558,361,359,336
24753,49560,374,358,335
24754,49562,391,357,335
24755,49564,378,358,336
24756,49566,371,358,333
24757,49568,353,358,334
24758,49570,360,358,334
24759,49572,369,359,334
24760,49574,368,358,334
24761,49576,370,357,333
24762,49578,365,359,333
24763,49580,375,358,334
24764,49582,383,358,333
24765,49584,373,358,333
24766,49586,371,358,334
24767,49588,348,359,332
24768,49590,359,358,332
24769,49592,380,357,332
24770,49594,374,357,333
24771,49596,366,358,332
24772,49598,369,356,333
24773,49600,375,357,331
24774,49602,387,358,330
24775,49604,373,358,331
24776,49606,376,357,332
24777,49608,354,358,330
24778,49610,361,357,330
24779,49612,360,357,331
24780,49614,363,358,330
24781,49616,375,357,330
24782,49618,373,357,330
24783,49620,369,357,330
24784,49622,383,359,332
24785,49624,381,357,333
24786,49626,372,357,331
24787,49628,351,357,331
24788,49630,358,357,331
24789,49632,369,357,331
24790,49634,357,357,331
24791,49636,372,357,331
24792,49638,373,357,331
24793,49640,370,357,329
24794,49642,394,357,332
24795,49644,379,357,330
24796,49646,367,357,330
24797,49648,350,357,330
24798,49650,357,357,329
24799,49652,370,357,328
24800,49654,367,357,330
24801,49656,365,357,330
24802,49658,371,358,331
24803,49660,371,357,331
24804,49662,397,358,331
24805,49664,392,358,332
24806,49666,366,358,329
24807,49668,349,359,329
24808,49670,366,358,329
24809,49672,363,359,327
24810,49674,368,359,329
24811,49676,365,360,326
24812,49678,372,359,327
24813,49680,371,360,327
24814,49682,396,360,329
24815,49684,379,360,329
24816,49686,367,360,330
24817,49688,356,360,327
24818,49690,356,363,326
24819,49692,369,360,328
24820,49694,365,361,328
24821,49696,359,363,329
24822,49698,362,364,328
24823,49700,361,364,327
24824,49702,389,362,327
24825,49704,377,364,326
24826,49706,367,364,326
24827,49708,336,363,325
24828,49710,349,365,326
24829,49712,369,364,326
24830,49714,364,364,325
24831,49716,360,365,326
24832,49718,375,364,326
24833,49720,370,365,326
24834,49722,384,366,326
24835,49724,379,366,325
24836,49726,365,364,322
24837,49728,347,366,324
24838,49730,356,367,324
24839,49732,368,366,322
24840,49734,360,367,324
24841,49736,366,367,324
24842,49738,373,367,322
24843,49740,368,366,322
24844,49742,388,366,321
24845,49744,383,367,317
24846,49746,369,367,316
24847,49748,348,367,316
24848,49750,354,366,317
24849,49752,371,366,317
24850,49754,360,367,315
24851,49756,367,367,316
24852,49758,375,367,316
24853,49760,358,367,318
24854,49762,399,366,316
24855,49764,386,368,315
24856,49766,370,367,318
24857,49768,349,366,317
24858,49770,359,367,317
24859,49772,363,366,315
24860,49774,363,366,317
24861,49776,369,365,313
24862,49778,371,366,312
24863,49780,362,365,314
24864,49782,394,365,313
24865,49784,376,366,312
24866,49786,368,366,311
24867,49788,349,365,312
24868,49790,358,366,311
24869,49792,375,366,309
24870,49794,366,367,309
24871,49796,369,366,308
24872,49798,365,366,308
24873,49800,370,366,306
24874,49802,389,367,307
24875,49804,374,367,306
24876,49806,366,366,305
24877,49808,351,366,306
24878,49810,361,370,305
24879,49812,365,366,303
24880,49814,365,366,302
24881,49816,363,366,302
24882,49818,362,366,301
24883,49820,369,367,302
24884,49822,379,366,301
24885,49824,371,366,302
24886,49826,367,365,301
24887,49828,355,364,301
24888,49830,362,363,300
24889,49832,370,363,298
24890,49834,366,363,299
24891,49836,370,362,300
24892,49838,358,363,300
24893,49840,374,361,298
24894,49842,392,362,300
24895,49844,382,362,300
24896,49846,379,361,299
24897,49848,354,361,299
24898,49850,372,360,298
24899,49852,384,361,299
24900,49854,375,360,300
24901,49856,378,360,300
24902,49858,372,360,299
24903,49860,374,360,299
24904,49862,394,360,299
24905,49864,395,360,299
24906,49866,377,357,300
24907,49868,350,353,301
24908,49870,371,357,301
24909,49872,381,358,300
24910,49874,374,356,300
24911,49876,384,356,300
24912,49878,378,357,300
24913,49880,373,356,300
24914,49882,387,356,300
24915,49884,384,357,303
24916,49886,371,357,300
24917,49888,353,357,301
24918,49890,365,357,301
24919,49892,368,358,302
24920,49894,369,357,302
24921,49896,371,357,301
24922,49898,369,357,301
24923,49900,369,356,301
24924,49902,384,357,302
24925,49904,375,357,302
24926,49906,372,357,302
24927,49908,350,357,300
24928,49910,361,356,302
24929,49912,364,356,301
24930,49914,382,357,302
24931,49916,371,356,303
24932,49918,377,356,301
24933,49920,367,356,302
24934,49922,386,355,303
24935,49924,377,356,300
24936,49926,366,356,302
24937,49928,353,356,303
24938,49930,357,355,302
24939,49932,365,355,302
24940,49934,366,355,302
24941,49936,360,355,302
24942,49938,367,355,303
24943,49940,364,353,303
24944,49942,381,355,303
24945,49944,366,355,303
24946,49946,364,355,303
24947,49948,345,354,301
24948,49950,364,354,303
24949,49952,374,355,304
24950,49954,368,354,302
24951,49956,365,355,303
24952,49958,369,355,304
24953,49960,378,355,304
24954,49962,387,354,305
24955,49964,381,354,305
24956,49966,369,355,303
24957,49968,347,355,304
24958,49970,365,353,303
24959,49972,370,355,304
24960,49974,368,357,303
24961,49976,368,354,305
24962,49978,366,354,302
24963,49980,373,354,304
24964,49982,381,352,304
24965,49984,384,354,304
24966,49986,364,354,304
24967,49988,350,354,304
24968,49990,363,354,303
24969,49992,369,355,304
24970,49994,368,354,304
24971,49996,368,355,302
24972,49998,363,354,302
24973,50000,366,353,302
24974,50002,385,353,302
24975,50004,383,354,305
24976,50006,367,354,304
24977,50008,352,354,302
24978,50010,358,353,302
24979,50012,365,354,303
24980,50014,380,354,301
24981,50016,375,354,300
24982,50018,362,354,301
24983,50020,365,354,303
24984,50022,380,353,302
24985,50024,367,353,303
24986,50026,359,354,302
24987,50028,356,354,301
24988,50030,355,353,302
24989,50032,363,354,303
24990,50034,372,353,302
24991,50036,367,353,302
24992,50038,360,353,302
24993,50040,368,353,302
24994,50042,375,354,304
24995,50044,377,353,303
24996,50046,365,353,302
24997,50048,354,353,304
24998,50050,351,353,302
24999,50052,359,352,303
25000,50054,371,353,303
25001,50056,367,353,303
25002,50058,364,353,302
25003,50060,360,354,302
25004,50062,374,353,303
25005,50064,370,355,303
25006,50066,370,354,302
25007,50068,351,353,303
25008,50070,354,353,303
25009,50072,362,354,303
25010,50074,367,353,303
25011,50076,356,354,302
25012,50078,366,354,301
25013,50080,355,353,303
25014,50082,387,354,304
25015,50084,368,353,304
25016,50086,363,354,302
25017,50088,340,353,302
25018,50090,349,353,304
25019,50092,361,353,301
25020,50094,350,353,301
25021,50096,357,353,300
25022,50098,357,354,302
25023,50100,345,353,302
25024,50102,379,355,302
25025,50104,377,354,303
25026,50106,355,352,302
25027,50108,345,355,302
25028,50110,349,347,303
25029,50112,361,353,303
25030,50114,364,351,301
25031,50116,362,353,301
25032,50118,368,353,304
25033,50120,353,354,303
25034,50122,384,352,303
25035,50124,369,353,303
25036,50126,356,353,302
25037,50128,345,353,302
25038,50130,349,353,303
25039,50132,364,353,305
25040,50134,365,353,303
25041,50136,361,353,302
25042,50138,360,354,303
25043,50140,355,353,304
25044,50142,381,353,302
25045,50144,367,353,303
25046,50146,366,353,303
25047,50148,349,353,302
25048,50150,345,353,303
25049,50152,362,353,301
25050,50154,363,352,303
25051,50156,363,353,304
25052,50158,359,353,303
25053,50160,353,353,301
25054,50162,368,352,302
25055,50164,371,353,301
25056,50166,364,353,302
25057,50168,341,353,301
25058,50170,345,353,302
25059,50172,362,353,302
25060,50174,357,352,301
25061,50176,359,352,301
25062,50178,361,352,299
25063,50180,348,352,299
25064,50182,376,351,298
25065,50184,371,351,300
25066,50186,364,352,299
25067,50188,331,351,299
25068,50190,345,351,298
25069,50192,362,354,299
25070,50194,360,352,299
25071,50196,358,352,299
25072,50198,357,353,299
25073,50200,349,352,299
25074,50202,384,353,300
25075,50204,363,354,299
25076,50206,364,353,301
25077,50208,340,354,301
25078,50210,347,354,300
25079,50212,364,354,300
25080,50214,351,354,300
25081,50216,364,354,299
25082,50218,363,355,300
25083,50220,353,354,298
25084,50222,380,354,301
25085,50224,367,352,301
25086,50226,359,354,301
25087,50228,335,354,303
25088,50230,350,354,303
25089,50232,359,354,303
25090,50234,356,355,304
25091,50236,357,354,302
25092,50238,354,354,303
25093,50240,349,354,302
25094,50242,382,353,303
25095,50244,370,354,303
25096,50246,366,354,303
25097,50248,340,354,303
25098,50250,344,355,303
25099,50252,361,355,302
25100,50254,360,354,303
25101,50256,360,354,302
25102,50258,351,354,303
25103,50260,354,354,302
25104,50262,381,354,302
25105,50264,364,354,303
25106,50266,365,353,304
25107,50268,344,353,302
25108,50270,346,355,302
25109,50272,363,354,302
25110,50274,352,354,302
25111,50276,362,354,303
25112,50278,362,355,303
25113,50280,349,355,303
25114,50282,372,355,307
25115,50284,364,357,303
25116,50286,369,355,304
25117,50288,342,355,303
25118,50290,344,355,304
25119,50292,348,355,304
25120,50294,353,355,303
25121,50296,353,355,303
25122,50298,355,355,304
25123,50300,365,356,305
25124,50302,376,358,303
25125,50304,381,356,303
25126,50306,364,356,304
25127,50308,338,355,302
25128,50310,345,355,303
25129,50312,354,356,304
25130,50314,353,356,304
25131,50316,360,356,304
25132,50318,356,356,304
25133,50320,358,357,304
25134,50322,379,357,302
25135,50324,381,357,303
25136,50326,369,357,303
25137,50328,335,357,302
25138,50330,347,357,302
25139,50332,363,357,306
25140,50334,356,356,303
25141,50336,361,356,302
25142,50338,358,357,301
25143,50340,361,356,302
25144,50342,379,357,304
25145,50344,373,356,302
25146,50346,365,356,302
25147,50348,343,357,302
25148,50350,352,356,302
25149,50352,360,357,303
25150,50354,368,357,301
25151,50356,358,357,302
25152,50358,359,357,303
25153,50360,360,357,301
25154,50362,383,358,302
25155,50364,378,358,302
25156,50366,359,359,303
25157,50368,345,358,300
25158,50370,348,358,301
25159,50372,360,358,302
25160,50374,356,359,302
25161,50376,366,359,301
25162,50378,356,362,301
25163,50380,363,358,300
25164,50382,381,358,300
25165,50384,375,356,301
25166,50386,370,359,302
25167,50388,356,359,301
25168,50390,350,357,303
25169,50392,367,359,301
25170,50394,362,359,304
25171,50396,362,359,301
25172,50398,368,359,302
25173,50400,372,359,302
25174,50402,383,360,302
25175,50404,376,359,300
25176,50406,364,359,301
25177,50408,351,358,299
25178,50410,351,354,299
25179,50412,366,360,300
25180,50414,365,360,297
25181,50416,364,363,298
25182,50418,372,360,298
25183,50420,370,360,297
25184,50422,384,360,299
25185,50424,386,359,298
25186,50426,364,359,297
25187,50428,348,359,298
25188,50430,351,360,297
25189,50432,368,361,297
25190,50434,353,358,297
25191,50436,359,356,296
25192,50438,367,358,295
25193,50440,359,359,296
25194,50442,384,358,295
25195,50444,380,358,296
25196,50446,361,358,296
25197,50448,346,358,295
25198,50450,351,356,297
25199,50452,368,357,297
25200,50454,363,357,298
25201,50456,354,355,296
25202,50458,364,357,296
25203,50460,353,356,295
25204,50462,387,356,296
25205,50464,376,358,296
25206,50466,363,355,296
25207,50468,339,351,297
25208,50470,348,355,297
25209,50472,357,356,296
25210,50474,365,356,296
25211,50476,358,354,295
25212,50478,368,354,296
25213,50480,350,354,294
25214,50482,385,354,293
25215,50484,372,354,295
25216,50486,362,355,295
25217,50488,344,355,293
25218,50490,346,354,293
25219,50492,361,355,295
25220,50494,369,355,292
25221,50496,362,355,294
25222,50498,369,355,293
25223,50500,362,354,292
25224,50502,387,354,292
25225,50504,372,353,292
25226,50506,370,356,293
25227,50508,348,355,292
25228,50510,343,355,292
25229,50512,365,355,293
25230,50514,360,355,294
25231,50516,360,355,294
25232,50518,364,355,293
25233,50520,364,356,294
25234,50522,379,355,292
25235,50524,379,355,294
25236,50526,361,355,295
25237,50528,348,356,294
25238,50530,345,356,294
25239,50532,365,355,294
25240,50534,358,356,295
25241,50536,360,356,295
25242,50538,358,356,295
25243,50540,357,356,295
25244,50542,385,357,296
25245,50544,370,357,294
25246,50546,363,356,294
25247,50548,356,356,296
25248,50550,352,357,295
25249,50552,363,357,295
25250,50554,359,356,296
25251,50556,363,357,294
25252,50558,366,357,295
25253,50560,363,357,295
25254,50562,382,357,297
25255,50564,371,357,296
25256,50566,364,357,295
25257,50568,350,358,294
25258,50570,356,357,294
25259,50572,365,357,295
25260,50574,356,356,293
25261,50576,364,356,295
25262,50578,363,356,296
25263,50580,361,356,295
25264,50582,381,357,296
25265,50584,374,357,294
25266,50586,360,356,295
25267,50588,341,356,295
25268,50590,355,356,295
25269,50592,359,356,296
25270,50594,361,356,295
25271,50596,370,356,295
25272,50598,359,356,292
25273,50600,364,356,294
25274,50602,389,357,296
25275,50604,382,356,295
25276,50606,362,356,295
25277,50608,352,357,294
25278,50610,350,356,295
25279,50612,355,357,295
25280,50614,366,356,295
25281,50616,367,357,295
25282,50618,361,355,296
25283,50620,365,357,295
25284,50622,382,357,296
25285,50624,380,356,296
25286,50626,359,356,296
25287,50628,344,356,294
25288,50630,356,355,295
25289,50632,362,357,297
25290,50634,361,356,297
25291,50636,356,356,298
25292,50638,360,353,297
25293,50640,359,358,297
25294,50642,381,356,300
25295,50644,369,356,298
25296,50646,358,356,298
25297,50648,343,356,298
25298,50650,351,356,297
25299,50652,368,357,299
25300,50654,357,356,298
25301,50656,355,356,297
25302,50658,350,356,298
25303,50660,361,356,299
25304,50662,378,355,311
25305,50664,370,357,298
25306,50666,364,356,298
25307,50668,345,356,298
25308,50670,357,356,298
25309,50672,367,356,299
25310,50674,373,356,298
25311,50676,365,356,297
25312,50678,366,356,299
25313,50680,361,356,298
25314,50682,379,356,298
25315,50684,378,356,298
25316,50686,362,356,298
25317,50688,347,356,298
25318,50690,355,356,298
25319,50692,360,355,298
25320,50694,365,355,300
25321,50696,369,356,298
25322,50698,364,355,298
25323,50700,358,356,297
25324,50702,384,356,297
25325,50704,376,356,298
25326,50706,371,357,298
25327,50708,351,356,297
25328,50710,367,356,298
25329,50712,359,355,297
25330,50714,368,356,298
25331,50716,369,356,297
25332,50718,354,356,300
25333,50720,369,356,299
25334,50722,380,356,298
25335,50724,375,355,298
25336,50726,357,355,298
25337,50728,353,355,299
25338,50730,354,355,298
25339,50732,369,356,299
25340,50734,370,356,298
25341,50736,368,356,298
25342,50738,366,355,298
25343,50740,368,355,298
25344,50742,383,356,298
25345,50744,368,355,297
25346,50746,362,355,297
25347,50748,350,355,297
25348,50750,353,355,296
25349,50752,353,355,296
25350,50754,367,355,295
25351,50756,358,355,297
25352,50758,368,355,296
25353,50760,370,356,296
25354,50762,376,356,297
25355,50764,379,355,296
25356,50766,364,355,297
25357,50768,348,354,296
25358,50770,350,355,296
25359,50772,366,355,296
25360,50774,366,355,296
25361,50776,358,355,296
25362,50778,369,355,298
25363,50780,356,355,297
25364,50782,378,355,297
25365,50784,380,354,297
25366,50786,362,354,297
25367,50788,343,354,296
25368,50790,360,355,296
25369,50792,365,355,296
25370,50794,371,354,296
25371,50796,362,354,296
25372,50798,368,354,296
25373,50800,356,355,297
25374,50802,386,354,296
25375,50804,383,354,296
25376,50806,360,354,295
25377,50808,346,353,295
25378,50810,355,354,294
25379,50812,362,354,295
25380,50814,366,355,295
25381,50816,363,354,295
25382,50818,370,353,293
25383,50820,357,353,294
25384,50822,378,354,293
25385,50824,372,354,293
25386,50826,356,354,293
25387,50828,345,354,290
25388,50830,349,354,291
25389,50832,359,354,291
25390,50834,368,354,291
25391,50836,362,354,290
25392,50838,354,353,290
25393,50840,357,353,289
25394,50842,379,353,291
25395,50844,381,353,290
25396,50846,364,353,290
25397,50848,351,354,290
25398,50850,350,353,290
25399,50852,358,354,290
25400,50854,361,353,290
25401,50856,360,353,291
25402,50858,365,354,292
25403,50860,359,353,290
25404,50862,381,354,291
25405,50864,367,353,290
25406,50866,360,354,291
25407,50868,345,353,290
25408,50870,342,352,289
25409,50872,364,353,291
25410,50874,355,353,290
25411,50876,356,352,290
25412,50878,360,353,290
25413,50880,359,353,288
25414,50882,382,353,287
25415,50884,371,350,288
25416,50886,373,350,287
25417,50888,339,350,285
25418,50890,349,350,286
25419,50892,366,349,284
25420,50894,357,350,286
25421,50896,352,350,283
25422,50898,361,349,284
25423,50900,355,348,282
25424,50902,382,349,284
25425,50904,382,349,285
25426,50906,365,349,282
25427,50908,342,349,283
25428,50910,353,349,282
25429,50912,363,349,282
25430,50914,350,349,281
25431,50916,366,349,283
25432,50918,364,349,283
25433,50920,363,349,282
25434,50922,384,349,278
25435,50924,373,349,282
25436,50926,363,349,278
25437,50928,342,349,279
25438,50930,348,349,278
25439,50932,362,349,278
25440,50934,362,348,277
25441,50936,363,348,279
25442,50938,361,349,277
25443,50940,363,349,279
25444,50942,384,349,277
25445,50944,378,348,277
25446,50946,361,349,276
25447,50948,340,349,276
25448,50950,347,350,277
25449,50952,363,349,277
25450,50954,365,349,275
25451,50956,366,349,275
25452,50958,356,348,276
25453,50960,372,349,277
25454,50962,381,348,275
25455,50964,371,349,277
25456,50966,370,347,274
25457,50968,350,348,274
25458,50970,346,352,274
25459,50972,359,349,276
25460,50974,362,348,274
25461,50976,365,348,274
25462,50978,364,348,276
25463,50980,371,349,276
25464,50982,384,348,275
25465,50984,378,349,274
25466,50986,366,349,274
25467,50988,345,349,273
25468,50990,349,348,275
25469,50992,362,348,273
25470,50994,361,348,274
25471,50996,369,348,273
25472,50998,357,349,271
25473,51000,368,348,269
25474,51002,378,348,269
25475,51004,374,348,270
25476,51006,367,346,267
25477,51008,345,349,267
25478,51010,352,348,267
25479,51012,359,348,267
25480,51014,357,348,266
25481,51016,361,349,266
25482,51018,366,349,263
25483,51020,369,349,264
25484,51022,385,348,263
25485,51024,380,349,261
25486,51026,367,348,260
25487,51028,343,348,260
25488,51030,357,348,258
25489,51032,368,349,259
25490,51034,363,348,257
25491,51036,357,349,258
25492,51038,355,348,255
25493,51040,369,348,254
25494,51042,383,349,255
25495,51044,379,348,255
25496,51046,360,349,253
25497,51048,339,348,254
25498,51050,355,348,252
25499,51052,361,349,252
25500,51054,368,349,251
25501,51056,363,348,251
25502,51058,354,348,250
25503,51060,365,349,249
25504,51062,387,349,251
25505,51064,374,347,252
25506,51066,360,347,252
25507,51068,333,349,249
25508,51070,336,349,250
25509,51072,337,349,250
25510,51074,349,349,251
25511,51076,339,349,253
25512,51078,349,349,252
25513,51080,356,349,253
25514,51082,363,348,252
25515,51084,358,349,254
25516,51086,347,348,251
25517,51088,340,350,252
25518,51090,331,349,252
25519,51092,337,349,253
25520,51094,353,349,254
25521,51096,346,349,253
25522,51098,351,356,253
25523,51100,355,348,251
25524,51102,365,343,254
25525,51104,354,352,253
25526,51106,353,352,253
25527,51108,341,352,253
25528,51110,335,352,255
25529,51112,347,352,252
25530,51114,347,352,255
25531,51116,333,350,255
25532,51118,359,352,255
25533,51120,347,351,255
25534,51122,357,351,253
25535,51124,363,351,255
25536,51126,336,352,256
25537,51128,325,352,255
25538,51130,335,352,256
25539,51132,343,351,255
25540,51134,346,351,255
25541,51136,346,352,258
25542,51138,348,352,256
25543,51140,342,351,256
25544,51142,367,352,257
25545,51144,366,352,258
25546,51146,353,351,257
25547,51148,347,355,259
25548,51150,337,351,259
25549,51152,334,352,258
25550,51154,359,352,260
25551,51156,346,351,258
25552,51158,345,351,261
25553,51160,343,351,261
25554,51162,367,352,262
25555,51164,363,351,261
25556,51166,340,352,262
25557,51168,340,351,266
25558,51170,329,351,266
25559,51172,348,351,266
25560,51174,342,351,271
25561,51176,360,352,276
25562,51178,355,351,278
25563,51180,363,352,279
25564,51182,376,352,281
25565,51184,370,351,283
25566,51186,354,352,286
25567,51188,348,352,288
25568,51190,326,351,285
25569,51192,346,351,286
25570,51194,340,352,289
25571,51196,338,351,290
25572,51198,350,352,291
25573,51200,349,352,296
25574,51202,364,351,298
25575,51204,355,349,298
25576,51206,344,348,300
25577,51208,343,348,300
25578,51210,330,349,301
25579,51212,351,349,303
25580,51214,340,349,305
25581,51216,344,349,303
25582,51218,351,348,304
25583,51220,348,348,307
25584,51222,365,349,306
25585,51224,357,349,309
25586,51226,352,349,307
25587,51228,338,349,307
25588,51230,334,348,308
25589,51232,351,349,306
25590,51234,348,349,306
25591,51236,340,348,306
25592,51238,343,349,305
25593,51240,351,349,304
25594,51242,368,349,305
25595,51244,364,349,305
25596,51246,348,349,306
25597,51248,334,348,306
25598,51250,334,348,307
25599,51252,336,349,307
25600,51254,345,349,307
25601,51256,347,349,307
25602,51258,356,349,306
25603,51260,346,348,308
25604,51262,376,350,304
25605,51264,362,348,305
25606,51266,346,349,306
25607,51268,338,349,307
25608,51270,335,348,308
25609,51272,341,348,307
25610,51274,352,349,309
25611,51276,355,349,310
25612,51278,350,349,307
25613,51280,354,349,310
25614,51282,372,349,310
25615,51284,362,348,308
25616,51286,348,349,310
25617,51288,327,349,310
25618,51290,338,348,310
25619,51292,358,349,310
25620,51294,354,349,312
25621,51296,350,349,311
25622,51298,348,348,311
25623,51300,354,349,311
25624,51302,375,349,311
25625,51304,346,349,312
25626,51306,352,349,311
25627,51308,343,348,313
25628,51310,334,348,311
25629,51312,345,349,312
25630,51314,360,349,312
25631,51316,356,348,310
25632,51318,348,350,314
25633,51320,365,349,312
25634,51322,379,349,312
25635,51324,378,349,313
25636,51326,369,349,313
25637,51328,350,349,311
25638,51330,348,349,313
25639,51332,368,349,314
25640,51334,368,349,314
25641,51336,361,349,314
25642,51338,368,349,312
25643,51340,371,350,312
25644,51342,390,349,313
25645,51344,374,349,312
25646,51346,372,349,313
25647,51348,350,349,312
25648,51350,355,349,313
25649,51352,370,350,312
25650,51354,366,349,313
25651,51356,363,349,312
25652,51358,367,348,311
25653,51360,372,349,311
25654,51362,389,350,312
25655,51364,373,349,311
25656,51366,368,349,310
25657,51368,350,349,310
25658,51370,358,348,309
25659,51372,367,349,310
25660,51374,362,348,308
25661,51376,372,349,309
25662,51378,356,349,309
25663,51380,361,349,308
25664,51382,384,349,309
25665,51384,382,349,308
25666,51386,364,349,308
25667,51388,345,348,307
25668,51390,357,348,305
25669,51392,362,350,306
25670,51394,362,349,306
25671,51396,367,349,305
25672,51398,364,348,304
25673,51400,363,349,305
25674,51402,387,349,304
25675,51404,376,349,308
25676,51406,359,349,307
25677,51408,360,349,304
25678,51410,359,349,301
25679,51412,362,349,301
25680,51414,364,349,302
25681,51416,361,349,301
25682,51418,357,349,300
25683,51420,377,349,301
25684,51422,383,349,301
25685,51424,374,348,301
25686,51426,358,349,301
25687,51428,353,349,302
25688,51430,351,349,301
25689,51432,360,349,302
25690,51434,362,349,301
25691,51436,364,349,302
25692,51438,364,348,301
25693,51440,368,349,300
25694,51442,379,349,301
25695,51444,378,348,302
25696,51446,380,349,300
25697,51448,348,349,298
25698,51450,350,349,299
25699,51452,364,349,297
25700,51454,363,349,298
25701,51456,356,349,298
25702,51458,357,345,298
25703,51460,362,349,297
25704,51462,379,348,297
25705,51464,373,350,296
25706,51466,365,348,297
25707,51468,353,348,296
25708,51470,347,348,297
25709,51472,364,349,296
25710,51474,359,349,297
25711,51476,360,349,296
25712,51478,370,349,297
25713,51480,357,348,296
25714,51482,375,348,295
25715,51484,378,349,295
25716,51486,365,347,296
25717,51488,346,349,296
25718,51490,349,349,295
25719,51492,359,349,297
25720,51494,362,348,296
25721,51496,368,349,297
25722,51498,360,349,295
25723,51500,360,349,296
25724,51502,374,349,296
25725,51504,371,348,298
25726,51506,357,349,297
25727,51508,364,349,294
25728,51510,356,348,293
25729,51512,359,349,294
25730,51514,362,349,294
25731,51516,360,348,293
25732,51518,355,347,292
25733,51520,359,348,294
25734,51522,379,348,293
25735,51524,373,348,294
25736,51526,356,348,293
25737,51528,353,348,294
25738,51530,342,347,294
25739,51532,360,348,293
25740,51534,366,349,294
25741,51536,364,348,294
25742,51538,359,348,295
25743,51540,369,348,294
25744,51542,380,348,293
25745,51544,373,348,295
25746,51546,368,348,294
25747,51548,348,348,294
25748,51550,346,347,295
25749,51552,365,347,296
25750,51554,361,347,293
25751,51556,359,346,294
25752,51558,351,347,294
25753,51560,369,348,291
25754,51562,381,347,293
25755,51564,339,348,293
25756,51566,363,347,294
25757,51568,351,347,292
25758,51570,342,348,295
25759,51572,360,348,292
25760,51574,352,348,293
25761,51576,354,347,293
25762,51578,369,347,293
25763,51580,368,347,292
25764,51582,380,347,292
25765,51584,373,347,294
25766,51586,366,348,295
25767,51588,348,347,294
25768,51590,344,347,294
25769,51592,359,348,294
25770,51594,354,347,294
25771,51596,363,348,296
25772,51598,362,347,294
25773,51600,360,348,294
25774,51602,388,347,294
25775,51604,380,347,294
25776,51606,365,348,293
25777,51608,355,348,294
25778,51610,343,347,292
25779,51612,363,349,293
25780,51614,355,348,294
25781,51616,359,348,292
25782,51618,362,348,293
25783,51620,362,348,293
25784,51622,386,347,292
25785,51624,374,348,293
25786,51626,363,347,292
25787,51628,349,347,293
25788,51630,340,347,293
25789,51632,362,348,290
25790,51634,377,348,293
25791,51636,361,348,294
25792,51638,369,347,294
25793,51640,370,349,294
25794,51642,387,347,292
25795,51644,370,349,294
25796,51646,365,347,294
25797,51648,361,348,293
25798,51650,346,348,293
25799,51652,366,348,294
25800,51654,364,348,296
25801,51656,364,348,294
25802,51658,366,348,295
25803,51660,373,349,295
25804,51662,392,348,295
25805,51664,374,348,295
25806,51666,368,348,295
25807,51668,355,348,296
25808,51670,349,347,295
25809,51672,365,349,296
25810,51674,353,348,295
25811,51676,358,348,296
25812,51678,362,348,296
25813,51680,370,348,296
25814,51682,387,348,297
25815,51684,368,349,296
25816,51686,386,348,296
25817,51688,350,348,297
25818,51690,338,348,297
25819,51692,365,349,297
25820,51694,355,348,294
25821,51696,351,349,297
25822,51698,358,349,298
25823,51700,364,349,297
25824,51702,384,349,299
25825,51704,377,349,296
25826,51706,369,348,297
25827,51708,348,348,299
25828,51710,347,348,296
25829,51712,360,348,296
25830,51714,360,349,297
25831,51716,371,348,297
25832,51718,364,348,298
25833,51720,367,348,300
25834,51722,384,349,298
25835,51724,375,349,299
25836,51726,364,348,299
25837,51728,360,348,298
25838,51730,351,348,298
25839,51732,364,349,298
25840,51734,360,348,297
25841,51736,366,348,299
25842,51738,359,349,298
25843,51740,364,348,297
25844,51742,386,348,299
25845,51744,378,349,298
25846,51746,363,346,298
25847,51748,351,348,298
25848,51750,358,352,298
25849,51752,347,347,295
25850,51754,361,346,298
25851,51756,356,347,299
25852,51758,358,350,298
25853,51760,367,348,298
25854,51762,384,348,297
25855,51764,375,348,297
25856,51766,368,349,298
25857,51768,353,348,298
25858,51770,344,347,299
25859,51772,358,347,299
25860,51774,362,348,300
25861,51776,363,348,299
25862,51778,358,348,300
25863,51780,374,348,300
25864,51782,380,348,302
25865,51784,371,348,297
25866,51786,373,351,299
25867,51788,351,347,299
25868,51790,349,347,298
25869,51792,360,348,299
25870,51794,360,347,299
25871,51796,354,347,307
25872,51798,365,346,296
25873,51800,366,347,298
25874,51802,378,347,299
25875,51804,366,345,299
25876,51806,362,347,298
25877,51808,344,349,299
25878,51810,343,346,299
25879,51812,341,349,298
25880,51814,336,347,299
25881,51816,341,345,297
25882,51818,338,346,297
25883,51820,347,346,296
25884,51822,357,346,297
25885,51824,358,346,298
25886,51826,346,346,298
25887,51828,334,346,297
25888,51830,336,344,297
25889,51832,342,346,295
25890,51834,339,346,294
25891,51836,343,344,294
25892,51838,347,345,294
25893,51840,351,353,296
25894,51842,367,345,296
25895,51844,363,345,296
25896,51846,352,345,296
25897,51848,345,345,296
25898,51850,341,344,299
25899,51852,346,345,297
25900,51854,350,344,296
25901,51856,343,344,296
25902,51858,349,345,296
25903,51860,349,344,296
25904,51862,369,344,294
25905,51864,360,344,295
25906,51866,354,345,295
25907,51868,343,344,296
25908,51870,329,345,294
25909,51872,344,345,297
25910,51874,341,344,296
25911,51876,343,344,296
25912,51878,348,345,296
25913,51880,347,344,296
25914,51882,360,344,296
25915,51884,349,345,297
25916,51886,343,344,297
25917,51888,340,345,297
25918,51890,328,345,297
25919,51892,345,345,297
25920,51894,345,344,296
25921,51896,346,345,296
25922,51898,349,345,297
25923,51900,345,345,297
25924,51902,366,345,298
25925,51904,359,344,295
25926,51906,346,344,296
25927,51908,342,344,295
25928,51910,325,344,296
25929,51912,344,345,296
25930,51914,337,344,295
25931,51916,345,345,296
25932,51918,340,344,295
25933,51920,349,344,294
25934,51922,367,344,294
25935,51924,357,345,293
25936,51926,338,345,294
25937,51928,337,344,294
25938,51930,332,344,294
25939,51932,353,345,294
25940,51934,344,345,294
25941,51936,337,344,294
25942,51938,345,344,293
25943,51940,351,344,292
25944,51942,366,343,295
25945,51944,359,345,292
25946,51946,346,343,293
25947,51948,340,343,294
25948,51950,330,343,292
25949,51952,353,344,293
25950,51954,345,344,292
25951,51956,344,344,290
25952,51958,349,343,291
25953,51960,346,342,291
25954,51962,370,343,291
25955,51964,359,342,292
25956,51966,344,343,290
25957,51968,331,343,290
25958,51970,329,343,290
25959,51972,342,343,291
25960,51974,350,342,289
25961,51976,344,342,289
25962,51978,338,343,289
25963,51980,328,342,288
25964,51982,370,343,290
25965,51984,351,343,289
25966,51986,341,343,288
25967,51988,344,342,287
25968,51990,328,342,288
25969,51992,345,342,288
25970,51994,348,342,289
25971,51996,341,342,287
25972,51998,336,342,287
25973,52000,348,342,286
25974,52002,364,342,285
25975,52004,362,343,288
25976,52006,349,342,289
25977,52008,333,342,286
25978,52010,326,343,286
25979,52012,345,343,286
25980,52014,343,342,285
25981,52016,350,342,283
25982,52018,342,342,284
25983,52020,342,342,285
25984,52022,363,342,283
25985,52024,348,342,285
25986,52026,349,342,283
25987,52028,342,343,283
25988,52030,322,343,284
25989,52032,333,342,283
25990,52034,337,342,284
25991,52036,340,342,283
25992,52038,344,342,283
25993,52040,339,342,281
25994,52042,363,343,282
25995,52044,349,342,279
25996,52046,344,342,280
25997,52048,327,342,281
25998,52050,325,342,281
25999,52052,344,342,282
26000,52054,327,342,280
26001,52056,336,342,278
26002,52058,338,342,279
26003,52060,334,342,278
26004,52062,358,342,278
26005,52064,355,342,276
26006,52066,338,343,277
26007,52068,325,342,278
26008,52070,323,342,276
26009,52072,336,343,276
26010,52074,334,341,275
26011,52076,342,342,273
26012,52078,336,342,274
26013,52080,337,342,275
26014,52082,362,342,274
26015,52084,355,342,275
26016,52086,343,342,274
26017,52088,327,342,275
26018,52090,325,341,274
26019,52092,334,342,275
26020,52094,342,342,272
26021,52096,345,342,275
26022,52098,337,342,275
26023,52100,327,342,275
26024,52102,356,342,274
26025,52104,351,342,275
26026,52106,337,342,273
26027,52108,325,342,274
26028,52110,320,343,277
26029,52112,337,342,276
26030,52114,347,341,272
26031,52116,344,342,271
26032,52118,338,341,270
26033,52120,338,342,270
26034,52122,351,341,270
26035,52124,342,341,269
26036,52126,335,341,269
26037,52128,325,341,269
26038,52130,318,342,268
26039,52132,327,341,267
26040,52134,336,342,268
26041,52136,342,342,267
26042,52138,335,341,269
26043,52140,338,341,267
26044,52142,352,341,265
26045,52144,351,341,266
26046,52146,336,341,265
26047,52148,323,341,263
26048,52150,329,341,262
26049,52152,339,341,262
26050,52154,333,341,262
26051,52156,331,341,261
26052,52158,338,341,264
26053,52160,340,341,262
26054,52162,349,341,264
26055,52164,345,341,264
26056,52166,338,341,261
26057,52168,328,341,258
26058,52170,324,345,260
26059,52172,336,341,261
26060,52174,341,341,259
26061,52176,334,341,259
26062,52178,334,341,260
26063,52180,335,341,261
26064,52182,352,341,260
26065,52184,345,341,260
26066,52186,332,341,261
26067,52188,325,341,260
26068,52190,324,342,259
26069,52192,337,341,260
26070,52194,350,341,260
26071,52196,341,341,259
26072,52198,337,341,261
26073,52200,333,341,259
26074,52202,359,340,259
26075,52204,347,341,259
26076,52206,328,341,258
26077,52208,321,340,257
26078,52210,322,340,259
26079,52212,340,341,261
26080,52214,342,340,261
26081,52216,333,341,258
26082,52218,339,341,259
26083,52220,331,341,257
26084,52222,357,341,259
26085,52224,339,341,258
26086,52226,337,340,257
26087,52228,330,341,257
26088,52230,321,341,257
26089,52232,331,341,256
26090,52234,330,341,257
26091,52236,336,341,259
26092,52238,338,341,257
26093,52240,331,341,258
26094,52242,352,342,259
26095,52244,350,342,259
26096,52246,342,341,259
26097,52248,327,341,260
26098,52250,323,342,261
26099,52252,336,341,262
26100,52254,339,342,260
26101,52256,333,341,261
26102,52258,338,341,260
26103,52260,342,342,261
26104,52262,353,342,260
26105,52264,348,341,261
26106,52266,339,341,261
26107,52268,326,342,264
26108,52270,315,342,261
26109,52272,341,342,262
26110,52274,329,342,261
26111,52276,332,340,261
26112,52278,342,342,263
26113,52280,342,342,261
26114,52282,360,342,262
26115,52284,350,341,261
26116,52286,324,341,261
26117,52288,312,342,261
26118,52290,305,343,261
26119,52292,333,341,262
26120,52294,317,342,263
26121,52296,321,342,263
26122,52298,321,342,262
26123,52300,323,341,263
26124,52302,349,342,263
26125,52304,338,342,264
26126,52306,327,341,262
26127,52308,317,341,264
26128,52310,312,341,264
26129,52312,326,341,262
26130,52314,320,342,263
26131,52316,321,341,263
26132,52318,328,341,262
26133,52320,325,342,264
26134,52322,353,344,265
26135,52324,331,342,266
26136,52326,320,341,265
26137,52328,321,342,265
26138,52330,312,342,262
26139,52332,330,342,265
26140,52334,329,342,264
26141,52336,332,342,265
26142,52338,326,341,264
26143,52340,322,341,264
26144,52342,347,342,266
26145,52344,329,342,266
26146,52346,326,341,266
26147,52348,310,341,267
26148,52350,306,340,266
26149,52352,335,341,266
26150,52354,321,342,266
26151,52356,325,341,267
26152,52358,326,342,266
26153,52360,324,342,266
26154,52362,347,342,266
26155,52364,337,341,267
26156,52366,330,342,267
26157,52368,325,341,267
26158,52370,313,342,267
26159,52372,327,341,266
26160,52374,324,341,266
26161,52376,335,342,266
26162,52378,328,341,265
26163,52380,341,342,264
26164,52382,342,341,267
26165,52384,332,342,265
26166,52386,329,341,265
26167,52388,313,341,266
26168,52390,314,341,266
26169,52392,325,341,266
26170,52394,327,340,266
26171,52396,325,341,266
26172,52398,331,340,266
26173,52400,340,341,263
26174,52402,342,341,266
26175,52404,331,341,266
26176,52406,332,340,266
26177,52408,318,340,267
26178,52410,323,341,267
26179,52412,333,341,266
26180,52414,328,340,265
26181,52416,331,340,267
26182,52418,324,340,266
26183,52420,333,341,267
26184,52422,351,341,265
26185,52424,337,341,267
26186,52426,332,340,266
26187,52428,316,340,266
26188,52430,318,339,266
26189,52432,332,340,266
26190,52434,330,339,264
26191,52436,324,340,265
26192,52438,322,340,265
26193,52440,334,340,263
26194,52442,346,344,267
26195,52444,334,341,266
26196,52446,327,344,265
26197,52448,324,340,265
26198,52450,323,342,267
26199,52452,325,340,264
26200,52454,330,341,265
26201,52456,330,340,266
26202,52458,328,339,265
26203,52460,332,339,264
26204,52462,346,340,266
26205,52464,341,339,265
26206,52466,330,339,263
26207,52468,313,339,264
26208,52470,317,338,262
26209,52472,328,338,265
26210,52474,327,338,265
26211,52476,329,338,265
26212,52478,320,338,264
26213,52480,338,338,265
26214,52482,346,338,263
26215,52484,340,338,265
26216,52486,326,338,263
26217,52488,315,338,263
26218,52490,315,337,263
26219,52492,327,336,262
26220,52494,321,337,261
26221,52496,323,336,261
26222,52498,328,337,261
26223,52500,323,337,260
26224,52502,342,337,260
26225,52504,341,337,260
26226,52506,326,337,260
26227,52508,315,337,260
26228,52510,323,337,261
26229,52512,335,338,259
26230,52514,326,336,260
26231,52516,340,338,260
26232,52518,329,337,258
26233,52520,326,337,260
26234,52522,352,337,259
26235,52524,348,344,259
26236,52526,328,337,260
26237,52528,319,337,258
26238,52530,323,337,259
26239,52532,329,337,258
26240,52534,329,337,260
26241,52536,330,336,258
26242,52538,332,336,260
26243,52540,331,337,259
26244,52542,345,338,260
26245,52544,346,338,259
26246,52546,330,337,258
26247,52548,322,336,257
26248,52550,313,337,257
26249,52552,331,337,256
26250,52554,347,337,256
26251,52556,335,337,256
26252,52558,338,336,255
26253,52560,338,337,256
26254,52562,353,336,256
26255,52564,348,336,257
26256,52566,330,337,257
26257,52568,325,336,256
26258,52570,321,336,256
26259,52572,330,336,256
26260,52574,340,336,256
26261,52576,335,339,255
26262,52578,332,336,256
26263,52580,331,336,254
26264,52582,352,336,256
26265,52584,349,336,258
26266,52586,332,335,258
26267,52588,326,335,258
26268,52590,323,335,257
26269,52592,340,335,258
26270,52594,344,335,257
26271,52596,346,335,258
26272,52598,340,335,258
26273,52600,330,335,258
26274,52602,355,335,256
26275,52604,346,335,258
26276,52606,332,335,258
26277,52608,326,335,257
26278,52610,324,335,258
26279,52612,336,335,259
26280,52614,334,335,259
26281,52616,340,335,258
26282,52618,338,335,260
26283,52620,336,335,259
26284,52622,352,335,259
26285,52624,351,335,259
26286,52626,336,334,260
26287,52628,325,334,258
26288,52630,323,335,259
26289,52632,337,335,259
26290,52634,337,335,260
26291,52636,340,335,260
26292,52638,343,335,260
26293,52640,333,335,260
26294,52642,343,335,258
26295,52644,350,335,260
26296,52646,337,334,260
26297,52648,330,335,259
26298,52650,321,335,257
26299,52652,335,335,259
26300,52654,339,336,258
26301,52656,343,335,259
26302,52658,339,335,259
26303,52660,331,335,260
26304,52662,357,335,259
26305,52664,350,335,260
26306,52666,332,334,260
26307,52668,321,335,259
26308,52670,320,333,259
26309,52672,333,334,257
26310,52674,339,335,257
26311,52676,336,335,258
26312,52678,332,335,259
26313,52680,325,334,257
26314,52682,345,334,253
26315,52684,341,334,258
26316,52686,333,335,257
26317,52688,322,334,256
26318,52690,316,334,256
26319,52692,337,334,250
26320,52694,337,334,247
26321,52696,336,335,248
26322,52698,340,335,250
26323,52700,338,334,250
26324,52702,350,334,249
26325,52704,344,334,248
26326,52706,336,334,248
26327,52708,326,334,248
26328,52710,331,334,248
26329,52712,337,334,249
26330,52714,339,334,249
26331,52716,343,334,248
26332,52718,341,334,248
26333,52720,333,334,249
26334,52722,361,334,249
26335,52724,344,333,248
26336,52726,341,334,249
26337,52728,337,333,248
26338,52730,315,333,249
26339,52732,339,333,248
26340,52734,338,332,248
26341,52736,341,334,248
26342,52738,342,333,248
26343,52740,336,334,249
26344,52742,354,334,249
26345,52744,345,333,248
26346,52746,339,333,248
26347,52748,324,333,249
26348,52750,325,333,247
26349,52752,337,334,249
26350,52754,337,333,248
26351,52756,344,333,248
26352,52758,338,333,249
26353,52760,333,332,249
26354,52762,356,334,250
26355,52764,349,334,249
26356,52766,333,334,248
26357,52768,324,333,247
26358,52770,327,333,249
26359,52772,330,333,251
26360,52774,336,333,250
26361,52776,345,334,249
26362,52778,338,333,249
26363,52780,331,333,249
26364,52782,355,333,249
26365,52784,349,333,249
26366,52786,341,334,250
26367,52788,328,333,249
26368,52790,325,334,248
26369,52792,324,333,249
26370,52794,337,333,249
26371,52796,350,333,250
26372,52798,333,334,250
26373,52800,335,334,250
26374,52802,358,334,251
26375,52804,345,333,250
26376,52806,335,333,249
26377,52808,323,333,250
26378,52810,325,333,251
26379,52812,329,333,249
26380,52814,341,334,251
26381,52816,339,333,249
26382,52818,338,334,249
26383,52820,340,334,250
26384,52822,354,334,250
26385,52824,350,333,250
26386,52826,339,333,250
26387,52828,326,333,250
26388,52830,322,333,249
26389,52832,329,333,248
26390,52834,341,333,249
26391,52836,342,334,251
26392,52838,342,334,250
26393,52840,349,334,249
26394,52842,353,334,249
26395,52844,357,333,250
26396,52846,345,334,251
26397,52848,325,333,249
26398,52850,325,333,248
26399,52852,329,333,249
26400,52854,342,333,248
26401,52856,341,333,248
26402,52858,340,334,249
26403,52860,344,334,246
26404,52862,356,335,250
26405,52864,347,333,249
26406,52866,345,334,248
26407,52868,330,334,248
26408,52870,328,333,247
26409,52872,330,334,249
26410,52874,338,333,249
26411,52876,343,334,249
26412,52878,343,333,248
26413,52880,346,333,249
26414,52882,358,333,249
26415,52884,363,334,249
26416,52886,345,333,249
26417,52888,333,333,248
26418,52890,331,333,249
26419,52892,327,333,248
26420,52894,341,334,249
26421,52896,344,334,249
26422,52898,344,333,249
26423,52900,341,333,248
26424,52902,363,333,250
26425,52904,361,335,250
26426,52906,354,333,249
26427,52908,349,333,250
26428,52910,330,333,250
26429,52912,331,333,249
26430,52914,347,333,251
26431,52916,340,333,253
26432,52918,345,334,250
26433,52920,352,334,249
26434,52922,365,334,250
26435,52924,360,333,252
26436,52926,341,334,251
26437,52928,341,334,249
26438,52930,333,333,252
26439,52932,331,332,249
26440,52934,352,333,252
26441,52936,345,333,251
26442,52938,349,334,253
26443,52940,358,334,251
26444,52942,368,334,251
26445,52944,362,333,250
26446,52946,354,333,250
26447,52948,340,333,252
26448,52950,324,334,250
26449,52952,336,333,252
26450,52954,345,334,251
26451,52956,336,332,251
26452,52958,350,334,249
26453,52960,356,333,250
26454,52962,359,334,252
26455,52964,365,333,250
26456,52966,342,333,251
26457,52968,342,333,250
26458,52970,336,333,251
26459,52972,334,334,252
26460,52974,345,333,251
26461,52976,335,334,251
26462,52978,343,334,254
26463,52980,356,334,253
26464,52982,364,333,252
26465,52984,369,333,252
26466,52986,352,334,250
26467,52988,342,333,250
26468,52990,330,333,251
26469,52992,332,333,251
26470,52994,346,334,251
26471,52996,339,334,251
26472,52998,345,333,253
26473,53000,346,333,251
26474,53002,367,333,251
26475,53004,360,334,252
26476,53006,351,334,252
26477,53008,341,334,252
26478,53010,323,333,250
26479,53012,335,334,251
26480,53014,347,334,250
26481,53016,337,334,250
26482,53018,343,333,250
26483,53020,341,333,250
26484,53022,367,334,252
26485,53024,349,333,250
26486,53026,345,334,251
26487,53028,348,334,251
26488,53030,333,334,250
26489,53032,325,334,250
26490,53034,348,334,251
26491,53036,339,334,252
26492,53038,345,334,251
26493,53040,346,334,250
26494,53042,368,334,250
26495,53044,358,334,252
26496,53046,355,333,249
26497,53048,333,333,250
26498,53050,320,334,250
26499,53052,332,334,248
26500,53054,345,337,250
26501,53056,335,334,254
26502,53058,346,333,250
26503,53060,345,333,249
26504,53062,361,334,251
26505,53064,350,334,251
26506,53066,354,333,251
26507,53068,335,333,251
26508,53070,324,334,249
26509,53072,336,334,248
26510,53074,345,333,249
26511,53076,335,334,250
26512,53078,346,333,248
26513,53080,346,333,249
26514,53082,361,332,248
26515,53084,358,333,248
26516,53086,347,332,248
26517,53088,337,332,247
26518,53090,324,333,247
26519,53092,332,333,247
26520,53094,347,332,248
26521,53096,342,333,248
26522,53098,345,332,247
26523,53100,351,332,246
26524,53102,361,328,245
26525,53104,363,332,245
26526,53106,350,329,245
26527,53108,337,331,247
26528,53110,325,331,245
26529,53112,332,332,245
26530,53114,347,333,246
26531,53116,347,332,245
26532,53118,353,332,246
26533,53120,355,332,247
26534,53122,365,333,247
26535,53124,358,332,245
26536,53126,345,331,245
26537,53128,338,332,244
26538,53130,333,330,244
26539,53132,328,332,243
26540,53134,342,332,244
26541,53136,344,332,244
26542,53138,347,332,243
26543,53140,332,332,247
26544,53142,368,332,244
26545,53144,358,333,245
26546,53146,347,332,244
26547,53148,336,332,243
26548,53150,326,331,242
26549,53152,333,332,242
26550,53154,343,333,242
26551,53156,344,332,242
26552,53158,340,328,243
26553,53160,332,333,242
26554,53162,366,332,244
26555,53164,358,331,243
26556,53166,351,332,244
26557,53168,347,333,243
26558,53170,325,332,245
26559,53172,334,333,244
26560,53174,351,333,244
26561,53176,338,331,244
26562,53178,346,332,244
26563,53180,344,332,245
26564,53182,364,333,245
26565,53184,359,336,246
26566,53186,343,333,244
26567,53188,339,336,245
26568,53190,324,333,245
26569,53192,336,332,246
26570,53194,341,334,248
26571,53196,342,335,246
26572,53198,350,333,246
26573,53200,341,333,246
26574,53202,356,334,246
26575,53204,357,334,246
26576,53206,350,333,246
26577,53208,342,334,247
26578,53210,331,333,245
26579,53212,337,333,245
26580,53214,349,334,245
26581,53216,338,334,246
26582,53218,343,334,245
26583,53220,338,334,246
26584,53222,355,335,246
26585,53224,358,334,247
26586,53226,351,334,246
26587,53228,339,335,245
26588,53230,341,334,245
26589,53232,335,334,246
26590,53234,349,334,246
26591,53236,346,335,247
26592,53238,350,334,247
26593,53240,349,334,247
26594,53242,355,335,250
26595,53244,362,334,249
26596,53246,337,334,247
26597,53248,339,335,248
26598,53250,340,335,248
26599,53252,336,335,247
26600,53254,345,334,248
26601,53256,342,335,247
26602,53258,339,335,247
26603,53260,349,334,249
26604,53262,365,335,249
26605,53264,358,335,248
26606,53266,341,335,248
26607,53268,336,334,250
26608,53270,330,335,249
26609,53272,333,335,249
26610,53274,346,335,247
26611,53276,342,335,249
26612,53278,346,334,249
26613,53280,346,335,251
26614,53282,363,335,250
26615,53284,360,336,250
26616,53286,349,335,249
26617,53288,346,335,249
26618,53290,331,335,248
26619,53292,344,335,248
26620,53294,356,335,248
26621,53296,347,335,249
26622,53298,358,335,249
26623,53300,354,335,249
26624,53302,362,335,249
26625,53304,366,335,249
26626,53306,359,335,249
26627,53308,342,335,249
26628,53310,326,334,248
26629,53312,347,335,249
26630,53314,345,335,250
26631,53316,344,335,250
26632,53318,353,335,249
26633,53320,351,334,249
26634,53322,358,334,249
26635,53324,365,335,250
26636,53326,335,335,249
26637,53328,343,334,249
26638,53330,336,334,248
26639,53332,341,334,249
26640,53334,350,335,249
26641,53336,348,335,249
26642,53338,346,334,249
26643,53340,344,335,251
26644,53342,360,334,249
26645,53344,364,334,252
26646,53346,345,334,248
26647,53348,339,335,249
26648,53350,342,334,251
26649,53352,341,334,249
26650,53354,348,334,251
26651,53356,346,334,250
26652,53358,357,333,251
26653,53360,342,334,249
26654,53362,363,334,250
26655,53364,361,334,251
26656,53366,346,334,250
26657,53368,348,333,251
26658,53370,333,333,251
26659,53372,337,334,251
26660,53374,353,333,249
26661,53376,347,333,251
26662,53378,348,333,251
26663,53380,352,333,251
26664,53382,362,333,251
26665,53384,359,332,253
26666,53386,338,333,251
26667,53388,343,332,250
26668,53390,331,333,250
26669,53392,342,332,250
26670,53394,347,333,251
26671,53396,345,332,250
26672,53398,364,332,251
26673,53400,350,333,249
26674,53402,359,332,251
26675,53404,353,332,250
26676,53406,348,332,250
26677,53408,345,332,250
26678,53410,332,331,250
26679,53412,340,331,250
26680,53414,348,331,250
26681,53416,343,331,251
26682,53418,359,331,250
26683,53420,351,331,251
26684,53422,360,331,250
26685,53424,363,331,251
26686,53426,356,331,250
26687,53428,337,331,251
26688,53430,326,331,250
26689,53432,336,331,250
26690,53434,346,331,250
26691,53436,350,330,250
26692,53438,345,330,251
26693,53440,344,334,251
26694,53442,363,331,251
26695,53444,366,331,250
26696,53446,355,330,250
26697,53448,344,331,250
26698,53450,329,330,249
26699,53452,342,330,249
26700,53454,349,330,250
26701,53456,352,330,250
26702,53458,353,330,250
26703,53460,345,329,249
26704,53462,366,330,250
26705,53464,365,329,247
26706,53466,353,330,249
26707,53468,349,329,250
26708,53470,335,329,249
26709,53472,338,330,250
26710,53474,354,329,249
26711,53476,358,330,250
26712,53478,361,329,248
26713,53480,350,329,247
26714,53482,366,329,248
26715,53484,362,330,247
26716,53486,353,330,247
26717,53488,348,329,246
26718,53490,334,330,247
26719,53492,340,329,245
26720,53494,350,329,245
26721,53496,348,330,246
26722,53498,351,330,245
26723,53500,354,329,247
26724,53502,363,329,246
26725,53504,360,329,248
26726,53506,360,329,247
26727,53508,344,330,246
26728,53510,322,329,246
26729,53512,340,329,247
26730,53514,346,330,246
26731,53516,351,329,246
26732,53518,348,329,246
26733,53520,360,329,244
26734,53522,362,328,245
26735,53524,361,329,246
26736,53526,352,329,246
26737,53528,349,329,245
26738,53530,330,329,245
26739,53532,343,328,245
26740,53534,351,329,246
26741,53536,350,329,246
26742,53538,354,329,246
26743,53540,355,329,246
26744,53542,363,328,246
26745,53544,367,329,246
26746,53546,354,328,245
26747,53548,346,329,246
26748,53550,335,328,246
26749,53552,338,329,245
26750,53554,350,329,246
26751,53556,343,328,245
26752,53558,349,329,244
26753,53560,361,328,245
26754,53562,366,329,248
26755,53564,360,329,247
26756,53566,341,328,249
26757,53568,344,329,245
26758,53570,339,329,246
26759,53572,341,328,245
26760,53574,352,328,246
26761,53576,357,328,244
26762,53578,352,328,245
26763,53580,351,329,247
26764,53582,370,329,246
26765,53584,371,328,247
26766,53586,358,329,245
26767,53588,343,328,244
26768,53590,334,327,244
26769,53592,337,329,245
26770,53594,354,328,243
26771,53596,362,328,244
26772,53598,336,328,244
26773,53600,351,328,243
26774,53602,367,329,246
26775,53604,363,329,245
26776,53606,345,328,245
26777,53608,349,328,244
26778,53610,326,328,244
26779,53612,332,328,244
26780,53614,345,328,247
26781,53616,347,328,245
26782,53618,347,328,244
26783,53620,345,328,246
26784,53622,367,329,246
26785,53624,358,329,246
26786,53626,345,328,245
26787,53628,341,328,245
26788,53630,327,329,246
26789,53632,336,329,243
26790,53634,343,328,243
26791,53636,341,329,244
26792,53638,348,327,242
26793,53640,356,329,241
26794,53642,358,328,244
26795,53644,360,327,242
26796,53646,348,328,244
26797,53648,339,327,245
26798,53650,323,327,241
26799,53652,336,327,240
26800,53654,340,327,243
26801,53656,341,328,245
26802,53658,345,328,244
26803,53660,348,328,241
26804,53662,361,327,243
26805,53664,357,328,243
26806,53666,353,328,244
26807,53668,339,329,243
26808,53670,327,328,244
26809,53672,330,327,244
26810,53674,340,328,243
26811,53676,339,327,243
26812,53678,346,327,244
26813,53680,343,327,243
26814,53682,359,333,244
26815,53684,359,328,244
26816,53686,336,328,243
26817,53688,354,327,242
26818,53690,331,328,241
26819,53692,335,328,243
26820,53694,353,327,242
26821,53696,344,328,244
26822,53698,344,328,243
26823,53700,335,327,241
26824,53702,358,327,242
26825,53704,362,327,244
26826,53706,339,327,243
26827,53708,342,328,242
26828,53710,330,326,242
26829,53712,334,327,242
26830,53714,345,327,242
26831,53716,339,326,242
26832,53718,347,327,242
26833,53720,340,327,242
26834,53722,364,326,241
26835,53724,354,328,243
26836,53726,341,327,242
26837,53728,337,326,242
26838,53730,327,328,241
26839,53732,332,327,240
26840,53734,345,327,241
26841,53736,347,327,239
26842,53738,343,327,239
26843,53740,338,327,239
26844,53742,361,326,241
26845,53744,353,327,240
26846,53746,342,325,240
26847,53748,342,326,242
26848,53750,324,327,240
26849,53752,337,326,240
26850,53754,342,326,241
26851,53756,341,326,240
26852,53758,346,326,241
26853,53760,346,326,240
26854,53762,359,326,241
26855,53764,355,326,241
26856,53766,340,326,241
26857,53768,341,325,240
26858,53770,323,326,240
26859,53772,334,326,239
26860,53774,338,327,241
26861,53776,339,326,241
26862,53778,347,326,242
26863,53780,350,328,241
26864,53782,360,326,240
26865,53784,357,325,242
26866,53786,344,326,241
26867,53788,339,326,241
26868,53790,328,326,241
26869,53792,338,326,241
26870,53794,345,326,241
26871,53796,352,326,240
26872,53798,343,326,242
26873,53800,340,325,241
26874,53802,361,326,242
26875,53804,362,327,242
26876,53806,345,325,240
26877,53808,358,324,238
26878,53810,340,324,240
26879,53812,351,324,239
26880,53814,359,324,240
26881,53816,365,324,238
26882,53818,356,322,238
26883,53820,358,323,240
26884,53822,383,322,240
26885,53824,375,323,239
26886,53826,365,321,238
26887,53828,360,324,238
26888,53830,353,323,238
26889,53832,354,323,238
26890,53834,364,324,239
26891,53836,361,324,238
26892,53838,365,327,238
26893,53840,366,324,239
26894,53842,385,325,239
26895,53844,384,324,238
26896,53846,365,323,240
26897,53848,358,323,239
26898,53850,347,324,240
26899,53852,354,323,238
26900,53854,363,323,239
26901,53856,365,323,238
26902,53858,365,323,239
26903,53860,361,322,238
26904,53862,372,324,239
26905,53864,369,323,239
26906,53866,368,323,240
26907,53868,364,321,240
26908,53870,346,323,236
26909,53872,360,322,238
26910,53874,365,324,238
26911,53876,364,324,241
26912,53878,368,323,237
26913,53880,367,324,238
26914,53882,377,325,240
26915,53884,376,325,240
26916,53886,360,325,238
26917,53888,356,324,239
26918,53890,345,324,237
26919,53892,357,325,240
26920,53894,361,325,239
26921,53896,367,324,238
26922,53898,359,325,239
26923,53900,366,325,239
26924,53902,376,325,240
26925,53904,371,326,240
26926,53906,359,325,241
26927,53908,350,326,240
26928,53910,354,326,241
26929,53912,358,325,240
26930,53914,360,326,242
26931,53916,357,325,241
26932,53918,366,326,241
26933,53920,364,326,240
26934,53922,377,326,241
26935,53924,371,326,241
26936,53926,361,326,240
26937,53928,352,326,228
26938,53930,355,326,240
26939,53932,354,327,241
26940,53934,371,325,240
26941,53936,373,327,240
26942,53938,365,327,242
26943,53940,360,327,241
26944,53942,382,327,243
26945,53944,380,327,241
26946,53946,361,327,242
26947,53948,365,327,242
26948,53950,361,327,242
26949,53952,357,326,240
26950,53954,373,327,241
26951,53956,375,327,238
26952,53958,366,327,242
26953,53960,369,327,242
26954,53962,384,327,243
26955,53964,375,328,243
26956,53966,357,328,242
26957,53968,369,328,241
26958,53970,351,328,241
26959,53972,360,327,241
26960,53974,365,328,242
26961,53976,367,328,242
26962,53978,362,328,243
26963,53980,364,328,242
26964,53982,378,328,241
26965,53984,378,328,240
26966,53986,365,328,239
26967,53988,360,329,238
26968,53990,343,328,238
26969,53992,365,328,239
26970,53994,367,328,238
26971,53996,368,329,239
26972,53998,370,328,239
26973,54000,364,327,240
26974,54002,375,328,239
26975,54004,380,330,240
26976,54006,365,328,239
26977,54008,367,328,238
26978,54010,349,329,239
26979,54012,363,328,241
26980,54014,365,328,240
26981,54016,367,328,240
26982,54018,366,328,239
26983,54020,356,328,239
26984,54022,372,329,239
26985,54024,373,329,239
26986,54026,362,328,238
26987,54028,360,329,239
26988,54030,338,329,240
26989,54032,360,329,238
26990,54034,357,328,238
26991,54036,374,328,238
26992,54038,369,328,240
26993,54040,358,328,237
26994,54042,375,329,239
26995,54044,380,330,240
26996,54046,358,329,238
26997,54048,359,329,238
26998,54050,365,329,238
26999,54052,364,329,237
27000,54054,364,329,240
27001,54056,373,329,236
27002,54058,368,329,236
27003,54060,365,329,239
27004,54062,373,329,239
27005,54064,382,329,239
27006,54066,363,329,241
27007,54068,365,329,238
27008,54070,362,329,238
27009,54072,363,329,238
27010,54074,369,329,240
27011,54076,372,329,239
27012,54078,369,329,238
27013,54080,364,329,238
27014,54082,372,329,238
27015,54084,370,329,238
27016,54086,361,330,240
27017,54088,359,329,240
27018,54090,345,329,239
27019,54092,359,329,239
27020,54094,368,328,239
27021,54096,364,329,240
27022,54098,370,329,240
27023,54100,363,329,239
27024,54102,369,329,240
27025,54104,374,329,243
27026,54106,367,329,241
27027,54108,363,329,239
27028,54110,346,329,241
27029,54112,364,329,240
27030,54114,353,329,240
27031,54116,366,329,240
27032,54118,366,329,240
27033,54120,366,329,241
27034,54122,368,329,240
27035,54124,368,329,242
27036,54126,351,329,241
27037,54128,336,329,241
27038,54130,332,329,240
27039,54132,347,329,240
27040,54134,343,330,240
27041,54136,346,328,240
27042,54138,349,329,239
27043,54140,339,330,241
27044,54142,355,329,241
27045,54144,355,329,240
27046,54146,347,328,239
27047,54148,345,329,238
27048,54150,332,329,240
27049,54152,341,329,240
27050,54154,346,329,242
27051,54156,351,329,240
27052,54158,341,329,240
27053,54160,347,329,240
27054,54162,352,329,240
27055,54164,357,329,242
27056,54166,342,329,239
27057,54168,348,329,241
27058,54170,338,329,241
27059,54172,343,329,241
27060,54174,347,329,239
27061,54176,358,329,242
27062,54178,344,329,241
27063,54180,352,329,241
27064,54182,361,329,241
27065,54184,349,330,242
27066,54186,362,329,241
27067,54188,357,329,241
27068,54190,354,328,242
27069,54192,360,329,241
27070,54194,363,329,241
27071,54196,370,329,242
27072,54198,356,329,257
27073,54200,370,330,241
27074,54202,372,329,243
27075,54204,369,329,241
27076,54206,365,329,241
27077,54208,359,329,240
27078,54210,351,329,240
27079,54212,352,329,240
27080,54214,343,329,239
27081,54216,344,329,240
27082,54218,344,329,240
27083,54220,350,329,243
27084,54222,346,329,242
27085,54224,352,329,243
27086,54226,349,329,241
27087,54228,339,329,241
27088,54230,333,329,241
27089,54232,341,329,241
27090,54234,344,329,243
27091,54236,349,329,244
27092,54238,343,328,247
27093,54240,348,329,244
27094,54242,343,329,243
27095,54244,354,329,244
27096,54246,338,329,245
27097,54248,340,330,243
27098,54250,331,329,244
27099,54252,339,329,244
27100,54254,342,329,246
27101,54256,343,329,245
27102,54258,335,329,243
27103,54260,351,329,245
27104,54262,347,329,245
27105,54264,353,330,246
27106,54266,345,329,248
27107,54268,340,329,246
27108,54270,334,330,246
27109,54272,335,329,246
27110,54274,346,329,246
27111,54276,338,329,245
27112,54278,339,329,243
27113,54280,341,330,244
27114,54282,340,329,244
27115,54284,355,330,245
27116,54286,339,330,245
27117,54288,338,329,246
27118,54290,331,329,245
27119,54292,329,329,245
27120,54294,342,329,245
27121,54296,345,330,246
27122,54298,344,329,246
27123,54300,351,330,248
27124,54302,339,329,245
27125,54304,361,329,246
27126,54306,342,329,247
27127,54308,339,328,245
27128,54310,331,330,245
27129,54312,333,329,245
27130,54314,343,330,246
27131,54316,332,329,245
27132,54318,336,330,245
27133,54320,344,329,245
27134,54322,342,329,245
27135,54324,349,330,246
27136,54326,342,330,245
27137,54328,342,329,245
27138,54330,326,329,245
27139,54332,337,330,245
27140,54334,337,329,245
27141,54336,341,330,245
27142,54338,348,329,245
27143,54340,345,329,245
27144,54342,342,329,245
27145,54344,354,330,246
27146,54346,337,329,246
27147,54348,340,329,244
27148,54350,323,329,244
27149,54352,338,329,244
27150,54354,341,329,246
27151,54356,332,328,246
27152,54358,340,329,243
27153,54360,351,328,244
27154,54362,338,328,244
27155,54364,357,328,242
27156,54366,338,329,243
27157,54368,338,328,244
27158,54370,327,329,244
27159,54372,334,328,243
27160,54374,344,328,244
27161,54376,336,328,244
27162,54378,350,328,244
27163,54380,339,327,244
27164,54382,340,327,243
27165,54384,358,326,243
27166,54386,337,327,242
27167,54388,336,327,242
27168,54390,317,325,241
27169,54392,331,326,242
27170,54394,335,326,241
27171,54396,342,326,242
27172,54398,345,326,243
27173,54400,335,325,242
27174,54402,339,324,244
27175,54404,355,324,244
27176,54406,339,324,241
27177,54408,341,323,241
27178,54410,329,323,242
27179,54412,335,323,241
27180,54414,352,322,243
27181,54416,338,322,241
27182,54418,345,322,243
27183,54420,334,322,243
27184,54422,344,322,243
27185,54424,360,321,242
27186,54426,344,322,244
27187,54428,355,320,242
27188,54430,337,320,242
27189,54432,344,320,245
27190,54434,361,319,244
27191,54436,355,319,247
27192,54438,362,319,243
27193,54440,357,318,242
27194,54442,361,318,242
27195,54444,363,318,244
27196,54446,357,318,244
27197,54448,351,318,244
27198,54450,333,317,245
27199,54452,346,317,246
27200,54454,348,317,244
27201,54456,351,317,245
27202,54458,355,317,244
27203,54460,336,317,245
27204,54462,347,316,245
27205,54464,357,317,245
27206,54466,354,316,245
27207,54468,354,315,246
27208,54470,341,316,247
27209,54472,352,316,245
27210,54474,360,315,244
27211,54476,355,316,246
27212,54478,353,316,246
27213,54480,354,316,244
27214,54482,350,316,245
27215,54484,364,316,247
27216,54486,344,316,246
27217,54488,343,315,247
27218,54490,339,315,244
27219,54492,347,315,245
27220,54494,352,313,244
27221,54496,349,316,246
27222,54498,356,315,246
27223,54500,344,315,246
27224,54502,358,316,246
27225,54504,362,315,245
27226,54506,347,316,245
27227,54508,344,315,245
27228,54510,334,316,246
27229,54512,341,316,246
27230,54514,352,315,245
27231,54516,349,316,246
27232,54518,351,314,245
27233,54520,338,315,244
27234,54522,348,316,245
27235,54524,355,316,246
27236,54526,344,314,245
27237,54528,345,316,246
27238,54530,333,312,245
27239,54532,343,316,245
27240,54534,347,316,244
27241,54536,347,316,245
27242,54538,344,316,245
27243,54540,346,315,244
27244,54542,345,316,245
27245,54544,361,316,246
27246,54546,352,316,247
27247,54548,346,316,245
27248,54550,331,316,245
27249,54552,343,315,245
27250,54554,350,316,246
27251,54556,350,317,245
27252,54558,342,316,245
27253,54560,338,314,245
27254,54562,345,316,246
27255,54564,353,315,243
27256,54566,350,315,247
27257,54568,339,319,246
27258,54570,331,315,245
27259,54572,348,315,245
27260,54574,345,316,246
27261,54576,352,316,247
27262,54578,345,316,244
27263,54580,348,318,244
27264,54582,339,316,245
27265,54584,356,316,246
27266,54586,361,315,244
27267,54588,340,315,244
27268,54590,336,315,243
27269,54592,347,315,245
27270,54594,344,315,244
27271,54596,358,315,244
27272,54598,353,315,243
27273,54600,337,315,245
27274,54602,344,315,245
27275,54604,359,315,244
27276,54606,350,315,244
27277,54608,339,315,244
27278,54610,337,315,244
27279,54612,341,314,244
27280,54614,345,314,244
27281,54616,356,314,242
27282,54618,345,314,243
27283,54620,347,314,242
27284,54622,339,314,242
27285,54624,357,314,243
27286,54626,344,313,242
27287,54628,337,314,243
27288,54630,332,314,242
27289,54632,339,314,242
27290,54634,346,314,242
27291,54636,347,313,241
27292,54638,338,313,242
27293,54640,353,313,241
27294,54642,345,313,240
27295,54644,355,314,241
27296,54646,339,313,241
27297,54648,342,314,241
27298,54650,331,313,240
27299,54652,333,313,240
27300,54654,348,313,240
27301,54656,349,313,240
27302,54658,337,312,239
27303,54660,350,312,241
27304,54662,338,312,239
27305,54664,352,312,242
27306,54666,340,312,239
27307,54668,339,312,240
27308,54670,330,312,238
27309,54672,333,312,239
27310,54674,335,312,239
27311,54676,341,311,239
27312,54678,339,312,238
27313,54680,336,312,241
27314,54682,337,311,239
27315,54684,350,311,241
27316,54686,349,311,242
27317,54688,333,311,241
27318,54690,323,311,241
27319,54692,338,311,241
27320,54694,343,310,239
27321,54696,339,310,240
27322,54698,347,310,239
27323,54700,345,310,239
27324,54702,325,310,240
27325,54704,347,309,240
27326,54706,335,309,240
27327,54708,335,310,240
27328,54710,323,309,241
27329,54712,335,309,240
27330,54714,340,309,241
27331,54716,341,309,242
27332,54718,344,309,242
27333,54720,336,308,242
27334,54722,339,306,242
27335,54724,361,306,239
27336,54726,341,305,241
27337,54728,333,305,240
27338,54730,335,305,240
27339,54732,342,305,238
27340,54734,350,305,239
27341,54736,343,305,239
27342,54738,353,305,238
27343,54740,345,305,238
27344,54742,343,305,239
27345,54744,355,305,240
27346,54746,343,305,240
27347,54748,347,305,239
27348,54750,338,305,237
27349,54752,342,304,239
27350,54754,351,305,239
27351,54756,349,305,241
27352,54758,350,306,240
27353,54760,337,306,240
27354,54762,339,305,238
27355,54764,360,306,238
27356,54766,343,306,239
27357,54768,342,305,238
27358,54770,326,305,240
27359,54772,341,305,238
27360,54774,353,305,238
27361,54776,341,305,237
27362,54778,349,304,235
27363,54780,346,305,238
27364,54782,342,305,237
27365,54784,362,306,236
27366,54786,337,306,237
27367,54788,338,305,235
27368,54790,331,305,235
27369,54792,345,305,235
27370,54794,351,305,237
27371,54796,340,304,236
27372,54798,346,306,235
27373,54800,344,305,236
27374,54802,349,305,238
27375,54804,356,305,237
27376,54806,354,305,235
27377,54808,346,306,236
27378,54810,333,305,235
27379,54812,348,304,236
27380,54814,348,305,233
27381,54816,341,303,233
27382,54818,348,304,232
27383,54820,347,305,234
27384,54822,338,304,233
27385,54824,358,304,236
27386,54826,355,305,236
27387,54828,347,304,232
27388,54830,336,304,235
27389,54832,345,305,233
27390,54834,344,305,235
27391,54836,350,304,233
27392,54838,356,304,236
27393,54840,349,304,234
27394,54842,358,305,237
27395,54844,371,304,232
27396,54846,357,304,235
27397,54848,352,306,237
27398,54850,337,305,234
27399,54852,351,305,237
27400,54854,359,305,235
27401,54856,356,304,239
27402,54858,355,305,240
27403,54860,344,305,239
27404,54862,360,305,240
27405,54864,362,305,239
27406,54866,361,305,243
27407,54868,358,305,243
27408,54870,338,305,243
27409,54872,348,305,240
27410,54874,355,305,239
27411,54876,356,305,237
27412,54878,348,305,233
27413,54880,355,305,233
27414,54882,359,304,233
27415,54884,365,305,234
27416,54886,362,304,237
27417,54888,350,305,236
27418,54890,340,304,235
27419,54892,351,304,235
27420,54894,357,304,237
27421,54896,358,303,236
27422,54898,355,304,236
27423,54900,365,303,236
27424,54902,360,303,236
27425,54904,363,303,238
27426,54906,362,302,234
27427,54908,354,303,235
27428,54910,328,303,237
27429,54912,347,302,236
27430,54914,353,303,237
27431,54916,351,303,235
27432,54918,346,303,235
27433,54920,356,302,236
27434,54922,350,304,237
27435,54924,359,304,236
27436,54926,357,303,237
27437,54928,341,303,237
27438,54930,333,303,238
27439,54932,342,303,238
27440,54934,348,304,238
27441,54936,343,305,238
27442,54938,350,303,238
27443,54940,347,303,239
27444,54942,347,303,238
27445,54944,359,304,239
27446,54946,351,303,240
27447,54948,344,304,239
27448,54950,336,304,241
27449,54952,341,304,239
27450,54954,345,304,239
27451,54956,351,304,239
27452,54958,345,304,240
27453,54960,344,304,240
27454,54962,349,303,240
27455,54964,351,304,241
27456,54966,348,303,239
27457,54968,344,303,239
27458,54970,334,303,241
27459,54972,339,304,242
27460,54974,346,303,243
27461,54976,339,303,242
27462,54978,342,303,241
27463,54980,338,303,240
27464,54982,344,303,241
27465,54984,355,303,241
27466,54986,347,303,241
27467,54988,334,303,241
27468,54990,334,303,239
27469,54992,332,303,240
27470,54994,347,303,240
27471,54996,346,303,240
27472,54998,343,303,237
27473,55000,343,302,240
27474,55002,340,303,239
27475,55004,357,303,240
27476,55006,338,303,239
27477,55008,329,302,238
27478,55010,326,302,238
27479,55012,324,302,237
27480,55014,343,302,236
27481,55016,338,301,237
27482,55018,331,301,238
27483,55020,339,302,238
27484,55022,336,302,237
27485,55024,347,301,237
27486,55026,354,301,234
27487,55028,332,301,236
27488,55030,318,303,235
27489,55032,329,304,235
27490,55034,335,303,235
27491,55036,331,303,233
27492,55038,337,303,235
27493,55040,333,303,235
27494,55042,327,303,234
27495,55044,349,304,235
27496,55046,340,303,235
27497,55048,326,303,234
27498,55050,321,303,233
27499,55052,320,302,234
27500,55054,332,302,234
27501,55056,334,302,233
27502,55058,333,302,233
27503,55060,335,301,233
27504,55062,326,302,235
27505,55064,340,301,233
27506,55066,331,301,232
27507,55068,329,302,234
27508,55070,326,301,235
27509,55072,323,302,235
27510,55074,333,301,233
27511,55076,336,302,234
27512,55078,335,302,234
27513,55080,330,302,235
27514,55082,333,301,234
27515,55084,350,301,237
27516,55086,336,302,234
27517,55088,329,300,235
27518,55090,323,300,234
27519,55092,322,301,231
27520,55094,335,300,235
27521,55096,336,300,231
27522,55098,332,300,235
27523,55100,329,300,236
27524,55102,336,298,236
27525,55104,348,299,237
27526,55106,337,297,235
27527,55108,335,298,235
27528,55110,317,297,235
27529,55112,328,297,237
27530,55114,336,297,236
27531,55116,339,297,236
27532,55118,334,297,236
27533,55120,325,298,235
27534,55122,331,297,236
27535,55124,339,295,237
27536,55126,330,295,237
27537,55128,328,298,237
27538,55130,317,295,238
27539,55132,328,294,237
27540,55134,330,294,236
27541,55136,333,292,236
27542,55138,329,292,236
27543,55140,330,293,238
27544,55142,327,291,236
27545,55144,339,292,237
27546,55146,332,292,237
27547,55148,323,291,237
27548,55150,311,291,237
27549,55152,331,290,237
27550,55154,334,291,237
27551,55156,329,290,238
27552,55158,328,293,237
27553,55160,325,289,237
27554,55162,330,288,237
27555,55164,338,288,236
27556,55166,328,286,237
27557,55168,317,287,237
27558,55170,314,286,237
27559,55172,325,286,238
27560,55174,331,284,237
27561,55176,329,287,238
27562,55178,333,284,238
27563,55180,322,285,239
27564,55182,332,288,239
27565,55184,320,283,239
27566,55186,332,281,238
27567,55188,318,283,238
27568,55190,315,283,239
27569,55192,322,283,239
27570,55194,323,283,239
27571,55196,335,283,239
27572,55198,323,283,240
27573,55200,331,283,240
27574,55202,325,283,238
27575,55204,337,283,240
27576,55206,328,283,240
27577,55208,320,283,240
27578,55210,313,283,239
27579,55212,318,283,240
27580,55214,324,283,240
27581,55216,330,284,240
27582,55218,328,282,240
27583,55220,321,287,242
27584,55222,325,282,240
27585,55224,331,283,241
27586,55226,326,282,241
27587,55228,318,282,240
27588,55230,312,283,240
27589,55232,321,284,241
27590,55234,330,284,241
27591,55236,331,282,239
27592,55238,327,283,240
27593,55240,324,283,240
27594,55242,330,283,241
27595,55244,330,282,242
27596,55246,328,283,241
27597,55248,323,284,241
27598,55250,311,283,241
27599,55252,319,283,241
27600,55254,326,282,240
27601,55256,327,283,242
27602,55258,325,282,241
27603,55260,325,282,241
27604,55262,316,282,241
27605,55264,329,283,242
27606,55266,326,282,241
27607,55268,325,283,241
27608,55270,315,282,241
27609,55272,325,283,242
27610,55274,327,281,240
27611,55276,324,283,243
27612,55278,326,283,243
27613,55280,328,283,241
27614,55282,316,282,242
27615,55284,341,282,242
27616,55286,325,283,243
27617,55288,320,282,243
27618,55290,320,282,242
27619,55292,322,282,242
27620,55294,330,282,243
27621,55296,328,283,242
27622,55298,332,282,244
27623,55300,331,282,243
27624,55302,317,282,243
27625,55304,336,282,243
27626,55306,328,282,244
27627,55308,317,282,243
27628,55310,321,282,242
27629,55312,316,282,243
27630,55314,327,282,242
27631,55316,324,283,242
27632,55318,322,283,243
27633,55320,325,282,243
27634,55322,324,281,243
27635,55324,334,282,244
27636,55326,328,282,244
27637,55328,327,282,242
27638,55330,311,282,243
27639,55332,317,282,243
27640,55334,324,282,243
27641,55336,330,283,244
27642,55338,327,282,243
27643,55340,322,283,247
27644,55342,322,282,243
27645,55344,336,283,245
27646,55346,333,282,244
27647,55348,322,283,243
27648,55350,316,282,242
27649,55352,316,283,243
27650,55354,334,281,242
27651,55356,330,282,242
27652,55358,324,283,241
27653,55360,326,282,242
27654,55362,319,283,243
27655,55364,333,282,242
27656,55366,330,282,242
27657,55368,323,282,242
27658,55370,312,283,241
27659,55372,319,282,242
27660,55374,328,282,241
27661,55376,328,282,241
27662,55378,323,282,243
27663,55380,331,282,242
27664,55382,323,282,243
27665,55384,339,283,242
27666,55386,334,282,241
27667,55388,319,283,242
27668,55390,318,282,241
27669,55392,319,283,242
27670,55394,323,283,241
27671,55396,327,283,240
27672,55398,329,283,242
27673,55400,334,283,242
27674,55402,321,282,240
27675,55404,333,283,241
27676,55406,326,283,241
27677,55408,320,283,240
27678,55410,313,282,242
27679,55412,321,283,240
27680,55414,328,282,241
27681,55416,329,282,241
27682,55418,325,283,242
27683,55420,326,283,243
27684,55422,328,283,241
27685,55424,340,283,241
27686,55426,335,282,241
27687,55428,319,283,241
27688,55430,316,283,241
27689,55432,322,283,240
27690,55434,333,283,241
27691,55436,327,283,241
27692,55438,320,283,240
27693,55440,316,283,241
27694,55442,327,283,239
27695,55444,336,283,241
27696,55446,331,282,240
27697,55448,326,283,239
27698,55450,312,283,240
27699,55452,317,283,239
27700,55454,330,283,241
27701,55456,324,282,241
27702,55458,327,282,239
27703,55460,324,283,240
27704,55462,328,283,240
27705,55464,332,283,242
27706,55466,328,283,240
27707,55468,327,283,240
27708,55470,318,284,241
27709,55472,323,283,240
27710,55474,334,283,241
27711,55476,325,283,240
27712,55478,324,283,241
27713,55480,331,284,241
27714,55482,330,283,241
27715,55484,339,282,241
27716,55486,335,283,242
27717,55488,329,283,242
27718,55490,314,283,242
27719,55492,326,283,243
27720,55494,329,283,243
27721,55496,324,283,240
27722,55498,330,283,242
27723,55500,331,283,245
27724,55502,331,282,243
27725,55504,337,282,244
27726,55506,331,283,243
27727,55508,324,285,243
27728,55510,313,285,243
27729,55512,320,285,242
27730,55514,328,285,243
27731,55516,320,285,242
27732,55518,333,286,242
27733,55520,325,286,243
27734,55522,332,285,243
27735,55524,339,285,243
27736,55526,332,286,244
27737,55528,325,285,244
27738,55530,314,286,242
27739,55532,324,285,242
27740,55534,324,286,243
27741,55536,320,285,243
27742,55538,326,285,242
27743,55540,327,286,241
27744,55542,332,285,242
27745,55544,332,283,242
27746,55546,332,283,244
27747,55548,331,283,243
27748,55550,315,282,243
27749,55552,324,283,244
27750,55554,317,282,244
27751,55556,330,282,244
27752,55558,333,283,245
27753,55560,326,283,244
27754,55562,329,283,243
27755,55564,333,283,242
27756,55566,330,283,243
27757,55568,326,283,242
27758,55570,317,282,243
27759,55572,318,283,243
27760,55574,332,283,245
27761,55576,335,283,244
27762,55578,325,283,244
27763,55580,330,282,244
27764,55582,336,283,244
27765,55584,336,283,245
27766,55586,329,283,245
27767,55588,329,283,246
27768,55590,320,283,245
27769,55592,317,284,245
27770,55594,327,284,247
27771,55596,319,283,246
27772,55598,325,283,247
27773,55600,332,285,246
27774,55602,329,286,246
27775,55604,340,286,245
27776,55606,334,285,246
27777,55608,322,286,244
27778,55610,313,286,244
27779,55612,319,286,245
27780,55614,328,287,245
27781,55616,323,287,244
27782,55618,329,287,245
27783,55620,327,287,246
27784,55622,329,288,245
27785,55624,337,288,243
27786,55626,333,288,243
27787,55628,331,289,243
27788,55630,311,290,242
27789,55632,315,290,243
27790,55634,325,290,242
27791,55636,327,290,244
27792,55638,324,291,243
27793,55640,333,291,243
27794,55642,326,291,243
27795,55644,339,293,244
27796,55646,334,293,245
27797,55648,319,292,245
27798,55650,315,293,245
27799,55652,317,292,246
27800,55654,325,292,244
27801,55656,327,293,244
27802,55658,328,293,245
27803,55660,329,293,246
27804,55662,329,293,243
27805,55664,332,293,245
27806,55666,328,293,245
27807,55668,320,295,245
27808,55670,320,295,245
27809,55672,307,296,246
27810,55674,328,296,247
27811,55676,327,296,245
27812,55678,322,295,245
27813,55680,322,295,246
27814,55682,322,295,245
27815,55684,338,296,245
27816,55686,330,295,245
27817,55688,326,296,246
27818,55690,316,296,245
27819,55692,314,296,246
27820,55694,321,296,245
27821,55696,326,294,245
27822,55698,322,296,246
27823,55700,331,293,246
27824,55702,330,296,247
27825,55704,340,296,246
27826,55706,332,295,245
27827,55708,324,296,245
27828,55710,314,297,245
27829,55712,312,296,244
27830,55714,332,297,245
27831,55716,324,297,244
27832,55718,326,297,245
27833,55720,332,297,244
27834,55722,324,297,244
27835,55724,344,297,246
27836,55726,337,297,243
27837,55728,322,297,245
27838,55730,318,297,245
27839,55732,311,298,244
27840,55734,335,298,245
27841,55736,336,298,245
27842,55738,332,297,245
27843,55740,332,298,245
27844,55742,316,298,246
27845,55744,344,297,244
27846,55746,325,297,244
27847,55748,323,297,245
27848,55750,314,296,245
27849,55752,323,298,244
27850,55754,336,298,245
27851,55756,324,298,245
27852,55758,329,298,245
27853,55760,334,298,244
27854,55762,322,298,245
27855,55764,342,297,244
27856,55766,328,298,244
27857,55768,324,298,242
27858,55770,320,298,243
27859,55772,313,298,244
27860,55774,328,299,246
27861,55776,332,299,245
27862,55778,328,298,246
27863,55780,329,298,244
27864,55782,325,297,245
27865,55784,341,298,244
27866,55786,322,299,245
27867,55788,323,298,245
27868,55790,314,298,245
27869,55792,314,298,245
27870,55794,334,299,246
27871,55796,328,298,245
27872,55798,325,297,245
27873,55800,326,298,247
27874,55802,349,298,244
27875,55804,352,298,245
27876,55806,337,298,246
27877,55808,335,298,243
27878,55810,328,299,245
27879,55812,329,298,245
27880,55814,346,298,246
27881,55816,341,298,245
27882,55818,343,298,246
27883,55820,339,298,244
27884,55822,339,298,246
27885,55824,360,298,246
27886,55826,345,299,246
27887,55828,335,298,246
27888,55830,323,298,246
27889,55832,331,298,244
27890,55834,348,297,246
27891,55836,342,296,247
27892,55838,348,298,246
27893,55840,341,298,246
27894,55842,341,298,246
27895,55844,357,298,246
27896,55846,341,298,246
27897,55848,335,293,246
27898,55850,326,298,245
27899,55852,341,298,245
27900,55854,348,296,246
27901,55856,342,296,245
27902,55858,348,295,247
27903,55860,337,296,247
27904,55862,338,299,245
27905,55864,358,296,246
27906,55866,346,295,247
27907,55868,338,296,248
27908,55870,328,297,248
27909,55872,339,297,248
27910,55874,345,297,247
27911,55876,344,296,247
27912,55878,346,298,247
27913,55880,338,295,248
27914,55882,341,299,246
27915,55884,361,297,248
27916,55886,342,296,248
27917,55888,336,297,246
27918,55890,331,297,247
27919,55892,336,296,247
27920,55894,343,298,247
27921,55896,352,296,247
27922,55898,350,295,247
27923,55900,333,296,246
27924,55902,345,296,245
27925,55904,351,295,246
27926,55906,338,297,247
27927,55908,330,298,246
27928,55910,332,297,248
27929,55912,336,297,247
27930,55914,343,297,249
27931,55916,350,295,247
27932,55918,342,294,246
27933,55920,342,297,247
27934,55922,332,298,247
27935,55924,341,297,247
27936,55926,335,297,247
27937,55928,337,298,248
27938,55930,316,297,248
27939,55932,324,296,249
27940,55934,336,297,246
27941,55936,345,295,246
27942,55938,326,294,247
27943,55940,326,294,246
27944,55942,325,296,247
27945,55944,329,295,247
27946,55946,331,295,245
27947,55948,316,296,246
27948,55950,315,296,245
27949,55952,327,296,244
27950,55954,335,295,245
27951,55956,322,296,246
27952,55958,324,295,247
27953,55960,331,296,244
27954,55962,332,296,245
27955,55964,347,296,244
27956,55966,333,296,247
27957,55968,324,296,245
27958,55970,321,296,245
27959,55972,324,296,245
27960,55974,329,296,245
27961,55976,331,296,245
27962,55978,332,296,244
27963,55980,331,296,245
27964,55982,332,297,245
27965,55984,343,296,245
27966,55986,335,296,245
27967,55988,327,296,243
27968,55990,318,299,245
27969,55992,323,297,245
27970,55994,331,296,244
27971,55996,337,297,246
27972,55998,343,296,245
27973,56000,329,296,245
27974,56002,332,296,246
27975,56004,339,296,245
27976,56006,332,296,244
27977,56008,328,296,245
27978,56010,321,297,246
27979,56012,320,296,245
27980,56014,333,296,246
27981,56016,334,296,246
27982,56018,327,296,245
27983,56020,334,296,247
27984,56022,326,296,244
27985,56024,346,297,246
27986,56026,323,296,246
27987,56028,325,296,244
27988,56030,321,296,245
27989,56032,319,297,245
27990,56034,337,296,245
27991,56036,331,296,247
27992,56038,328,297,245
27993,56040,333,296,244
27994,56042,334,296,246
27995,56044,341,296,244
27996,56046,331,296,246
27997,56048,327,297,246
27998,56050,321,297,244
27999,56052,316,296,244
28000,56054,338,297,244
28001,56056,329,296,245
28002,56058,331,297,245
28003,56060,328,296,244
28004,56062,329,295,246
28005,56064,346,297,245
28006,56066,332,296,245
28007,56068,324,296,245
28008,56070,318,297,244
28009,56072,318,296,244
28010,56074,333,296,242
28011,56076,320,296,244
28012,56078,325,297,243
28013,56080,331,296,244
28014,56082,320,296,243
28015,56084,345,297,245
28016,56086,332,296,244
28017,56088,326,296,242
28018,56090,320,296,243
28019,56092,317,296,243
28020,56094,333,296,244
28021,56096,323,296,246
28022,56098,330,295,244
28023,56100,328,296,245
28024,56102,323,296,245
28025,56104,350,297,247
28026,56106,333,296,246
28027,56108,322,296,246
28028,56110,323,296,245
28029,56112,318,296,244
28030,56114,333,296,246
28031,56116,329,296,246
28032,56118,333,296,245
28033,56120,324,296,245
28034,56122,327,296,245
28035,56124,342,296,245
28036,56126,330,296,245
28037,56128,325,296,245
28038,56130,322,295,246
28039,56132,314,295,245
28040,56134,341,296,245
28041,56136,329,295,246
28042,56138,335,296,245
28043,56140,330,295,245
28044,56142,330,295,244
28045,56144,349,295,243
28046,56146,339,295,244
28047,56148,336,294,242
28048,56150,325,295,243
28049,56152,314,294,242
28050,56154,333,295,243
28051,56156,329,295,243
28052,56158,333,294,243
28053,56160,330,294,242
28054,56162,333,294,241
28055,56164,349,293,242
28056,56166,336,294,242
28057,56168,334,294,240
28058,56170,319,294,241
28059,56172,321,293,241
28060,56174,336,294,242
28061,56176,331,293,241
28062,56178,334,292,240
28063,56180,333,292,242
28064,56182,330,292,240
28065,56184,345,290,237
28066,56186,334,291,239
28067,56188,334,290,239
28068,56190,321,290,239
28069,56192,317,290,239
28070,56194,334,290,237
28071,56196,325,290,238
28072,56198,336,290,238
28073,56200,331,290,238
28074,56202,324,290,240
28075,56204,348,290,239
28076,56206,327,290,239
28077,56208,330,290,238
28078,56210,320,290,239
28079,56212,324,288,237
28080,56214,334,291,239
28081,56216,325,290,238
28082,56218,331,290,239
28083,56220,328,290,239
28084,56222,338,290,239
28085,56224,345,291,238
28086,56226,332,288,238
28087,56228,331,287,240
28088,56230,324,287,239
28089,56232,320,287,240
28090,56234,330,287,239
28091,56236,332,287,238
28092,56238,323,286,241
28093,56240,309,286,239
28094,56242,325,286,241
28095,56244,341,286,242
28096,56246,331,286,240
28097,56248,321,286,238
28098,56250,314,286,241
28099,56252,314,286,241
28100,56254,336,285,239
28101,56256,328,285,238
28102,56258,322,285,240
28103,56260,321,285,240
28104,56262,325,286,242
28105,56264,339,285,242
28106,56266,322,285,241
28107,56268,317,284,240
28108,56270,315,284,240
28109,56272,311,284,241
28110,56274,331,282,240
28111,56276,329,284,241
28112,56278,328,284,240
28113,56280,338,284,241
28114,56282,335,281,241
28115,56284,337,282,242
28116,56286,336,282,241
28117,56288,328,281,241
28118,56290,322,281,240
28119,56292,323,281,241
28120,56294,336,281,241
28121,56296,333,281,238
28122,56298,329,280,240
28123,56300,332,282,240
28124,56302,329,281,240
28125,56304,345,282,242
28126,56306,335,281,239
28127,56308,321,281,240
28128,56310,312,281,240
28129,56312,323,282,241
28130,56314,328,282,241
28131,56316,328,281,240
28132,56318,327,281,240
28133,56320,333,281,241
28134,56322,333,281,240
28135,56324,345,282,241
28136,56326,332,281,240
28137,56328,322,281,240
28138,56330,323,281,240
28139,56332,321,282,240
28140,56334,329,282,240
28141,56336,329,282,240
28142,56338,330,283,241
28143,56340,328,283,242
28144,56342,333,283,242
28145,56344,347,283,243
28146,56346,327,284,242
28147,56348,324,283,243
28148,56350,318,283,242
28149,56352,319,284,243
28150,56354,329,284,241
28151,56356,326,284,241
28152,56358,332,283,243
28153,56360,322,284,242
28154,56362,334,284,243
28155,56364,339,284,243
28156,56366,330,284,243
28157,56368,322,284,243
28158,56370,319,283,243
28159,56372,320,284,242
28160,56374,323,285,243
28161,56376,329,284,243
28162,56378,327,284,242
28163,56380,330,284,242
28164,56382,332,284,243
28165,56384,340,284,243
28166,56386,332,284,243
28167,56388,325,284,243
28168,56390,321,284,243
28169,56392,311,285,240
28170,56394,330,285,241
28171,56396,327,284,240
28172,56398,324,284,238
28173,56400,329,284,239
28174,56402,331,283,239
28175,56404,341,283,240
28176,56406,331,284,239
28177,56408,325,282,238
28178,56410,326,281,238
28179,56412,321,281,238
28180,56414,333,281,238
28181,56416,329,281,238
28182,56418,330,280,238
28183,56420,328,280,236
28184,56422,324,279,238
28185,56424,339,279,237
28186,56426,332,279,234
28187,56428,320,279,235
28188,56430,313,279,235
28189,56432,316,277,235
28190,56434,329,279,234
28191,56436,325,279,236
28192,56438,325,279,233
28193,56440,335,278,233
28194,56442,322,279,233
28195,56444,342,279,231
28196,56446,340,279,231
28197,56448,316,279,231
28198,56450,313,279,231
28199,56452,316,278,229
28200,56454,330,279,231
28201,56456,334,279,230
28202,56458,324,279,229
28203,56460,329,278,229
28204,56462,325,279,230
28205,56464,346,277,228
28206,56466,332,279,229
28207,56468,314,279,229
28208,56470,318,279,229
28209,56472,317,278,228
28210,56474,333,280,228
28211,56476,326,279,227
28212,56478,318,279,227
28213,56480,326,279,227
28214,56482,331,278,227
28215,56484,344,278,226
28216,56486,329,278,227
28217,56488,323,278,227
28218,56490,320,279,227
28219,56492,317,279,226
28220,56494,329,279,228
28221,56496,328,279,227
28222,56498,335,279,227
28223,56500,329,279,228
28224,56502,326,278,226
28225,56504,343,279,227
28226,56506,338,278,225
28227,56508,332,278,228
28228,56510,320,279,227
28229,56512,324,279,226
28230,56514,340,278,226
28231,56516,330,279,225
28232,56518,336,278,225
28233,56520,335,279,226
28234,56522,329,279,226
28235,56524,354,278,225
28236,56526,334,279,225
28237,56528,328,278,225
28238,56530,321,279,225
28239,56532,324,278,225
28240,56534,340,279,228
28241,56536,334,278,229
28242,56538,334,278,229
28243,56540,337,279,228
28244,56542,330,278,229
28245,56544,348,279,229
28246,56546,336,279,228
28247,56548,324,279,230
28248,56550,320,279,228
28249,56552,328,279,229
28250,56554,334,279,227
28251,56556,323,279,228
28252,56558,338,279,230
28253,56560,328,279,229
28254,56562,327,279,228
28255,56564,348,278,229
28256,56566,334,279,227
28257,56568,324,278,228
28258,56570,318,279,228
28259,56572,325,279,227
28260,56574,337,278,227
28261,56576,338,278,224
28262,56578,337,279,226
28263,56580,337,279,227
28264,56582,335,279,225
28265,56584,348,278,225
28266,56586,332,278,226
28267,56588,330,279,227
28268,56590,324,279,225
28269,56592,320,279,226
28270,56594,337,279,226
28271,56596,330,280,227
28272,56598,334,279,227
28273,56600,329,279,227
28274,56602,333,279,226
28275,56604,346,279,227
28276,56606,332,278,227
28277,56608,329,279,229
28278,56610,318,279,226
28279,56612,321,279,226
28280,56614,339,279,227
28281,56616,331,279,226
28282,56618,333,279,227
28283,56620,325,280,227
28284,56622,333,280,227
28285,56624,340,279,229
28286,56626,339,280,227
28287,56628,327,279,227
28288,56630,316,280,229
28289,56632,326,279,226
28290,56634,338,280,227
28291,56636,329,279,226
28292,56638,331,279,228
28293,56640,332,279,228
28294,56642,338,279,226
28295,56644,342,280,226
28296,56646,337,279,227
28297,56648,330,279,226
28298,56650,322,281,227
28299,56652,328,280,227
28300,56654,332,279,227
28301,56656,332,279,226
28302,56658,328,279,226
28303,56660,332,279,226
28304,56662,333,280,227
28305,56664,337,279,225
28306,56666,336,280,225
28307,56668,323,280,227
28308,56670,318,279,224
28309,56672,326,279,225
28310,56674,326,279,224
28311,56676,332,280,223
28312,56678,333,280,223
28313,56680,329,280,223
28314,56682,329,279,221
28315,56684,342,279,223
28316,56686,333,279,224
28317,56688,320,279,220
28318,56690,323,278,221
28319,56692,328,279,222
28320,56694,336,279,221
28321,56696,330,279,219
28322,56698,333,279,220
28323,56700,324,279,220
28324,56702,336,279,218
28325,56704,341,279,219
28326,56706,336,279,215
28327,56708,323,279,215
28328,56710,318,279,216
28329,56712,317,279,217
28330,56714,331,279,219
28331,56716,337,279,215
28332,56718,328,280,217
28333,56720,324,279,216
28334,56722,333,279,216
28335,56724,342,279,215
28336,56726,335,280,218
28337,56728,326,280,216
28338,56730,316,279,217
28339,56732,317,279,215
28340,56734,336,279,216
28341,56736,333,280,215
28342,56738,324,280,215
28343,56740,329,281,214
28344,56742,324,280,215
28345,56744,343,279,215
28346,56746,335,280,217
28347,56748,323,279,215
28348,56750,313,279,216
28349,56752,317,279,215
28350,56754,337,279,216
28351,56756,332,280,217
28352,56758,325,280,216
28353,56760,341,280,216
28354,56762,337,279,215
28355,56764,344,280,215
28356,56766,343,280,220
28357,56768,328,281,221
28358,56770,321,279,220
28359,56772,326,279,218
28360,56774,326,280,221
28361,56776,330,279,221
28362,56778,332,279,221
28363,56780,332,279,222
28364,56782,332,280,222
28365,56784,347,280,222
28366,56786,334,280,221
28367,56788,323,279,221
28368,56790,321,280,221
28369,56792,328,280,221
28370,56794,328,280,221
28371,56796,325,281,222
28372,56798,330,280,224
28373,56800,332,280,221
28374,56802,330,280,222
28375,56804,347,280,222
28376,56806,325,281,222
28377,56808,326,281,222
28378,56810,323,279,222
28379,56812,314,279,222
28380,56814,335,280,223
28381,56816,329,280,223
28382,56818,325,279,221
28383,56820,326,280,222
28384,56822,331,280,222
28385,56824,350,280,224
28386,56826,335,280,224
28387,56828,329,279,223
28388,56830,319,280,223
28389,56832,316,280,223
28390,56834,343,279,222
28391,56836,332,279,222
28392,56838,324,279,223
28393,56840,322,280,223
28394,56842,339,279,222
28395,56844,340,280,222
28396,56846,329,280,222
28397,56848,326,280,222
28398,56850,319,279,220
28399,56852,311,280,218
28400,56854,324,280,221
28401,56856,327,280,221
28402,56858,326,279,222
28403,56860,326,279,222
28404,56862,333,279,221
28405,56864,343,280,215
28406,56866,341,280,222
28407,56868,333,279,222
28408,56870,314,279,222
28409,56872,314,279,222
28410,56874,324,278,220
28411,56876,330,279,222
28412,56878,326,280,222
28413,56880,337,279,222
28414,56882,325,279,219
28415,56884,343,279,221
28416,56886,334,279,221
28417,56888,329,279,221
28418,56890,318,279,222
28419,56892,320,280,222
28420,56894,324,279,221
28421,56896,325,280,223
28422,56898,329,279,223
28423,56900,328,279,222
28424,56902,327,279,222
28425,56904,344,279,222
28426,56906,337,279,221
28427,56908,329,279,220
28428,56910,328,280,218
28429,56912,317,279,218
28430,56914,319,279,219
28431,56916,329,279,219
28432,56918,328,279,220
28433,56920,325,280,221
28434,56922,328,279,220
28435,56924,347,279,220
28436,56926,336,279,218
28437,56928,328,279,218
28438,56930,320,279,218
28439,56932,318,279,218
28440,56934,321,279,218
28441,56936,332,279,221
28442,56938,333,280,223
28443,56940,332,280,219
28444,56942,333,279,221
28445,56944,340,279,221
28446,56946,336,279,224
28447,56948,327,279,221
28448,56950,331,280,221
28449,56952,307,280,220
28450,56954,325,279,220
28451,56956,330,279,220
28452,56958,324,280,220
28453,56960,330,279,221
28454,56962,330,279,219
28455,56964,342,280,221
28456,56966,335,279,219
28457,56968,329,279,220
28458,56970,314,279,219
28459,56972,312,280,219
28460,56974,326,280,220
28461,56976,330,279,220
28462,56978,324,280,221
28463,56980,331,279,221
28464,56982,338,279,221
28465,56984,344,279,220
28466,56986,335,280,221
28467,56988,330,280,220
28468,56990,319,279,221
28469,56992,320,279,220
28470,56994,321,280,222
28471,56996,331,280,222
28472,56998,341,279,221
28473,57000,331,279,222
28474,57002,336,279,221
28475,57004,341,280,221
28476,57006,341,279,223
28477,57008,326,280,227
28478,57010,323,280,227
28479,57012,321,279,228
28480,57014,318,280,228
28481,57016,333,280,228
28482,57018,329,279,229
28483,57020,331,279,227
28484,57022,329,280,228
28485,57024,344,279,227
28486,57026,342,280,228
28487,57028,327,279,228
28488,57030,321,280,229
28489,57032,319,280,229
28490,57034,317,280,229
28491,57036,343,280,229
28492,57038,328,280,228
28493,57040,327,280,229
28494,57042,337,280,229
28495,57044,346,279,230
28496,57046,338,280,230
28497,57048,321,279,228
28498,57050,321,280,228
28499,57052,325,279,227
28500,57054,329,279,230
28501,57056,330,280,228
28502,57058,334,279,230
28503,57060,330,279,229
28504,57062,346,279,230
28505,57064,347,279,230
28506,57066,330,279,230
28507,57068,329,281,229
28508,57070,326,279,228
28509,57072,324,279,230
28510,57074,328,279,230
28511,57076,337,279,232
28512,57078,333,279,230
28513,57080,339,279,230
28514,57082,340,280,231
28515,57084,344,279,230
28516,57086,336,280,230
28517,57088,331,280,230
28518,57090,321,279,232
28519,57092,317,280,230
28520,57094,330,279,231
28521,57096,333,279,231
28522,57098,335,280,231
28523,57100,336,279,230
28524,57102,330,279,232
28525,57104,344,280,232
28526,57106,340,280,232
28527,57108,325,279,231
28528,57110,327,279,230
28529,57112,312,279,231
28530,57114,320,279,229
28531,57116,334,279,228
28532,57118,332,279,227
28533,57120,339,279,228
28534,57122,321,279,228
28535,57124,348,280,228
28536,57126,342,279,226
28537,57128,329,279,226
28538,57130,321,279,226
28539,57132,321,280,225
28540,57134,325,279,225
28541,57136,334,279,223
28542,57138,333,279,223
28543,57140,332,280,222
28544,57142,330,279,223
28545,57144,344,280,222
28546,57146,327,279,221
28547,57148,328,279,221
28548,57150,323,279,221
28549,57152,325,278,220
28550,57154,325,279,221
28551,57156,335,278,222
28552,57158,333,279,222
28553,57160,331,279,221
28554,57162,326,280,218
28555,57164,341,279,218
28556,57166,343,280,222
28557,57168,327,279,221
28558,57170,322,279,220
28559,57172,318,278,220
28560,57174,328,279,219
28561,57176,327,279,219
28562,57178,345,279,219
28563,57180,342,280,218
28564,57182,326,279,218
28565,57184,342,279,218
28566,57186,336,280,216
28567,57188,331,279,216
28568,57190,321,279,214
28569,57192,318,279,215
28570,57194,329,279,214
28571,57196,338,279,215
28572,57198,327,279,214
28573,57200,336,279,213
28574,57202,330,279,213
28575,57204,341,279,212
28576,57206,332,279,212
28577,57208,323,279,212
28578,57210,319,279,211
28579,57212,314,280,209
28580,57214,323,279,210
28581,57216,322,279,210
28582,57218,329,279,210
28583,57220,331,279,210
28584,57222,316,278,206
28585,57224,335,279,210
28586,57226,330,279,211
28587,57228,323,278,210
28588,57230,315,278,206
28589,57232,314,279,206
28590,57234,319,280,205
28591,57236,326,280,207
28592,57238,332,279,206
28593,57240,330,279,205
28594,57242,323,279,206
28595,57244,339,279,206
28596,57246,324,279,207
28597,57248,319,279,206
28598,57250,315,278,204
28599,57252,315,279,206
28600,57254,316,279,206
28601,57256,326,279,206
28602,57258,333,279,206
28603,57260,325,279,206
28604,57262,319,279,204
28605,57264,339,279,206
28606,57266,331,279,205
28607,57268,320,279,205
28608,57270,318,279,206
28609,57272,315,278,203
28610,57274,325,279,204
28611,57276,327,279,204
28612,57278,333,278,205
28613,57280,330,279,205
28614,57282,323,279,202
28615,57284,337,279,205
28616,57286,321,279,204
28617,57288,324,279,205
28618,57290,323,279,203
28619,57292,319,279,204
28620,57294,322,279,205
28621,57296,329,278,204
28622,57298,328,279,203
28623,57300,329,278,204
28624,57302,330,278,204
28625,57304,335,279,205
28626,57306,325,279,206
28627,57308,321,279,206
28628,57310,319,279,204
28629,57312,313,278,204
28630,57314,325,279,205
28631,57316,324,279,205
28632,57318,325,279,204
28633,57320,324,279,205
28634,57322,325,278,205
28635,57324,337,279,205
28636,57326,330,279,205
28637,57328,325,279,205
28638,57330,316,279,204
28639,57332,322,278,207
28640,57334,325,279,206
28641,57336,326,279,205
28642,57338,334,278,206
28643,57340,322,278,205
28644,57342,321,278,206
28645,57344,336,279,207
28646,57346,333,279,206
28647,57348,325,278,205
28648,57350,317,278,207
28649,57352,316,279,206
28650,57354,323,278,205
28651,57356,327,278,206
28652,57358,331,278,205
28653,57360,323,279,204
28654,57362,322,278,205
28655,57364,337,279,207
28656,57366,333,278,206
28657,57368,324,279,206
28658,57370,320,278,205
28659,57372,319,278,205
28660,57374,321,278,204
28661,57376,331,279,206
28662,57378,332,278,205
28663,57380,329,279,205
28664,57382,327,278,204
28665,57384,337,279,205
28666,57386,333,277,205
28667,57388,328,279,206
28668,57390,323,278,205
28669,57392,319,278,204
28670,57394,324,279,205
28671,57396,330,278,205
28672,57398,332,279,205
28673,57400,323,278,205
28674,57402,327,277,206
28675,57404,339,278,204
28676,57406,327,278,203
28677,57408,324,277,203
28678,57410,319,277,203
28679,57412,314,278,204
28680,57414,321,278,205
28681,57416,324,278,203
28682,57418,320,278,203
28683,57420,324,278,204
28684,57422,319,278,204
28685,57424,333,278,203
28686,57426,323,278,203
28687,57428,326,278,203
28688,57430,319,278,203
28689,57432,311,279,203
28690,57434,322,278,203
28691,57436,333,278,201
28692,57438,315,278,202
28693,57440,325,278,200
28694,57442,331,278,201
28695,57444,337,279,202
28696,57446,330,279,202
28697,57448,320,278,202
28698,57450,319,278,201
28699,57452,315,279,201
28700,57454,322,278,201
28701,57456,329,279,202
28702,57458,322,278,202
28703,57460,326,280,202
28704,57462,324,281,205
28705,57464,339,283,204
28706,57466,333,283,204
28707,57468,322,283,203
28708,57470,317,283,203
28709,57472,309,283,202
28710,57474,320,285,203
28711,57476,323,284,203
28712,57478,323,284,204
28713,57480,325,284,203
28714,57482,324,283,205
28715,57484,335,283,204
28716,57486,336,284,207
28717,57488,321,284,205
28718,57490,320,284,205
28719,57492,313,284,205
28720,57494,318,283,204
28721,57496,332,283,206
28722,57498,321,285,206
28723,57500,322,284,204
28724,57502,322,284,206
28725,57504,338,284,205
28726,57506,331,285,206
28727,57508,325,284,204
28728,57510,322,284,205
28729,57512,312,283,205
28730,57514,320,284,204
28731,57516,323,284,205
28732,57518,323,284,204
28733,57520,323,283,204
28734,57522,320,283,204
28735,57524,338,284,205
28736,57526,324,284,205
28737,57528,323,284,204
28738,57530,325,283,204
28739,57532,314,284,205
28740,57534,323,283,204
28741,57536,324,284,203
28742,57538,327,282,204
28743,57540,329,283,206
28744,57542,331,283,205
28745,57544,335,283,206
28746,57546,331,284,205
28747,57548,325,284,206
28748,57550,319,284,206
28749,57552,313,284,205
28750,57554,324,284,205
28751,57556,329,284,206
28752,57558,314,283,205
28753,57560,329,284,206
28754,57562,320,285,205
28755,57564,340,284,206
28756,57566,329,284,205
28757,57568,323,284,206
28758,57570,320,283,206
28759,57572,311,284,206
28760,57574,323,283,205
28761,57576,327,284,208
28762,57578,319,284,207
28763,57580,326,284,207
28764,57582,320,284,206
28765,57584,342,284,207
28766,57586,331,284,207
28767,57588,317,284,207
28768,57590,322,283,207
28769,57592,309,283,206
28770,57594,320,283,207
28771,57596,323,283,206
28772,57598,326,283,207
28773,57600,322,283,206
28774,57602,328,283,204
28775,57604,336,283,206
28776,57606,332,283,206
28777,57608,319,283,205
28778,57610,323,282,206
28779,57612,319,278,205
28780,57614,325,278,206
28781,57616,328,279,205
28782,57618,319,278,207
28783,57620,325,278,219
28784,57622,329,278,205
28785,57624,342,278,206
28786,57626,321,278,206
28787,57628,329,277,206
28788,57630,326,277,205
28789,57632,319,277,209
28790,57634,322,277,207
28791,57636,335,277,205
28792,57638,325,277,207
28793,57640,330,278,208
28794,57642,331,277,205
28795,57644,340,277,208
28796,57646,332,277,207
28797,57648,325,277,206
28798,57650,323,276,207
28799,57652,317,277,205
28800,57654,325,277,205
28801,57656,326,276,205
28802,57658,323,276,205
28803,57660,329,276,206
28804,57662,332,276,206
28805,57664,335,276,205
28806,57666,330,276,204
28807,57668,328,276,205
28808,57670,323,276,205
28809,57672,325,276,204
28810,57674,329,276,204
28811,57676,330,277,202
28812,57678,333,276,204
28813,57680,333,277,203
28814,57682,333,276,202
28815,57684,339,276,206
28816,57686,334,276,203
28817,57688,326,276,203
28818,57690,318,277,203
28819,57692,320,276,203
28820,57694,327,276,203
28821,57696,327,275,202
28822,57698,332,276,203
28823,57700,325,276,201
28824,57702,331,276,203
28825,57704,345,276,206
28826,57706,341,275,205
28827,57708,331,275,204
28828,57710,326,275,202
28829,57712,325,275,202
28830,57714,324,276,203
28831,57716,329,276,203
28832,57718,330,276,205
28833,57720,335,276,203
28834,57722,331,276,205
28835,57724,339,276,203
28836,57726,329,275,204
28837,57728,321,276,203
28838,57730,318,275,204
28839,57732,322,276,203
28840,57734,321,276,203
28841,57736,332,275,203
28842,57738,331,276,203
28843,57740,332,276,204
28844,57742,334,275,204
28845,57744,343,275,203
28846,57746,334,276,203
28847,57748,324,276,203
28848,57750,326,276,204
28849,57752,323,276,203
28850,57754,325,275,204
28851,57756,341,276,203
28852,57758,329,276,204
28853,57760,328,276,204
28854,57762,325,276,206
28855,57764,342,275,204
28856,57766,339,277,206
28857,57768,325,275,205
28858,57770,325,275,204
28859,57772,317,275,204
28860,57774,326,276,204
28861,57776,334,276,205
28862,57778,330,276,205
28863,57780,339,276,205
28864,57782,334,276,205
28865,57784,339,276,206
28866,57786,338,276,206
28867,57788,326,276,207
28868,57790,325,276,207
28869,57792,317,276,206
28870,57794,330,276,207
28871,57796,331,275,207
28872,57798,332,277,208
28873,57800,334,276,207
28874,57802,327,277,207
28875,57804,340,276,209
28876,57806,338,276,211
28877,57808,324,276,208
28878,57810,339,275,210
28879,57812,319,275,209
28880,57814,329,276,208
28881,57816,334,276,208
28882,57818,338,276,210
28883,57820,336,276,210
28884,57822,331,276,211
28885,57824,342,277,211
28886,57826,334,277,210
28887,57828,319,275,210
28888,57830,326,276,210
28889,57832,317,276,209
28890,57834,327,276,211
28891,57836,338,276,209
28892,57838,334,276,208
28893,57840,333,276,209
28894,57842,325,276,209
28895,57844,345,276,208
28896,57846,333,276,208
28897,57848,321,277,209
28898,57850,325,276,210
28899,57852,317,276,210
28900,57854,328,276,213
28901,57856,339,276,213
28902,57858,330,276,212
28903,57860,336,276,213
28904,57862,325,277,215
28905,57864,345,276,215
28906,57866,336,277,218
28907,57868,324,277,218
28908,57870,325,276,219
28909,57872,319,276,218
28910,57874,331,276,218
28911,57876,338,277,222
28912,57878,335,277,222
28913,57880,337,276,220
28914,57882,334,277,220
28915,57884,345,276,220
28916,57886,339,274,220
28917,57888,334,276,222
28918,57890,329,276,223
28919,57892,315,277,222
28920,57894,332,277,223
28921,57896,336,276,224
28922,57898,334,277,227
28923,57900,340,277,226
28924,57902,324,280,227
28925,57904,338,277,228
28926,57906,336,276,227
28927,57908,329,277,227
28928,57910,329,278,228
28929,57912,319,277,228
28930,57914,333,276,228
28931,57916,334,276,230
28932,57918,331,277,229
28933,57920,338,276,229
28934,57922,323,277,233
28935,57924,350,277,230
28936,57926,338,278,230
28937,57928,328,277,231
28938,57930,332,277,232
28939,57932,322,277,233
28940,57934,334,277,233
28941,57936,332,277,231
28942,57938,331,271,233
28943,57940,340,277,233
28944,57942,332,277,234
28945,57944,352,277,234
28946,57946,334,276,235
28947,57948,325,276,234
28948,57950,334,277,235
28949,57952,324,277,236
28950,57954,333,277,238
28951,57956,338,277,235
28952,57958,339,277,240
28953,57960,337,276,240
28954,57962,330,277,240
28955,57964,353,276,239
28956,57966,335,278,241
28957,57968,324,277,240
28958,57970,329,277,238
28959,57972,322,276,237
28960,57974,331,277,238
28961,57976,344,277,238
28962,57978,339,277,238
28963,57980,332,275,240
28964,57982,330,277,239
28965,57984,353,276,237
28966,57986,337,277,239
28967,57988,329,277,239
28968,57990,327,277,239
28969,57992,321,277,239
28970,57994,333,277,239
28971,57996,339,278,240
28972,57998,340,277,240
28973,58000,336,276,240
28974,58002,335,277,242
28975,58004,347,277,241
28976,58006,335,277,240
28977,58008,337,277,240
28978,58010,326,277,238
28979,58012,317,277,237
28980,58014,334,277,241
28981,58016,332,276,241
28982,58018,333,277,240
28983,58020,336,276,237
28984,58022,337,277,240
28985,58024,344,277,240
28986,58026,334,276,239
28987,58028,329,277,240
28988,58030,339,277,240
28989,58032,322,277,239
28990,58034,326,277,240
28991,58036,330,277,242
28992,58038,333,277,240
28993,58040,337,277,239
28994,58042,331,277,240
28995,58044,345,278,240
28996,58046,334,277,238
28997,58048,327,277,238
28998,58050,325,276,239
28999,58052,331,277,238
29000,58054,328,277,238
29001,58056,329,277,240
29002,58058,335,276,239
29003,58060,333,277,240
29004,58062,344,277,240
29005,58064,342,276,240
29006,58066,344,270,242
29007,58068,326,277,240
29008,58070,332,277,239
29009,58072,325,277,239
29010,58074,324,277,239
29011,58076,334,277,240
29012,58078,330,277,240
29013,58080,332,277,240
29014,58082,334,277,241
29015,58084,342,277,240
29016,58086,339,278,242
29017,58088,328,276,240
29018,58090,323,277,241
29019,58092,322,277,240
29020,58094,333,277,240
29021,58096,337,277,240
29022,58098,328,277,239
29023,58100,325,276,240
29024,58102,340,277,241
29025,58104,337,277,241
29026,58106,341,278,243
29027,58108,333,277,242
29028,58110,333,277,240
29029,58112,321,276,242
29030,58114,328,277,242
29031,58116,325,277,241
29032,58118,333,278,242
29033,58120,332,277,243
29034,58122,344,277,243
29035,58124,339,277,243
29036,58126,342,278,244
29037,58128,328,277,244
29038,58130,324,277,243
29039,58132,323,277,243
29040,58134,331,277,243
29041,58136,333,277,243
29042,58138,333,277,243
29043,58140,336,277,244
29044,58142,336,277,244
29045,58144,334,277,243
29046,58146,343,277,243
29047,58148,333,277,243
29048,58150,328,277,244
29049,58152,324,277,245
29050,58154,331,277,244
29051,58156,334,277,244
29052,58158,333,277,245
29053,58160,338,276,245
29054,58162,331,277,245
29055,58164,339,277,246
29056,58166,346,277,245
29057,58168,331,277,245
29058,58170,330,277,245
29059,58172,328,277,244
29060,58174,329,277,244
29061,58176,335,277,245
29062,58178,337,277,245
29063,58180,335,277,245
29064,58182,336,277,246
29065,58184,340,277,246
29066,58186,341,277,246
29067,58188,326,277,244
29068,58190,332,277,245
29069,58192,325,277,245
29070,58194,326,277,244
29071,58196,334,276,245
29072,58198,332,277,244
29073,58200,327,277,244
29074,58202,339,277,243
29075,58204,339,277,243
29076,58206,336,277,244
29077,58208,326,277,243
29078,58210,331,277,243
29079,58212,326,277,242
29080,58214,328,276,242
29081,58216,341,277,243
29082,58218,334,276,241
29083,58220,332,277,242
29084,58222,339,276,242
29085,58224,337,276,243
29086,58226,345,276,242
29087,58228,326,276,241
29088,58230,335,276,242
29089,58232,323,276,242
29090,58234,327,276,242
29091,58236,337,276,244
29092,58238,330,275,243
29093,58240,338,276,243
29094,58242,338,276,244
29095,58244,333,275,243
29096,58246,352,275,242
29097,58248,336,276,243
29098,58250,332,276,243
29099,58252,318,275,242
29100,58254,332,275,244
29101,58256,338,276,244
29102,58258,336,275,244
29103,58260,332,276,243
29104,58262,339,275,246
29105,58264,334,274,244
29106,58266,338,274,245
29107,58268,334,275,245
29108,58270,333,273,243
29109,58272,328,274,245
29110,58274,333,274,244
29111,58276,332,274,243
29112,58278,336,274,246
29113,58280,336,274,245
29114,58282,335,273,246
29115,58284,341,274,246
29116,58286,347,274,246
29117,58288,332,274,248
29118,58290,332,274,246
29119,58292,324,273,246
29120,58294,329,274,246
29121,58296,340,274,245
29122,58298,337,273,248
29123,58300,336,274,246
29124,58302,340,273,247
29125,58304,341,274,246
29126,58306,339,273,246
29127,58308,324,274,247
29128,58310,332,273,246
29129,58312,324,273,247
29130,58314,328,274,246
29131,58316,342,274,247
29132,58318,333,273,245
29133,58320,334,273,248
29134,58322,334,274,247
29135,58324,340,273,246
29136,58326,342,274,247
29137,58328,336,274,247
29138,58330,332,274,246
29139,58332,322,274,246
29140,58334,332,273,247
29141,58336,332,274,248
29142,58338,336,274,246
29143,58340,335,274,246
29144,58342,339,273,246
29145,58344,336,273,246
29146,58346,339,274,246
29147,58348,329,273,246
29148,58350,333,273,247
29149,58352,321,273,246
29150,58354,334,274,246
29151,58356,334,273,246
29152,58358,344,274,246
29153,58360,335,273,247
29154,58362,337,273,246
29155,58364,334,273,245
29156,58366,343,274,246
29157,58368,335,273,245
29158,58370,330,273,246
29159,58372,323,273,245
29160,58374,337,274,246
29161,58376,334,273,246
29162,58378,339,274,245
29163,58380,339,273,246
29164,58382,334,273,244
29165,58384,340,273,246
29166,58386,337,273,246
29167,58388,336,274,244
29168,58390,330,274,247
29169,58392,325,273,246
29170,58394,330,273,245
29171,58396,340,273,245
29172,58398,345,273,244
29173,58400,339,272,245
29174,58402,330,273,245
29175,58404,337,273,245
29176,58406,341,273,245
29177,58408,337,273,245
29178,58410,345,273,245
29179,58412,326,273,245
29180,58414,333,273,245
29181,58416,328,273,244
29182,58418,342,273,244
29183,58420,332,271,243
29184,58422,337,273,243
29185,58424,338,273,245
29186,58426,339,273,244
29187,58428,333,273,244
29188,58430,330,272,243
29189,58432,323,272,242
29190,58434,333,273,244
29191,58436,337,272,244
29192,58438,335,272,244
29193,58440,335,272,244
29194,58442,335,272,246
29195,58444,337,272,244
29196,58446,343,273,245
29197,58448,337,272,244
29198,58450,329,273,244
29199,58452,325,272,243
29200,58454,330,273,243
29201,58456,338,272,243
29202,58458,332,272,245
29203,58460,335,272,245
29204,58462,336,272,244
29205,58464,332,273,246
29206,58466,342,272,242
29207,58468,332,273,244
29208,58470,326,272,245
29209,58472,322,272,246
29210,58474,339,272,246
29211,58476,336,272,245
29212,58478,336,272,246
29213,58480,341,272,245
29214,58482,332,273,246
29215,58484,330,273,245
29216,58486,349,272,244
29217,58488,334,273,244
29218,58490,323,273,244
29219,58492,325,273,243
29220,58494,334,272,244
29221,58496,335,272,244
29222,58498,344,272,245
29223,58500,341,272,244
29224,58502,327,272,243
29225,58504,330,272,244
29226,58506,343,271,243
29227,58508,328,272,243
29228,58510,331,271,243
29229,58512,328,271,244
29230,58514,331,273,242
29231,58516,339,271,243
29232,58518,341,271,246
29233,58520,346,271,243
29234,58522,332,271,244
29235,58524,337,270,243
29236,58526,340,270,245
29237,58528,331,269,243
29238,58530,326,268,241
29239,58532,322,268,240
29240,58534,332,268,238
29241,58536,332,267,238
29242,58538,336,267,240
29243,58540,329,267,242
29244,58542,332,267,241
29245,58544,329,267,239
29246,58546,336,267,240
29247,58548,322,267,243
29248,58550,328,265,239
29249,58552,317,267,238
29250,58554,326,266,239
29251,58556,336,265,239
29252,58558,329,266,239
29253,58560,332,265,240
29254,58562,328,265,241
29255,58564,329,266,241
29256,58566,337,265,240
29257,58568,331,265,240
29258,58570,334,266,240
29259,58572,318,266,241
29260,58574,332,266,240
29261,58576,336,265,236
29262,58578,334,265,240
29263,58580,345,266,240
29264,58582,335,265,239
29265,58584,327,265,240
29266,58586,330,265,239
29267,58588,325,265,240
29268,58590,329,265,240
29269,58592,308,265,240
29270,58594,332,265,241
29271,58596,335,265,241
29272,58598,324,266,240
29273,58600,330,265,241
29274,58602,326,266,241
29275,58604,335,265,241
29276,58606,343,265,241
29277,58608,309,267,242
29278,58610,325,266,241
29279,58612,321,265,240
29280,58614,334,265,240
29281,58616,337,266,242
29282,58618,343,265,241
29283,58620,334,266,241
29284,58622,329,264,239
29285,58624,326,265,241
29286,58626,341,266,242
29287,58628,328,265,241
29288,58630,332,264,241
29289,58632,323,265,241
29290,58634,333,265,241
29291,58636,337,265,241
29292,58638,328,265,241
29293,58640,341,264,240
29294,58642,324,263,239
29295,58644,333,264,241
29296,58646,333,264,240
29297,58648,329,264,240
29298,58650,332,265,241
29299,58652,322,264,240
29300,58654,329,264,240
29301,58656,325,264,239
29302,58658,333,264,242
29303,58660,328,264,239
29304,58662,339,264,242
29305,58664,331,263,240
29306,58666,331,265,239
29307,58668,331,266,239
29308,58670,331,264,239
29309,58672,317,262,240
29310,58674,324,263,238
29311,58676,332,264,240
29312,58678,328,263,238
29313,58680,331,267,238
29314,58682,333,263,238
29315,58684,332,262,237
29316,58686,337,261,237
29317,58688,332,262,237
29318,58690,327,262,235
29319,58692,321,261,234
29320,58694,331,263,235
29321,58696,330,262,236
29322,58698,327,263,236
29323,58700,326,263,235
29324,58702,334,264,232
29325,58704,326,262,235
29326,58706,339,262,235
29327,58708,332,262,235
29328,58710,322,261,235
29329,58712,321,262,235
29330,58714,327,261,236
29331,58716,332,262,234
29332,58718,329,261,235
29333,58720,330,263,231
29334,58722,330,261,233
29335,58724,329,262,233
29336,58726,337,262,234
29337,58728,332,262,236
29338,58730,320,262,235
29339,58732,319,262,234
29340,58734,326,263,234
29341,58736,327,263,236
29342,58738,326,263,235
29343,58740,323,262,235
29344,58742,329,263,239
29345,58744,328,264,239
29346,58746,341,264,238
29347,58748,330,264,240
29348,58750,330,263,237
29349,58752,323,264,238
29350,58754,327,264,238
29351,58756,327,264,239
29352,58758,324,264,238
29353,58760,325,264,238
29354,58762,332,264,238
29355,58764,330,264,238
29356,58766,339,264,238
29357,58768,333,264,239
29358,58770,325,264,239
29359,58772,316,266,239
29360,58774,326,265,240
29361,58776,327,265,240
29362,58778,329,264,238
29363,58780,321,264,238
29364,58782,330,264,239
29365,58784,331,265,239
29366,58786,332,264,239
29367,58788,328,265,238
29368,58790,325,264,239
29369,58792,310,265,239
29370,58794,322,265,239
29371,58796,323,266,239
29372,58798,324,266,239
29373,58800,325,265,240
29374,58802,328,265,240
29375,58804,328,265,240
29376,58806,338,266,240
29377,58808,324,266,240
29378,58810,325,266,240
29379,58812,313,266,240
29380,58814,325,265,240
29381,58816,328,266,240
29382,58818,319,266,241
29383,58820,322,266,240
29384,58822,332,266,240
29385,58824,322,266,240
29386,58826,339,266,239
29387,58828,329,266,241
29388,58830,323,266,239
29389,58832,317,266,239
29390,58834,317,266,240
29391,58836,331,266,240
29392,58838,327,266,240
29393,58840,322,266,241
29394,58842,327,266,240
29395,58844,319,266,240
29396,58846,334,265,240
29397,58848,320,266,240
29398,58850,315,267,240
29399,58852,311,265,239
29400,58854,312,266,239
29401,58856,320,266,239
29402,58858,329,267,239
29403,58860,327,266,239
29404,58862,331,267,241
29405,58864,328,266,238
29406,58866,341,266,239
29407,58868,324,266,239
29408,58870,322,266,239
29409,58872,312,266,239
29410,58874,315,266,239
29411,58876,332,266,239
29412,58878,325,267,239
29413,58880,323,266,239
29414,58882,328,266,240
29415,58884,321,266,238
29416,58886,338,265,239
29417,58888,324,267,238
29418,58890,328,266,236
29419,58892,312,267,235
29420,58894,318,266,235
29421,58896,331,266,235
29422,58898,321,266,235
29423,58900,320,266,236
29424,58902,328,266,235
29425,58904,325,267,236
29426,58906,337,266,235
29427,58908,327,266,236
29428,58910,329,266,235
29429,58912,310,266,236
29430,58914,313,266,235
29431,58916,335,267,236
29432,58918,320,266,236
29433,58920,331,266,234
29434,58922,341,266,234
29435,58924,323,266,235
29436,58926,339,266,233
29437,58928,331,266,236
29438,58930,321,266,234
29439,58932,310,265,234
29440,58934,323,266,234
29441,58936,330,265,233
29442,58938,324,265,235
29443,58940,339,265,235
29444,58942,329,266,234
29445,58944,322,265,232
29446,58946,345,265,235
29447,58948,327,265,236
29448,58950,327,264,236
29449,58952,311,264,236
29450,58954,328,264,232
29451,58956,330,264,234
29452,58958,323,264,233
29453,58960,330,265,231
29454,58962,323,264,231
29455,58964,323,263,230
29456,58966,338,264,229
29457,58968,327,263,229
29458,58970,324,263,232
29459,58972,315,263,233
29460,58974,321,263,228
29461,58976,335,262,226
29462,58978,330,262,228
29463,58980,331,263,225
29464,58982,328,262,226
29465,58984,328,262,225
29466,58986,339,262,225
29467,58988,332,260,225
29468,58990,333,261,225
29469,58992,316,261,225
29470,58994,325,261,226
29471,58996,326,262,225
29472,58998,321,261,225
29473,59000,326,261,225
29474,59002,322,261,225
29475,59004,330,261,226
29476,59006,340,261,224
29477,59008,328,261,225
29478,59010,327,261,225
29479,59012,320,261,224
29480,59014,324,261,225
29481,59016,330,261,225
29482,59018,325,262,225
29483,59020,337,262,225
29484,59022,310,261,226
29485,59024,325,261,225
29486,59026,335,261,224
29487,59028,324,261,225
29488,59030,313,261,225
29489,59032,301,261,225
29490,59034,321,261,226
29491,59036,321,261,224
29492,59038,318,261,226
29493,59040,325,260,224
29494,59042,316,261,225
29495,59044,316,261,224
29496,59046,333,261,227
29497,59048,327,260,225
29498,59050,316,259,225
29499,59052,305,261,225
29500,59054,322,260,226
29501,59056,316,260,224
29502,59058,319,260,224
29503,59060,317,260,225
29504,59062,318,259,224
29505,59064,319,259,224
29506,59066,330,259,224
29507,59068,332,259,226
29508,59070,314,259,225
29509,59072,310,259,224
29510,59074,318,259,225
29511,59076,320,258,224
29512,59078,332,259,224
29513,59080,320,259,222
29514,59082,321,259,223
29515,59084,317,259,224
29516,59086,332,260,223
29517,59088,325,259,225
29518,59090,310,259,224
29519,59092,314,258,223
29520,59094,318,258,223
29521,59096,326,259,223
29522,59098,331,259,224
29523,59100,317,259,223
29524,59102,311,259,226
29525,59104,324,258,225
29526,59106,336,259,224
29527,59108,322,259,223
29528,59110,318,259,224
29529,59112,317,258,223
29530,59114,314,258,222
29531,59116,324,259,221
29532,59118,331,258,221
29533,59120,318,258,223
29534,59122,325,258,223
29535,59124,321,258,223
29536,59126,329,258,222
29537,59128,322,259,226
29538,59130,320,258,222
29539,59132,310,258,223
29540,59134,322,257,223
29541,59136,328,257,220
29542,59138,327,258,223
29543,59140,325,257,222
29544,59142,323,258,223
29545,59144,313,257,220
29546,59146,330,258,222
29547,59148,327,257,221
29548,59150,318,257,220
29549,59152,304,258,220
29550,59154,322,257,222
29551,59156,322,257,220
29552,59158,328,258,221
29553,59160,317,257,220
29554,59162,327,255,220
29555,59164,316,256,221
29556,59166,328,256,219
29557,59168,322,256,221
29558,59170,317,255,221
29559,59172,309,256,221
29560,59174,318,255,221
29561,59176,318,256,221
29562,59178,327,255,221
29563,59180,326,256,221
29564,59182,321,255,220
29565,59184,316,253,218
29566,59186,334,254,219
29567,59188,323,254,219
29568,59190,314,254,218
29569,59192,311,254,221
29570,59194,318,254,220
29571,59196,329,254,221
29572,59198,327,254,221
29573,59200,322,253,221
29574,59202,316,254,218
29575,59204,321,253,217
29576,59206,337,253,219
29577,59208,319,253,219
29578,59210,312,253,222
29579,59212,312,253,220
29580,59214,313,253,221
29581,59216,325,253,221
29582,59218,332,253,220
29583,59220,322,253,220
29584,59222,321,253,219
29585,59224,320,253,218
29586,59226,328,252,219
29587,59228,319,252,219
29588,59230,322,252,218
29589,59232,309,251,217
29590,59234,312,251,219
29591,59236,325,251,217
29592,59238,324,252,220
29593,59240,323,251,217
29594,59242,321,251,218
29595,59244,318,251,219
29596,59246,329,251,219
29597,59248,324,249,219
29598,59250,320,248,220
29599,59252,307,249,218
29600,59254,311,247,219
29601,59256,326,248,219
29602,59258,327,248,218
29603,59260,322,247,218
29604,59262,323,247,219
29605,59264,319,248,218
29606,59266,328,247,219
29607,59268,319,246,219
29608,59270,322,247,217
29609,59272,308,245,218
29610,59274,314,245,217
29611,59276,327,246,219
29612,59278,315,246,218
29613,59280,333,246,218
29614,59282,326,245,218
29615,59284,315,243,215
29616,59286,332,248,219
29617,59288,319,245,215
29618,59290,321,244,214
29619,59292,305,244,215
29620,59294,312,243,215
29621,59296,318,244,217
29622,59298,309,243,216
29623,59300,327,243,216
29624,59302,311,243,216
29625,59304,314,242,219
29626,59306,332,242,217
29627,59308,319,242,218
29628,59310,320,242,217
29629,59312,308,241,218
29630,59314,310,242,218
29631,59316,322,242,216
29632,59318,317,242,218
29633,59320,315,242,217
29634,59322,312,236,219
29635,59324,316,241,218
29636,59326,330,242,219
29637,59328,318,241,218
29638,59330,317,241,221
29639,59332,308,242,218
29640,59334,309,242,217
29641,59336,321,241,219
29642,59338,314,241,217
29643,59340,317,241,219
29644,59342,316,241,219
29645,59344,313,241,217
29646,59346,330,241,219
29647,59348,315,241,218
29648,59350,310,242,218
29649,59352,307,240,217
29650,59354,302,241,218
29651,59356,317,239,218
29652,59358,318,240,218
29653,59360,309,241,218
29654,59362,315,241,218
29655,59364,318,239,218
29656,59366,330,241,219
29657,59368,320,240,218
29658,59370,322,241,218
29659,59372,310,239,218
29660,59374,314,240,219
29661,59376,327,239,218
29662,59378,326,240,219
29663,59380,324,241,219
29664,59382,324,241,219
29665,59384,321,240,219
29666,59386,336,241,219
29667,59388,330,241,219
29668,59390,328,241,220
29669,59392,306,241,218
29670,59394,317,240,220
29671,59396,322,241,219
29672,59398,316,241,220
29673,59400,324,242,219
29674,59402,317,241,218
29675,59404,315,241,219
29676,59406,331,241,220
29677,59408,321,242,219
29678,59410,321,242,218
29679,59412,303,242,218
29680,59414,315,242,219
29681,59416,319,242,218
29682,59418,315,243,219
29683,59420,315,242,218
29684,59422,326,242,218
29685,59424,312,243,218
29686,59426,328,241,217
29687,59428,318,242,216
29688,59430,313,242,215
29689,59432,304,242,216
29690,59434,303,243,216
29691,59436,311,243,215
29692,59438,315,243,217
29693,59440,314,243,215
29694,59442,314,243,216
29695,59444,306,243,215
29696,59446,323,243,216
29697,59448,312,243,214
29698,59450,304,243,215
29699,59452,304,243,214
29700,59454,297,243,216
29701,59456,310,243,215
29702,59458,313,244,217
29703,59460,301,244,218
29704,59462,308,243,214
29705,59464,319,243,216
29706,59466,319,243,212
29707,59468,308,243,214
29708,59470,308,243,215
29709,59472,307,243,214
29710,59474,299,244,214
29711,59476,313,243,214
29712,59478,307,243,213
29713,59480,307,244,211
29714,59482,318,244,210
29715,59484,310,243,211
29716,59486,319,245,211
29717,59488,310,247,212
29718,59490,303,246,212
29719,59492,299,244,211
29720,59494,302,244,212
29721,59496,318,245,212
29722,59498,308,245,212
29723,59500,310,245,212
29724,59502,307,245,213
29725,59504,310,245,214
29726,59506,324,245,214
29727,59508,322,246,214
29728,59510,300,246,213
29729,59512,300,245,216
29730,59514,304,246,214
29731,59516,320,245,215
29732,59518,306,246,213
29733,59520,310,248,214
29734,59522,312,246,213
29735,59524,309,247,215
29736,59526,324,246,214
29737,59528,316,246,215
29738,59530,304,247,215
29739,59532,293,246,216
29740,59534,298,247,217
29741,59536,298,247,217
29742,59538,306,248,217
29743,59540,309,247,216
29744,59542,312,247,215
29745,59544,310,248,217
29746,59546,320,248,214
29747,59548,307,247,216
29748,59550,303,247,215
29749,59552,297,249,216
29750,59554,299,249,216
29751,59556,312,248,217
29752,59558,307,248,217
29753,59560,307,248,216
29754,59562,303,248,215
29755,59564,311,249,217
29756,59566,328,249,217
29757,59568,308,249,217
29758,59570,305,248,216
29759,59572,293,249,215
29760,59574,292,249,216
29761,59576,305,249,217
29762,59578,304,249,215
29763,59580,298,249,217
29764,59582,306,249,217
29765,59584,309,249,215
29766,59586,327,250,216
29767,59588,315,249,215
29768,59590,313,250,215
29769,59592,302,249,216
29770,59594,305,249,216
29771,59596,326,249,215
29772,59598,318,249,215
29773,59600,321,250,215
29774,59602,317,250,215
29775,59604,322,250,215
29776,59606,333,250,216
29777,59608,322,250,215
29778,59610,313,250,217
29779,59612,318,250,216
29780,59614,320,250,215
29781,59616,329,250,214
29782,59618,324,250,215
29783,59620,324,250,217
29784,59622,324,250,215
29785,59624,325,250,217
29786,59626,329,250,216
29787,59628,325,250,216
29788,59630,322,250,217
29789,59632,312,251,218
29790,59634,321,250,216
29791,59636,329,251,216
29792,59638,316,251,217
29793,59640,329,250,217
29794,59642,317,250,216
29795,59644,323,250,218
29796,59646,324,251,219
29797,59648,323,251,219
29798,59650,313,251,219
29799,59652,305,251,220
29800,59654,317,251,218
29801,59656,327,251,219
29802,59658,324,251,219
29803,59660,328,250,219
29804,59662,317,251,218
29805,59664,335,251,220
29806,59666,341,251,220
29807,59668,330,252,220
29808,59670,321,251,220
29809,59672,313,251,220
29810,59674,321,251,218
29811,59676,330,251,218
29812,59678,330,251,218
29813,59680,329,250,218
29814,59682,324,250,217
29815,59684,327,251,218
29816,59686,339,251,218
29817,59688,327,251,218
29818,59690,325,250,216
29819,59692,308,250,219
29820,59694,321,251,218
29821,59696,336,250,218
29822,59698,331,251,219
29823,59700,323,251,220
29824,59702,329,251,219
29825,59704,333,251,218
29826,59706,339,251,218
29827,59708,318,249,219
29828,59710,321,250,218
29829,59712,314,249,218
29830,59714,324,250,218
29831,59716,330,250,218
29832,59718,327,250,218
29833,59720,319,250,218
29834,59722,327,249,216
29835,59724,328,250,218
29836,59726,334,250,219
29837,59728,327,249,218
29838,59730,332,249,218
29839,59732,313,249,216
29840,59734,330,249,217
29841,59736,331,249,217
29842,59738,324,249,218
29843,59740,330,248,218
29844,59742,330,250,218
29845,59744,327,250,218
29846,59746,337,251,219
29847,59748,335,250,218
29848,59750,326,249,220
29849,59752,313,250,217
29850,59754,325,249,216
29851,59756,327,250,218
29852,59758,331,249,218
29853,59760,332,250,217
29854,59762,322,249,216
29855,59764,327,250,217
29856,59766,335,250,217
29857,59768,321,250,218
29858,59770,328,250,216
29859,59772,315,250,216
29860,59774,321,249,217
29861,59776,329,250,217
29862,59778,337,249,217
29863,59780,331,249,217
29864,59782,325,250,217
29865,59784,331,250,217
29866,59786,334,250,217
29867,59788,327,250,217
29868,59790,319,249,218
29869,59792,319,249,219
29870,59794,325,249,217
29871,59796,330,249,217
29872,59798,333,249,218
29873,59800,324,249,217
29874,59802,330,249,218
29875,59804,335,249,219
29876,59806,326,248,218
29877,59808,329,249,217
29878,59810,325,248,218
29879,59812,321,248,218
29880,59814,322,248,219
29881,59816,327,247,220
29882,59818,331,248,218
29883,59820,331,248,217
29884,59822,329,248,217
29885,59824,329,247,216
29886,59826,332,248,217
29887,59828,325,247,218
29888,59830,319,247,217
29889,59832,318,247,216
29890,59834,321,247,216
29891,59836,334,247,217
29892,59838,328,247,216
29893,59840,332,246,215
29894,59842,330,246,217
29895,59844,326,247,218
29896,59846,336,246,218
29897,59848,332,246,217
29898,59850,324,245,217
29899,59852,322,246,217
29900,59854,319,246,217
29901,59856,333,246,218
29902,59858,328,246,215
29903,59860,328,245,217
29904,59862,326,244,218
29905,59864,319,245,218
29906,59866,339,245,220
29907,59868,332,245,218
29908,59870,321,244,218
29909,59872,322,245,218
29910,59874,316,245,218
29911,59876,331,244,219
29912,59878,331,245,218
29913,59880,327,244,219
29914,59882,329,248,221
29915,59884,322,244,219
29916,59886,336,245,217
29917,59888,330,244,217
29918,59890,320,243,219
29919,59892,319,243,219
29920,59894,318,243,219
29921,59896,333,243,219
29922,59898,324,243,219
29923,59900,330,242,219
29924,59902,327,243,218
29925,59904,317,243,219
29926,59906,330,243,220
29927,59908,327,243,219
29928,59910,328,242,218
29929,59912,327,242,218
29930,59914,319,242,219
29931,59916,340,243,220
29932,59918,332,242,218
29933,59920,341,242,218
29934,59922,332,242,218
29935,59924,317,242,218
29936,59926,341,242,219
29937,59928,326,242,218
29938,59930,325,241,218
29939,59932,323,242,218
29940,59934,316,242,220
29941,59936,333,242,218
29942,59938,330,242,218
29943,59940,325,242,219
29944,59942,331,242,219
29945,59944,324,242,219
29946,59946,337,243,220
29947,59948,330,242,219
29948,59950,327,241,219
29949,59952,324,242,218
29950,59954,322,242,219
29951,59956,331,242,219
29952,59958,325,242,219
29953,59960,329,242,218
29954,59962,324,242,219
29955,59964,323,242,219
29956,59966,343,242,218
29957,59968,319,241,220
29958,59970,326,242,219
29959,59972,320,241,220
29960,59974,314,240,220
29961,59976,336,242,218
29962,59978,326,243,219
29963,59980,338,242,219
29964,59982,326,241,219
29965,59984,323,242,220
29966,59986,342,243,220
29967,59988,328,242,219
29968,59990,325,240,219
29969,59992,323,242,218
29970,59994,320,243,218
29971,59996,333,241,218
29972,59998,324,241,219
29973,60000,332,242,219
29974,60002,324,242,219
29975,60004,323,242,219
29976,60006,343,240,220
29977,60008,325,241,219
29978,60010,329,242,218
29979,60012,314,242,219
29980,60014,323,242,219
29981,60016,329,242,219
29982,60018,328,242,218
29983,60020,328,241,219
29984,60022,321,243,219
29985,60024,323,242,218
29986,60026,339,241,217
29987,60028,330,245,215
29988,60030,331,241,216
29989,60032,316,242,217
29990,60034,321,241,217
29991,60036,333,243,218
29992,60038,322,242,217
29993,60040,321,242,215
29994,60042,330,242,216
29995,60044,326,242,218
29996,60046,336,242,217
29997,60048,327,242,218
29998,60050,333,242,217
29999,60052,317,240,216
30000,60054,323,242,216
30001,60056,332,241,215
30002,60058,320,242,215
30003,60060,320,242,215
30004,60062,329,242,215
30005,60064,328,242,211
30006,60066,327,242,215
30007,60068,325,241,215
30008,60070,328,242,215
30009,60072,319,242,216
30010,60074,321,242,216
30011,60076,330,242,218
30012,60078,322,242,218
30013,60080,326,242,219
30014,60082,324,242,218
30015,60084,329,242,219
30016,60086,338,242,218
30017,60088,330,242,218
30018,60090,325,241,217
30019,60092,319,243,216
30020,60094,323,242,217
30021,60096,326,241,217
30022,60098,329,242,216
30023,60100,322,242,216
30024,60102,317,242,216
30025,60104,330,242,217
30026,60106,342,241,217
30027,60108,328,242,218
30028,60110,325,242,218
30029,60112,307,241,218
30030,60114,322,242,218
30031,60116,328,242,218
30032,60118,318,241,217
30033,60120,323,242,218
30034,60122,321,241,219
30035,60124,331,242,219
30036,60126,339,242,220
30037,60128,332,241,218
30038,60130,324,242,219
30039,60132,316,241,219
30040,60134,318,242,220
30041,60136,330,241,219
30042,60138,327,242,219
30043,60140,324,242,219
30044,60142,324,242,219
30045,60144,332,242,218
30046,60146,338,242,219
30047,60148,326,242,218
30048,60150,326,243,219
30049,60152,315,241,218
30050,60154,318,242,219
30051,60156,336,241,220
30052,60158,327,241,219
30053,60160,319,241,218
30054,60162,326,241,218
30055,60164,334,241,219
30056,60166,331,241,219
30057,60168,322,242,218
30058,60170,325,241,219
30059,60172,319,241,218
30060,60174,322,242,219
30061,60176,327,242,219
30062,60178,326,242,221
30063,60180,318,242,220
30064,60182,325,242,219
30065,60184,326,242,219
30066,60186,335,241,220
30067,60188,323,241,219
30068,60190,324,242,219
30069,60192,313,242,220
30070,60194,322,242,218
30071,60196,325,242,218
30072,60198,323,242,219
30073,60200,321,241,220
30074,60202,319,242,219
30075,60204,325,242,219
30076,60206,332,242,217
30077,60208,332,242,220
30078,60210,320,242,218
30079,60212,317,242,218
30080,60214,322,242,218
30081,60216,327,242,217
30082,60218,326,242,220
30083,60220,325,242,220
30084,60222,328,242,219
30085,60224,331,241,217
30086,60226,335,242,220
30087,60228,325,242,218
30088,60230,316,242,219
30089,60232,319,242,222
30090,60234,317,242,220
30091,60236,324,242,220
30092,60238,330,242,221
30093,60240,320,242,220
30094,60242,329,242,218
30095,60244,329,242,219
30096,60246,338,242,220
30097,60248,330,242,221
30098,60250,324,242,219
30099,60252,321,242,219
30100,60254,315,242,218
30101,60256,327,242,218
30102,60258,328,242,219
30103,60260,323,242,220
30104,60262,320,242,219
30105,60264,328,242,220
30106,60266,338,242,221
30107,60268,324,242,220
30108,60270,328,242,220
30109,60272,318,242,219
30110,60274,312,242,219
30111,60276,329,242,219
30112,60278,327,241,219
30113,60280,322,242,220
30114,60282,321,243,220
30115,60284,331,242,219
30116,60286,337,242,219
30117,60288,327,242,219
30118,60290,322,242,221
30119,60292,317,242,219
30120,60294,321,242,220
30121,60296,329,242,220
30122,60298,324,242,220
30123,60300,325,242,220
30124,60302,324,241,220
30125,60304,327,241,219
30126,60306,340,241,219
30127,60308,333,241,219
30128,60310,320,241,220
30129,60312,319,241,218
30130,60314,318,241,219
30131,60316,336,241,221
30132,60318,324,241,220
30133,60320,337,241,219
30134,60322,329,241,218
30135,60324,326,241,217
30136,60326,343,241,219
30137,60328,326,242,218
30138,60330,320,242,219
30139,60332,315,241,218
30140,60334,314,241,220
30141,60336,329,241,218
30142,60338,336,241,219
30143,60340,330,242,220
30144,60342,323,241,219
30145,60344,319,241,219
30146,60346,342,242,220
30147,60348,335,241,219
30148,60350,319,241,219
30149,60352,319,241,220
30150,60354,315,241,219
30151,60356,332,241,220
30152,60358,327,242,220
30153,60360,328,241,220
30154,60362,327,241,216
30155,60364,326,241,220
30156,60366,345,242,218
30157,60368,323,241,220
30158,60370,324,241,219
30159,60372,312,242,220
30160,60374,312,241,219
30161,60376,331,239,220
30162,60378,322,241,220
30163,60380,328,241,219
30164,60382,329,241,219
30165,60384,327,241,220
30166,60386,338,241,219
30167,60388,331,241,218
30168,60390,328,241,219
30169,60392,317,241,219
30170,60394,316,241,220
30171,60396,330,241,219
30172,60398,324,241,219
30173,60400,327,241,219
30174,60402,325,241,220
30175,60404,322,241,220
30176,60406,345,242,222
30177,60408,334,241,220
30178,60410,329,241,220
30179,60412,307,241,220
30180,60414,309,241,220
30181,60416,334,241,222
30182,60418,324,241,219
30183,60420,333,241,220
30184,60422,330,241,219
30185,60424,331,241,219
30186,60426,343,242,221
30187,60428,337,241,221
30188,60430,317,243,220
30189,60432,314,241,220
30190,60434,320,241,220
30191,60436,334,241,220
30192,60438,328,242,223
30193,60440,331,242,220
30194,60442,336,241,219
30195,60444,321,241,220
30196,60446,345,241,219
30197,60448,342,241,223
30198,60450,323,241,220
30199,60452,313,241,220
30200,60454,313,242,221
30201,60456,327,242,221
30202,60458,326,242,219
30203,60460,332,242,220
30204,60462,327,242,219
30205,60464,320,243,221
30206,60466,343,243,221
30207,60468,333,243,221
30208,60470,326,243,221
30209,60472,313,242,218
30210,60474,313,243,220
30211,60476,330,243,220
30212,60478,322,243,220
30213,60480,327,242,220
30214,60482,316,242,219
30215,60484,324,243,220
30216,60486,343,242,220
30217,60488,342,243,222
30218,60490,332,243,220
30219,60492,312,243,218
30220,60494,308,242,218
30221,60496,325,243,217
30222,60498,331,243,219
30223,60500,332,243,219
30224,60502,324,243,220
30225,60504,324,244,218
30226,60506,337,244,220
30227,60508,346,243,220
30228,60510,326,244,220
30229,60512,315,245,220
30230,60514,309,243,219
30231,60516,331,243,220
30232,60518,325,244,220
30233,60520,333,244,219
30234,60522,330,243,222
30235,60524,319,244,220
30236,60526,343,244,221
30237,60528,346,243,220
30238,60530,328,243,221
30239,60532,320,243,219
30240,60534,299,243,220
30241,60536,329,243,221
30242,60538,328,243,220
30243,60540,326,243,222
30244,60542,334,243,219
30245,60544,321,243,220
30246,60546,344,244,220
30247,60548,341,244,221
30248,60550,325,244,223
30249,60552,321,243,222
30250,60554,312,244,221
30251,60556,326,243,222
30252,60558,322,243,223
30253,60560,335,244,223
30254,60562,325,243,223
30255,60564,318,243,223
30256,60566,352,243,221
30257,60568,338,244,224
30258,60570,330,243,229
30259,60572,326,243,222
30260,60574,310,243,227
30261,60576,327,243,223
30262,60578,329,243,224
30263,60580,330,243,223
30264,60582,322,243,224
30265,60584,317,244,224
30266,60586,342,243,224
30267,60588,330,244,221
30268,60590,323,243,224
30269,60592,321,243,223
30270,60594,302,243,223
30271,60596,322,243,224
30272,60598,328,243,223
30273,60600,323,243,225
30274,60602,332,243,223
30275,60604,329,243,224
30276,60606,351,243,223
30277,60608,345,243,222
30278,60610,334,243,222
30279,60612,314,243,222
30280,60614,308,242,224
30281,60616,332,242,222
30282,60618,336,241,224
30283,60620,346,242,225
30284,60622,323,242,222
30285,60624,327,242,221
30286,60626,344,242,221
30287,60628,342,241,221
30288,60630,330,242,222
30289,60632,312,242,222
30290,60634,296,241,220
30291,60636,330,241,221
30292,60638,323,241,221
30293,60640,322,241,220
30294,60642,322,241,220
30295,60644,318,240,221
30296,60646,346,240,220
30297,60648,344,240,221
30298,60650,331,240,221
30299,60652,311,240,218
30300,60654,311,239,220
30301,60656,325,240,216
30302,60658,322,240,222
30303,60660,332,240,218
30304,60662,339,238,217
30305,60664,314,239,217
30306,60666,344,238,218
30307,60668,338,240,218
30308,60670,329,239,217
30309,60672,308,239,217
30310,60674,308,237,216
30311,60676,317,240,217
30312,60678,324,240,217
30313,60680,329,241,218
30314,60682,324,240,219
30315,60684,323,241,220
30316,60686,350,242,220
30317,60688,338,240,219
30318,60690,322,241,220
30319,60692,316,241,220
30320,60694,310,239,220
30321,60696,313,242,220
30322,60698,327,237,219
30323,60700,326,243,220
30324,60702,321,242,220
30325,60704,326,241,221
30326,60706,354,242,221
30327,60708,337,242,220
30328,60710,334,242,221
30329,60712,318,245,221
30330,60714,307,243,221
30331,60716,321,241,220
30332,60718,330,243,221
30333,60720,319,241,218
30334,60722,328,243,222
30335,60724,334,241,221
30336,60726,353,243,219
30337,60728,343,242,222
30338,60730,330,242,220
30339,60732,313,241,220
30340,60734,312,243,220
30341,60736,330,243,221
30342,60738,315,243,220
30343,60740,324,243,221
30344,60742,327,242,220
30345,60744,333,243,220
30346,60746,352,243,221
30347,60748,343,244,219
30348,60750,338,244,221
30349,60752,311,243,219
30350,60754,308,243,220
30351,60756,316,243,220
30352,60758,322,243,222
30353,60760,327,243,221
30354,60762,326,244,220
30355,60764,329,242,220
30356,60766,350,243,222
30357,60768,350,242,218
30358,60770,329,244,222
30359,60772,318,242,223
30360,60774,307,242,222
30361,60776,313,243,223
30362,60778,322,243,221
30363,60780,326,243,223
30364,60782,326,243,222
30365,60784,332,243,223
30366,60786,345,243,222
30367,60788,346,244,223
30368,60790,325,243,224
30369,60792,312,243,223
30370,60794,312,243,223
30371,60796,309,243,223
30372,60798,321,243,224
30373,60800,327,243,222
30374,60802,317,243,223
30375,60804,331,243,224
30376,60806,346,243,224
30377,60808,344,244,225
30378,60810,332,243,224
30379,60812,309,243,224
30380,60814,315,243,225
30381,60816,306,244,225
30382,60818,321,243,223
30383,60820,323,243,225
30384,60822,313,243,224
30385,60824,331,243,225
30386,60826,341,244,225
30387,60828,342,244,225
30388,60830,331,243,225
30389,60832,314,245,225
30390,60834,307,243,225
30391,60836,306,243,224
30392,60838,326,244,225
30393,60840,324,244,225
30394,60842,319,243,226
30395,60844,324,243,223
30396,60846,338,243,227
30397,60848,337,243,225
30398,60850,329,243,225
30399,60852,316,243,224
30400,60854,306,244,224
30401,60856,319,243,223
30402,60858,324,244,225
30403,60860,323,243,224
30404,60862,326,243,224
30405,60864,331,242,224
30406,60866,344,244,224
30407,60868,345,244,223
30408,60870,328,243,223
30409,60872,316,244,224
30410,60874,308,242,223
30411,60876,311,243,224
30412,60878,324,243,225
30413,60880,318,243,224
30414,60882,318,243,224
30415,60884,327,243,224
30416,60886,338,243,223
30417,60888,347,244,223
30418,60890,328,243,224
30419,60892,313,244,223
30420,60894,307,243,222
30421,60896,311,243,224
30422,60898,323,243,224
30423,60900,319,243,225
30424,60902,329,243,223
30425,60904,324,244,223
30426,60906,343,242,225
30427,60908,342,243,224
30428,60910,319,243,225
30429,60912,323,243,224
30430,60914,310,243,224
30431,60916,313,243,224
30432,60918,323,243,224
30433,60920,321,243,224
30434,60922,328,242,222
30435,60924,325,243,223
30436,60926,344,243,224
30437,60928,344,244,224
30438,60930,326,244,223
30439,60932,319,243,224
30440,60934,308,243,224
30441,60936,312,244,223
30442,60938,330,244,224
30443,60940,315,243,223
30444,60942,324,243,223
30445,60944,329,243,224
30446,60946,349,243,224
30447,60948,335,244,224
30448,60950,326,243,223
30449,60952,317,244,224
30450,60954,304,243,223
30451,60956,312,243,224
30452,60958,324,243,224
30453,60960,321,243,224
30454,60962,325,243,224
30455,60964,330,244,225
30456,60966,345,244,224
30457,60968,345,244,223
30458,60970,321,243,224
30459,60972,316,243,223
30460,60974,308,243,223
30461,60976,317,243,223
30462,60978,320,243,225
30463,60980,319,243,223
30464,60982,323,242,224
30465,60984,336,242,224
30466,60986,339,243,224
30467,60988,343,243,224
30468,60990,327,243,224
30469,60992,318,243,225
30470,60994,303,243,222
30471,60996,312,243,223
30472,60998,326,243,223
30473,61000,320,243,223
30474,61002,331,244,223
30475,61004,326,243,221
30476,61006,345,243,223
30477,61008,343,243,225
30478,61010,317,243,223
30479,61012,315,243,224
30480,61014,306,243,224
30481,61016,311,244,221
30482,61018,324,242,224
30483,61020,322,243,224
30484,61022,327,243,224
30485,61024,329,243,223
30486,61026,344,243,224
30487,61028,335,243,222
30488,61030,321,243,223
30489,61032,322,243,224
30490,61034,310,243,222
30491,61036,316,242,222
30492,61038,325,243,223
30493,61040,326,243,224
30494,61042,332,243,224
30495,61044,325,243,223
30496,61046,348,242,223
30497,61048,339,243,222
30498,61050,326,243,223
30499,61052,336,243,222
30500,61054,306,242,221
30501,61056,319,243,222
30502,61058,327,243,222
30503,61060,327,243,221
30504,61062,325,243,222
30505,61064,322,244,223
30506,61066,345,243,222
30507,61068,340,243,223
30508,61070,325,243,222
30509,61072,314,243,222
30510,61074,302,242,221
30511,61076,315,243,223
30512,61078,329,242,223
30513,61080,324,243,222
30514,61082,324,243,221
30515,61084,324,243,221
30516,61086,343,242,222
30517,61088,336,243,222
30518,61090,342,242,222
30519,61092,320,242,222
30520,61094,302,243,222
30521,61096,319,243,222
30522,61098,321,243,223
30523,61100,319,243,222
30524,61102,327,243,221
30525,61104,327,243,223
30526,61106,344,243,223
30527,61108,345,242,224
30528,61110,327,243,222
30529,61112,320,243,223
30530,61114,309,243,221
30531,61116,316,243,222
30532,61118,320,243,220
30533,61120,327,242,221
30534,61122,324,243,221
30535,61124,324,243,221
30536,61126,348,243,220
30537,61128,337,243,220
30538,61130,342,243,219
30539,61132,319,243,219
30540,61134,306,242,219
30541,61136,309,242,218
30542,61138,323,243,219
30543,61140,328,243,218
30544,61142,323,242,219
30545,61144,323,243,217
30546,61146,347,243,217
30547,61148,341,243,217
30548,61150,327,243,218
30549,61152,322,243,217
30550,61154,307,242,218
30551,61156,316,242,217
30552,61158,326,243,217
30553,61160,326,243,218
30554,61162,318,243,217
30555,61164,321,242,217
30556,61166,341,243,218
30557,61168,342,244,219
30558,61170,331,243,219
30559,61172,319,243,219
30560,61174,306,243,219
30561,61176,309,243,218
30562,61178,325,243,220
30563,61180,328,242,216
30564,61182,329,243,217
30565,61184,326,243,217
30566,61186,337,243,218
30567,61188,334,243,216
30568,61190,322,243,217
30569,61192,323,243,217
30570,61194,303,242,217
30571,61196,315,242,217
30572,61198,326,243,217
30573,61200,318,241,216
30574,61202,327,241,213
30575,61204,321,241,216
30576,61206,335,241,214
30577,61208,341,241,215
30578,61210,327,241,214
30579,61212,318,241,213
30580,61214,308,240,214
30581,61216,317,239,214
30582,61218,328,238,215
30583,61220,321,237,215
30584,61222,324,237,214
30585,61224,326,237,215
30586,61226,342,237,215
30587,61228,352,236,214
30588,61230,328,236,213
30589,61232,318,236,213
30590,61234,311,237,213
30591,61236,311,236,213
30592,61238,328,237,213
30593,61240,331,237,214
30594,61242,323,236,213
30595,61244,321,234,215
30596,61246,342,236,215
30597,61248,356,234,214
30598,61250,325,234,213
30599,61252,326,234,213
30600,61254,308,233,210
30601,61256,318,234,212
30602,61258,330,235,213
30603,61260,332,234,212
30604,61262,329,234,211
30605,61264,319,234,216
30606,61266,349,235,214
30607,61268,344,233,212
30608,61270,334,234,213
30609,61272,325,234,213
30610,61274,298,233,211
30611,61276,315,234,210
30612,61278,331,234,213
30613,61280,323,234,212
30614,61282,321,234,212
30615,61284,327,233,213
30616,61286,336,233,212
30617,61288,340,232,211
30618,61290,330,234,211
30619,61292,330,233,209
30620,61294,304,233,211
30621,61296,310,233,214
30622,61298,326,233,213
30623,61300,325,232,212
30624,61302,333,233,211
30625,61304,315,233,212
30626,61306,348,233,211
30627,61308,342,233,211
30628,61310,336,233,209
30629,61312,320,233,211
30630,61314,300,234,210
30631,61316,315,233,211
30632,61318,320,234,212
30633,61320,319,233,211
30634,61322,328,233,212
30635,61324,332,233,212
30636,61326,340,234,213
30637,61328,342,233,210
30638,61330,325,231,212
30639,61332,321,234,211
30640,61334,305,232,210
30641,61336,315,234,213
30642,61338,321,234,212
30643,61340,319,233,211
30644,61342,328,233,212
30645,61344,325,234,212
30646,61346,338,234,212
30647,61348,343,233,212
30648,61350,329,234,213
30649,61352,324,234,212
30650,61354,302,233,213
30651,61356,322,234,214
30652,61358,326,233,213
30653,61360,327,236,214
30654,61362,321,235,213
30655,61364,319,236,214
30656,61366,348,236,215
30657,61368,346,236,215
30658,61370,323,235,215
30659,61372,323,235,214
30660,61374,315,236,213
30661,61376,314,236,215
30662,61378,327,242,218
30663,61380,324,236,215
30664,61382,324,235,216
30665,61384,319,236,216
30666,61386,350,236,216
30667,61388,338,236,216
30668,61390,333,236,217
30669,61392,327,236,216
30670,61394,301,236,216
30671,61396,315,235,216
30672,61398,320,236,217
30673,61400,326,236,216
30674,61402,328,235,217
30675,61404,325,234,216
30676,61406,344,235,214
30677,61408,341,236,215
30678,61410,338,236,215
30679,61412,327,235,215
30680,61414,306,235,215
30681,61416,311,234,216
30682,61418,328,236,216
30683,61420,318,235,215
30684,61422,326,235,216
30685,61424,328,236,217
30686,61426,335,236,217
30687,61428,339,238,216
30688,61430,331,236,215
30689,61432,326,235,216
30690,61434,301,236,215
30691,61436,314,235,216
30692,61438,324,236,215
30693,61440,324,236,217
30694,61442,324,236,217
30695,61444,328,236,216
30696,61446,341,236,216
30697,61448,341,236,216
30698,61450,333,236,217
30699,61452,324,236,216
30700,61454,307,236,216
30701,61456,317,235,216
30702,61458,322,236,216
30703,61460,328,236,216
30704,61462,323,236,217
30705,61464,324,236,218
30706,61466,356,235,216
30707,61468,343,236,217
30708,61470,329,236,216
30709,61472,318,236,218
30710,61474,308,236,216
30711,61476,311,236,216
30712,61478,321,235,216
30713,61480,327,236,219
30714,61482,317,236,216
30715,61484,323,236,217
30716,61486,346,236,217
30717,61488,338,235,216
30718,61490,333,236,217
30719,61492,321,236,215
30720,61494,307,235,215
30721,61496,310,236,215
30722,61498,322,234,216
30723,61500,327,235,216
30724,61502,323,236,216
30725,61504,332,234,215
30726,61506,349,234,215
30727,61508,343,235,216
30728,61510,322,234,215
30729,61512,320,234,218
30730,61514,318,234,216
30731,61516,310,234,215
30732,61518,325,234,216
30733,61520,324,234,216
30734,61522,316,234,217
30735,61524,325,234,217
30736,61526,346,234,217
30737,61528,341,234,216
30738,61530,323,234,218
30739,61532,323,233,215
30740,61534,306,234,216
30741,61536,311,232,216
30742,61538,324,234,216
30743,61540,317,233,216
30744,61542,322,237,215
30745,61544,325,234,217
30746,61546,344,233,217
30747,61548,344,233,217
30748,61550,324,234,215
30749,61552,323,234,216
30750,61554,313,234,215
30751,61556,313,234,216
30752,61558,332,234,217
30753,61560,318,233,215
30754,61562,329,233,216
30755,61564,333,234,216
30756,61566,336,235,216
30757,61568,345,235,215
30758,61570,338,234,214
30759,61572,319,233,215
30760,61574,304,234,215
30761,61576,315,234,214
30762,61578,323,234,215
30763,61580,327,235,215
30764,61582,324,234,217
30765,61584,325,234,215
30766,61586,343,234,215
30767,61588,341,234,213
30768,61590,324,237,215
30769,61592,324,233,216
30770,61594,313,235,215
30771,61596,311,234,214
30772,61598,325,234,215
30773,61600,328,233,216
30774,61602,325,233,215
30775,61604,328,234,215
30776,61606,343,233,215
30777,61608,341,234,214
30778,61610,317,233,215
30779,61612,325,234,214
30780,61614,309,234,215
30781,61616,315,234,215
30782,61618,325,234,216
30783,61620,323,234,214
30784,61622,326,233,215
30785,61624,323,234,213
30786,61626,345,233,215
30787,61628,345,233,216
30788,61630,323,234,215
30789,61632,324,233,215
30790,61634,306,233,216
30791,61636,318,234,216
30792,61638,330,234,216
30793,61640,324,234,216
30794,61642,320,234,215
30795,61644,331,234,217
30796,61646,338,234,217
30797,61648,337,234,216
30798,61650,318,234,216
30799,61652,319,233,216
30800,61654,309,233,217
30801,61656,318,234,216
30802,61658,332,234,214
30803,61660,341,233,217
30804,61662,334,234,217
