sample_id,time_ms,fsr1,fsr2,fsr3
974,2002,313,188,206
975,2004,295,188,202
976,2006,310,188,206
977,2008,321,188,205
978,2010,333,188,205
979,2012,326,188,206
980,2014,327,188,206
981,2016,347,188,208
982,2018,339,188,206
983,2020,329,189,207
984,2022,327,189,207
985,2024,298,189,206
986,2026,311,189,205
987,2028,327,189,208
988,2030,318,190,208
989,2032,324,189,208
990,2034,327,190,209
991,2036,348,192,210
992,2038,331,189,212
993,2040,329,190,210
994,2042,312,190,210
995,2044,295,189,210
996,2046,296,189,209
997,2048,319,190,210
998,2050,306,191,210
999,2052,318,190,210
1000,2054,307,190,208
1001,2056,337,190,209
1002,2058,338,192,208
1003,2060,317,190,206
1004,2062,297,190,204
1005,2064,289,190,207
1006,2066,305,191,206
1007,2068,310,190,204
1008,2070,301,190,206
1009,2072,312,191,206
1010,2074,315,190,206
1011,2076,343,191,207
1012,2078,336,191,207
1013,2080,321,191,207
1014,2082,308,191,208
1015,2084,287,190,206
1016,2086,295,191,206
1017,2088,314,190,207
1018,2090,309,190,207
1019,2092,312,191,207
1020,2094,315,191,208
1021,2096,340,191,208
1022,2098,326,191,209
1023,2100,316,189,208
1024,2102,304,190,208
1025,2104,290,191,207
1026,2106,310,191,208
1027,2108,306,191,209
1028,2110,306,191,211
1029,2112,315,190,213
1030,2114,318,190,212
1031,2116,343,189,210
1032,2118,336,191,208
1033,2120,322,190,208
1034,2122,310,189,209
1035,2124,286,188,210
1036,2126,314,190,209
1037,2128,309,189,208
1038,2130,314,189,207
1039,2132,321,210,227
1040,2134,340,210,224
1041,2136,363,210,227
1042,2138,354,210,229
1043,2140,336,210,227
1044,2142,325,209,230
1045,2144,312,210,227
1046,2146,325,210,230
1047,2148,327,211,232
1048,2150,326,210,230
1049,2152,324,210,230
1050,2154,328,211,232
1051,2156,345,210,233
1052,2158,337,210,231
1053,2160,321,211,230
1054,2162,289,210,231
1055,2164,284,211,231
1056,2166,299,209,231
1057,2168,308,210,231
1058,2170,306,211,230
1059,2172,306,211,231
1060,2174,318,212,230
1061,2176,336,211,232
1062,2178,353,212,231
1063,2180,319,211,230
1064,2182,305,211,230
1065,2184,292,211,230
1066,2186,304,212,231
1067,2188,322,211,232
1068,2190,323,210,230
1069,2192,326,211,230
1070,2194,328,211,228
1071,2196,355,211,228
1072,2198,340,211,228
1073,2200,325,211,228
1074,2202,312,210,227
1075,2204,300,212,228
1076,2206,300,210,228
1077,2208,324,211,226
1078,2210,313,212,228
1079,2212,323,211,230
1080,2214,319,212,232
1081,2216,335,211,230
1082,2218,346,211,230
1083,2220,326,212,231
1084,2222,315,210,230
1085,2224,296,211,232
1086,2226,325,211,230
1087,2228,329,210,229
1088,2230,326,211,232
1089,2232,321,212,231
1090,2234,325,211,229
1091,2236,355,211,229
1092,2238,354,209,228
1093,2240,331,211,230
1094,2242,309,211,229
1095,2244,291,211,231
1096,2246,326,212,230
1097,2248,316,211,227
1098,2250,325,211,231
1099,2252,342,211,229
1100,2254,332,212,230
1101,2256,353,211,227
1102,2258,337,211,228
1103,2260,324,211,229
1104,2262,323,212,227
1105,2264,300,210,226
1106,2266,305,211,227
1107,2268,334,211,226
1108,2270,316,211,228
1109,2272,332,212,226
1110,2274,324,211,227
1111,2276,357,211,227
1112,2278,341,212,227
1113,2280,330,211,226
1114,2282,309,212,226
1115,2284,289,212,229
1116,2286,321,211,228
1117,2288,320,211,226
1118,2290,323,211,227
1119,2292,321,212,228
1120,2294,318,212,227
1121,2296,346,213,227
1122,2298,348,211,228
1123,2300,326,212,227
1124,2302,310,211,227
1125,2304,306,214,228
1126,2306,309,214,228
1127,2308,324,215,229
1128,2310,326,214,227
1129,2312,333,214,227
1130,2314,322,216,230
1131,2316,357,216,228
1132,2318,343,216,227
1133,2320,329,218,228
1134,2322,315,217,229
1135,2324,297,217,227
1136,2326,324,216,228
1137,2328,318,217,228
1138,2330,323,217,230
1139,2332,324,216,231
1140,2334,334,217,230
1141,2336,356,217,230
1142,2338,350,217,231
1143,2340,330,218,226
1144,2342,329,217,229
1145,2344,300,217,227
1146,2346,313,218,229
1147,2348,322,217,230
1148,2350,327,217,230
1149,2352,327,217,228
1150,2354,334,219,230
1151,2356,352,218,234
1152,2358,355,218,229
1153,2360,320,218,230
1154,2362,305,217,229
1155,2364,298,219,228
1156,2366,320,218,233
1157,2368,331,218,226
1158,2370,316,217,227
1159,2372,329,217,230
1160,2374,320,218,231
1161,2376,355,219,231
1162,2378,346,218,229
1163,2380,325,218,230
1164,2382,305,218,229
1165,2384,298,218,230
1166,2386,322,219,231
1167,2388,325,218,229
1168,2390,327,218,229
1169,2392,343,219,230
1170,2394,343,219,231
1171,2396,368,220,229
1172,2398,357,220,230
1173,2400,336,220,230
1174,2402,311,220,233
1175,2404,311,220,232
1176,2406,310,219,229
1177,2408,323,220,229
1178,2410,322,222,229
1179,2412,329,222,230
1180,2414,320,221,231
1181,2416,352,222,231
1182,2418,356,222,232
1183,2420,323,220,231
1184,2422,309,221,230
1185,2424,299,222,230
1186,2426,311,222,231
1187,2428,325,222,230
1188,2430,320,221,231
1189,2432,323,223,230
1190,2434,331,224,231
1191,2436,342,222,231
1192,2438,358,222,228
1193,2440,340,222,230
1194,2442,324,221,230
1195,2444,316,222,233
1196,2446,318,222,230
1197,2448,340,222,229
1198,2450,343,224,230
1199,2452,337,222,231
1200,2454,332,222,231
1201,2456,362,222,230
1202,2458,351,223,230
1203,2460,339,223,230
1204,2462,324,223,231
1205,2464,315,223,231
1206,2466,327,223,232
1207,2468,333,223,230
1208,2470,342,223,232
1209,2472,328,223,232
1210,2474,324,224,233
1211,2476,360,223,232
1212,2478,358,224,233
1213,2480,338,223,234
1214,2482,318,224,230
1215,2484,314,223,232
1216,2486,324,224,232
1217,2488,333,224,232
1218,2490,332,224,233
1219,2492,323,224,232
1220,2494,329,224,230
1221,2496,352,223,232
1222,2498,353,224,234
1223,2500,322,223,234
1224,2502,313,223,232
1225,2504,304,223,234
1226,2506,314,223,235
1227,2508,322,223,232
1228,2510,323,223,231
1229,2512,332,224,233
1230,2514,311,223,234
1231,2516,341,223,235
1232,2518,357,223,234
1233,2520,333,223,233
1234,2522,319,223,233
1235,2524,309,223,234
1236,2526,334,224,235
1237,2528,333,225,234
1238,2530,336,222,234
1239,2532,327,224,235
1240,2534,331,222,234
1241,2536,360,222,234
1242,2538,355,222,233
1243,2540,346,228,231
1244,2542,316,223,233
1245,2544,314,224,233
1246,2546,333,224,234
1247,2548,308,222,234
1248,2550,316,223,235
1249,2552,321,223,235
1250,2554,320,222,236
1251,2556,349,223,234
1252,2558,345,223,236
1253,2560,327,223,235
1254,2562,304,218,234
1255,2564,304,223,236
1256,2566,321,224,234
1257,2568,321,224,233
1258,2570,313,224,236
1259,2572,328,224,232
1260,2574,328,223,233
1261,2576,342,225,236
1262,2578,339,223,235
1263,2580,327,224,239
1264,2582,301,224,235
1265,2584,294,224,234
1266,2586,321,226,236
1267,2588,322,224,235
1268,2590,321,225,235
1269,2592,316,225,236
1270,2594,318,225,235
1271,2596,341,225,237
1272,2598,349,225,238
1273,2600,319,224,236
1274,2602,301,225,236
1275,2604,297,227,237
1276,2606,324,226,237
1277,2608,328,226,237
1278,2610,316,227,237
1279,2612,331,227,234
1280,2614,308,226,237
1281,2616,350,227,237
1282,2618,334,228,237
1283,2620,318,227,238
1284,2622,309,227,236
1285,2624,300,226,237
1286,2626,324,228,238
1287,2628,314,227,238
1288,2630,327,227,237
1289,2632,325,227,239
1290,2634,321,227,236
1291,2636,345,227,238
1292,2638,351,226,238
1293,2640,330,228,237
1294,2642,313,227,237
1295,2644,283,227,233
1296,2646,324,228,240
1297,2648,325,228,238
1298,2650,324,228,239
1299,2652,318,227,237
1300,2654,331,228,239
1301,2656,354,228,238
1302,2658,351,228,238
1303,2660,325,228,239
1304,2662,298,228,239
1305,2664,303,228,237
1306,2666,324,228,239
1307,2668,324,228,239
1308,2670,314,228,239
1309,2672,318,228,239
1310,2674,335,228,237
1311,2676,349,228,240
1312,2678,356,228,237
1313,2680,331,228,240
1314,2682,301,228,239
1315,2684,318,229,240
1316,2686,329,228,240
1317,2688,320,228,239
1318,2690,318,228,238
1319,2692,331,229,240
1320,2694,324,229,239
1321,2696,355,229,240
1322,2698,348,227,239
1323,2700,330,228,239
1324,2702,312,228,240
1325,2704,290,228,237
1326,2706,331,229,240
1327,2708,330,228,239
1328,2710,320,228,239
1329,2712,321,228,239
1330,2714,330,229,240
1331,2716,350,229,240
1332,2718,351,229,241
1333,2720,338,229,240
1334,2722,309,230,239
1335,2724,303,230,239
1336,2726,320,227,239
1337,2728,328,229,240
1338,2730,323,228,239
1339,2732,322,229,238
1340,2734,334,230,240
1341,2736,334,229,239
1342,2738,352,229,241
1343,2740,326,229,240
1344,2742,306,229,239
1345,2744,307,229,242
1346,2746,325,229,241
1347,2748,324,230,241
1348,2750,320,229,240
1349,2752,328,228,239
1350,2754,325,229,240
1351,2756,354,228,240
1352,2758,355,229,240
1353,2760,332,228,240
1354,2762,311,228,239
1355,2764,296,229,238
1356,2766,332,229,240
1357,2768,317,228,240
1358,2770,325,228,238
1359,2772,328,228,240
1360,2774,335,228,240
1361,2776,352,229,241
1362,2778,354,228,241
1363,2780,349,229,241
1364,2782,306,228,239
1365,2784,307,230,243
1366,2786,325,229,241
1367,2788,325,229,240
1368,2790,321,229,239
1369,2792,328,229,241
1370,2794,335,229,243
1371,2796,349,230,240
1372,2798,348,230,242
1373,2800,338,230,240
1374,2802,304,229,240
1375,2804,302,229,241
1376,2806,327,229,238
1377,2808,314,229,242
1378,2810,323,229,241
1379,2812,322,228,241
1380,2814,331,228,238
1381,2816,349,229,241
1382,2818,349,228,239
1383,2820,330,229,241
1384,2822,300,229,239
1385,2824,309,230,240
1386,2826,330,229,241
1387,2828,320,228,240
1388,2830,327,229,240
1389,2832,321,229,242
1390,2834,331,228,242
1391,2836,349,229,241
1392,2838,348,229,242
1393,2840,324,230,241
1394,2842,314,229,239
1395,2844,298,229,240
1396,2846,318,228,240
1397,2848,319,229,241
1398,2850,321,228,241
1399,2852,320,228,241
1400,2854,335,230,242
1401,2856,354,229,239
1402,2858,352,229,241
1403,2860,332,228,241
1404,2862,310,228,241
1405,2864,309,228,240
1406,2866,325,229,243
1407,2868,330,228,240
1408,2870,324,228,239
1409,2872,324,229,240
1410,2874,332,230,240
1411,2876,352,229,242
1412,2878,348,229,242
1413,2880,340,228,239
1414,2882,313,229,241
1415,2884,310,230,241
1416,2886,325,228,241
1417,2888,322,227,242
1418,2890,329,229,243
1419,2892,326,230,241
1420,2894,332,229,242
1421,2896,355,229,241
1422,2898,344,229,241
1423,2900,332,229,243
1424,2902,313,229,242
1425,2904,307,229,243
1426,2906,331,230,243
1427,2908,327,229,243
1428,2910,331,229,241
1429,2912,322,229,243
1430,2914,314,229,241
1431,2916,354,229,243
1432,2918,354,230,242
1433,2920,328,230,243
1434,2922,324,230,242
1435,2924,315,229,244
1436,2926,328,229,242
1437,2928,331,229,243
1438,2930,327,230,243
1439,2932,338,229,242
1440,2934,316,229,241
1441,2936,349,230,243
1442,2938,326,230,245
1443,2940,323,229,243
1444,2942,309,229,244
1445,2944,302,229,244
1446,2946,304,229,244
1447,2948,310,229,246
1448,2950,306,229,242
1449,2952,291,228,243
1450,2954,312,228,245
1451,2956,328,229,242
1452,2958,322,230,246
1453,2960,299,229,242
1454,2962,296,228,244
1455,2964,299,229,242
1456,2966,321,228,241
1457,2968,320,229,244
1458,2970,323,229,244
1459,2972,322,229,245
1460,2974,333,229,242
1461,2976,353,228,244
1462,2978,341,230,243
1463,2980,324,228,243
1464,2982,298,229,242
1465,2984,296,230,244
1466,2986,299,229,246
1467,2988,294,229,244
1468,2990,314,229,245
1469,2992,323,229,243
1470,2994,327,228,243
1471,2996,354,229,245
1472,2998,349,229,243
1473,3000,307,229,244
1474,3002,289,229,245
1475,3004,299,228,243
1476,3006,316,229,242
1477,3008,298,228,243
1478,3010,310,229,244
1479,3012,292,228,245
1480,3014,286,229,242
1481,3016,323,228,244
1482,3018,331,229,242
1483,3020,322,229,244
1484,3022,283,229,245
1485,3024,285,228,242
1486,3026,303,228,245
1487,3028,318,228,243
1488,3030,308,229,243
1489,3032,297,229,244
1490,3034,300,229,243
1491,3036,328,229,244
1492,3038,331,229,245
1493,3040,307,228,244
1494,3042,283,229,243
1495,3044,275,227,246
1496,3046,315,228,244
1497,3048,305,227,246
1498,3050,300,228,245
1499,3052,309,228,245
1500,3054,298,229,244
1501,3056,323,228,245
1502,3058,315,227,244
1503,3060,303,228,245
1504,3062,282,228,244
1505,3064,278,228,243
1506,3066,296,228,245
1507,3068,295,228,244
1508,3070,301,229,242
1509,3072,295,227,243
1510,3074,319,228,245
1511,3076,350,229,245
1512,3078,337,228,245
1513,3080,332,228,246
1514,3082,300,229,245
1515,3084,288,229,244
1516,3086,317,228,244
1517,3088,310,228,244
1518,3090,312,228,243
1519,3092,293,229,242
1520,3094,305,228,246
1521,3096,337,229,246
1522,3098,315,228,244
1523,3100,324,228,246
1524,3102,305,227,247
1525,3104,292,226,248
1526,3106,312,228,244
1527,3108,313,228,245
1528,3110,315,227,244
1529,3112,311,227,245
1530,3114,317,227,244
1531,3116,340,227,247
1532,3118,342,227,246
1533,3120,322,228,244
1534,3122,309,228,245
1535,3124,306,226,246
1536,3126,336,228,243
1537,3128,331,228,247
1538,3130,328,228,246
1539,3132,310,227,245
1540,3134,311,229,246
1541,3136,315,228,246
1542,3138,322,228,246
1543,3140,331,229,246
1544,3142,288,228,245
1545,3144,306,228,248
1546,3146,325,228,246
1547,3148,332,228,245
1548,3150,321,229,246
1549,3152,309,228,245
1550,3154,313,230,247
1551,3156,338,228,246
1552,3158,329,228,246
1553,3160,314,228,246
1554,3162,295,227,247
1555,3164,293,228,247
1556,3166,313,228,247
1557,3168,306,228,246
1558,3170,305,228,246
1559,3172,310,227,248
1560,3174,304,228,245
1561,3176,346,228,246
1562,3178,327,226,245
1563,3180,308,227,245
1564,3182,289,227,245
1565,3184,298,228,246
1566,3186,318,228,247
1567,3188,309,228,246
1568,3190,309,227,246
1569,3192,307,228,246
1570,3194,317,228,248
1571,3196,340,228,246
1572,3198,336,229,246
1573,3200,318,228,245
1574,3202,300,227,246
1575,3204,291,227,244
1576,3206,311,228,244
1577,3208,303,228,246
1578,3210,312,228,245
1579,3212,328,227,244
1580,3214,311,225,246
1581,3216,337,227,246
1582,3218,330,228,246
1583,3220,323,227,245
1584,3222,298,229,245
1585,3224,299,226,245
1586,3226,313,227,245
1587,3228,319,226,244
1588,3230,324,227,245
1589,3232,318,228,245
1590,3234,325,226,245
1591,3236,339,227,246
1592,3238,323,229,247
1593,3240,322,227,246
1594,3242,296,226,242
1595,3244,293,227,244
1596,3246,319,227,245
1597,3248,322,228,248
1598,3250,317,225,246
1599,3252,325,226,245
1600,3254,323,227,246
1601,3256,354,230,246
1602,3258,342,227,246
1603,3260,326,226,245
1604,3262,317,226,247
1605,3264,298,226,246
1606,3266,325,225,243
1607,3268,330,226,246
1608,3270,327,226,245
1609,3272,318,225,247
1610,3274,316,226,246
1611,3276,347,226,246
1612,3278,345,226,248
1613,3280,332,227,245
1614,3282,310,226,245
1615,3284,307,225,247
1616,3286,324,225,247
1617,3288,317,227,246
1618,3290,316,227,246
1619,3292,320,225,244
1620,3294,333,226,246
1621,3296,352,226,246
1622,3298,339,227,245
1623,3300,321,226,245
1624,3302,296,226,246
1625,3304,292,225,245
1626,3306,318,225,245
1627,3308,322,226,245
1628,3310,319,226,246
1629,3312,324,225,243
1630,3314,337,226,245
1631,3316,369,227,245
1632,3318,344,226,246
1633,3320,330,226,245
1634,3322,311,226,245
1635,3324,301,225,243
1636,3326,326,225,244
1637,3328,327,225,241
1638,3330,320,225,246
1639,3332,323,226,245
1640,3334,331,225,245
1641,3336,337,226,245
1642,3338,339,226,244
1643,3340,327,225,244
1644,3342,313,226,247
1645,3344,316,225,245
1646,3346,323,225,253
1647,3348,341,224,247
1648,3350,333,226,244
1649,3352,335,225,245
1650,3354,324,225,245
1651,3356,355,227,246
1652,3358,357,227,247
1653,3360,337,225,246
1654,3362,319,226,248
1655,3364,310,226,245
1656,3366,334,226,246
1657,3368,329,224,245
1658,3370,337,226,248
1659,3372,334,226,248
1660,3374,335,226,245
1661,3376,352,226,246
1662,3378,361,227,247
1663,3380,338,227,246
1664,3382,309,226,243
1665,3384,301,227,246
1666,3386,337,227,245
1667,3388,338,227,246
1668,3390,332,226,246
1669,3392,336,226,245
1670,3394,328,225,245
1671,3396,352,225,246
1672,3398,347,225,246
1673,3400,330,226,246
1674,3402,316,225,247
1675,3404,303,225,248
1676,3406,332,225,246
1677,3408,329,226,247
1678,3410,317,225,245
1679,3412,315,225,248
1680,3414,322,225,245
1681,3416,346,225,247
1682,3418,335,225,247
1683,3420,321,225,246
1684,3422,295,225,246
1685,3424,299,225,248
1686,3426,318,225,248
1687,3428,305,224,245
1688,3430,320,224,246
1689,3432,320,225,247
1690,3434,320,225,249
1691,3436,349,224,247
1692,3438,336,225,247
1693,3440,330,225,246
1694,3442,299,225,247
1695,3444,293,225,245
1696,3446,319,225,247
1697,3448,320,225,245
1698,3450,319,224,246
1699,3452,320,224,248
1700,3454,328,225,246
1701,3456,349,225,247
1702,3458,353,225,248
1703,3460,322,224,246
1704,3462,298,224,246
1705,3464,294,225,245
1706,3466,321,225,243
1707,3468,320,225,246
1708,3470,314,224,245
1709,3472,318,225,246
1710,3474,313,224,246
1711,3476,346,225,244
1712,3478,343,224,245
1713,3480,319,225,246
1714,3482,296,225,247
1715,3484,286,224,245
1716,3486,321,225,248
1717,3488,320,224,245
1718,3490,320,225,248
1719,3492,321,225,246
1720,3494,315,224,246
1721,3496,357,225,247
1722,3498,345,225,247
1723,3500,337,225,246
1724,3502,308,224,247
1725,3504,299,225,246
1726,3506,323,225,246
1727,3508,322,224,246
1728,3510,338,225,246
1729,3512,325,224,247
1730,3514,323,225,245
1731,3516,344,225,247
1732,3518,345,226,246
1733,3520,326,225,244
1734,3522,304,224,246
1735,3524,314,225,246
1736,3526,309,226,243
1737,3528,318,225,247
1738,3530,322,224,246
1739,3532,320,225,246
1740,3534,322,224,246
1741,3536,354,225,245
1742,3538,358,225,246
1743,3540,327,226,247
1744,3542,315,224,245
1745,3544,310,225,244
1746,3546,330,225,243
1747,3548,328,224,246
1748,3550,323,225,247
1749,3552,323,223,246
1750,3554,339,223,246
1751,3556,354,224,245
1752,3558,347,223,245
1753,3560,337,224,247
1754,3562,305,223,245
1755,3564,299,223,244
1756,3566,327,223,245
1757,3568,327,222,246
1758,3570,337,222,244
1759,3572,328,221,246
1760,3574,321,221,244
1761,3576,359,222,246
1762,3578,346,222,245
1763,3580,325,222,246
1764,3582,301,222,246
1765,3584,303,222,247
1766,3586,320,222,246
1767,3588,321,222,243
1768,3590,319,221,245
1769,3592,325,220,244
1770,3594,321,221,247
1771,3596,338,221,248
1772,3598,330,219,245
1773,3600,321,220,245
1774,3602,299,221,244
1775,3604,305,221,242
1776,3606,324,220,245
1777,3608,316,219,244
1778,3610,320,219,245
1779,3612,335,220,243
1780,3614,304,220,245
1781,3616,354,220,245
1782,3618,345,220,241
1783,3620,328,220,244
1784,3622,301,220,245
1785,3624,309,221,244
1786,3626,327,220,244
1787,3628,326,221,244
1788,3630,334,221,244
1789,3632,317,221,246
1790,3634,323,220,246
1791,3636,352,221,247
1792,3638,344,220,245
1793,3640,329,220,243
1794,3642,300,220,244
1795,3644,302,220,243
1796,3646,324,220,246
1797,3648,315,221,242
1798,3650,324,220,245
1799,3652,327,221,243
1800,3654,322,221,243
1801,3656,358,220,244
1802,3658,332,220,244
1803,3660,328,220,246
1804,3662,300,219,244
1805,3664,296,219,243
1806,3666,323,220,244
1807,3668,314,220,246
1808,3670,325,220,244
1809,3672,319,220,246
1810,3674,314,221,245
1811,3676,347,220,245
1812,3678,337,221,245
1813,3680,318,221,244
1814,3682,306,220,245
1815,3684,292,220,243
1816,3686,323,220,246
1817,3688,310,221,245
1818,3690,324,220,244
1819,3692,322,221,246
1820,3694,318,221,244
1821,3696,353,220,246
1822,3698,338,220,245
1823,3700,319,220,244
1824,3702,297,220,244
1825,3704,301,220,246
1826,3706,321,220,240
1827,3708,320,221,247
1828,3710,324,221,246
1829,3712,314,222,246
1830,3714,313,221,245
1831,3716,356,222,246
1832,3718,342,222,245
1833,3720,323,222,245
1834,3722,301,222,245
1835,3724,308,224,245
1836,3726,323,223,245
1837,3728,315,223,246
1838,3730,324,223,246
1839,3732,318,223,246
1840,3734,314,223,245
1841,3736,335,223,246
1842,3738,345,223,246
1843,3740,324,224,244
1844,3742,305,222,244
1845,3744,301,223,243
1846,3746,323,223,245
1847,3748,320,223,243
1848,3750,319,223,246
1849,3752,316,223,243
1850,3754,318,223,245
1851,3756,343,224,246
1852,3758,335,223,247
1853,3760,327,223,245
1854,3762,303,223,246
1855,3764,299,224,244
1856,3766,321,224,247
1857,3768,318,224,244
1858,3770,315,223,246
1859,3772,313,222,245
1860,3774,322,224,247
1861,3776,345,223,247
1862,3778,338,224,247
1863,3780,328,223,248
1864,3782,296,223,246
1865,3784,299,224,244
1866,3786,322,223,247
1867,3788,325,223,247
1868,3790,335,224,245
1869,3792,327,225,246
1870,3794,318,225,248
1871,3796,349,224,246
1872,3798,337,224,243
1873,3800,322,223,246
1874,3802,289,224,246
1875,3804,292,223,244
1876,3806,321,223,246
1877,3808,308,225,248
1878,3810,326,224,245
1879,3812,315,224,246
1880,3814,315,225,244
1881,3816,351,225,247
1882,3818,337,225,244
1883,3820,334,225,247
1884,3822,291,224,244
1885,3824,302,225,247
1886,3826,307,225,245
1887,3828,318,225,248
1888,3830,333,225,245
1889,3832,330,225,247
1890,3834,322,225,245
1891,3836,348,225,245
1892,3838,346,225,243
1893,3840,341,226,245
1894,3842,304,225,244
1895,3844,305,225,241
1896,3846,326,225,243
1897,3848,330,225,243
1898,3850,324,225,243
1899,3852,329,225,243
1900,3854,331,225,241
1901,3856,349,225,244
1902,3858,347,224,241
1903,3860,322,225,243
1904,3862,294,225,243
1905,3864,301,225,243
1906,3866,309,224,241
1907,3868,319,225,242
1908,3870,325,225,243
1909,3872,322,225,241
1910,3874,314,224,241
1911,3876,346,226,240
1912,3878,336,225,240
1913,3880,323,225,239
1914,3882,292,224,239
1915,3884,296,225,240
1916,3886,321,225,241
1917,3888,319,226,239
1918,3890,310,225,238
1919,3892,302,222,239
1920,3894,302,225,234
1921,3896,331,225,237
1922,3898,320,225,239
1923,3900,316,225,237
1924,3902,284,226,237
1925,3904,282,224,236
1926,3906,309,224,237
1927,3908,320,225,235
1928,3910,337,225,235
1929,3912,330,225,234
1930,3914,331,226,234
1931,3916,370,224,234
1932,3918,358,225,233
1933,3920,337,224,233
1934,3922,309,225,232
1935,3924,305,225,233
1936,3926,328,225,232
1937,3928,329,225,233
1938,3930,332,224,233
1939,3932,333,226,234
1940,3934,330,226,234
1941,3936,358,225,234
1942,3938,357,225,235
1943,3940,326,226,235
1944,3942,303,225,234
1945,3944,307,225,233
1946,3946,336,222,235
1947,3948,325,226,234
1948,3950,333,225,232
1949,3952,332,225,232
1950,3954,340,226,232
1951,3956,356,225,232
1952,3958,348,226,229
1953,3960,333,224,228
1954,3962,304,226,227
1955,3964,302,226,229
1956,3966,329,227,229
1957,3968,324,226,228
1958,3970,323,226,228
1959,3972,338,226,226
1960,3974,330,227,226
1961,3976,352,227,226
1962,3978,341,226,224
1963,3980,324,227,221
1964,3982,300,226,221
1965,3984,308,226,221
1966,3986,325,226,220
1967,3988,322,227,219
1968,3990,318,226,220
1969,3992,324,226,224
1970,3994,320,225,219
1971,3996,345,227,221
1972,3998,336,226,222
1973,4000,348,227,220
1974,4002,314,227,219
1975,4004,312,228,220
1976,4006,336,227,221
1977,4008,329,227,221
1978,4010,316,227,220
1979,4012,319,229,223
1980,4014,332,228,222
1981,4016,361,227,224
1982,4018,356,228,223
1983,4020,346,227,225
1984,4022,314,227,226
1985,4024,316,228,226
1986,4026,342,228,225
1987,4028,331,228,227
1988,4030,326,228,225
1989,4032,337,228,228
1990,4034,342,228,230
1991,4036,366,227,230
1992,4038,355,228,229
1993,4040,348,228,230
1994,4042,316,229,230
1995,4044,317,228,228
1996,4046,341,228,230
1997,4048,340,228,229
1998,4050,334,229,230
1999,4052,338,229,231
2000,4054,335,229,231
2001,4056,370,229,231
2002,4058,358,229,231
2003,4060,344,229,231
2004,4062,315,228,231
2005,4064,320,228,230
2006,4066,346,229,231
2007,4068,337,229,230
2008,4070,338,229,231
2009,4072,334,230,230
2010,4074,338,229,231
2011,4076,364,230,232
2012,4078,366,231,232
2013,4080,351,229,232
2014,4082,320,230,231
2015,4084,321,229,231
2016,4086,343,229,231
2017,4088,337,230,231
2018,4090,329,229,231
2019,4092,328,229,231
2020,4094,335,230,232
2021,4096,362,229,232
2022,4098,357,228,232
2023,4100,347,232,231
2024,4102,319,229,232
2025,4104,317,230,232
2026,4106,342,230,233
2027,4108,335,229,232
2028,4110,331,230,233
2029,4112,341,228,232
2030,4114,340,229,231
2031,4116,369,229,233
2032,4118,358,229,233
2033,4120,355,229,232
2034,4122,312,228,232
2035,4124,313,229,232
2036,4126,330,228,232
2037,4128,332,230,232
2038,4130,329,229,234
2039,4132,339,229,232
2040,4134,333,229,233
2041,4136,365,228,233
2042,4138,357,229,232
2043,4140,343,229,232
2044,4142,314,229,230
2045,4144,317,229,230
2046,4146,338,229,231
2047,4148,332,229,231
2048,4150,338,229,230
2049,4152,335,229,231
2050,4154,335,229,232
2051,4156,379,230,231
2052,4158,357,229,230
2053,4160,354,230,231
2054,4162,317,230,230
2055,4164,319,228,229
2056,4166,347,229,231
2057,4168,343,229,230
2058,4170,338,229,230
2059,4172,335,229,231
2060,4174,336,229,228
2061,4176,366,229,228
2062,4178,362,228,227
2063,4180,339,229,226
2064,4182,321,227,224
2065,4184,315,228,225
2066,4186,344,229,227
2067,4188,339,228,225
2068,4190,336,229,225
2069,4192,338,229,226
2070,4194,337,229,228
2071,4196,376,229,225
2072,4198,360,229,227
2073,4200,340,229,227
2074,4202,318,229,228
2075,4204,313,228,226
2076,4206,352,229,226
2077,4208,336,230,226
2078,4210,331,230,225
2079,4212,337,229,225
2080,4214,340,229,224
2081,4216,367,229,225
2082,4218,363,229,226
2083,4220,344,229,225
2084,4222,320,229,225
2085,4224,321,230,225
2086,4226,338,229,225
2087,4228,341,230,227
2088,4230,349,229,225
2089,4232,336,229,224
2090,4234,338,229,224
2091,4236,378,230,225
2092,4238,364,228,222
2093,4240,346,230,223
2094,4242,330,229,223
2095,4244,323,229,225
2096,4246,345,230,225
2097,4248,344,230,223
2098,4250,346,229,225
2099,4252,340,230,226
2100,4254,341,230,226
2101,4256,371,231,227
2102,4258,363,231,226
2103,4260,340,231,227
2104,4262,317,230,226
2105,4264,309,231,226
2106,4266,346,231,227
2107,4268,333,231,226
2108,4270,354,230,225
2109,4272,343,231,227
2110,4274,345,230,226
2111,4276,364,230,227
2112,4278,356,231,226
2113,4280,345,232,226
2114,4282,319,232,226
2115,4284,321,230,226
2116,4286,344,231,228
2117,4288,336,231,224
2118,4290,351,231,226
2119,4292,342,230,225
2120,4294,343,231,224
2121,4296,374,231,226
2122,4298,357,231,226
2123,4300,339,231,226
2124,4302,317,231,225
2125,4304,324,231,225
2126,4306,344,230,225
2127,4308,336,230,226
2128,4310,343,231,226
2129,4312,338,230,227
2130,4314,338,231,227
2131,4316,373,230,227
2132,4318,356,230,227
2133,4320,339,230,226
2134,4322,322,230,226
2135,4324,320,230,226
2136,4326,347,231,226
2137,4328,343,231,226
2138,4330,339,230,227
2139,4332,330,230,226
2140,4334,345,230,227
2141,4336,368,230,228
2142,4338,362,230,226
2143,4340,342,229,226
2144,4342,318,230,227
2145,4344,317,230,226
2146,4346,326,230,227
2147,4348,339,230,227
2148,4350,340,229,225
2149,4352,340,230,226
2150,4354,337,232,227
2151,4356,365,229,225
2152,4358,345,230,224
2153,4360,338,230,224
2154,4362,317,230,222
2155,4364,324,229,221
2156,4366,335,229,220
2157,4368,336,230,224
2158,4370,345,229,224
2159,4372,336,230,225
2160,4374,329,230,221
2161,4376,372,229,222
2162,4378,357,229,220
2163,4380,333,228,222
2164,4382,317,230,221
2165,4384,318,229,220
2166,4386,335,229,220
2167,4388,343,229,218
2168,4390,336,228,218
2169,4392,333,228,217
2170,4394,334,229,217
2171,4396,370,229,218
2172,4398,362,228,215
2173,4400,334,228,219
2174,4402,313,228,216
2175,4404,315,227,217
2176,4406,342,227,216
2177,4408,338,226,217
2178,4410,336,225,220
2179,4412,333,225,218
2180,4414,333,225,215
2181,4416,364,226,216
2182,4418,351,225,215
2183,4420,333,225,213
2184,4422,310,225,213
2185,4424,308,225,214
2186,4426,341,223,212
2187,4428,334,224,211
2188,4430,333,224,210
2189,4432,329,224,212
2190,4434,328,224,212
2191,4436,358,223,211
2192,4438,338,223,211
2193,4440,329,224,210
2194,4442,309,223,210
2195,4444,310,223,211
2196,4446,329,223,209
2197,4448,329,223,209
2198,4450,336,224,207
2199,4452,334,223,205
2200,4454,326,222,206
2201,4456,362,223,207
2202,4458,338,222,206
2203,4460,329,222,209
2204,4462,311,222,204
2205,4464,312,222,206
2206,4466,325,223,205
2207,4468,330,223,205
2208,4470,331,222,205
2209,4472,332,221,206
2210,4474,328,223,209
2211,4476,361,223,208
2212,4478,349,223,208
2213,4480,334,223,209
2214,4482,316,223,207
2215,4484,312,222,207
2216,4486,334,222,207
2217,4488,333,223,209
2218,4490,336,223,207
2219,4492,332,223,211
2220,4494,338,223,207
2221,4496,374,223,208
2222,4498,351,223,209
2223,4500,341,223,209
2224,4502,313,223,207
2225,4504,312,223,206
2226,4506,338,222,211
2227,4508,328,224,208
2228,4510,341,224,207
2229,4512,339,224,209
2230,4514,335,224,209
2231,4516,364,224,208
2232,4518,353,224,210
2233,4520,336,224,210
2234,4522,313,224,211
2235,4524,318,224,211
2236,4526,334,224,211
2237,4528,335,224,211
2238,4530,340,225,212
2239,4532,340,224,212
2240,4534,338,224,213
2241,4536,368,224,211
2242,4538,366,224,212
2243,4540,339,225,212
2244,4542,318,224,210
2245,4544,314,224,210
2246,4546,342,225,213
2247,4548,339,224,212
2248,4550,341,224,212
2249,4552,336,224,212
2250,4554,337,224,212
2251,4556,376,224,212
2252,4558,359,223,210
2253,4560,339,224,212
2254,4562,317,224,211
2255,4564,326,222,209
2256,4566,344,223,209
2257,4568,334,223,210
2258,4570,341,223,210
2259,4572,340,223,210
2260,4574,348,223,211
2261,4576,376,223,211
2262,4578,363,222,209
2263,4580,343,223,209
2264,4582,321,221,210
2265,4584,316,222,210
2266,4586,341,223,210
2267,4588,335,222,208
2268,4590,343,223,210
2269,4592,338,223,211
2270,4594,335,224,211
2271,4596,359,222,210
2272,4598,352,223,211
2273,4600,336,223,211
2274,4602,320,223,210
2275,4604,312,223,210
2276,4606,337,222,212
2277,4608,324,222,212
2278,4610,336,223,210
2279,4612,334,222,212
2280,4614,343,222,210
2281,4616,363,222,208
2282,4618,351,222,208
2283,4620,338,223,209
2284,4622,320,222,208
2285,4624,309,222,208
2286,4626,336,223,209
2287,4628,330,223,209
2288,4630,327,228,207
2289,4632,332,222,209
2290,4634,335,221,209
2291,4636,352,220,206
2292,4638,350,221,208
2293,4640,333,221,205
2294,4642,309,220,206
2295,4644,316,219,203
2296,4646,338,220,205
2297,4648,331,220,205
2298,4650,339,220,204
2299,4652,325,218,204
2300,4654,331,219,203
2301,4656,364,219,204
2302,4658,339,218,205
2303,4660,334,219,205
2304,4662,316,219,204
2305,4664,318,218,204
2306,4666,325,219,202
2307,4668,330,218,205
2308,4670,331,218,205
2309,4672,331,219,205
2310,4674,339,219,205
2311,4676,357,218,204
2312,4678,339,218,203
2313,4680,338,218,202
2314,4682,318,218,202
2315,4684,319,217,202
2316,4686,339,218,202
2317,4688,338,218,203
2318,4690,333,218,204
2319,4692,338,218,205
2320,4694,340,218,204
2321,4696,354,218,202
2322,4698,341,218,202
2323,4700,335,217,203
2324,4702,318,218,200
2325,4704,328,218,203
2326,4706,336,218,203
2327,4708,340,218,204
2328,4710,337,218,202
2329,4712,336,218,202
2330,4714,337,217,201
2331,4716,356,218,203
2332,4718,343,218,203
2333,4720,333,218,203
2334,4722,314,218,201
2335,4724,321,218,201
2336,4726,334,218,203
2337,4728,335,219,204
2338,4730,336,218,203
2339,4732,334,218,202
2340,4734,336,218,202
2341,4736,349,217,201
2342,4738,348,218,202
2343,4740,340,218,203
2344,4742,325,218,203
2345,4744,327,218,202
2346,4746,345,217,204
2347,4748,332,218,203
2348,4750,334,218,205
2349,4752,333,217,204
2350,4754,342,218,203
2351,4756,352,218,202
2352,4758,341,217,205
2353,4760,344,218,204
2354,4762,322,217,204
2355,4764,326,218,204
2356,4766,343,218,205
2357,4768,341,218,204
2358,4770,342,218,205
2359,4772,339,219,205
2360,4774,345,218,206
2361,4776,343,218,205
2362,4778,340,218,205
2363,4780,337,218,205
2364,4782,319,217,206
2365,4784,329,218,206
2366,4786,346,218,203
2367,4788,339,218,205
2368,4790,338,218,204
2369,4792,347,218,207
2370,4794,340,218,205
2371,4796,357,218,206
2372,4798,349,219,205
2373,4800,339,218,205
2374,4802,323,218,204
2375,4804,327,218,204
2376,4806,336,218,205
2377,4808,339,218,206
2378,4810,341,218,206
2379,4812,337,218,206
2380,4814,327,218,205
2381,4816,371,218,205
2382,4818,351,219,206
2383,4820,341,218,206
2384,4822,321,218,205
2385,4824,315,218,206
2386,4826,344,218,205
2387,4828,340,218,206
2388,4830,335,218,206
2389,4832,333,217,206
2390,4834,341,218,204
2391,4836,370,219,207
2392,4838,358,218,207
2393,4840,349,218,206
2394,4842,317,219,206
2395,4844,313,218,204
2396,4846,344,219,207
2397,4848,338,218,206
2398,4850,334,218,207
2399,4852,337,218,207
2400,4854,339,218,206
2401,4856,367,218,207
2402,4858,352,218,207
2403,4860,342,218,205
2404,4862,311,217,207
2405,4864,316,217,206
2406,4866,337,218,208
2407,4868,338,217,208
2408,4870,329,217,207
2409,4872,330,218,208
2410,4874,335,215,208
2411,4876,365,216,206
2412,4878,349,214,207
2413,4880,338,215,207
2414,4882,313,215,207
2415,4884,315,216,206
2416,4886,334,215,206
2417,4888,334,215,207
2418,4890,342,215,207
2419,4892,334,214,208
2420,4894,342,215,206
2421,4896,366,215,207
2422,4898,354,215,205
2423,4900,338,216,206
2424,4902,316,215,207
2425,4904,314,215,207
2426,4906,338,215,206
2427,4908,340,216,207
2428,4910,339,216,208
2429,4912,334,216,208
2430,4914,338,215,206
2431,4916,368,216,208
2432,4918,351,216,207
2433,4920,342,216,209
2434,4922,315,216,208
2435,4924,311,215,207
2436,4926,342,216,207
2437,4928,338,216,207
2438,4930,327,216,207
2439,4932,328,216,207
2440,4934,334,217,207
2441,4936,362,217,209
2442,4938,346,216,207
2443,4940,328,216,208
2444,4942,308,217,208
2445,4944,307,217,208
2446,4946,333,217,209
2447,4948,326,216,208
2448,4950,328,216,208
2449,4952,337,216,208
2450,4954,324,215,208
2451,4956,361,215,209
2452,4958,337,214,208
2453,4960,335,214,209
2454,4962,306,215,208
2455,4964,313,214,208
2456,4966,329,214,208
2457,4968,333,214,207
2458,4970,329,214,208
2459,4972,325,214,208
2460,4974,328,214,208
2461,4976,365,212,208
2462,4978,347,212,207
2463,4980,330,211,210
2464,4982,312,211,210
2465,4984,311,211,209
2466,4986,340,210,209
2467,4988,323,210,210
2468,4990,329,210,208
2469,4992,332,210,209
2470,4994,332,210,209
2471,4996,358,210,207
2472,4998,345,210,205
2473,5000,332,209,205
2474,5002,309,207,204
2475,5004,307,207,203
2476,5006,340,207,204
2477,5008,332,207,204
2478,5010,336,207,205
2479,5012,328,206,203
2480,5014,335,207,204
2481,5016,357,205,205
2482,5018,345,205,204
2483,5020,326,205,205
2484,5022,305,205,205
2485,5024,308,205,204
2486,5026,323,205,206
2487,5028,328,205,205
2488,5030,337,205,205
2489,5032,327,204,204
2490,5034,330,205,204
2491,5036,367,204,205
2492,5038,347,205,205
2493,5040,335,204,204
2494,5042,315,203,204
2495,5044,317,204,205
2496,5046,337,204,204
2497,5048,334,203,205
2498,5050,331,204,204
2499,5052,337,203,204
2500,5054,336,202,203
2501,5056,360,204,204
2502,5058,349,203,203
2503,5060,328,203,206
2504,5062,310,204,205
2505,5064,315,204,203
2506,5066,337,204,203
2507,5068,334,203,203
2508,5070,334,203,206
2509,5072,338,203,202
2510,5074,334,202,205
2511,5076,363,203,205
2512,5078,349,204,205
2513,5080,334,203,205
2514,5082,307,203,205
2515,5084,313,202,207
2516,5086,333,203,206
2517,5088,330,203,207
2518,5090,332,202,206
2519,5092,337,203,207
2520,5094,336,202,208
2521,5096,371,202,205
2522,5098,350,202,206
2523,5100,334,203,204
2524,5102,314,202,206
2525,5104,313,202,208
2526,5106,330,203,207
2527,5108,329,202,206
2528,5110,341,202,207
2529,5112,332,200,208
2530,5114,331,203,208
2531,5116,360,203,205
2532,5118,338,202,207
2533,5120,333,202,207
2534,5122,310,202,208
2535,5124,307,202,206
2536,5126,330,202,206
2537,5128,333,202,208
2538,5130,332,203,208
2539,5132,329,203,207
2540,5134,338,202,208
2541,5136,367,203,209
2542,5138,345,202,208
2543,5140,329,202,208
2544,5142,308,201,206
2545,5144,308,202,207
2546,5146,331,202,206
2547,5148,328,202,207
2548,5150,325,203,207
2549,5152,326,202,207
2550,5154,330,202,205
2551,5156,361,206,209
2552,5158,340,203,207
2553,5160,329,202,209
2554,5162,316,202,207
2555,5164,308,203,209
2556,5166,331,202,208
2557,5168,328,200,210
2558,5170,331,202,208
2559,5172,325,203,209
2560,5174,336,202,209
2561,5176,364,203,211
2562,5178,347,203,218
2563,5180,326,203,209
2564,5182,316,202,214
2565,5184,308,203,207
2566,5186,337,202,209
2567,5188,328,203,210
2568,5190,330,203,210
2569,5192,338,204,210
2570,5194,335,203,211
2571,5196,360,204,216
2572,5198,350,203,210
2573,5200,350,203,214
2574,5202,308,204,210
2575,5204,307,204,210
2576,5206,334,203,211
2577,5208,334,203,208
2578,5210,333,203,209
2579,5212,334,204,207
2580,5214,330,204,210
2581,5216,363,204,210
2582,5218,338,203,209
2583,5220,334,203,208
2584,5222,306,203,209
2585,5224,313,203,208
2586,5226,333,204,208
2587,5228,334,203,209
2588,5230,330,203,209
2589,5232,326,203,208
2590,5234,335,205,210
2591,5236,365,204,209
2592,5238,348,203,208
2593,5240,331,203,209
2594,5242,311,203,209
2595,5244,305,203,209
2596,5246,333,203,210
2597,5248,330,203,209
2598,5250,330,203,208
2599,5252,331,204,208
2600,5254,330,203,208
2601,5256,362,204,209
2602,5258,343,202,209
2603,5260,342,203,209
2604,5262,304,203,209
2605,5264,304,203,210
2606,5266,335,203,208
2607,5268,330,203,209
2608,5270,332,204,209
2609,5272,334,206,207
2610,5274,328,204,209
2611,5276,358,203,187
2612,5278,339,203,209
2613,5280,335,203,208
2614,5282,302,204,207
2615,5284,309,201,208
2616,5286,331,201,208
2617,5288,325,203,209
2618,5290,326,205,210
2619,5292,331,203,209
2620,5294,330,205,210
2621,5296,363,203,211
2622,5298,344,202,209
2623,5300,330,203,209
2624,5302,307,203,209
2625,5304,313,203,208
2626,5306,332,204,208
2627,5308,327,203,209
2628,5310,328,203,209
2629,5312,331,203,208
2630,5314,336,204,209
2631,5316,357,203,208
2632,5318,346,207,208
2633,5320,331,203,207
2634,5322,313,203,205
2635,5324,307,203,206
2636,5326,334,203,205
2637,5328,326,203,205
2638,5330,335,203,204
2639,5332,327,203,205
2640,5334,332,203,205
2641,5336,358,203,205
2642,5338,342,204,205
2643,5340,339,202,204
2644,5342,307,203,205
2645,5344,303,203,205
2646,5346,332,204,206
2647,5348,322,203,204
2648,5350,330,203,206
2649,5352,326,204,204
2650,5354,337,204,205
2651,5356,359,202,205
2652,5358,346,202,205
2653,5360,337,203,205
2654,5362,309,203,204
2655,5364,303,203,204
2656,5366,326,203,205
2657,5368,331,205,207
2658,5370,326,204,206
2659,5372,318,204,205
2660,5374,330,203,207
2661,5376,366,202,204
2662,5378,349,203,205
2663,5380,338,202,205
2664,5382,306,203,203
2665,5384,313,203,202
2666,5386,332,202,202
2667,5388,325,203,201
2668,5390,337,203,203
2669,5392,329,204,201
2670,5394,336,203,202
2671,5396,358,203,202
2672,5398,344,203,202
2673,5400,333,203,204
2674,5402,318,203,200
2675,5404,299,202,201
2676,5406,312,203,201
2677,5408,324,203,203
2678,5410,335,203,201
2679,5412,322,204,201
2680,5414,335,203,202
2681,5416,342,203,201
2682,5418,340,203,199
2683,5420,332,203,199
2684,5422,307,202,202
2685,5424,310,203,201
2686,5426,336,203,201
2687,5428,326,203,200
2688,5430,324,204,200
2689,5432,332,202,200
2690,5434,324,203,198
2691,5436,354,204,204
2692,5438,338,203,204
2693,5440,330,202,202
2694,5442,310,203,204
2695,5444,312,203,199
2696,5446,324,203,200
2697,5448,333,203,201
2698,5450,328,203,200
2699,5452,331,203,200
2700,5454,333,203,200
2701,5456,359,203,199
2702,5458,347,203,200
2703,5460,335,203,200
2704,5462,309,203,201
2705,5464,306,203,200
2706,5466,334,202,200
2707,5468,330,203,201
2708,5470,323,202,200
2709,5472,330,203,200
2710,5474,332,203,201
2711,5476,355,204,200
2712,5478,343,203,200
2713,5480,334,203,200
2714,5482,310,202,199
2715,5484,305,203,200
2716,5486,331,203,200
2717,5488,327,203,201
2718,5490,325,203,202
2719,5492,327,203,202
2720,5494,327,203,201
2721,5496,358,203,201
2722,5498,340,204,202
2723,5500,329,203,202
2724,5502,306,203,201
2725,5504,303,202,201
2726,5506,319,203,201
2727,5508,338,203,199
2728,5510,333,203,200
2729,5512,325,203,200
2730,5514,327,203,200
2731,5516,358,203,201
2732,5518,344,203,201
2733,5520,330,203,201
2734,5522,307,203,201
2735,5524,307,203,202
2736,5526,325,203,201
2737,5528,320,203,204
2738,5530,327,203,203
2739,5532,315,203,203
2740,5534,331,203,205
2741,5536,353,203,202
2742,5538,343,203,202
2743,5540,329,203,201
2744,5542,310,203,201
2745,5544,312,203,201
2746,5546,336,204,200
2747,5548,320,203,203
2748,5550,328,203,204
2749,5552,331,203,202
2750,5554,320,203,201
2751,5556,360,203,204
2752,5558,349,203,203
2753,5560,329,203,203
2754,5562,312,203,202
2755,5564,313,203,203
2756,5566,322,203,203
2757,5568,327,203,205
2758,5570,331,204,201
2759,5572,325,204,202
2760,5574,325,203,201
2761,5576,360,203,204
2762,5578,348,203,205
2763,5580,331,203,207
2764,5582,323,203,204
2765,5584,315,203,207
2766,5586,334,203,202
2767,5588,333,203,201
2768,5590,337,203,200
2769,5592,332,203,201
2770,5594,324,203,201
2771,5596,352,203,201
2772,5598,349,203,203
2773,5600,333,201,202
2774,5602,320,203,201
2775,5604,319,202,200
2776,5606,336,202,201
2777,5608,332,203,202
2778,5610,345,202,202
2779,5612,336,203,202
2780,5614,330,203,202
2781,5616,363,203,203
2782,5618,338,203,202
2783,5620,338,203,201
2784,5622,318,202,202
2785,5624,316,202,200
2786,5626,332,203,203
2787,5628,339,202,201
2788,5630,339,202,201
2789,5632,330,204,202
2790,5634,329,203,202
2791,5636,369,203,200
2792,5638,341,203,202
2793,5640,335,203,201
2794,5642,318,203,202
2795,5644,318,203,201
2796,5646,340,203,202
2797,5648,330,203,202
2798,5650,336,203,201
2799,5652,329,203,202
2800,5654,343,203,200
2801,5656,366,203,200
2802,5658,345,204,201
2803,5660,335,203,200
2804,5662,316,203,202
2805,5664,318,202,207
2806,5666,344,203,203
2807,5668,338,203,200
2808,5670,341,203,201
2809,5672,336,203,202
2810,5674,331,203,200
2811,5676,366,203,201
2812,5678,349,203,200
2813,5680,345,203,200
2814,5682,319,202,199
2815,5684,322,203,200
2816,5686,338,203,202
2817,5688,347,203,199
2818,5690,347,203,200
2819,5692,337,203,199
2820,5694,339,203,200
2821,5696,375,201,200
2822,5698,345,203,200
2823,5700,338,202,201
2824,5702,320,202,201
2825,5704,323,203,202
2826,5706,340,202,199
2827,5708,338,203,202
2828,5710,341,203,199
2829,5712,334,203,201
2830,5714,333,202,200
2831,5716,354,203,199
2832,5718,351,203,199
2833,5720,343,203,201
2834,5722,326,202,201
2835,5724,319,202,198
2836,5726,339,203,201
2837,5728,337,203,200
2838,5730,341,202,199
2839,5732,343,204,198
2840,5734,341,203,200
2841,5736,367,203,200
2842,5738,360,203,198
2843,5740,342,203,199
2844,5742,318,203,200
2845,5744,320,203,200
2846,5746,341,203,201
2847,5748,338,203,201
2848,5750,348,203,199
2849,5752,339,202,200
2850,5754,339,203,199
2851,5756,369,203,200
2852,5758,357,203,199
2853,5760,338,203,201
2854,5762,324,202,199
2855,5764,325,203,200
2856,5766,342,203,200
2857,5768,345,203,199
2858,5770,340,203,199
2859,5772,342,203,199
2860,5774,336,202,197
2861,5776,371,203,198
2862,5778,352,202,198
2863,5780,337,202,198
2864,5782,319,203,198
2865,5784,321,203,199
2866,5786,340,204,199
2867,5788,339,203,199
2868,5790,340,203,199
2869,5792,332,203,198
2870,5794,331,202,197
2871,5796,369,203,199
2872,5798,350,203,198
2873,5800,337,202,198
2874,5802,318,203,198
2875,5804,311,202,199
2876,5806,334,203,197
2877,5808,333,202,198
2878,5810,335,202,196
2879,5812,342,203,198
2880,5814,339,203,197
2881,5816,362,203,198
2882,5818,343,202,198
2883,5820,333,203,197
2884,5822,316,203,197
2885,5824,314,203,198
2886,5826,327,203,196
2887,5828,333,202,195
2888,5830,335,201,196
2889,5832,339,203,195
2890,5834,331,203,196
2891,5836,371,203,194
2892,5838,348,203,194
2893,5840,347,202,196
2894,5842,314,202,194
2895,5844,314,203,194
2896,5846,335,203,193
2897,5848,323,203,192
2898,5850,338,204,193
2899,5852,333,203,193
2900,5854,331,203,193
2901,5856,364,204,194
2902,5858,351,204,197
2903,5860,340,205,192
2904,5862,318,204,191
2905,5864,311,203,191
2906,5866,336,204,192
2907,5868,349,203,191
2908,5870,340,204,192
2909,5872,334,204,193
2910,5874,338,203,192
2911,5876,363,204,195
2912,5878,350,205,195
2913,5880,336,204,195
2914,5882,313,204,194
2915,5884,313,204,195
2916,5886,335,205,197
2917,5888,333,204,197
2918,5890,336,204,193
2919,5892,332,204,196
2920,5894,336,205,197
2921,5896,362,205,196
2922,5898,353,205,196
2923,5900,336,204,197
2924,5902,314,204,196
2925,5904,312,204,197
2926,5906,339,204,197
2927,5908,338,204,197
2928,5910,331,205,198
2929,5912,338,205,198
2930,5914,337,204,196
2931,5916,368,202,197
2932,5918,348,205,197
2933,5920,336,205,197
2934,5922,305,204,197
2935,5924,311,204,196
2936,5926,337,204,195
2937,5928,333,204,196
2938,5930,327,204,196
2939,5932,337,204,197
2940,5934,335,204,194
2941,5936,365,203,195
2942,5938,351,204,195
2943,5940,336,204,197
2944,5942,313,204,197
2945,5944,314,204,197
2946,5946,325,203,196
2947,5948,339,204,198
2948,5950,332,204,197
2949,5952,333,204,197
2950,5954,335,204,198
2951,5956,360,207,197
2952,5958,347,204,197
2953,5960,337,204,198
2954,5962,306,204,197
2955,5964,315,203,195
2956,5966,334,204,196
2957,5968,332,204,196
2958,5970,331,204,197
2959,5972,338,203,198
2960,5974,330,203,196
2961,5976,356,206,197
2962,5978,348,206,198
2963,5980,340,203,197
2964,5982,319,203,198
2965,5984,314,203,197
2966,5986,338,205,198
2967,5988,332,205,198
2968,5990,333,204,195
2969,5992,343,205,197
2970,5994,332,204,197
2971,5996,366,205,199
2972,5998,351,203,197
2973,6000,342,203,197
2974,6002,308,203,198
2975,6004,313,204,198
2976,6006,337,203,197
2977,6008,337,203,198
2978,6010,325,203,197
2979,6012,334,204,197
2980,6014,331,200,198
2981,6016,365,203,198
2982,6018,347,202,197
2983,6020,337,202,196
2984,6022,306,204,196
2985,6024,313,201,196
2986,6026,334,203,197
2987,6028,340,202,197
2988,6030,339,204,197
2989,6032,326,202,196
2990,6034,333,202,196
2991,6036,367,203,195
2992,6038,357,203,194
2993,6040,341,202,195
2994,6042,320,203,194
2995,6044,314,202,193
2996,6046,336,203,195
2997,6048,333,203,196
2998,6050,335,203,194
2999,6052,339,202,194
3000,6054,338,202,194
3001,6056,360,200,196
3002,6058,348,202,195
3003,6060,342,202,197
3004,6062,318,202,194
3005,6064,317,201,195
3006,6066,329,202,195
3007,6068,335,201,192
3008,6070,328,201,195
3009,6072,340,200,193
3010,6074,329,199,194
3011,6076,358,201,193
3012,6078,347,201,195
3013,6080,341,200,194
3014,6082,324,200,196
3015,6084,309,200,196
3016,6086,323,200,196
3017,6088,331,200,199
3018,6090,330,200,197
3019,6092,334,200,197
3020,6094,337,202,195
3021,6096,362,200,197
3022,6098,322,201,196
3023,6100,338,200,196
3024,6102,309,199,193
3025,6104,320,199,195
3026,6106,333,200,198
3027,6108,328,199,198
3028,6110,331,199,196
3029,6112,338,200,196
3030,6114,337,200,197
3031,6116,367,199,193
3032,6118,350,199,195
3033,6120,339,198,195
3034,6122,327,199,197
3035,6124,313,199,195
3036,6126,336,199,196
3037,6128,339,199,196
3038,6130,335,199,198
3039,6132,329,199,194
3040,6134,335,199,197
3041,6136,365,199,197
3042,6138,352,199,197
3043,6140,333,199,197
3044,6142,312,198,196
3045,6144,314,198,196
3046,6146,334,197,194
3047,6148,341,198,195
3048,6150,330,198,195
3049,6152,328,198,196
3050,6154,326,198,195
3051,6156,355,198,194
3052,6158,343,196,194
3053,6160,335,197,196
3054,6162,326,197,196
3055,6164,309,196,193
3056,6166,341,196,195
3057,6168,324,197,196
3058,6170,332,196,195
3059,6172,339,195,194
3060,6174,336,196,193
3061,6176,388,196,195
3062,6178,342,197,195
3063,6180,329,197,193
3064,6182,312,197,194
3065,6184,315,197,193
3066,6186,337,197,191
3067,6188,333,197,192
3068,6190,324,196,194
3069,6192,334,197,190
3070,6194,323,198,191
3071,6196,361,196,191
3072,6198,342,197,191
3073,6200,335,197,189
3074,6202,321,196,190
3075,6204,327,197,191
3076,6206,329,197,191
3077,6208,352,197,192
3078,6210,334,196,192
3079,6212,335,196,192
3080,6214,331,196,193
3081,6216,364,197,192
3082,6218,359,197,193
3083,6220,353,197,192
3084,6222,320,196,192
3085,6224,317,196,192
3086,6226,334,197,192
3087,6228,331,197,192
3088,6230,331,197,192
3089,6232,334,197,193
3090,6234,331,194,192
3091,6236,364,196,192
3092,6238,340,197,190
3093,6240,335,197,192
3094,6242,318,197,192
3095,6244,319,197,192
3096,6246,336,197,193
3097,6248,334,197,195
3098,6250,327,197,194
3099,6252,338,197,193
3100,6254,329,197,193
3101,6256,363,197,194
3102,6258,344,196,193
3103,6260,338,197,193
3104,6262,319,197,195
3105,6264,320,197,194
3106,6266,333,197,192
3107,6268,340,197,194
3108,6270,339,196,196
3109,6272,323,197,194
3110,6274,334,196,193
3111,6276,369,197,193
3112,6278,355,198,193
3113,6280,340,196,193
3114,6282,319,196,193
3115,6284,323,197,193
3116,6286,341,198,193
3117,6288,346,197,193
3118,6290,339,198,193
3119,6292,335,197,193
3120,6294,338,197,191
3121,6296,368,197,191
3122,6298,349,197,192
3123,6300,341,197,192
3124,6302,320,197,192
3125,6304,321,197,191
3126,6306,340,197,192
3127,6308,338,197,192
3128,6310,343,197,193
3129,6312,334,197,194
3130,6314,330,197,194
3131,6316,377,197,192
3132,6318,339,198,193
3133,6320,341,197,193
3134,6322,319,197,192
3135,6324,327,197,191
3136,6326,328,197,193
3137,6328,346,197,190
3138,6330,342,197,189
3139,6332,333,197,189
3140,6334,335,197,187
3141,6336,364,198,188
3142,6338,349,197,188
3143,6340,338,198,188
3144,6342,322,196,188
3145,6344,325,197,187
3146,6346,335,197,187
3147,6348,347,197,188
3148,6350,344,197,185
3149,6352,332,198,186
3150,6354,330,197,185
3151,6356,371,197,184
3152,6358,355,196,186
3153,6360,336,197,183
3154,6362,329,198,185
3155,6364,328,197,186
3156,6366,345,197,186
3157,6368,345,197,186
3158,6370,342,197,184
3159,6372,334,197,186
3160,6374,336,197,187
3161,6376,365,196,187
3162,6378,347,197,187
3163,6380,340,197,185
3164,6382,319,197,188
3165,6384,318,197,187
3166,6386,334,197,186
3167,6388,335,197,187
3168,6390,337,197,187
3169,6392,332,197,187
3170,6394,325,197,187
3171,6396,357,197,188
3172,6398,341,197,188
3173,6400,334,197,187
3174,6402,315,196,185
3175,6404,318,197,186
3176,6406,332,196,185
3177,6408,331,197,187
3178,6410,335,196,188
3179,6412,331,197,188
3180,6414,325,196,187
3181,6416,369,195,187
3182,6418,340,197,189
3183,6420,332,197,187
3184,6422,319,196,187
3185,6424,317,196,187
3186,6426,331,197,188
3187,6428,329,196,189
3188,6430,331,197,190
3189,6432,315,197,188
3190,6434,327,197,187
3191,6436,361,197,188
3192,6438,346,197,190
3193,6440,336,197,188
3194,6442,320,198,187
3195,6444,315,197,187
3196,6446,339,197,190
3197,6448,329,197,189
3198,6450,345,197,191
3199,6452,331,197,192
3200,6454,330,197,191
3201,6456,353,197,193
3202,6458,344,196,193
3203,6460,335,197,196
3204,6462,312,197,194
3205,6464,315,196,194
3206,6466,335,197,195
3207,6468,337,197,195
3208,6470,335,197,195
3209,6472,332,197,195
3210,6474,325,197,196
3211,6476,359,197,196
3212,6478,345,198,196
3213,6480,326,197,195
3214,6482,313,197,195
3215,6484,317,197,197
3216,6486,332,197,197
3217,6488,330,197,196
3218,6490,334,197,197
3219,6492,330,197,198
3220,6494,326,197,195
3221,6496,359,197,197
3222,6498,347,197,198
3223,6500,334,197,197
3224,6502,318,196,198
3225,6504,319,197,198
3226,6506,330,195,197
3227,6508,327,197,198
3228,6510,333,197,198
3229,6512,329,197,196
3230,6514,330,197,197
3231,6516,350,197,196
3232,6518,343,196,196
3233,6520,335,196,196
3234,6522,313,197,193
3235,6524,319,197,198
3236,6526,335,198,193
3237,6528,341,197,196
3238,6530,330,196,196
3239,6532,329,197,197
3240,6534,332,197,196
3241,6536,366,197,196
3242,6538,347,197,197
3243,6540,337,197,200
3244,6542,308,197,197
3245,6544,317,197,195
3246,6546,328,197,197
3247,6548,325,197,196
3248,6550,328,197,196
3249,6552,331,197,196
3250,6554,329,197,196
3251,6556,366,197,197
3252,6558,349,197,197
3253,6560,333,196,196
3254,6562,314,197,195
3255,6564,318,197,195
3256,6566,331,197,196
3257,6568,328,196,199
3258,6570,330,197,197
3259,6572,320,198,198
3260,6574,327,196,196
3261,6576,364,197,199
3262,6578,353,198,196
3263,6580,336,197,196
3264,6582,315,197,196
3265,6584,314,196,196
3266,6586,330,196,196
3267,6588,329,197,196
3268,6590,329,197,197
3269,6592,324,197,197
3270,6594,331,197,198
3271,6596,354,197,197
3272,6598,347,198,197
3273,6600,331,200,196
3274,6602,311,200,199
3275,6604,309,200,197
3276,6606,330,200,200
3277,6608,318,200,198
3278,6610,327,199,196
3279,6612,333,201,197
3280,6614,328,201,198
3281,6616,351,201,196
3282,6618,339,202,198
3283,6620,329,201,196
3284,6622,304,201,197
3285,6624,305,201,198
3286,6626,337,201,196
3287,6628,325,200,197
3288,6630,340,201,196
3289,6632,330,201,196
3290,6634,328,201,198
3291,6636,356,202,197
3292,6638,339,201,196
3293,6640,322,201,195
3294,6642,307,201,198
3295,6644,306,201,196
3296,6646,328,199,197
3297,6648,324,202,199
3298,6650,329,198,196
3299,6652,332,201,198
3300,6654,328,201,194
3301,6656,368,202,200
3302,6658,344,201,196
3303,6660,337,201,196
3304,6662,315,204,196
3305,6664,308,199,195
3306,6666,331,198,196
3307,6668,334,199,195
3308,6670,330,199,196
3309,6672,336,198,196
3310,6674,346,197,196
3311,6676,360,198,196
3312,6678,359,197,199
3313,6680,341,197,197
3314,6682,312,197,197
3315,6684,314,198,196
3316,6686,338,197,198
3317,6688,325,198,197
3318,6690,335,198,197
3319,6692,336,198,196
3320,6694,343,198,197
3321,6696,363,198,196
3322,6698,346,196,197
3323,6700,340,198,196
3324,6702,314,193,196
3325,6704,314,198,195
3326,6706,335,198,197
3327,6708,324,198,199
3328,6710,333,199,197
3329,6712,336,196,196
3330,6714,337,198,197
3331,6716,362,199,199
3332,6718,349,198,199
3333,6720,333,198,198
3334,6722,315,198,198
3335,6724,314,198,198
3336,6726,329,198,198
3337,6728,331,198,198
3338,6730,337,198,197
3339,6732,331,197,199
3340,6734,344,198,197
3341,6736,352,198,198
3342,6738,340,198,197
3343,6740,338,197,197
3344,6742,316,198,198
3345,6744,314,198,196
3346,6746,339,198,193
3347,6748,341,199,198
3348,6750,338,197,199
3349,6752,340,199,198
3350,6754,342,198,196
3351,6756,357,198,197
3352,6758,341,198,197
3353,6760,336,197,196
3354,6762,331,199,198
3355,6764,315,198,196
3356,6766,336,198,198
3357,6768,339,198,198
3358,6770,332,198,198
3359,6772,337,198,199
3360,6774,335,197,198
3361,6776,364,198,198
3362,6778,346,198,198
3363,6780,341,199,199
3364,6782,311,199,199
3365,6784,319,197,198
3366,6786,335,198,198
3367,6788,340,198,198
3368,6790,329,198,199
3369,6792,340,198,199
3370,6794,348,197,200
3371,6796,366,198,199
3372,6798,351,198,199
3373,6800,342,198,200
3374,6802,316,198,197
3375,6804,320,199,198
3376,6806,339,199,200
3377,6808,336,201,200
3378,6810,339,201,200
3379,6812,334,201,199
3380,6814,338,201,202
3381,6816,367,202,201
3382,6818,350,202,201
3383,6820,340,202,200
3384,6822,312,202,201
3385,6824,321,202,201
3386,6826,341,202,200
3387,6828,339,202,202
3388,6830,336,203,201
3389,6832,335,202,202
3390,6834,340,203,201
3391,6836,366,202,201
3392,6838,350,203,202
3393,6840,338,203,201
3394,6842,320,203,202
3395,6844,323,203,201
3396,6846,337,203,202
3397,6848,334,203,201
3398,6850,340,204,202
3399,6852,332,204,199
3400,6854,325,203,200
3401,6856,368,203,204
3402,6858,346,204,201
3403,6860,332,204,202
3404,6862,322,203,201
3405,6864,320,204,200
3406,6866,335,203,200
3407,6868,339,204,201
3408,6870,343,204,202
3409,6872,339,203,201
3410,6874,332,204,201
3411,6876,361,204,202
3412,6878,343,204,202
3413,6880,341,204,202
3414,6882,316,204,202
3415,6884,324,204,201
3416,6886,343,204,200
3417,6888,353,204,201
3418,6890,342,204,198
3419,6892,342,205,200
3420,6894,330,204,200
3421,6896,362,206,201
3422,6898,342,205,202
3423,6900,335,205,201
3424,6902,320,205,199
3425,6904,325,205,200
3426,6906,335,206,200
3427,6908,341,206,200
3428,6910,346,205,200
3429,6912,340,206,201
3430,6914,336,206,198
3431,6916,373,207,200
3432,6918,347,207,200
3433,6920,336,206,200
3434,6922,323,207,199
3435,6924,326,208,200
3436,6926,349,208,200
3437,6928,347,209,200
3438,6930,344,210,200
3439,6932,345,210,199
3440,6934,341,211,201
3441,6936,371,210,200
3442,6938,359,211,199
3443,6940,343,211,200
3444,6942,332,212,199
3445,6944,330,214,201
3446,6946,346,214,202
3447,6948,346,214,201
3448,6950,349,214,202
3449,6952,348,215,202
3450,6954,343,215,199
3451,6956,381,214,199
3452,6958,352,215,200
3453,6960,335,214,200
3454,6962,316,215,200
3455,6964,323,216,201
3456,6966,331,215,199
3457,6968,346,216,202
3458,6970,352,215,200
3459,6972,343,217,201
3460,6974,323,217,201
3461,6976,345,217,200
3462,6978,327,217,201
3463,6980,339,216,200
3464,6982,312,217,201
3465,6984,307,217,200
3466,6986,328,217,201
3467,6988,324,217,200
3468,6990,332,217,198
3469,6992,331,217,199
3470,6994,324,217,200
3471,6996,363,218,198
3472,6998,337,218,201
3473,7000,325,218,200
3474,7002,319,218,201
3475,7004,324,218,198
3476,7006,340,218,198
3477,7008,342,219,201
3478,7010,349,219,201
3479,7012,331,219,199
3480,7014,333,219,200
3481,7016,359,218,200
3482,7018,343,219,201
3483,7020,337,219,200
3484,7022,318,220,202
3485,7024,318,219,201
3486,7026,337,219,202
3487,7028,341,219,202
3488,7030,344,220,202
3489,7032,332,220,200
3490,7034,331,220,201
3491,7036,360,220,200
3492,7038,342,221,202
3493,7040,329,221,198
3494,7042,317,221,199
3495,7044,323,220,199
3496,7046,342,221,200
3497,7048,339,220,200
3498,7050,345,221,198
3499,7052,330,219,197
3500,7054,342,220,199
3501,7056,376,221,198
3502,7058,348,220,199
3503,7060,344,221,198
3504,7062,329,220,195
3505,7064,341,220,196
3506,7066,348,220,196
3507,7068,345,220,196
3508,7070,343,220,196
3509,7072,346,220,195
3510,7074,342,220,196
3511,7076,370,221,196
3512,7078,348,221,195
3513,7080,364,221,194
3514,7082,339,221,195
3515,7084,329,221,196
3516,7086,354,221,195
3517,7088,349,221,194
3518,7090,345,221,196
3519,7092,344,221,194
3520,7094,338,221,194
3521,7096,362,221,194
3522,7098,350,221,196
3523,7100,341,221,196
3524,7102,324,221,197
3525,7104,336,221,195
3526,7106,344,220,198
3527,7108,353,223,196
3528,7110,343,222,198
3529,7112,342,222,199
3530,7114,341,222,197
3531,7116,366,222,196
3532,7118,355,223,197
3533,7120,346,222,194
3534,7122,319,222,195
3535,7124,331,222,196
3536,7126,347,223,196
3537,7128,349,222,194
3538,7130,337,223,194
3539,7132,339,223,195
3540,7134,344,222,193
3541,7136,365,223,194
3542,7138,347,224,194
3543,7140,342,224,195
3544,7142,323,224,193
3545,7144,317,223,194
3546,7146,342,224,197
3547,7148,336,224,196
3548,7150,338,222,195
3549,7152,340,224,195
3550,7154,333,223,196
3551,7156,364,224,196
3552,7158,344,224,197
3553,7160,329,224,197
3554,7162,313,225,195
3555,7164,321,224,196
3556,7166,325,224,195
3557,7168,331,225,196
3558,7170,323,224,196
3559,7172,319,224,192
3560,7174,321,224,194
3561,7176,351,224,196
3562,7178,342,225,196
3563,7180,321,224,195
3564,7182,302,224,194
3565,7184,309,224,196
3566,7186,319,224,195
3567,7188,319,225,196
3568,7190,329,224,196
3569,7192,320,224,196
3570,7194,330,224,196
3571,7196,362,224,196
3572,7198,326,224,198
3573,7200,335,224,196
3574,7202,299,224,195
3575,7204,308,224,195
3576,7206,307,225,196
3577,7208,328,225,196
3578,7210,328,226,196
3579,7212,328,225,197
3580,7214,328,225,196
3581,7216,356,225,197
3582,7218,343,226,196
3583,7220,332,226,196
3584,7222,309,227,196
3585,7224,310,226,197
3586,7226,328,227,198
3587,7228,331,227,197
3588,7230,331,228,197
3589,7232,345,227,197
3590,7234,325,228,200
3591,7236,353,227,198
3592,7238,344,227,195
3593,7240,330,227,197
3594,7242,307,227,200
3595,7244,315,226,195
3596,7246,322,227,196
3597,7248,320,227,197
3598,7250,327,227,200
3599,7252,299,227,198
3600,7254,294,227,199
3601,7256,328,226,199
3602,7258,329,227,197
3603,7260,294,226,199
3604,7262,276,226,198
3605,7264,283,226,197
3606,7266,298,226,199
3607,7268,286,226,201
3608,7270,295,225,200
3609,7272,290,225,199
3610,7274,294,224,197
3611,7276,318,225,200
3612,7278,310,225,197
3613,7280,280,225,199
3614,7282,251,224,198
3615,7284,233,225,199
3616,7286,260,225,195
3617,7288,261,224,197
3618,7290,280,224,195
3619,7292,257,223,197
3620,7294,258,224,196
3621,7296,297,224,198
3622,7298,271,224,198
3623,7300,273,224,199
3624,7302,227,224,199
3625,7304,243,224,199
3626,7306,269,225,200
3627,7308,275,224,199
3628,7310,281,223,198
3629,7312,279,224,199
3630,7314,281,224,199
3631,7316,309,223,198
3632,7318,310,223,198
3633,7320,287,223,199
3634,7322,250,223,198
3635,7324,263,222,199
3636,7326,273,223,198
3637,7328,275,223,200
3638,7330,284,223,199
3639,7332,285,223,199
3640,7334,276,223,199
3641,7336,311,223,200
3642,7338,291,223,199
3643,7340,288,226,199
3644,7342,256,223,199
3645,7344,264,224,200
3646,7346,277,223,199
3647,7348,282,224,198
3648,7350,285,223,199
3649,7352,288,223,199
3650,7354,285,224,199
3651,7356,322,225,201
3652,7358,309,224,201
3653,7360,289,224,200
3654,7362,260,224,202
3655,7364,275,224,200
3656,7366,281,224,200
3657,7368,277,224,199
3658,7370,282,224,203
3659,7372,285,225,202
3660,7374,286,228,202
3661,7376,319,226,203
3662,7378,306,227,202
3663,7380,288,226,203
3664,7382,266,225,200
3665,7384,269,226,202
3666,7386,287,225,204
3667,7388,283,226,203
3668,7390,283,227,203
3669,7392,290,227,203
3670,7394,288,227,201
3671,7396,311,227,204
3672,7398,302,227,203
3673,7400,285,226,202
3674,7402,255,226,201
3675,7404,266,227,203
3676,7406,284,227,203
3677,7408,283,226,203
3678,7410,280,227,203
3679,7412,283,227,204
3680,7414,282,226,202
3681,7416,314,227,203
3682,7418,289,226,202
3683,7420,284,226,202
3684,7422,262,225,203
3685,7424,268,226,203
3686,7426,275,226,202
3687,7428,284,226,203
3688,7430,280,226,204
3689,7432,286,225,203
3690,7434,289,225,202
3691,7436,322,226,204
3692,7438,301,226,204
3693,7440,299,226,203
3694,7442,265,221,203
3695,7444,264,226,203
3696,7446,283,225,204
3697,7448,290,226,204
3698,7450,290,226,204
3699,7452,277,226,203
3700,7454,281,226,203
3701,7456,315,225,203
3702,7458,298,225,204
3703,7460,287,225,204
3704,7462,262,225,203
3705,7464,268,225,203
3706,7466,290,226,204
3707,7468,283,225,204
3708,7470,287,225,204
3709,7472,287,225,202
3710,7474,288,224,203
3711,7476,314,225,205
3712,7478,304,225,204
3713,7480,292,224,204
3714,7482,282,223,204
3715,7484,292,224,204
3716,7486,322,223,203
3717,7488,311,223,203
3718,7490,320,222,203
3719,7492,310,222,203
3720,7494,317,222,203
3721,7496,347,222,202
3722,7498,330,222,204
3723,7500,326,222,202
3724,7502,309,222,204
3725,7504,316,222,203
3726,7506,322,221,203
3727,7508,336,222,205
3728,7510,335,222,201
3729,7512,329,223,205
3730,7514,328,221,205
3731,7516,361,222,203
3732,7518,342,221,203
3733,7520,327,222,200
3734,7522,304,221,204
3735,7524,318,221,202
3736,7526,325,221,203
3737,7528,328,221,202
3738,7530,330,221,202
3739,7532,325,221,203
3740,7534,328,221,203
3741,7536,357,220,203
3742,7538,332,220,203
3743,7540,321,220,201
3744,7542,306,220,202
3745,7544,317,220,202
3746,7546,330,221,203
3747,7548,330,217,201
3748,7550,327,217,203
3749,7552,323,217,202
3750,7554,326,217,203
3751,7556,353,217,203
3752,7558,334,217,202
3753,7560,328,217,202
3754,7562,306,216,202
3755,7564,318,216,202
3756,7566,336,217,203
3757,7568,327,216,203
3758,7570,331,216,201
3759,7572,324,216,201
3760,7574,324,216,201
3761,7576,358,216,202
3762,7578,340,216,202
3763,7580,328,215,202
3764,7582,309,215,202
3765,7584,317,216,202
3766,7586,329,215,203
3767,7588,331,215,202
3768,7590,330,215,199
3769,7592,322,215,200
3770,7594,322,214,201
3771,7596,359,214,202
3772,7598,337,214,202
3773,7600,328,213,201
3774,7602,310,213,202
3775,7604,315,213,200
3776,7606,327,213,201
3777,7608,326,213,201
3778,7610,328,212,201
3779,7612,328,212,202
3780,7614,322,211,201
3781,7616,333,211,201
3782,7618,335,212,202
3783,7620,325,211,202
3784,7622,302,213,202
3785,7624,316,211,202
3786,7626,329,211,201
3787,7628,327,211,202
3788,7630,326,212,202
3789,7632,325,211,201
3790,7634,311,212,203
3791,7636,344,211,203
3792,7638,326,211,203
3793,7640,318,211,202
3794,7642,300,211,202
3795,7644,310,211,202
3796,7646,323,210,201
3797,7648,327,210,202
3798,7650,327,210,203
3799,7652,320,210,201
3800,7654,315,210,201
3801,7656,346,211,203
3802,7658,330,211,203
3803,7660,317,210,200
3804,7662,292,210,201
3805,7664,306,210,202
3806,7666,304,210,202
3807,7668,310,211,202
3808,7670,319,210,202
3809,7672,294,211,202
3810,7674,281,210,201
3811,7676,297,210,201
3812,7678,280,210,202
3813,7680,280,210,204
3814,7682,244,210,202
3815,7684,254,210,202
3816,7686,282,211,203
3817,7688,263,210,201
3818,7690,265,210,202
3819,7692,259,210,202
3820,7694,259,211,202
3821,7696,295,211,203
3822,7698,273,210,202
3823,7700,260,210,202
3824,7702,237,210,203
3825,7704,252,210,202
3826,7706,270,210,201
3827,7708,279,210,203
3828,7710,272,211,204
3829,7712,268,210,202
3830,7714,261,210,201
3831,7716,285,210,202
3832,7718,272,211,202
3833,7720,269,210,201
3834,7722,239,211,201
3835,7724,282,211,202
3836,7726,291,210,204
3837,7728,290,210,203
3838,7730,297,211,202
3839,7732,282,211,203
3840,7734,286,211,203
3841,7736,317,210,202
3842,7738,285,210,203
3843,7740,266,211,200
3844,7742,247,211,203
3845,7744,254,211,202
3846,7746,277,212,204
3847,7748,273,211,202
3848,7750,280,211,202
3849,7752,279,211,201
3850,7754,274,211,202
3851,7756,303,212,203
3852,7758,282,213,202
3853,7760,271,213,203
3854,7762,244,214,202
3855,7764,258,213,203
3856,7766,275,213,200
3857,7768,283,214,202
3858,7770,285,214,202
3859,7772,278,213,203
3860,7774,275,214,203
3861,7776,298,214,203
3862,7778,276,214,201
3863,7780,276,213,201
3864,7782,240,214,201
3865,7784,259,214,201
3866,7786,272,213,201
3867,7788,269,213,201
3868,7790,276,213,200
3869,7792,274,213,202
3870,7794,278,213,201
3871,7796,297,214,203
3872,7798,285,213,202
3873,7800,279,214,202
3874,7802,246,213,202
3875,7804,273,214,202
3876,7806,288,214,202
3877,7808,285,213,202
3878,7810,288,211,202
3879,7812,282,213,201
3880,7814,282,213,203
3881,7816,309,214,203
3882,7818,284,213,201
3883,7820,284,213,200
3884,7822,261,213,201
3885,7824,274,213,201
3886,7826,282,213,203
3887,7828,286,213,202
3888,7830,286,213,201
3889,7832,289,213,201
3890,7834,290,213,200
3891,7836,315,213,200
3892,7838,302,214,202
3893,7840,291,213,201
3894,7842,277,214,200
3895,7844,278,213,200
3896,7846,283,213,200
3897,7848,287,213,203
3898,7850,292,214,203
3899,7852,296,214,201
3900,7854,291,213,200
3901,7856,319,213,201
3902,7858,305,213,199
3903,7860,309,214,201
3904,7862,270,213,200
3905,7864,284,214,200
3906,7866,284,213,200
3907,7868,289,214,200
3908,7870,294,212,201
3909,7872,298,214,201
3910,7874,293,214,201
3911,7876,320,214,201
3912,7878,309,214,203
3913,7880,298,214,201
3914,7882,278,214,200
3915,7884,283,214,201
3916,7886,299,214,201
3917,7888,285,214,201
3918,7890,299,214,200
3919,7892,300,214,199
3920,7894,301,214,201
3921,7896,319,214,200
3922,7898,306,214,200
3923,7900,296,215,198
3924,7902,276,215,200
3925,7904,287,214,199
3926,7906,294,214,199
3927,7908,301,215,198
3928,7910,294,215,201
3929,7912,297,215,201
3930,7914,300,213,200
3931,7916,322,215,198
3932,7918,307,215,201
3933,7920,304,214,200
3934,7922,269,213,199
3935,7924,283,214,199
3936,7926,308,213,199
3937,7928,297,215,203
3938,7930,311,213,198
3939,7932,291,214,199
3940,7934,303,213,199
3941,7936,319,212,199
3942,7938,312,215,201
3943,7940,308,214,199
3944,7942,275,214,200
3945,7944,289,213,200
3946,7946,298,211,198
3947,7948,297,213,200
3948,7950,299,213,200
3949,7952,306,213,198
3950,7954,306,214,200
3951,7956,323,214,202
3952,7958,317,214,200
3953,7960,298,214,199
3954,7962,274,212,199
3955,7964,283,214,200
3956,7966,281,214,198
3957,7968,289,215,199
3958,7970,297,214,200
3959,7972,295,214,198
3960,7974,298,214,200
3961,7976,319,214,199
3962,7978,306,214,199
3963,7980,297,215,200
3964,7982,268,214,198
3965,7984,286,214,199
3966,7986,305,214,200
3967,7988,292,213,198
3968,7990,292,214,201
3969,7992,303,213,199
3970,7994,306,213,199
3971,7996,325,213,200
3972,7998,313,213,199
3973,8000,305,214,198
3974,8002,283,213,197
3975,8004,293,213,199
3976,8006,301,214,202
3977,8008,308,213,199
3978,8010,310,213,198
3979,8012,310,212,199
3980,8014,310,212,199
3981,8016,336,213,200
3982,8018,321,213,200
3983,8020,314,213,199
3984,8022,283,212,199
3985,8024,297,213,199
3986,8026,311,213,202
3987,8028,304,212,199
3988,8030,308,213,199
3989,8032,302,212,198
3990,8034,315,213,198
3991,8036,335,213,199
3992,8038,324,212,199
3993,8040,313,212,199
3994,8042,289,213,199
3995,8044,293,212,198
3996,8046,309,211,198
3997,8048,310,214,201
3998,8050,312,214,199
3999,8052,309,212,198
4000,8054,309,215,199
4001,8056,339,213,198
4002,8058,316,213,199
4003,8060,312,212,198
4004,8062,283,214,198
4005,8064,294,213,199
4006,8066,311,213,200
4007,8068,307,213,199
4008,8070,308,213,200
4009,8072,308,213,199
4010,8074,312,211,199
4011,8076,336,212,198
4012,8078,322,213,199
4013,8080,303,213,199
4014,8082,286,210,198
4015,8084,295,213,198
4016,8086,311,214,199
4017,8088,311,214,198
4018,8090,308,213,198
4019,8092,308,213,198
4020,8094,314,213,198
4021,8096,337,214,198
4022,8098,317,216,198
4023,8100,315,215,199
4024,8102,282,215,199
4025,8104,299,215,199
4026,8106,305,215,199
4027,8108,304,219,199
4028,8110,316,218,199
4029,8112,311,218,199
4030,8114,310,219,198
4031,8116,337,218,199
4032,8118,316,219,198
4033,8120,306,220,200
4034,8122,283,220,200
4035,8124,296,220,199
4036,8126,301,221,200
4037,8128,307,220,199
4038,8130,300,220,199
4039,8132,317,221,199
4040,8134,312,221,200
4041,8136,333,222,199
4042,8138,313,221,200
4043,8140,310,221,199
4044,8142,294,221,202
4045,8144,301,221,201
4046,8146,309,221,200
4047,8148,312,222,199
4048,8150,307,221,200
4049,8152,301,222,200
4050,8154,314,222,200
4051,8156,344,222,200
4052,8158,316,222,201
4053,8160,307,222,200
4054,8162,291,222,200
4055,8164,296,222,201
4056,8166,307,222,199
4057,8168,315,222,198
4058,8170,315,221,199
4059,8172,309,222,200
4060,8174,312,222,201
4061,8176,340,222,200
4062,8178,323,222,198
4063,8180,315,222,200
4064,8182,290,222,201
4065,8184,295,222,200
4066,8186,312,221,201
4067,8188,307,223,201
4068,8190,327,222,200
4069,8192,308,222,201
4070,8194,321,223,201
4071,8196,337,222,200
4072,8198,320,221,201
4073,8200,311,222,202
4074,8202,283,222,200
4075,8204,298,221,199
4076,8206,309,221,199
4077,8208,313,222,200
4078,8210,302,222,200
4079,8212,307,221,198
4080,8214,305,221,198
4081,8216,335,222,200
4082,8218,322,222,199
4083,8220,313,222,199
4084,8222,283,221,199
4085,8224,294,222,199
4086,8226,307,223,199
4087,8228,312,223,199
4088,8230,311,221,196
4089,8232,310,222,198
4090,8234,309,222,198
4091,8236,334,223,200
4092,8238,305,222,199
4093,8240,307,222,198
4094,8242,290,222,198
4095,8244,298,223,198
4096,8246,307,222,199
4097,8248,310,223,196
4098,8250,312,222,198
4099,8252,305,223,199
4100,8254,319,223,199
4101,8256,338,223,199
4102,8258,316,223,199
4103,8260,311,222,198
4104,8262,284,222,198
4105,8264,293,222,198
4106,8266,309,222,198
4107,8268,311,222,198
4108,8270,310,223,199
4109,8272,311,222,199
4110,8274,307,222,198
4111,8276,339,223,200
4112,8278,309,222,199
4113,8280,302,223,199
4114,8282,270,222,199
4115,8284,296,222,198
4116,8286,311,223,200
4117,8288,314,221,199
4118,8290,320,222,198
4119,8292,306,222,199
4120,8294,312,222,198
4121,8296,328,222,201
4122,8298,326,223,199
4123,8300,306,222,199
4124,8302,278,222,200
4125,8304,294,222,199
4126,8306,306,221,200
4127,8308,305,221,198
4128,8310,304,222,199
4129,8312,308,222,200
4130,8314,312,223,200
4131,8316,337,222,200
4132,8318,310,223,199
4133,8320,308,224,199
4134,8322,280,222,200
4135,8324,297,222,199
4136,8326,300,222,196
4137,8328,308,222,198
4138,8330,304,222,198
4139,8332,300,221,198
4140,8334,313,221,197
4141,8336,335,222,198
4142,8338,322,222,199
4143,8340,305,221,198
4144,8342,276,221,197
4145,8344,292,221,199
4146,8346,302,220,199
4147,8348,309,222,199
4148,8350,306,222,198
4149,8352,301,221,197
4150,8354,307,221,198
4151,8356,334,222,200
4152,8358,312,221,199
4153,8360,300,222,198
4154,8362,275,222,198
4155,8364,294,222,198
4156,8366,302,222,199
4157,8368,309,221,197
4158,8370,304,222,197
4159,8372,290,222,196
4160,8374,307,221,198
4161,8376,328,221,196
4162,8378,309,221,196
4163,8380,302,221,198
4164,8382,276,222,198
4165,8384,290,222,198
4166,8386,291,221,196
4167,8388,316,221,196
4168,8390,307,221,197
4169,8392,306,221,196
4170,8394,305,222,198
4171,8396,335,222,197
4172,8398,312,221,198
4173,8400,308,222,197
4174,8402,278,222,196
4175,8404,286,221,197
4176,8406,303,222,196
4177,8408,307,222,196
4178,8410,301,221,197
4179,8412,307,221,196
4180,8414,311,221,198
4181,8416,320,222,197
4182,8418,300,222,198
4183,8420,303,221,198
4184,8422,274,221,197
4185,8424,289,222,198
4186,8426,302,221,196
4187,8428,313,220,196
4188,8430,306,223,198
4189,8432,304,222,199
4190,8434,300,222,198
4191,8436,326,222,199
4192,8438,309,222,199
4193,8440,301,221,199
4194,8442,272,222,198
4195,8444,292,221,197
4196,8446,294,222,199
4197,8448,292,221,198
4198,8450,298,221,199
4199,8452,302,223,199
4200,8454,311,223,199
4201,8456,332,221,198
4202,8458,307,221,199
4203,8460,300,221,197
4204,8462,265,222,197
4205,8464,291,222,199
4206,8466,301,221,197
4207,8468,304,222,198
4208,8470,304,222,197
4209,8472,305,221,198
4210,8474,310,222,199
4211,8476,340,222,199
4212,8478,312,222,198
4213,8480,307,221,198
4214,8482,279,221,197
4215,8484,289,222,198
4216,8486,300,222,198
4217,8488,301,221,197
4218,8490,312,221,197
4219,8492,310,221,196
4220,8494,307,221,197
4221,8496,334,221,197
4222,8498,300,222,197
4223,8500,311,222,198
4224,8502,269,221,197
4225,8504,289,222,197
4226,8506,310,221,197
4227,8508,304,221,196
4228,8510,301,222,197
4229,8512,301,221,196
4230,8514,310,221,199
4231,8516,334,222,199
4232,8518,302,222,197
4233,8520,305,221,197
4234,8522,272,222,195
4235,8524,289,221,197
4236,8526,305,221,195
4237,8528,307,221,199
4238,8530,314,222,199
4239,8532,308,221,197
4240,8534,313,222,198
4241,8536,334,223,198
4242,8538,317,223,197
4243,8540,314,222,196
4244,8542,282,222,196
4245,8544,300,222,197
4246,8546,303,221,197
4247,8548,308,222,198
4248,8550,313,222,197
4249,8552,315,221,196
4250,8554,315,222,199
4251,8556,332,222,198
4252,8558,318,222,197
4253,8560,311,222,196
4254,8562,275,221,196
4255,8564,289,222,197
4256,8566,305,222,197
4257,8568,311,220,197
4258,8570,308,222,198
4259,8572,311,222,197
4260,8574,318,221,196
4261,8576,330,222,197
4262,8578,333,222,197
4263,8580,310,222,195
4264,8582,280,221,196
4265,8584,298,222,195
4266,8586,303,222,196
4267,8588,303,222,197
4268,8590,307,222,196
4269,8592,320,221,196
4270,8594,313,221,197
4271,8596,334,222,196
4272,8598,317,222,198
4273,8600,313,221,196
4274,8602,284,221,195
4275,8604,296,222,196
4276,8606,301,222,195
4277,8608,308,221,195
4278,8610,314,222,196
4279,8612,310,222,193
4280,8614,320,222,198
4281,8616,338,221,196
4282,8618,318,222,197
4283,8620,308,221,197
4284,8622,289,220,196
4285,8624,300,222,197
4286,8626,303,220,196
4287,8628,310,221,196
4288,8630,311,222,199
4289,8632,316,222,196
4290,8634,321,222,197
4291,8636,333,221,195
4292,8638,314,222,197
4293,8640,310,222,200
4294,8642,285,221,196
4295,8644,297,221,196
4296,8646,299,221,197
4297,8648,305,221,195
4298,8650,308,221,197
4299,8652,310,221,197
4300,8654,317,222,198
4301,8656,331,222,199
4302,8658,312,222,198
4303,8660,310,220,197
4304,8662,277,218,196
4305,8664,294,221,197
4306,8666,305,222,198
4307,8668,307,221,197
4308,8670,309,222,197
4309,8672,310,222,198
4310,8674,318,221,197
4311,8676,332,222,197
4312,8678,320,221,198
4313,8680,304,222,197
4314,8682,277,222,197
4315,8684,295,222,197
4316,8686,309,221,199
4317,8688,301,222,197
4318,8690,301,221,197
4319,8692,321,221,197
4320,8694,316,222,198
4321,8696,335,222,197
4322,8698,320,221,196
4323,8700,311,221,196
4324,8702,280,222,197
4325,8704,290,222,196
4326,8706,309,222,198
4327,8708,303,222,197
4328,8710,310,223,198
4329,8712,315,222,198
4330,8714,314,219,197
4331,8716,330,221,197
4332,8718,311,220,197
4333,8720,304,222,198
4334,8722,274,221,197
4335,8724,293,222,197
4336,8726,304,221,197
4337,8728,305,222,198
4338,8730,299,219,198
4339,8732,308,221,196
4340,8734,312,220,198
4341,8736,330,221,197
4342,8738,316,221,198
4343,8740,301,221,197
4344,8742,277,221,197
4345,8744,293,221,198
4346,8746,307,221,200
4347,8748,298,221,199
4348,8750,306,221,198
4349,8752,296,221,197
4350,8754,314,221,198
4351,8756,338,221,197
4352,8758,318,220,197
4353,8760,310,221,197
4354,8762,280,219,197
4355,8764,296,220,197
4356,8766,307,219,198
4357,8768,302,220,196
4358,8770,306,223,197
4359,8772,296,220,197
4360,8774,316,221,198
4361,8776,331,221,196
4362,8778,312,220,197
4363,8780,305,222,196
4364,8782,279,220,196
4365,8784,288,220,197
4366,8786,305,219,198
4367,8788,295,219,196
4368,8790,298,221,197
4369,8792,306,221,195
4370,8794,314,220,196
4371,8796,332,221,196
4372,8798,311,221,195
4373,8800,298,222,196
4374,8802,274,221,194
4375,8804,288,221,195
4376,8806,305,221,196
4377,8808,292,221,195
4378,8810,303,220,195
4379,8812,303,220,195
4380,8814,323,221,195
4381,8816,329,221,194
4382,8818,309,221,196
4383,8820,304,221,195
4384,8822,277,220,197
4385,8824,288,221,196
4386,8826,301,221,196
4387,8828,305,221,194
4388,8830,302,220,194
4389,8832,298,221,195
4390,8834,323,220,195
4391,8836,332,221,195
4392,8838,312,221,196
4393,8840,297,221,195
4394,8842,273,219,200
4395,8844,287,221,196
4396,8846,298,221,195
4397,8848,296,221,195
4398,8850,285,221,195
4399,8852,291,221,196
4400,8854,315,221,196
4401,8856,312,223,196
4402,8858,263,221,196
4403,8860,252,221,197
4404,8862,224,220,195
4405,8864,237,221,195
4406,8866,247,221,195
4407,8868,258,221,197
4408,8870,247,221,196
4409,8872,254,221,196
4410,8874,282,220,196
4411,8876,280,221,196
4412,8878,258,221,196
4413,8880,251,221,196
4414,8882,225,221,196
4415,8884,239,221,197
4416,8886,248,221,196
4417,8888,260,221,196
4418,8890,248,220,196
4419,8892,258,220,197
4420,8894,281,221,197
4421,8896,284,221,198
4422,8898,263,221,196
4423,8900,251,221,196
4424,8902,225,221,195
4425,8904,242,220,196
4426,8906,254,221,197
4427,8908,257,220,196
4428,8910,258,220,196
4429,8912,254,221,195
4430,8914,283,220,195
4431,8916,289,219,195
4432,8918,259,219,196
4433,8920,250,219,195
4434,8922,235,220,195
4435,8924,243,219,196
4436,8926,249,219,197
4437,8928,257,217,197
4438,8930,263,218,198
4439,8932,255,218,197
4440,8934,286,218,196
4441,8936,295,219,198
4442,8938,262,219,198
4443,8940,261,218,199
4444,8942,219,220,197
4445,8944,241,218,196
4446,8946,255,217,197
4447,8948,264,216,196
4448,8950,266,217,199
4449,8952,259,218,196
4450,8954,282,217,196
4451,8956,286,217,197
4452,8958,284,217,196
4453,8960,277,217,196
4454,8962,244,218,197
4455,8964,267,218,196
4456,8966,282,217,197
4457,8968,286,218,198
4458,8970,289,218,197
4459,8972,281,218,197
4460,8974,321,218,195
4461,8976,323,218,197
4462,8978,297,217,197
4463,8980,287,218,197
4464,8982,274,217,198
4465,8984,289,217,197
4466,8986,298,218,198
4467,8988,308,217,197
4468,8990,310,217,196
4469,8992,307,217,197
4470,8994,327,216,197
4471,8996,334,217,197
4472,8998,313,217,196
4473,9000,303,217,196
4474,9002,275,216,196
4475,9004,290,214,196
4476,9006,306,215,198
4477,9008,306,214,197
4478,9010,308,212,198
4479,9012,309,213,195
4480,9014,334,213,196
4481,9016,332,213,197
4482,9018,307,213,195
4483,9020,300,212,196
4484,9022,275,209,197
4485,9024,284,209,196
4486,9026,304,209,198
4487,9028,308,209,196
4488,9030,304,209,198
4489,9032,306,208,197
4490,9034,320,208,197
4491,9036,322,207,197
4492,9038,300,207,197
4493,9040,291,208,196
4494,9042,263,208,194
4495,9044,279,208,194
4496,9046,293,207,194
4497,9048,295,208,194
4498,9050,297,208,194
4499,9052,295,207,194
4500,9054,318,208,196
4501,9056,322,208,195
4502,9058,294,207,195
4503,9060,289,207,195
4504,9062,248,207,191
4505,9064,239,208,193
4506,9066,257,207,191
4507,9068,257,207,193
4508,9070,260,207,192
4509,9072,256,207,193
4510,9074,287,207,194
4511,9076,286,207,194
4512,9078,254,206,194
4513,9080,258,207,195
4514,9082,224,206,194
4515,9084,243,206,191
4516,9086,261,207,191
4517,9088,262,206,192
4518,9090,253,207,192
4519,9092,254,206,192
4520,9094,285,206,193
4521,9096,286,206,191
4522,9098,252,206,192
4523,9100,243,206,192
4524,9102,222,206,190
4525,9104,237,205,192
4526,9106,250,205,190
4527,9108,254,205,192
4528,9110,254,205,193
4529,9112,257,205,192
4530,9114,284,206,194
4531,9116,281,204,193
4532,9118,256,207,192
4533,9120,247,205,193
4534,9122,226,205,192
4535,9124,233,205,192
4536,9126,262,205,193
4537,9128,268,205,192
4538,9130,266,204,192
4539,9132,255,204,192
4540,9134,283,205,193
4541,9136,284,204,191
4542,9138,257,205,192
4543,9140,250,205,193
4544,9142,233,205,190
4545,9144,240,205,193
4546,9146,263,204,191
4547,9148,258,204,194
4548,9150,264,204,190
4549,9152,258,204,191
4550,9154,292,205,192
4551,9156,289,205,192
4552,9158,262,205,191
4553,9160,253,205,192
4554,9162,224,204,193
4555,9164,239,205,191
4556,9166,249,205,193
4557,9168,252,206,192
4558,9170,263,205,192
4559,9172,253,205,193
4560,9174,286,204,195
4561,9176,276,206,191
4562,9178,255,205,192
4563,9180,245,205,191
4564,9182,221,205,192
4565,9184,239,204,191
4566,9186,253,204,192
4567,9188,254,205,193
4568,9190,263,205,192
4569,9192,248,205,191
4570,9194,282,205,191
4571,9196,284,204,192
4572,9198,267,205,192
4573,9200,265,205,191
4574,9202,210,206,192
4575,9204,239,205,192
4576,9206,257,205,191
4577,9208,253,206,191
4578,9210,256,205,190
4579,9212,251,206,192
4580,9214,291,205,191
4581,9216,293,205,192
4582,9218,266,205,191
4583,9220,252,206,189
4584,9222,236,206,191
4585,9224,240,206,192
4586,9226,259,205,191
4587,9228,256,206,191
4588,9230,255,205,190
4589,9232,258,205,190
4590,9234,292,206,192
4591,9236,287,206,192
4592,9238,284,206,191
4593,9240,254,205,192
4594,9242,231,206,192
4595,9244,239,206,191
4596,9246,257,206,192
4597,9248,256,206,192
4598,9250,258,206,192
4599,9252,268,207,192
4600,9254,286,207,192
4601,9256,278,206,193
4602,9258,266,207,192
4603,9260,259,206,193
4604,9262,222,206,192
4605,9264,237,206,192
4606,9266,249,206,191
4607,9268,260,207,192
4608,9270,256,207,192
4609,9272,266,207,192
4610,9274,294,207,193
4611,9276,290,206,192
4612,9278,267,207,192
4613,9280,258,206,191
4614,9282,229,206,190
4615,9284,241,206,191
4616,9286,263,206,192
4617,9288,259,206,192
4618,9290,266,205,191
4619,9292,264,205,191
4620,9294,294,205,191
4621,9296,297,205,189
4622,9298,270,204,191
4623,9300,261,205,192
4624,9302,231,205,190
4625,9304,242,205,190
4626,9306,261,204,189
4627,9308,259,205,190
4628,9310,263,205,189
4629,9312,257,205,190
4630,9314,299,205,190
4631,9316,300,205,193
4632,9318,271,204,191
4633,9320,261,203,191
4634,9322,235,204,191
4635,9324,243,204,191
4636,9326,264,205,193
4637,9328,255,204,192
4638,9330,264,204,191
4639,9332,263,203,193
4640,9334,299,205,191
4641,9336,295,205,194
4642,9338,274,203,191
4643,9340,260,204,190
4644,9342,227,204,191
4645,9344,243,204,191
4646,9346,259,203,190
4647,9348,255,203,190
4648,9350,266,203,191
4649,9352,266,202,191
4650,9354,296,202,192
4651,9356,290,202,191
4652,9358,279,201,190
4653,9360,262,202,191
4654,9362,232,201,190
4655,9364,244,201,191
4656,9366,263,201,189
4657,9368,261,201,192
4658,9370,268,200,190
4659,9372,252,201,191
4660,9374,284,200,190
4661,9376,293,200,191
4662,9378,271,200,192
4663,9380,259,200,192
4664,9382,232,201,192
4665,9384,243,201,191
4666,9386,258,200,191
4667,9388,261,201,190
4668,9390,260,200,189
4669,9392,261,200,189
4670,9394,289,200,191
4671,9396,284,200,190
4672,9398,269,200,189
4673,9400,260,200,188
4674,9402,223,200,192
4675,9404,241,200,189
4676,9406,251,200,190
4677,9408,243,199,189
4678,9410,257,199,189
4679,9412,259,201,189
4680,9414,287,200,191
4681,9416,276,200,190
4682,9418,260,201,190
4683,9420,253,200,189
4684,9422,223,198,189
4685,9424,235,200,190
4686,9426,250,198,190
4687,9428,258,198,191
4688,9430,275,199,189
4689,9432,261,199,188
4690,9434,291,196,188
4691,9436,286,199,189
4692,9438,256,200,189
4693,9440,251,198,188
4694,9442,226,198,188
4695,9444,237,197,185
4696,9446,254,198,187
4697,9448,251,199,187
4698,9450,273,197,185
4699,9452,252,197,187
4700,9454,280,198,186
4701,9456,282,201,185
4702,9458,270,197,185
4703,9460,252,200,186
4704,9462,218,197,186
4705,9464,239,197,186
4706,9466,257,198,183
4707,9468,258,197,183
4708,9470,255,198,183
4709,9472,254,196,180
4710,9474,285,196,182
4711,9476,274,198,182
4712,9478,255,197,182
4713,9480,250,196,183
4714,9482,215,197,180
4715,9484,194,197,180
4716,9486,232,196,183
4717,9488,247,196,182
4718,9490,264,197,182
4719,9492,251,197,182
4720,9494,284,197,181
4721,9496,271,196,184
4722,9498,255,197,182
4723,9500,247,197,180
4724,9502,223,197,180
4725,9504,232,196,180
4726,9506,250,197,181
4727,9508,244,197,181
4728,9510,243,197,181
4729,9512,246,197,183
4730,9514,291,197,181
4731,9516,272,197,182
4732,9518,254,196,181
4733,9520,250,198,180
4734,9522,231,197,180
4735,9524,234,196,178
4736,9526,244,197,180
4737,9528,260,196,181
4738,9530,261,197,180
4739,9532,245,197,181
4740,9534,284,198,182
4741,9536,283,197,181
4742,9538,264,197,181
4743,9540,250,197,182
4744,9542,224,197,181
4745,9544,237,198,180
4746,9546,247,198,181
4747,9548,267,198,182
4748,9550,256,197,180
4749,9552,256,197,181
4750,9554,282,197,180
4751,9556,281,198,181
4752,9558,259,198,180
4753,9560,241,197,181
4754,9562,221,198,184
4755,9564,239,198,182
4756,9566,260,198,184
4757,9568,250,199,182
4758,9570,259,198,182
4759,9572,255,199,183
4760,9574,285,198,182
4761,9576,280,199,183
4762,9578,249,198,183
4763,9580,251,200,182
4764,9582,231,197,185
4765,9584,219,199,185
4766,9586,259,199,183
4767,9588,254,199,184
4768,9590,263,199,185
4769,9592,258,199,185
4770,9594,288,199,185
4771,9596,288,198,184
4772,9598,255,197,185
4773,9600,264,199,183
4774,9602,225,198,183
4775,9604,220,199,187
4776,9606,270,200,185
4777,9608,255,199,187
4778,9610,268,199,186
4779,9612,259,199,191
4780,9614,292,199,187
4781,9616,280,200,186
4782,9618,259,199,187
4783,9620,246,199,187
4784,9622,225,200,185
4785,9624,246,199,185
4786,9626,254,198,189
4787,9628,270,198,186
4788,9630,269,199,189
4789,9632,253,200,187
4790,9634,288,198,188
4791,9636,286,199,189
4792,9638,260,200,187
4793,9640,253,200,188
4794,9642,234,199,188
4795,9644,241,198,186
4796,9646,258,197,187
4797,9648,268,198,187
4798,9650,261,198,185
4799,9652,253,198,188
4800,9654,285,199,188
4801,9656,287,197,186
4802,9658,257,198,187
4803,9660,252,198,186
4804,9662,227,199,186
4805,9664,243,199,187
4806,9666,254,197,186
4807,9668,264,200,187
4808,9670,276,199,203
4809,9672,250,199,187
4810,9674,289,196,185
4811,9676,279,197,186
4812,9678,261,198,186
4813,9680,259,199,184
4814,9682,232,199,185
4815,9684,244,198,185
4816,9686,256,199,186
4817,9688,265,198,188
4818,9690,268,199,186
4819,9692,254,199,186
4820,9694,289,198,185
4821,9696,282,198,186
4822,9698,263,198,186
4823,9700,254,198,185
4824,9702,229,198,185
4825,9704,245,198,184
4826,9706,260,197,189
4827,9708,260,198,184
4828,9710,262,197,186
4829,9712,251,198,186
4830,9714,287,198,186
4831,9716,282,198,187
4832,9718,268,197,186
4833,9720,258,198,184
4834,9722,235,198,187
4835,9724,241,198,186
4836,9726,262,198,186
4837,9728,284,198,186
4838,9730,290,196,184
4839,9732,287,197,187
4840,9734,312,198,187
4841,9736,304,198,187
4842,9738,278,197,186
4843,9740,279,198,186
4844,9742,254,199,185
4845,9744,265,198,187
4846,9746,279,197,185
4847,9748,283,197,185
4848,9750,292,198,185
4849,9752,292,197,185
4850,9754,318,198,186
4851,9756,314,196,187
4852,9758,299,198,186
4853,9760,285,197,186
4854,9762,256,198,186
4855,9764,272,198,187
4856,9766,290,197,189
4857,9768,291,198,188
4858,9770,295,197,187
4859,9772,288,198,187
4860,9774,317,198,188
4861,9776,312,198,186
4862,9778,296,198,187
4863,9780,281,198,186
4864,9782,261,198,187
4865,9784,279,199,187
4866,9786,288,198,185
4867,9788,287,198,188
4868,9790,296,198,187
4869,9792,303,198,188
4870,9794,316,199,187
4871,9796,306,198,188
4872,9798,282,199,188
4873,9800,288,198,188
4874,9802,254,199,188
4875,9804,273,198,187
4876,9806,290,197,187
4877,9808,292,196,190
4878,9810,293,198,187
4879,9812,286,198,188
4880,9814,315,198,189
4881,9816,312,198,189
4882,9818,287,198,187
4883,9820,282,199,188
4884,9822,260,199,186
4885,9824,277,198,187
4886,9826,284,198,186
4887,9828,291,199,188
4888,9830,288,199,187
4889,9832,294,199,186
4890,9834,318,199,188
4891,9836,298,198,188
4892,9838,277,199,187
4893,9840,269,198,188
4894,9842,250,198,187
4895,9844,256,198,187
4896,9846,269,198,188
4897,9848,269,198,188
4898,9850,284,198,187
4899,9852,271,198,186
4900,9854,276,198,187
4901,9856,280,198,187
4902,9858,277,199,189
4903,9860,263,198,188
4904,9862,223,198,187
4905,9864,261,198,187
4906,9866,275,199,189
4907,9868,265,198,186
4908,9870,259,198,186
4909,9872,256,199,185
4910,9874,294,199,188
4911,9876,280,198,187
4912,9878,260,198,187
4913,9880,257,198,185
4914,9882,228,199,187
4915,9884,239,198,185
4916,9886,263,198,183
4917,9888,252,198,186
4918,9890,259,199,185
4919,9892,257,197,184
4920,9894,292,199,184
4921,9896,291,198,187
4922,9898,266,198,185
4923,9900,253,198,187
4924,9902,226,199,185
4925,9904,244,198,186
4926,9906,262,198,185
4927,9908,257,198,187
4928,9910,256,198,185
4929,9912,262,199,187
4930,9914,291,198,186
4931,9916,287,198,187
4932,9918,268,198,181
4933,9920,256,198,185
4934,9922,233,198,183
4935,9924,237,198,183
4936,9926,258,198,183
4937,9928,255,197,183
4938,9930,252,197,184
4939,9932,263,198,182
4940,9934,283,197,184
4941,9936,277,198,187
4942,9938,260,197,185
4943,9940,255,199,186
4944,9942,226,198,185
4945,9944,239,198,187
4946,9946,254,197,183
4947,9948,259,197,186
4948,9950,259,198,185
4949,9952,260,196,184
4950,9954,284,198,185
4951,9956,283,198,186
4952,9958,263,198,185
4953,9960,255,198,184
4954,9962,226,198,185
4955,9964,237,198,186
4956,9966,259,199,186
4957,9968,254,199,189
4958,9970,271,199,186
4959,9972,257,198,183
4960,9974,283,199,184
4961,9976,285,198,183
4962,9978,267,198,183
4963,9980,259,199,183
4964,9982,233,199,182
4965,9984,242,199,182
4966,9986,264,198,185
4967,9988,283,198,186
4968,9990,283,199,188
4969,9992,282,198,186
4970,9994,315,198,188
4971,9996,309,196,185
4972,9998,278,198,187
4973,10000,272,198,183
4974,10002,243,198,185
4975,10004,262,198,187
4976,10006,271,198,186
4977,10008,273,198,188
4978,10010,280,199,186
4979,10012,294,197,187
4980,10014,303,198,186
4981,10016,294,197,185
4982,10018,280,198,185
4983,10020,274,197,186
4984,10022,257,197,186
4985,10024,257,198,187
4986,10026,265,197,186
4987,10028,271,198,186
4988,10030,269,198,187
4989,10032,269,198,187
4990,10034,304,198,185
4991,10036,296,198,188
4992,10038,272,198,186
4993,10040,259,198,187
4994,10042,242,198,185
4995,10044,253,200,187
4996,10046,270,198,188
4997,10048,269,198,186
4998,10050,274,198,188
4999,10052,275,197,189
5000,10054,305,198,186
5001,10056,304,198,188
5002,10058,288,194,188
5003,10060,282,197,187
5004,10062,264,198,186
5005,10064,263,198,183
5006,10066,281,198,186
5007,10068,283,197,184
5008,10070,271,197,187
5009,10072,279,197,185
5010,10074,311,198,185
5011,10076,318,197,186
5012,10078,288,196,185
5013,10080,273,197,188
5014,10082,253,198,184
5015,10084,266,198,186
5016,10086,272,196,184
5017,10088,278,197,186
5018,10090,278,199,185
5019,10092,280,197,185
5020,10094,306,198,186
5021,10096,297,198,185
5022,10098,285,197,185
5023,10100,269,198,185
5024,10102,254,198,185
5025,10104,260,198,186
5026,10106,281,198,187
5027,10108,277,198,187
5028,10110,283,198,185
5029,10112,286,197,185
5030,10114,309,198,185
5031,10116,311,198,186
5032,10118,288,195,185
5033,10120,277,197,186
5034,10122,263,198,186
5035,10124,269,197,185
5036,10126,292,197,185
5037,10128,281,197,185
5038,10130,293,197,184
5039,10132,288,197,185
5040,10134,313,198,185
5041,10136,305,196,186
5042,10138,290,197,184
5043,10140,277,197,185
5044,10142,261,197,183
5045,10144,267,197,182
5046,10146,280,197,182
5047,10148,285,196,183
5048,10150,275,195,181
5049,10152,286,196,184
5050,10154,307,196,183
5051,10156,309,195,184
5052,10158,284,195,182
5053,10160,276,196,184
5054,10162,242,196,181
5055,10164,264,196,181
5056,10166,267,196,181
5057,10168,285,196,180
5058,10170,277,195,180
5059,10172,276,195,180
5060,10174,294,196,181
5061,10176,281,196,183
5062,10178,266,196,183
5063,10180,254,196,184
5064,10182,248,196,184
5065,10184,237,195,184
5066,10186,259,196,185
5067,10188,266,196,185
5068,10190,271,196,182
5069,10192,251,196,183
5070,10194,287,196,185
5071,10196,293,195,185
5072,10198,269,196,183
5073,10200,253,196,186
5074,10202,242,196,185
5075,10204,249,195,186
5076,10206,273,196,185
5077,10208,287,196,185
5078,10210,260,196,185
5079,10212,276,195,184
5080,10214,297,196,185
5081,10216,291,196,183
5082,10218,274,197,185
5083,10220,270,196,186
5084,10222,261,196,182
5085,10224,259,196,182
5086,10226,279,197,183
5087,10228,293,195,182
5088,10230,292,196,182
5089,10232,286,196,182
5090,10234,302,196,181
5091,10236,307,196,182
5092,10238,281,197,182
5093,10240,272,195,182
5094,10242,266,196,182
5095,10244,273,196,182
5096,10246,284,196,180
5097,10248,284,195,181
5098,10250,284,195,181
5099,10252,279,196,180
5100,10254,296,196,181
5101,10256,311,196,181
5102,10258,271,196,181
5103,10260,251,196,181
5104,10262,255,196,181
5105,10264,250,196,180
5106,10266,262,196,182
5107,10268,262,196,180
5108,10270,261,196,182
5109,10272,255,196,180
5110,10274,292,197,181
5111,10276,287,195,182
5112,10278,264,196,181
5113,10280,255,196,181
5114,10282,237,196,180
5115,10284,243,196,181
5116,10286,262,197,181
5117,10288,268,196,180
5118,10290,268,197,182
5119,10292,262,196,182
5120,10294,290,197,181
5121,10296,289,199,180
5122,10298,267,197,180
5123,10300,250,196,181
5124,10302,234,197,180
5125,10304,243,197,181
5126,10306,262,197,182
5127,10308,268,197,182
5128,10310,274,197,182
5129,10312,262,196,179
5130,10314,289,197,182
5131,10316,287,197,180
5132,10318,258,198,181
5133,10320,247,197,182
5134,10322,237,197,181
5135,10324,241,197,183
5136,10326,248,197,182
5137,10328,256,198,182
5138,10330,268,197,183
5139,10332,262,198,185
5140,10334,300,198,184
5141,10336,293,198,183
5142,10338,265,198,182
5143,10340,253,197,183
5144,10342,242,197,184
5145,10344,240,198,184
5146,10346,263,197,182
5147,10348,273,198,183
5148,10350,273,198,184
5149,10352,269,197,183
5150,10354,297,197,185
5151,10356,298,197,184
5152,10358,282,199,184
5153,10360,276,198,185
5154,10362,260,198,183
5155,10364,278,198,186
5156,10366,293,198,183
5157,10368,282,198,185
5158,10370,282,198,185
5159,10372,286,198,184
5160,10374,319,199,185
5161,10376,316,198,184
5162,10378,284,199,182
5163,10380,284,198,184
5164,10382,252,198,185
5165,10384,270,198,184
5166,10386,286,198,187
5167,10388,288,197,185
5168,10390,287,198,186
5169,10392,283,199,186
5170,10394,334,198,184
5171,10396,316,198,187
5172,10398,298,199,186
5173,10400,283,198,186
5174,10402,266,196,184
5175,10404,271,198,185
5176,10406,296,198,185
5177,10408,297,199,186
5178,10410,299,197,185
5179,10412,284,198,186
5180,10414,319,198,185
5181,10416,312,199,187
5182,10418,288,199,185
5183,10420,283,198,188
5184,10422,268,198,185
5185,10424,275,198,186
5186,10426,298,198,186
5187,10428,286,198,184
5188,10430,292,198,186
5189,10432,291,198,190
5190,10434,322,198,188
5191,10436,322,197,187
5192,10438,288,199,188
5193,10440,280,199,188
5194,10442,267,198,187
5195,10444,272,201,189
5196,10446,284,198,189
5197,10448,293,198,188
5198,10450,295,199,189
5199,10452,281,197,187
5200,10454,315,198,187
5201,10456,310,198,188
5202,10458,297,198,188
5203,10460,279,198,188
5204,10462,257,198,188
5205,10464,272,199,187
5206,10466,287,198,188
5207,10468,286,198,190
5208,10470,296,198,187
5209,10472,285,197,187
5210,10474,318,198,187
5211,10476,310,198,188
5212,10478,295,197,188
5213,10480,288,198,187
5214,10482,268,199,187
5215,10484,276,198,188
5216,10486,290,198,189
5217,10488,288,198,188
5218,10490,298,198,187
5219,10492,294,197,188
5220,10494,317,199,188
5221,10496,316,198,187
5222,10498,299,198,189
5223,10500,286,198,188
5224,10502,268,197,185
5225,10504,280,198,187
5226,10506,290,198,187
5227,10508,288,198,189
5228,10510,309,199,188
5229,10512,295,197,189
5230,10514,320,199,188
5231,10516,314,198,189
5232,10518,301,198,187
5233,10520,289,198,188
5234,10522,264,198,189
5235,10524,278,198,190
5236,10526,288,198,186
5237,10528,292,198,188
5238,10530,286,198,187
5239,10532,288,198,189
5240,10534,319,198,187
5241,10536,310,198,189
5242,10538,285,199,188
5243,10540,280,198,188
5244,10542,273,198,189
5245,10544,278,198,188
5246,10546,293,199,189
5247,10548,282,196,188
5248,10550,291,198,189
5249,10552,297,198,187
5250,10554,317,199,189
5251,10556,315,198,189
5252,10558,289,198,188
5253,10560,274,197,187
5254,10562,259,198,187
5255,10564,268,197,187
5256,10566,289,199,188
5257,10568,278,198,188
5258,10570,288,199,188
5259,10572,294,197,188
5260,10574,308,198,189
5261,10576,305,197,188
5262,10578,293,198,187
5263,10580,271,198,188
5264,10582,249,198,189
5265,10584,261,198,187
5266,10586,279,198,186
5267,10588,285,198,189
5268,10590,280,198,186
5269,10592,288,198,187
5270,10594,301,198,185
5271,10596,292,198,188
5272,10598,276,199,188
5273,10600,262,198,185
5274,10602,251,198,187
5275,10604,256,197,187
5276,10606,275,198,188
5277,10608,272,197,185
5278,10610,276,198,187
5279,10612,269,198,188
5280,10614,305,197,190
5281,10616,305,199,187
5282,10618,266,198,186
5283,10620,259,198,187
5284,10622,237,198,184
5285,10624,260,198,187
5286,10626,282,198,188
5287,10628,268,198,187
5288,10630,260,198,186
5289,10632,273,197,186
5290,10634,310,199,187
5291,10636,301,199,185
5292,10638,282,198,186
5293,10640,263,198,184
5294,10642,247,198,186
5295,10644,259,197,188
5296,10646,276,198,185
5297,10648,271,198,188
5298,10650,276,198,186
5299,10652,283,198,186
5300,10654,308,198,188
5301,10656,305,198,188
5302,10658,287,198,187
5303,10660,276,197,187
5304,10662,260,198,186
5305,10664,278,197,186
5306,10666,288,199,186
5307,10668,287,198,187
5308,10670,293,197,184
5309,10672,288,198,184
5310,10674,318,199,185
5311,10676,307,198,185
5312,10678,295,198,184
5313,10680,274,198,184
5314,10682,266,199,184
5315,10684,278,198,184
5316,10686,296,198,184
5317,10688,300,198,183
5318,10690,304,199,184
5319,10692,296,198,185
5320,10694,328,199,184
5321,10696,321,198,184
5322,10698,307,198,185
5323,10700,291,198,184
5324,10702,282,198,186
5325,10704,287,198,182
5326,10706,304,198,185
5327,10708,305,198,185
5328,10710,303,198,184
5329,10712,305,198,185
5330,10714,332,198,185
5331,10716,337,199,185
5332,10718,315,198,184
5333,10720,294,198,184
5334,10722,285,198,184
5335,10724,286,198,184
5336,10726,301,198,184
5337,10728,293,199,184
5338,10730,294,199,185
5339,10732,298,198,185
5340,10734,325,198,185
5341,10736,316,198,184
5342,10738,295,198,184
5343,10740,279,199,185
5344,10742,266,198,185
5345,10744,272,199,185
5346,10746,290,198,183
5347,10748,292,198,185
5348,10750,289,201,186
5349,10752,293,198,188
5350,10754,326,198,187
5351,10756,309,198,186
5352,10758,295,198,185
5353,10760,282,199,183
5354,10762,265,199,184
5355,10764,278,198,183
5356,10766,292,198,183
5357,10768,290,198,184
5358,10770,291,198,184
5359,10772,296,198,184
5360,10774,325,196,183
5361,10776,318,198,183
5362,10778,293,199,183
5363,10780,287,198,183
5364,10782,269,199,183
5365,10784,280,198,182
5366,10786,298,198,183
5367,10788,294,198,183
5368,10790,291,198,184
5369,10792,292,198,183
5370,10794,325,199,185
5371,10796,325,198,184
5372,10798,302,198,185
5373,10800,283,198,184
5374,10802,276,199,184
5375,10804,281,198,183
5376,10806,302,198,183
5377,10808,297,201,184
5378,10810,295,198,184
5379,10812,299,198,184
5380,10814,316,198,183
5381,10816,321,197,184
5382,10818,305,200,184
5383,10820,306,198,185
5384,10822,268,198,184
5385,10824,282,198,184
5386,10826,298,199,185
5387,10828,309,198,184
5388,10830,302,198,184
5389,10832,297,198,184
5390,10834,331,199,185
5391,10836,322,198,185
5392,10838,305,198,185
5393,10840,294,198,184
5394,10842,277,199,185
5395,10844,286,198,184
5396,10846,308,198,184
5397,10848,303,198,183
5398,10850,303,199,183
5399,10852,305,199,186
5400,10854,327,198,184
5401,10856,322,198,185
5402,10858,316,198,184
5403,10860,289,198,184
5404,10862,284,198,183
5405,10864,293,198,184
5406,10866,306,198,183
5407,10868,312,198,184
5408,10870,303,199,184
5409,10872,301,199,184
5410,10874,324,198,184
5411,10876,327,199,184
5412,10878,305,197,184
5413,10880,295,198,188
5414,10882,293,199,185
5415,10884,296,199,185
5416,10886,310,198,186
5417,10888,308,198,186
5418,10890,310,199,187
5419,10892,310,199,186
5420,10894,335,198,185
5421,10896,332,198,187
5422,10898,316,198,187
5423,10900,298,198,186
5424,10902,295,198,187
5425,10904,295,198,187
5426,10906,312,198,182
5427,10908,313,198,185
5428,10910,310,199,185
5429,10912,311,199,185
5430,10914,344,199,186
5431,10916,336,198,184
5432,10918,312,199,187
5433,10920,301,198,184
5434,10922,290,199,185
5435,10924,307,198,188
5436,10926,310,198,185
5437,10928,314,198,187
5438,10930,309,198,188
5439,10932,311,198,188
5440,10934,338,199,189
5441,10936,334,198,188
5442,10938,318,198,188
5443,10940,298,198,188
5444,10942,291,198,188
5445,10944,299,198,186
5446,10946,311,197,187
5447,10948,317,198,188
5448,10950,305,199,188
5449,10952,309,198,186
5450,10954,343,198,187
5451,10956,344,198,187
5452,10958,310,198,187
5453,10960,299,199,187
5454,10962,290,198,187
5455,10964,301,198,190
5456,10966,308,198,190
5457,10968,309,198,189
5458,10970,319,198,189
5459,10972,308,198,189
5460,10974,340,199,189
5461,10976,335,198,188
5462,10978,317,199,188
5463,10980,288,198,189
5464,10982,281,199,188
5465,10984,300,198,187
5466,10986,311,199,189
5467,10988,307,198,189
5468,10990,306,197,186
5469,10992,306,198,187
5470,10994,336,198,186
5471,10996,329,198,188
5472,10998,315,198,186
5473,11000,292,199,187
5474,11002,278,198,186
5475,11004,299,198,186
5476,11006,309,198,186
5477,11008,311,198,186
5478,11010,312,198,186
5479,11012,306,198,188
5480,11014,341,199,186
5481,11016,339,198,186
5482,11018,316,198,188
5483,11020,292,198,187
5484,11022,294,198,186
5485,11024,306,198,186
5486,11026,312,198,187
5487,11028,316,198,186
5488,11030,306,198,186
5489,11032,316,197,187
5490,11034,338,198,185
5491,11036,340,198,187
5492,11038,312,199,187
5493,11040,299,198,187
5494,11042,294,199,188
5495,11044,311,198,186
5496,11046,313,198,187
5497,11048,314,199,187
5498,11050,309,198,189
5499,11052,308,198,189
5500,11054,348,199,188
5501,11056,343,198,188
5502,11058,326,198,187
5503,11060,303,198,187
5504,11062,280,196,187
5505,11064,316,198,187
5506,11066,312,199,186
5507,11068,316,199,187
5508,11070,312,197,187
5509,11072,324,199,187
5510,11074,347,198,188
5511,11076,329,198,186
5512,11078,317,199,185
5513,11080,296,199,185
5514,11082,288,200,186
5515,11084,308,199,186
5516,11086,309,199,184
5517,11088,309,199,185
5518,11090,316,200,185
5519,11092,310,200,185
5520,11094,351,200,186
5521,11096,335,200,185
5522,11098,318,200,184
5523,11100,295,200,184
5524,11102,289,200,183
5525,11104,312,200,185
5526,11106,312,201,185
5527,11108,311,200,187
5528,11110,313,200,184
5529,11112,312,200,181
5530,11114,343,201,183
5531,11116,339,200,183
5532,11118,322,201,183
5533,11120,296,201,182
5534,11122,288,201,181
5535,11124,310,201,182
5536,11126,309,201,183
5537,11128,307,201,182
5538,11130,311,202,182
5539,11132,316,201,180
5540,11134,343,201,181
5541,11136,341,201,182
5542,11138,319,201,182
5543,11140,298,201,181
5544,11142,286,201,182
5545,11144,309,201,182
5546,11146,312,202,183
5547,11148,311,201,183
5548,11150,315,202,182
5549,11152,318,202,182
5550,11154,342,201,182
5551,11156,345,202,184
5552,11158,322,202,183
5553,11160,296,201,182
5554,11162,285,201,182
5555,11164,312,201,184
5556,11166,307,201,181
5557,11168,312,201,182
5558,11170,309,201,183
5559,11172,313,202,182
5560,11174,348,202,184
5561,11176,328,202,185
5562,11178,312,202,184
5563,11180,286,201,184
5564,11182,289,201,183
5565,11184,302,201,185
5566,11186,316,200,185
5567,11188,313,201,187
5568,11190,311,202,186
5569,11192,315,202,186
5570,11194,332,202,186
5571,11196,346,202,187
5572,11198,333,202,187
5573,11200,292,203,187
5574,11202,290,202,185
5575,11204,317,201,185
5576,11206,313,201,186
5577,11208,313,201,189
5578,11210,314,203,189
5579,11212,314,202,187
5580,11214,347,202,188
5581,11216,336,202,186
5582,11218,326,202,186
5583,11220,291,201,187
5584,11222,293,201,188
5585,11224,311,202,189
5586,11226,311,202,190
5587,11228,306,202,188
5588,11230,311,201,188
5589,11232,320,201,188
5590,11234,334,202,187
5591,11236,331,202,188
5592,11238,308,202,188
5593,11240,298,202,188
5594,11242,280,203,189
5595,11244,306,201,190
5596,11246,301,202,189
5597,11248,302,201,188
5598,11250,317,202,188
5599,11252,313,202,189
5600,11254,340,202,189
5601,11256,334,202,187
5602,11258,318,202,188
5603,11260,290,203,188
5604,11262,285,202,188
5605,11264,310,201,189
5606,11266,307,202,189
5607,11268,317,203,189
5608,11270,318,202,188
5609,11272,315,202,188
5610,11274,345,202,189
5611,11276,337,202,189
5612,11278,309,201,188
5613,11280,296,202,188
5614,11282,285,202,187
5615,11284,304,202,189
5616,11286,307,201,189
5617,11288,312,202,188
5618,11290,314,202,187
5619,11292,315,202,189
5620,11294,344,202,190
5621,11296,336,202,189
5622,11298,316,202,191
5623,11300,295,202,192
5624,11302,299,202,190
5625,11304,315,202,190
5626,11306,323,204,192
5627,11308,316,201,190
5628,11310,317,202,192
5629,11312,321,201,192
5630,11314,346,203,190
5631,11316,337,202,190
5632,11318,316,202,189
5633,11320,290,202,189
5634,11322,293,202,189
5635,11324,315,202,190
5636,11326,315,202,188
5637,11328,313,202,189
5638,11330,318,202,190
5639,11332,319,201,188
5640,11334,343,202,189
5641,11336,332,203,189
5642,11338,318,202,188
5643,11340,291,202,188
5644,11342,290,202,189
5645,11344,315,202,188
5646,11346,316,203,189
5647,11348,320,202,188
5648,11350,319,201,187
5649,11352,311,202,188
5650,11354,338,202,189
5651,11356,333,201,187
5652,11358,322,202,188
5653,11360,295,202,184
5654,11362,294,202,188
5655,11364,317,202,190
5656,11366,321,203,189
5657,11368,314,202,192
5658,11370,319,202,189
5659,11372,316,202,188
5660,11374,342,203,188
5661,11376,338,202,189
5662,11378,322,202,190
5663,11380,300,202,188
5664,11382,295,203,188
5665,11384,321,202,188
5666,11386,313,202,187
5667,11388,318,209,189
5668,11390,316,202,189
5669,11392,320,202,188
5670,11394,351,202,189
5671,11396,337,202,189
5672,11398,312,202,187
5673,11400,288,204,190
5674,11402,288,203,188
5675,11404,319,201,189
5676,11406,314,203,187
5677,11408,312,203,188
5678,11410,318,203,188
5679,11412,315,202,188
5680,11414,349,203,189
5681,11416,330,203,190
5682,11418,324,202,189
5683,11420,298,201,188
5684,11422,294,202,188
5685,11424,313,202,187
5686,11426,313,201,188
5687,11428,315,202,189
5688,11430,316,202,191
5689,11432,322,202,187
5690,11434,345,205,188
5691,11436,336,203,188
5692,11438,317,202,188
5693,11440,298,202,187
5694,11442,293,203,189
5695,11444,319,201,187
5696,11446,317,202,188
5697,11448,315,202,190
5698,11450,313,203,190
5699,11452,318,203,190
5700,11454,347,203,187
5701,11456,341,204,190
5702,11458,316,204,188
5703,11460,294,204,188
5704,11462,295,206,190
5705,11464,319,204,189
5706,11466,313,204,189
5707,11468,313,204,191
5708,11470,317,204,187
5709,11472,317,204,189
5710,11474,341,205,190
5711,11476,330,205,191
5712,11478,316,203,189
5713,11480,289,204,189
5714,11482,295,204,190
5715,11484,313,204,189
5716,11486,315,203,189
5717,11488,325,204,189
5718,11490,315,205,189
5719,11492,315,205,190
5720,11494,347,205,189
5721,11496,341,203,190
5722,11498,318,204,189
5723,11500,295,204,190
5724,11502,296,205,188
5725,11504,320,204,190
5726,11506,313,206,191
5727,11508,317,205,190
5728,11510,318,205,190
5729,11512,318,205,191
5730,11514,341,205,191
5731,11516,338,204,191
5732,11518,318,205,192
5733,11520,289,210,191
5734,11522,292,205,191
5735,11524,320,205,195
5736,11526,319,205,194
5737,11528,314,204,192
5738,11530,309,205,193
5739,11532,313,205,193
5740,11534,353,204,193
5741,11536,339,206,193
5742,11538,318,205,191
5743,11540,299,206,194
5744,11542,288,206,192
5745,11544,311,205,194
5746,11546,313,206,193
5747,11548,316,204,193
5748,11550,314,205,192
5749,11552,313,205,192
5750,11554,343,205,194
5751,11556,333,205,193
5752,11558,316,204,193
5753,11560,290,205,193
5754,11562,296,205,191
5755,11564,313,205,192
5756,11566,314,205,193
5757,11568,319,205,194
5758,11570,317,205,190
5759,11572,316,205,193
5760,11574,352,205,193
5761,11576,337,205,193
5762,11578,322,205,190
5763,11580,294,205,193
5764,11582,297,205,193
5765,11584,319,204,191
5766,11586,319,205,191
5767,11588,314,204,195
5768,11590,311,204,193
5769,11592,315,204,194
5770,11594,344,205,193
5771,11596,336,205,194
5772,11598,332,205,192
5773,11600,301,204,193
5774,11602,295,205,193
5775,11604,324,205,194
5776,11606,313,205,193
5777,11608,323,205,195
5778,11610,319,205,193
5779,11612,320,204,192
5780,11614,349,204,193
5781,11616,342,205,194
5782,11618,321,204,194
5783,11620,296,204,194
5784,11622,294,205,195
5785,11624,317,205,195
5786,11626,315,205,195
5787,11628,314,205,194
5788,11630,321,205,197
5789,11632,304,205,196
5790,11634,346,205,197
5791,11636,333,204,195
5792,11638,318,204,195
5793,11640,294,205,195
5794,11642,291,205,195
5795,11644,311,203,193
5796,11646,315,204,196
5797,11648,316,204,194
5798,11650,320,203,195
5799,11652,310,204,197
5800,11654,344,205,195
5801,11656,330,203,194
5802,11658,319,205,197
5803,11660,297,205,194
5804,11662,290,204,194
5805,11664,315,204,194
5806,11666,314,204,193
5807,11668,318,204,192
5808,11670,314,205,194
5809,11672,316,205,194
5810,11674,341,203,194
5811,11676,337,203,194
5812,11678,318,202,195
5813,11680,290,202,193
5814,11682,279,203,193
5815,11684,317,203,195
5816,11686,317,204,194
5817,11688,314,203,194
5818,11690,308,203,193
5819,11692,310,203,195
5820,11694,348,203,193
5821,11696,326,203,193
5822,11698,310,203,193
5823,11700,289,202,192
5824,11702,284,202,191
5825,11704,309,203,192
5826,11706,307,203,195
5827,11708,310,202,193
5828,11710,321,202,191
5829,11712,312,203,197
5830,11714,343,203,193
5831,11716,334,202,196
5832,11718,308,203,193
5833,11720,287,203,193
5834,11722,294,204,192
5835,11724,311,202,193
5836,11726,306,202,192
5837,11728,301,202,192
5838,11730,307,203,190
5839,11732,304,204,192
5840,11734,340,203,190
5841,11736,334,202,193
5842,11738,310,203,192
5843,11740,289,203,190
5844,11742,286,203,189
5845,11744,312,203,191
5846,11746,307,203,190
5847,11748,310,203,192
5848,11750,313,203,191
5849,11752,312,203,190
5850,11754,341,203,191
5851,11756,330,203,190
5852,11758,323,203,189
5853,11760,292,202,189
5854,11762,282,203,190
5855,11764,309,202,189
5856,11766,314,202,189
5857,11768,310,203,191
5858,11770,311,202,190
5859,11772,314,201,191
5860,11774,345,203,192
5861,11776,330,203,190
5862,11778,313,203,191
5863,11780,287,202,190
5864,11782,287,202,191
5865,11784,302,203,191
5866,11786,302,203,191
5867,11788,310,203,188
5868,11790,309,203,189
5869,11792,309,201,189
5870,11794,343,202,191
5871,11796,335,203,192
5872,11798,321,203,191
5873,11800,291,202,190
5874,11802,282,203,191
5875,11804,310,203,192
5876,11806,308,203,191
5877,11808,312,203,191
5878,11810,310,204,191
5879,11812,312,202,191
5880,11814,344,202,192
5881,11816,333,202,194
5882,11818,330,203,192
5883,11820,290,203,191
5884,11822,282,203,193
5885,11824,310,203,191
5886,11826,308,203,192
5887,11828,306,202,191
5888,11830,313,202,192
5889,11832,313,202,191
5890,11834,345,202,192
5891,11836,331,203,192
5892,11838,321,203,192
5893,11840,289,202,191
5894,11842,286,202,190
5895,11844,311,202,189
5896,11846,309,203,189
5897,11848,313,202,189
5898,11850,313,201,188
5899,11852,312,202,189
5900,11854,343,202,189
5901,11856,336,202,190
5902,11858,324,202,190
5903,11860,288,202,189
5904,11862,290,202,191
5905,11864,301,201,188
5906,11866,307,202,193
5907,11868,308,202,192
5908,11870,313,203,191
5909,11872,316,202,190
5910,11874,344,203,189
5911,11876,336,202,191
5912,11878,319,203,191
5913,11880,292,202,190
5914,11882,289,203,191
5915,11884,314,202,191
5916,11886,312,202,190
5917,11888,308,202,192
5918,11890,308,203,193
5919,11892,322,204,192
5920,11894,343,203,190
5921,11896,329,203,192
5922,11898,320,203,192
5923,11900,310,202,189
5924,11902,294,203,193
5925,11904,316,203,193
5926,11906,314,202,192
5927,11908,312,203,191
5928,11910,312,203,191
5929,11912,314,203,190
5930,11914,337,204,191
5931,11916,333,203,191
5932,11918,318,203,191
5933,11920,290,203,190
5934,11922,293,203,188
5935,11924,312,203,191
5936,11926,304,203,189
5937,11928,310,203,189
5938,11930,310,203,190
5939,11932,316,202,188
5940,11934,342,203,189
5941,11936,328,203,191
5942,11938,320,203,189
5943,11940,282,203,190
5944,11942,294,203,188
5945,11944,318,204,190
5946,11946,311,203,187
5947,11948,313,203,187
5948,11950,310,203,190
5949,11952,319,203,189
5950,11954,344,203,190
5951,11956,336,202,190
5952,11958,317,203,190
5953,11960,293,203,189
5954,11962,296,203,188
5955,11964,318,203,192
5956,11966,309,203,191
5957,11968,315,203,194
5958,11970,318,205,190
5959,11972,320,202,191
5960,11974,341,203,191
5961,11976,326,203,191
5962,11978,316,203,187
5963,11980,294,203,189
5964,11982,292,203,187
5965,11984,322,202,187
5966,11986,322,202,188
5967,11988,318,202,190
5968,11990,327,203,192
5969,11992,318,202,193
5970,11994,344,203,192
5971,11996,334,202,192
5972,11998,306,202,192
5973,12000,290,202,194
5974,12002,291,203,194
5975,12004,312,202,189
5976,12006,307,203,186
5977,12008,312,202,190
5978,12010,315,203,190
5979,12012,311,202,189
5980,12014,346,203,192
5981,12016,330,202,190
5982,12018,310,204,190
5983,12020,291,202,192
5984,12022,292,203,191
5985,12024,311,202,190
5986,12026,305,202,190
5987,12028,315,202,196
5988,12030,309,202,194
5989,12032,313,202,187
5990,12034,340,203,193
5991,12036,335,201,192
5992,12038,326,202,192
5993,12040,293,201,189
5994,12042,294,202,190
5995,12044,323,202,191
5996,12046,317,202,190
5997,12048,316,202,188
5998,12050,312,202,189
5999,12052,314,202,191
6000,12054,349,203,190
6001,12056,328,202,191
6002,12058,318,202,191
6003,12060,296,202,189
6004,12062,294,202,189
6005,12064,313,202,189
6006,12066,315,201,188
6007,12068,315,202,188
6008,12070,309,202,189
6009,12072,318,203,188
6010,12074,339,202,189
6011,12076,332,201,189
6012,12078,309,203,188
6013,12080,286,202,186
6014,12082,294,203,189
6015,12084,317,202,188
6016,12086,305,202,189
6017,12088,318,201,189
6018,12090,314,202,187
6019,12092,309,202,187
6020,12094,334,202,187
6021,12096,332,201,185
6022,12098,314,201,188
6023,12100,292,201,188
6024,12102,290,201,186
6025,12104,317,202,189
6026,12106,323,202,186
6027,12108,321,201,187
6028,12110,313,201,187
6029,12112,311,201,188
6030,12114,344,203,188
6031,12116,337,200,187
6032,12118,312,202,188
6033,12120,297,201,186
6034,12122,298,199,187
6035,12124,322,201,188
6036,12126,311,202,189
6037,12128,315,201,188
6038,12130,307,201,188
6039,12132,313,201,188
6040,12134,345,201,188
6041,12136,342,201,188
6042,12138,322,201,189
6043,12140,292,201,189
6044,12142,303,203,189
6045,12144,316,202,188
6046,12146,319,201,188
6047,12148,319,201,189
6048,12150,316,201,188
6049,12152,312,201,187
6050,12154,344,202,187
6051,12156,334,201,186
6052,12158,319,200,187
6053,12160,294,201,187
6054,12162,297,201,185
6055,12164,323,201,186
6056,12166,317,204,181
6057,12168,318,201,181
6058,12170,309,202,184
6059,12172,308,201,185
6060,12174,337,202,182
6061,12176,332,199,183
6062,12178,315,200,180
6063,12180,292,201,179
6064,12182,294,205,179
6065,12184,314,203,182
6066,12186,310,201,180
6067,12188,311,201,183
6068,12190,309,202,182
6069,12192,310,200,182
6070,12194,341,202,182
6071,12196,332,201,183
6072,12198,315,201,177
6073,12200,286,200,179
6074,12202,299,201,180
6075,12204,318,201,180
6076,12206,316,202,180
6077,12208,321,201,181
6078,12210,312,202,181
6079,12212,306,202,180
6080,12214,341,201,176
6081,12216,329,201,177
6082,12218,313,201,175
6083,12220,293,201,177
6084,12222,299,200,174
6085,12224,319,201,174
6086,12226,316,203,177
6087,12228,317,201,175
6088,12230,311,201,174
6089,12232,310,201,175
6090,12234,344,203,176
6091,12236,327,201,176
6092,12238,318,201,177
6093,12240,296,200,177
6094,12242,289,201,175
6095,12244,318,202,178
6096,12246,317,201,173
6097,12248,316,201,177
6098,12250,318,201,176
6099,12252,310,201,176
6100,12254,334,201,177
6101,12256,327,201,177
6102,12258,322,202,177
6103,12260,294,200,177
6104,12262,298,201,177
6105,12264,316,201,178
6106,12266,317,201,176
6107,12268,317,202,177
6108,12270,317,201,177
6109,12272,312,201,179
6110,12274,343,202,176
6111,12276,324,201,178
6112,12278,316,201,178
6113,12280,297,201,174
6114,12282,297,202,178
6115,12284,316,202,179
6116,12286,307,201,177
6117,12288,317,202,177
6118,12290,313,201,178
6119,12292,314,201,180
6120,12294,344,202,179
6121,12296,336,201,180
6122,12298,311,201,177
6123,12300,301,201,177
6124,12302,292,201,178
6125,12304,318,201,178
6126,12306,312,201,177
6127,12308,306,201,175
6128,12310,305,202,179
6129,12312,310,200,178
6130,12314,342,202,177
6131,12316,339,201,181
6132,12318,331,202,178
6133,12320,296,201,178
6134,12322,289,202,180
6135,12324,323,202,179
6136,12326,314,201,178
6137,12328,313,201,178
6138,12330,314,200,179
6139,12332,314,202,179
6140,12334,346,202,179
6141,12336,348,202,181
6142,12338,319,202,177
6143,12340,291,202,178
6144,12342,293,201,178
6145,12344,324,202,179
6146,12346,317,203,178
6147,12348,310,202,180
6148,12350,316,202,178
6149,12352,313,202,179
6150,12354,351,202,181
6151,12356,330,202,180
6152,12358,317,202,176
6153,12360,294,202,176
6154,12362,293,201,175
6155,12364,312,202,177
6156,12366,314,202,177
6157,12368,316,202,176
6158,12370,321,202,180
6159,12372,309,202,180
6160,12374,345,201,178
6161,12376,332,202,180
6162,12378,322,202,180
6163,12380,297,201,180
6164,12382,289,202,179
6165,12384,316,203,179
6166,12386,316,202,179
6167,12388,310,202,180
6168,12390,315,202,180
6169,12392,318,202,179
6170,12394,349,202,180
6171,12396,335,201,179
6172,12398,319,202,180
6173,12400,290,202,180
6174,12402,297,202,182
6175,12404,311,202,180
6176,12406,314,202,178
6177,12408,313,202,178
6178,12410,316,202,180
6179,12412,311,202,181
6180,12414,342,202,180
6181,12416,329,202,180
6182,12418,321,202,179
6183,12420,293,201,178
6184,12422,291,202,178
6185,12424,322,202,178
6186,12426,318,201,177
6187,12428,312,202,178
6188,12430,326,202,175
6189,12432,321,202,177
6190,12434,345,203,178
6191,12436,332,202,179
6192,12438,326,202,179
6193,12440,290,202,177
6194,12442,292,202,176
6195,12444,313,202,177
6196,12446,312,202,178
6197,12448,319,202,180
6198,12450,319,202,177
6199,12452,315,201,179
6200,12454,350,202,177
6201,12456,331,202,179
6202,12458,323,202,178
6203,12460,295,202,179
6204,12462,294,202,176
6205,12464,316,203,176
6206,12466,317,202,177
6207,12468,318,202,177
6208,12470,315,202,178
6209,12472,329,202,178
6210,12474,347,202,178
6211,12476,341,202,179
6212,12478,331,203,178
6213,12480,289,202,179
6214,12482,294,203,178
6215,12484,316,202,179
6216,12486,304,202,179
6217,12488,310,202,179
6218,12490,312,202,179
6219,12492,323,202,178
6220,12494,347,203,179
6221,12496,326,201,178
6222,12498,322,202,178
6223,12500,308,201,179
6224,12502,290,202,179
6225,12504,322,202,179
6226,12506,313,202,179
6227,12508,314,200,179
6228,12510,315,202,178
6229,12512,318,201,178
6230,12514,345,202,177
6231,12516,333,202,180
6232,12518,321,202,177
6233,12520,292,202,178
6234,12522,286,202,177
6235,12524,326,202,177
6236,12526,316,202,178
6237,12528,319,202,177
6238,12530,320,202,177
6239,12532,320,202,177
6240,12534,344,202,178
6241,12536,331,202,177
6242,12538,337,202,177
6243,12540,297,202,180
6244,12542,293,202,179
6245,12544,314,202,180
6246,12546,315,202,178
6247,12548,311,202,179
6248,12550,315,202,180
6249,12552,321,202,177
6250,12554,346,201,180
6251,12556,335,202,179
6252,12558,322,202,179
6253,12560,292,201,179
6254,12562,289,201,178
6255,12564,315,202,179
6256,12566,310,202,180
6257,12568,320,202,179
6258,12570,318,202,179
6259,12572,312,202,181
6260,12574,345,202,179
6261,12576,325,202,180
6262,12578,316,203,180
6263,12580,294,201,181
6264,12582,291,202,179
6265,12584,321,202,181
6266,12586,315,202,179
6267,12588,321,202,180
6268,12590,319,202,179
6269,12592,320,201,179
6270,12594,345,201,178
6271,12596,343,202,179
6272,12598,312,200,178
6273,12600,291,202,178
6274,12602,295,203,179
6275,12604,316,202,180
6276,12606,318,201,179
6277,12608,322,202,181
6278,12610,318,202,181
6279,12612,321,202,181
6280,12614,334,202,180
6281,12616,332,202,180
6282,12618,320,203,181
6283,12620,305,202,181
6284,12622,299,202,180
6285,12624,319,202,180
6286,12626,314,201,177
6287,12628,315,202,179
6288,12630,327,202,180
6289,12632,322,202,182
6290,12634,342,203,180
6291,12636,343,201,177
6292,12638,321,201,177
6293,12640,287,202,178
6294,12642,291,202,178
6295,12644,320,201,178
6296,12646,317,202,179
6297,12648,312,201,179
6298,12650,314,201,180
6299,12652,327,201,178
6300,12654,342,202,179
6301,12656,330,200,179
6302,12658,309,202,179
6303,12660,289,202,178
6304,12662,289,201,178
6305,12664,318,201,179
6306,12666,319,202,178
6307,12668,320,201,180
6308,12670,307,202,180
6309,12672,317,201,178
6310,12674,347,202,181
6311,12676,336,201,179
6312,12678,324,201,179
6313,12680,290,201,180
6314,12682,292,202,179
6315,12684,323,201,180
6316,12686,316,201,178
6317,12688,311,201,179
6318,12690,308,202,179
6319,12692,311,200,177
6320,12694,347,202,176
6321,12696,335,201,181
6322,12698,313,201,178
6323,12700,289,200,179
6324,12702,284,201,178
6325,12704,317,201,180
6326,12706,317,201,177
6327,12708,318,201,178
6328,12710,311,201,180
6329,12712,317,202,180
6330,12714,344,202,179
6331,12716,332,200,183
6332,12718,316,201,180
6333,12720,296,201,179
6334,12722,292,201,180
6335,12724,313,201,182
6336,12726,314,200,181
6337,12728,322,201,181
6338,12730,307,200,177
6339,12732,305,201,180
6340,12734,344,202,179
6341,12736,326,202,181
6342,12738,310,201,180
6343,12740,290,202,179
6344,12742,294,202,182
6345,12744,319,201,180
6346,12746,302,202,179
6347,12748,307,200,179
6348,12750,314,202,181
6349,12752,322,201,178
6350,12754,345,201,179
6351,12756,327,203,179
6352,12758,319,201,180
6353,12760,300,203,179
6354,12762,297,202,180
6355,12764,318,201,182
6356,12766,321,202,180
6357,12768,306,201,180
6358,12770,308,202,181
6359,12772,309,202,180
6360,12774,349,202,179
6361,12776,331,202,180
6362,12778,317,202,180
6363,12780,289,202,178
6364,12782,294,202,179
6365,12784,317,202,181
6366,12786,317,202,178
6367,12788,312,202,180
6368,12790,322,200,180
6369,12792,309,202,181
6370,12794,336,201,180
6371,12796,326,202,184
6372,12798,314,202,181
6373,12800,293,203,180
6374,12802,285,203,181
6375,12804,317,202,179
6376,12806,321,201,180
6377,12808,317,202,181
6378,12810,313,203,181
6379,12812,313,203,181
6380,12814,343,202,180
6381,12816,321,203,181
6382,12818,313,202,179
6383,12820,296,202,180
6384,12822,291,203,181
6385,12824,317,202,178
6386,12826,307,202,181
6387,12828,319,203,180
6388,12830,309,203,180
6389,12832,306,203,182
6390,12834,341,202,181
6391,12836,323,203,183
6392,12838,314,203,181
6393,12840,293,203,181
6394,12842,299,202,180
6395,12844,315,203,180
6396,12846,303,202,181
6397,12848,313,202,180
6398,12850,301,202,181
6399,12852,308,202,180
6400,12854,353,202,181
6401,12856,327,201,180
6402,12858,312,203,181
6403,12860,318,202,179
6404,12862,315,202,179
6405,12864,333,202,179
6406,12866,346,202,180
6407,12868,335,203,176
6408,12870,330,203,179
6409,12872,330,202,180
6410,12874,363,202,180
6411,12876,354,202,180
6412,12878,330,201,180
6413,12880,321,204,182
6414,12882,311,202,180
6415,12884,342,204,179
6416,12886,349,202,179
6417,12888,338,199,182
6418,12890,345,201,179
6419,12892,342,203,181
6420,12894,362,201,181
6421,12896,347,201,181
6422,12898,350,202,180
6423,12900,321,201,179
6424,12902,313,202,179
6425,12904,337,202,181
6426,12906,332,202,180
6427,12908,337,202,180
6428,12910,337,204,179
6429,12912,336,202,178
6430,12914,367,202,181
6431,12916,347,203,181
6432,12918,332,203,178
6433,12920,315,201,179
6434,12922,320,202,180
6435,12924,330,202,182
6436,12926,331,203,181
6437,12928,334,202,180
6438,12930,332,202,182
6439,12932,330,203,180
6440,12934,361,203,182
6441,12936,347,202,181
6442,12938,333,202,181
6443,12940,313,202,181
6444,12942,313,202,182
6445,12944,328,202,179
6446,12946,327,203,181
6447,12948,337,202,181
6448,12950,342,202,180
6449,12952,333,203,183
6450,12954,361,201,181
6451,12956,346,202,181
6452,12958,334,204,181
6453,12960,312,202,181
6454,12962,311,203,184
6455,12964,341,202,180
6456,12966,334,202,181
6457,12968,335,202,183
6458,12970,336,202,181
6459,12972,339,203,181
6460,12974,365,201,182
6461,12976,351,203,182
6462,12978,336,203,180
6463,12980,318,202,181
6464,12982,319,202,181
6465,12984,333,202,181
6466,12986,333,202,180
6467,12988,332,202,180
6468,12990,330,202,181
6469,12992,333,201,180
6470,12994,363,202,183
6471,12996,347,202,180
6472,12998,320,202,181
6473,13000,307,201,182
6474,13002,314,202,182
6475,13004,336,199,182
6476,13006,343,202,179
6477,13008,332,201,181
6478,13010,339,202,179
6479,13012,332,201,180
6480,13014,366,201,181
6481,13016,334,202,182
6482,13018,332,202,180
6483,13020,319,201,181
6484,13022,307,202,180
6485,13024,334,201,180
6486,13026,344,202,179
6487,13028,333,202,180
6488,13030,336,202,180
6489,13032,326,201,179
6490,13034,353,202,178
6491,13036,338,202,180
6492,13038,340,201,179
6493,13040,315,201,179
6494,13042,315,202,179
6495,13044,337,201,180
6496,13046,330,202,178
6497,13048,339,201,177
6498,13050,339,201,181
6499,13052,336,202,179
6500,13054,364,202,180
6501,13056,346,202,179
6502,13058,338,202,179
6503,13060,308,202,178
6504,13062,318,201,177
6505,13064,335,201,177
6506,13066,335,201,178
6507,13068,342,202,179
6508,13070,341,202,179
6509,13072,334,201,178
6510,13074,367,202,180
6511,13076,361,202,179
6512,13078,346,202,178
6513,13080,323,201,179
6514,13082,317,202,178
6515,13084,342,201,179
6516,13086,344,201,177
6517,13088,337,202,176
6518,13090,326,202,177
6519,13092,343,202,177
6520,13094,362,202,176
6521,13096,346,202,177
6522,13098,340,202,176
6523,13100,316,202,178
6524,13102,313,201,177
6525,13104,335,201,180
6526,13106,333,201,175
6527,13108,334,201,178
6528,13110,335,201,179
6529,13112,336,201,176
6530,13114,364,201,179
6531,13116,354,201,179
6532,13118,339,201,179
6533,13120,311,201,178
6534,13122,321,201,178
6535,13124,344,201,179
6536,13126,338,202,179
6537,13128,332,201,178
6538,13130,332,201,179
6539,13132,344,201,177
6540,13134,375,201,180
6541,13136,356,201,179
6542,13138,342,201,180
6543,13140,324,201,177
6544,13142,315,202,179
6545,13144,341,201,178
6546,13146,338,201,179
6547,13148,346,202,181
6548,13150,337,201,179
6549,13152,338,201,180
6550,13154,366,202,181
6551,13156,349,203,180
6552,13158,342,201,179
6553,13160,318,201,180
6554,13162,311,200,179
6555,13164,345,200,179
6556,13166,327,202,182
6557,13168,333,200,182
6558,13170,339,201,181
6559,13172,339,200,181
6560,13174,368,200,181
6561,13176,353,201,180
6562,13178,342,200,180
6563,13180,317,200,179
6564,13182,321,200,180
6565,13184,336,200,180
6566,13186,334,201,178
6567,13188,334,199,177
6568,13190,334,199,179
6569,13192,339,199,178
6570,13194,369,199,182
6571,13196,356,200,178
6572,13198,346,199,177
6573,13200,317,199,178
6574,13202,318,199,178
6575,13204,334,198,178
6576,13206,333,198,177
6577,13208,332,198,178
6578,13210,340,198,177
6579,13212,336,197,177
6580,13214,361,196,178
6581,13216,351,196,176
6582,13218,346,196,176
6583,13220,322,195,177
6584,13222,316,196,178
6585,13224,342,195,178
6586,13226,334,196,178
6587,13228,330,195,178
6588,13230,336,196,177
6589,13232,339,195,179
6590,13234,359,196,180
6591,13236,349,196,179
6592,13238,341,195,179
6593,13240,316,195,178
6594,13242,313,195,178
6595,13244,333,195,179
6596,13246,330,195,180
6597,13248,329,195,178
6598,13250,335,195,179
6599,13252,333,194,180
6600,13254,364,195,179
6601,13256,341,194,180
6602,13258,334,195,180
6603,13260,314,194,177
6604,13262,319,194,178
6605,13264,333,194,178
6606,13266,337,193,177
6607,13268,336,194,178
6608,13270,330,194,177
6609,13272,333,193,176
6610,13274,359,194,177
6611,13276,352,193,179
6612,13278,333,194,179
6613,13280,322,194,179
6614,13282,318,193,179
6615,13284,335,193,179
6616,13286,334,193,177
6617,13288,329,194,179
6618,13290,335,194,179
6619,13292,332,193,179
6620,13294,355,193,180
6621,13296,343,194,179
6622,13298,335,194,180
6623,13300,312,193,179
6624,13302,308,194,179
6625,13304,336,193,179
6626,13306,324,194,178
6627,13308,323,194,179
6628,13310,322,194,179
6629,13312,322,193,178
6630,13314,345,193,179
6631,13316,321,194,179
6632,13318,312,195,178
6633,13320,288,194,177
6634,13322,280,192,177
6635,13324,300,193,176
6636,13326,297,193,176
6637,13328,296,194,177
6638,13330,293,193,177
6639,13332,291,194,178
6640,13334,327,194,179
6641,13336,314,194,180
6642,13338,303,194,177
6643,13340,279,194,178
6644,13342,288,193,178
6645,13344,303,193,179
6646,13346,303,194,177
6647,13348,307,193,179
6648,13350,304,193,179
6649,13352,308,193,178
6650,13354,348,192,179
6651,13356,321,194,179
6652,13358,311,193,179
6653,13360,290,193,179
6654,13362,287,193,178
6655,13364,312,193,178
6656,13366,309,194,180
6657,13368,306,193,179
6658,13370,298,194,180
6659,13372,295,194,179
6660,13374,327,194,180
6661,13376,313,193,179
6662,13378,310,194,181
6663,13380,279,194,179
6664,13382,270,195,178
6665,13384,305,193,179
6666,13386,301,194,180
6667,13388,295,194,180
6668,13390,287,194,181
6669,13392,295,194,178
6670,13394,320,193,181
6671,13396,320,194,180
6672,13398,306,194,180
6673,13400,274,194,180
6674,13402,279,192,177
6675,13404,304,193,178
6676,13406,299,193,179
6677,13408,301,194,179
6678,13410,304,193,179
6679,13412,300,194,181
6680,13414,336,192,181
6681,13416,316,194,178
6682,13418,308,193,179
6683,13420,278,194,180
6684,13422,284,193,178
6685,13424,304,193,178
6686,13426,294,194,181
6687,13428,305,194,180
6688,13430,278,193,181
6689,13432,290,194,180
6690,13434,328,193,180
6691,13436,308,194,180
6692,13438,297,194,180
6693,13440,278,195,180
6694,13442,281,193,180
6695,13444,307,193,183
6696,13446,300,194,181
6697,13448,298,194,183
6698,13450,297,194,180
6699,13452,299,194,181
6700,13454,321,192,180
6701,13456,305,193,181
6702,13458,307,193,180
6703,13460,278,194,181
6704,13462,273,193,182
6705,13464,296,191,180
6706,13466,290,195,182
6707,13468,297,195,180
6708,13470,292,194,183
6709,13472,289,194,181
6710,13474,324,194,183
6711,13476,309,194,181
6712,13478,297,193,181
6713,13480,276,194,181
6714,13482,283,195,181
6715,13484,296,194,181
6716,13486,295,194,180
6717,13488,298,194,179
6718,13490,298,194,184
6719,13492,294,194,182
6720,13494,340,194,183
6721,13496,320,194,182
6722,13498,308,194,182
6723,13500,298,194,182
6724,13502,292,195,182
6725,13504,318,195,183
6726,13506,311,194,182
6727,13508,309,195,182
6728,13510,317,194,183
6729,13512,303,194,182
6730,13514,338,193,183
6731,13516,322,194,182
6732,13518,321,195,183
6733,13520,305,194,182
6734,13522,302,194,182
6735,13524,319,194,182
6736,13526,319,195,181
6737,13528,324,194,183
6738,13530,320,195,183
6739,13532,324,195,183
6740,13534,354,195,183
6741,13536,344,196,184
6742,13538,334,195,184
6743,13540,311,195,183
6744,13542,310,195,183
6745,13544,326,195,185
6746,13546,331,196,183
6747,13548,326,195,181
6748,13550,326,194,184
6749,13552,320,196,184
6750,13554,345,195,182
6751,13556,334,195,183
6752,13558,338,195,183
6753,13560,314,195,183
6754,13562,311,195,181
6755,13564,330,196,183
6756,13566,336,195,182
6757,13568,335,196,183
6758,13570,332,195,183
6759,13572,331,196,182
6760,13574,356,196,183
6761,13576,346,196,183
6762,13578,325,196,183
6763,13580,315,196,184
6764,13582,324,195,182
6765,13584,332,196,185
6766,13586,329,197,184
6767,13588,330,196,184
6768,13590,332,196,184
6769,13592,327,195,183
6770,13594,360,196,183
6771,13596,352,195,184
6772,13598,337,195,183
6773,13600,321,195,183
6774,13602,321,196,183
6775,13604,339,196,185
6776,13606,334,196,184
6777,13608,327,196,183
6778,13610,329,197,184
6779,13612,330,198,184
6780,13614,355,198,184
6781,13616,345,198,183
6782,13618,334,198,184
6783,13620,315,198,185
6784,13622,318,198,184
6785,13624,336,198,184
6786,13626,339,198,183
6787,13628,342,198,183
6788,13630,324,197,183
6789,13632,332,198,183
6790,13634,354,197,182
6791,13636,338,198,182
6792,13638,333,198,185
6793,13640,319,198,184
6794,13642,319,198,183
6795,13644,331,198,183
6796,13646,326,198,183
6797,13648,334,198,184
6798,13650,333,199,184
6799,13652,333,198,182
6800,13654,358,198,183
6801,13656,346,199,182
6802,13658,339,198,183
6803,13660,318,197,184
6804,13662,312,199,184
6805,13664,331,198,184
6806,13666,331,199,184
6807,13668,331,198,182
6808,13670,332,198,182
6809,13672,336,197,181
6810,13674,366,198,183
6811,13676,353,198,183
6812,13678,336,198,182
6813,13680,316,197,184
6814,13682,314,198,183
6815,13684,337,197,180
6816,13686,341,198,183
6817,13688,338,198,183
6818,13690,337,197,182
6819,13692,333,198,183
6820,13694,356,197,184
6821,13696,343,198,183
6822,13698,331,198,179
6823,13700,316,197,182
6824,13702,316,198,183
6825,13704,343,198,183
6826,13706,329,198,180
6827,13708,340,198,185
6828,13710,334,198,181
6829,13712,336,198,182
6830,13714,371,198,183
6831,13716,350,198,184
6832,13718,329,198,181
6833,13720,318,198,182
6834,13722,322,198,182
6835,13724,327,198,184
6836,13726,341,198,180
6837,13728,336,198,182
6838,13730,329,198,183
6839,13732,338,198,184
6840,13734,365,198,181
6841,13736,350,198,182
6842,13738,334,199,183
6843,13740,322,199,183
6844,13742,313,199,183
6845,13744,335,200,183
6846,13746,336,200,183
6847,13748,335,201,183
6848,13750,347,200,182
6849,13752,336,201,183
6850,13754,357,201,183
6851,13756,346,199,184
6852,13758,338,200,182
6853,13760,312,200,185
6854,13762,311,201,182
6855,13764,337,200,183
6856,13766,339,201,183
6857,13768,337,201,183
6858,13770,343,198,184
6859,13772,341,201,186
6860,13774,366,200,186
6861,13776,358,201,184
6862,13778,333,201,183
6863,13780,319,200,184
6864,13782,325,201,184
6865,13784,327,199,184
6866,13786,337,201,184
6867,13788,339,201,184
6868,13790,341,200,184
6869,13792,343,201,185
6870,13794,371,201,184
6871,13796,358,201,186
6872,13798,336,200,184
6873,13800,325,200,185
6874,13802,317,200,183
6875,13804,340,201,184
6876,13806,335,201,184
6877,13808,335,201,184
6878,13810,344,200,185
6879,13812,345,201,186
6880,13814,362,201,184
6881,13816,359,200,183
6882,13818,347,201,184
6883,13820,319,201,185
6884,13822,316,200,184
6885,13824,336,200,184
6886,13826,344,200,183
6887,13828,337,201,186
6888,13830,344,202,186
6889,13832,348,202,185
6890,13834,366,201,185
6891,13836,355,201,184
6892,13838,347,201,184
6893,13840,323,201,184
6894,13842,322,200,184
6895,13844,342,201,183
6896,13846,335,201,183
6897,13848,342,202,184
6898,13850,338,201,184
6899,13852,341,201,184
6900,13854,363,202,185
6901,13856,356,201,185
6902,13858,338,201,185
6903,13860,324,201,183
6904,13862,327,201,181
6905,13864,330,201,183
6906,13866,332,202,185
6907,13868,339,201,185
6908,13870,340,202,182
6909,13872,343,201,183
6910,13874,368,202,184
6911,13876,363,201,186
6912,13878,340,202,184
6913,13880,324,201,185
6914,13882,321,202,183
6915,13884,337,201,186
6916,13886,337,201,185
6917,13888,341,201,184
6918,13890,341,201,185
6919,13892,341,202,185
6920,13894,362,202,185
6921,13896,357,202,183
6922,13898,340,201,184
6923,13900,320,200,184
6924,13902,325,201,183
6925,13904,337,201,184
6926,13906,338,201,183
6927,13908,340,202,185
6928,13910,339,201,182
6929,13912,344,202,185
6930,13914,361,201,184
6931,13916,352,201,186
6932,13918,337,202,183
6933,13920,326,201,185
6934,13922,318,202,184
6935,13924,334,201,186
6936,13926,330,202,185
6937,13928,343,201,184
6938,13930,326,200,184
6939,13932,333,202,184
6940,13934,361,201,184
6941,13936,353,201,185
6942,13938,335,202,185
6943,13940,321,203,185
6944,13942,314,201,184
6945,13944,345,201,185
6946,13946,332,201,184
6947,13948,331,201,184
6948,13950,342,201,183
6949,13952,332,201,182
6950,13954,366,202,184
6951,13956,355,202,187
6952,13958,335,203,185
6953,13960,324,201,185
6954,13962,318,202,184
6955,13964,345,202,184
6956,13966,337,201,187
6957,13968,329,201,187
6958,13970,339,202,186
6959,13972,335,201,186
6960,13974,362,201,188
6961,13976,352,202,186
6962,13978,335,202,185
6963,13980,320,201,184
6964,13982,324,201,184
6965,13984,340,200,185
6966,13986,339,201,185
6967,13988,334,202,185
6968,13990,338,202,183
6969,13992,323,201,184
6970,13994,357,202,187
6971,13996,349,202,184
6972,13998,329,202,184
6973,14000,313,201,185
6974,14002,318,202,184
6975,14004,324,201,182
6976,14006,331,202,184
6977,14008,329,201,183
6978,14010,331,202,185
6979,14012,328,201,181
6980,14014,358,202,183
6981,14016,347,202,183
6982,14018,335,201,185
6983,14020,317,201,184
6984,14022,321,201,183
6985,14024,330,201,184
6986,14026,333,202,183
6987,14028,339,202,184
6988,14030,325,201,185
6989,14032,319,202,183
6990,14034,362,202,186
6991,14036,348,202,186
6992,14038,332,201,183
6993,14040,321,201,183
6994,14042,324,201,183
6995,14044,333,201,184
6996,14046,336,202,182
6997,14048,330,201,184
6998,14050,336,201,181
6999,14052,333,199,184
7000,14054,356,200,183
7001,14056,354,201,184
7002,14058,342,201,183
7003,14060,322,201,184
7004,14062,318,201,183
7005,14064,348,201,182
7006,14066,332,201,182
7007,14068,340,201,185
7008,14070,331,200,181
7009,14072,331,199,184
7010,14074,356,199,183
7011,14076,347,199,183
7012,14078,338,199,181
7013,14080,313,198,183
7014,14082,322,198,181
7015,14084,337,197,186
7016,14086,334,198,181
7017,14088,334,198,182
7018,14090,336,198,185
7019,14092,333,198,184
7020,14094,361,197,185
7021,14096,350,198,183
7022,14098,334,198,182
7023,14100,315,197,182
7024,14102,326,198,184
7025,14104,344,197,183
7026,14106,349,197,184
7027,14108,334,197,184
7028,14110,336,198,183
7029,14112,338,196,183
7030,14114,370,197,183
7031,14116,348,197,182
7032,14118,355,197,179
7033,14120,324,196,182
7034,14122,325,197,182
7035,14124,340,196,183
7036,14126,340,196,181
7037,14128,351,197,182
7038,14130,339,197,185
7039,14132,334,196,182
7040,14134,370,196,184
7041,14136,357,197,184
7042,14138,339,197,183
7043,14140,321,196,183
7044,14142,326,195,183
7045,14144,342,196,185
7046,14146,344,196,184
7047,14148,351,196,184
7048,14150,333,195,185
7049,14152,343,196,185
7050,14154,360,196,186
7051,14156,350,196,185
7052,14158,338,196,185
7053,14160,311,195,184
7054,14162,329,196,185
7055,14164,345,195,186
7056,14166,349,195,185
7057,14168,340,196,183
7058,14170,332,195,183
7059,14172,338,195,182
7060,14174,366,194,179
7061,14176,343,195,182
7062,14178,338,195,181
7063,14180,321,194,182
7064,14182,331,194,181
7065,14184,328,194,181
7066,14186,346,194,181
7067,14188,344,194,182
7068,14190,343,194,182
7069,14192,337,195,182
7070,14194,363,195,183
7071,14196,355,195,180
7072,14198,336,194,181
7073,14200,321,194,181
7074,14202,332,195,179
7075,14204,346,193,181
7076,14206,344,195,180
7077,14208,348,194,179
7078,14210,345,194,181
7079,14212,344,194,179
7080,14214,370,194,182
7081,14216,351,194,180
7082,14218,346,194,182
7083,14220,321,193,181
7084,14222,334,194,181
7085,14224,347,194,181
7086,14226,342,195,182
7087,14228,357,195,182
7088,14230,344,194,182
7089,14232,336,195,182
7090,14234,367,194,184
7091,14236,339,195,182
7092,14238,334,195,182
7093,14240,325,194,182
7094,14242,334,194,181
7095,14244,342,193,183
7096,14246,339,194,182
7097,14248,338,195,182
7098,14250,342,194,181
7099,14252,340,194,182
7100,14254,363,192,182
7101,14256,355,195,182
7102,14258,342,195,183
7103,14260,322,194,183
7104,14262,336,194,182
7105,14264,340,194,183
7106,14266,343,194,181
7107,14268,341,194,182
7108,14270,342,194,182
7109,14272,342,194,184
7110,14274,373,194,182
7111,14276,355,195,184
7112,14278,344,195,182
7113,14280,328,194,182
7114,14282,332,195,182
7115,14284,340,194,182
7116,14286,355,195,181
7117,14288,348,194,181
7118,14290,345,195,183
7119,14292,341,194,182
7120,14294,371,194,183
7121,14296,362,194,182
7122,14298,340,195,181
7123,14300,324,194,181
7124,14302,331,194,182
7125,14304,335,195,182
7126,14306,339,194,182
7127,14308,343,194,182
7128,14310,348,194,182
7129,14312,339,194,180
7130,14314,362,194,183
7131,14316,365,195,181
7132,14318,342,194,183
7133,14320,322,194,181
7134,14322,329,194,182
7135,14324,345,193,182
7136,14326,331,194,183
7137,14328,340,194,182
7138,14330,343,192,182
7139,14332,341,194,182
7140,14334,367,194,181
7141,14336,351,194,183
7142,14338,341,194,183
7143,14340,323,194,182
7144,14342,328,194,182
7145,14344,345,194,184
7146,14346,333,194,184
7147,14348,339,194,182
7148,14350,345,193,184
7149,14352,341,194,182
7150,14354,370,194,184
7151,14356,360,195,183
7152,14358,341,194,183
7153,14360,324,194,179
7154,14362,328,194,183
7155,14364,337,193,183
7156,14366,349,194,182
7157,14368,338,194,181
7158,14370,337,192,180
7159,14372,346,195,181
7160,14374,360,194,182
7161,14376,358,194,182
7162,14378,339,195,181
7163,14380,318,194,182
7164,14382,323,195,181
7165,14384,330,195,182
7166,14386,333,194,180
7167,14388,338,194,182
7168,14390,342,193,181
7169,14392,331,194,182
7170,14394,362,194,182
7171,14396,351,194,184
7172,14398,341,193,182
7173,14400,320,192,182
7174,14402,320,194,181
7175,14404,326,194,183
7176,14406,336,195,184
7177,14408,332,195,182
7178,14410,341,194,184
7179,14412,340,194,184
7180,14414,372,194,184
7181,14416,354,193,183
7182,14418,339,194,183
7183,14420,320,194,182
7184,14422,326,194,181
7185,14424,335,194,181
7186,14426,342,194,181
7187,14428,339,194,182
7188,14430,342,194,182
7189,14432,337,194,183
7190,14434,361,194,181
7191,14436,356,194,182
7192,14438,344,194,181
7193,14440,324,193,181
7194,14442,326,194,181
7195,14444,334,193,181
7196,14446,334,193,181
7197,14448,336,193,182
7198,14450,345,193,181
7199,14452,339,193,181
7200,14454,361,193,180
7201,14456,354,194,182
7202,14458,340,193,181
7203,14460,316,192,181
7204,14462,322,193,182
7205,14464,338,192,182
7206,14466,328,193,182
7207,14468,334,192,182
7208,14470,347,194,182
7209,14472,340,192,180
7210,14474,360,192,182
7211,14476,351,192,181
7212,14478,348,193,182
7213,14480,314,194,182
7214,14482,318,192,182
7215,14484,339,191,181
7216,14486,332,192,182
7217,14488,331,192,182
7218,14490,337,192,182
7219,14492,333,192,181
7220,14494,360,192,182
7221,14496,349,191,181
7222,14498,341,192,181
7223,14500,316,193,182
7224,14502,325,192,181
7225,14504,330,191,180
7226,14506,330,192,181
7227,14508,329,192,182
7228,14510,335,192,178
7229,14512,340,192,181
7230,14514,362,192,182
7231,14516,359,192,180
7232,14518,345,192,181
7233,14520,318,191,180
7234,14522,319,192,179
7235,14524,334,191,181
7236,14526,328,191,179
7237,14528,331,192,180
7238,14530,338,191,180
7239,14532,331,191,179
7240,14534,359,192,180
7241,14536,344,192,180
7242,14538,332,191,181
7243,14540,311,190,178
7244,14542,319,190,180
7245,14544,332,190,180
7246,14546,332,190,180
7247,14548,334,190,180
7248,14550,331,189,181
7249,14552,335,190,181
7250,14554,350,190,180
7251,14556,344,189,179
7252,14558,333,190,180
7253,14560,306,190,182
7254,14562,301,190,179
7255,14564,316,188,179
7256,14566,320,189,180
7257,14568,326,189,179
7258,14570,315,189,179
7259,14572,321,190,180
7260,14574,345,182,178
7261,14576,322,190,179
7262,14578,304,189,177
7263,14580,286,189,179
7264,14582,291,189,179
7265,14584,298,190,178
7266,14586,294,190,177
7267,14588,303,190,179
7268,14590,305,189,180
7269,14592,306,189,180
7270,14594,333,189,180
7271,14596,311,189,178
7272,14598,302,188,177
7273,14600,278,189,176
7274,14602,285,189,176
7275,14604,299,189,178
7276,14606,296,189,178
7277,14608,303,189,178
7278,14610,302,188,177
7279,14612,309,189,178
7280,14614,331,189,178
7281,14616,326,189,178
7282,14618,302,189,180
7283,14620,268,190,182
7284,14622,276,189,175
7285,14624,302,189,176
7286,14626,299,189,178
7287,14628,295,189,176
7288,14630,299,189,176
7289,14632,302,189,177
7290,14634,311,189,175
7291,14636,305,190,178
7292,14638,311,190,179
7293,14640,271,189,177
7294,14642,283,190,178
7295,14644,300,189,177
7296,14646,300,190,176
7297,14648,293,190,180
7298,14650,292,189,179
7299,14652,301,190,181
7300,14654,321,189,180
7301,14656,308,190,181
7302,14658,296,189,180
7303,14660,274,190,180
7304,14662,280,191,180
7305,14664,295,191,181
7306,14666,297,191,180
7307,14668,298,191,179
7308,14670,302,191,181
7309,14672,294,191,179
7310,14674,320,191,181
7311,14676,303,191,180
7312,14678,294,191,178
7313,14680,274,192,180
7314,14682,282,193,181
7315,14684,293,192,179
7316,14686,293,192,181
7317,14688,305,193,182
7318,14690,294,193,183
7319,14692,299,193,184
7320,14694,316,192,183
7321,14696,300,193,182
7322,14698,292,192,183
7323,14700,268,192,183
7324,14702,289,193,184
7325,14704,298,194,184
7326,14706,305,192,184
7327,14708,294,193,184
7328,14710,288,191,183
7329,14712,303,193,181
7330,14714,319,193,184
7331,14716,293,194,183
7332,14718,290,193,184
7333,14720,275,192,183
7334,14722,290,192,184
7335,14724,297,192,183
7336,14726,297,193,184
7337,14728,301,193,185
7338,14730,299,192,186
7339,14732,297,193,184
7340,14734,323,193,186
7341,14736,298,194,181
7342,14738,294,193,183
7343,14740,278,194,186
7344,14742,285,193,184
7345,14744,301,193,185
7346,14746,304,193,183
7347,14748,300,193,185
7348,14750,299,194,185
7349,14752,294,193,184
7350,14754,318,193,184
7351,14756,301,193,184
7352,14758,294,193,183
7353,14760,279,193,182
7354,14762,289,194,185
7355,14764,292,193,183
7356,14766,302,194,185
7357,14768,300,193,184
7358,14770,295,192,186
7359,14772,302,193,184
7360,14774,316,192,183
7361,14776,302,194,182
7362,14778,295,193,184
7363,14780,274,193,183
7364,14782,290,193,185
7365,14784,303,193,185
7366,14786,304,194,185
7367,14788,300,194,185
7368,14790,287,194,184
7369,14792,289,193,183
7370,14794,317,193,184
7371,14796,303,194,185
7372,14798,297,193,184
7373,14800,283,193,184
7374,14802,289,193,183
7375,14804,300,194,185
7376,14806,306,193,185
7377,14808,304,193,183
7378,14810,300,193,188
7379,14812,295,193,183
7380,14814,327,194,185
7381,14816,303,193,183
7382,14818,302,193,184
7383,14820,277,193,183
7384,14822,288,192,184
7385,14824,299,194,185
7386,14826,303,194,185
7387,14828,297,193,183
7388,14830,294,194,183
7389,14832,299,196,184
7390,14834,318,193,183
7391,14836,297,193,182
7392,14838,292,193,182
7393,14840,276,193,181
7394,14842,287,192,182
7395,14844,295,193,183
7396,14846,302,193,183
7397,14848,298,193,182
7398,14850,286,193,182
7399,14852,293,193,182
7400,14854,318,192,183
7401,14856,301,194,183
7402,14858,298,193,182
7403,14860,272,192,181
7404,14862,285,193,182
7405,14864,300,194,182
7406,14866,296,194,182
7407,14868,300,193,182
7408,14870,295,193,181
7409,14872,297,194,183
7410,14874,314,193,180
7411,14876,303,195,183
7412,14878,293,194,184
7413,14880,273,193,183
7414,14882,289,193,181
7415,14884,304,194,182
7416,14886,308,195,182
7417,14888,300,193,181
7418,14890,300,193,183
7419,14892,300,194,183
7420,14894,323,192,183
7421,14896,321,194,183
7422,14898,325,194,181
7423,14900,306,193,183
7424,14902,321,193,183
7425,14904,328,194,182
7426,14906,324,193,183
7427,14908,325,192,184
7428,14910,323,194,183
7429,14912,328,193,183
7430,14914,348,192,182
7431,14916,327,190,184
7432,14918,322,193,183
7433,14920,305,193,185
7434,14922,314,193,182
7435,14924,325,193,182
7436,14926,327,193,182
7437,14928,322,192,182
7438,14930,314,193,182
7439,14932,325,194,183
7440,14934,349,194,182
7441,14936,329,194,183
7442,14938,324,190,183
7443,14940,308,193,183
7444,14942,301,194,182
7445,14944,317,194,185
7446,14946,303,193,184
7447,14948,300,194,183
7448,14950,310,192,183
7449,14952,296,193,182
7450,14954,320,193,182
7451,14956,299,193,184
7452,14958,296,193,183
7453,14960,265,194,183
7454,14962,278,193,183
7455,14964,296,193,181
7456,14966,294,193,182
7457,14968,287,193,183
7458,14970,292,196,181
7459,14972,297,193,182
7460,14974,317,193,182
7461,14976,303,193,182
7462,14978,295,193,179
7463,14980,268,193,182
7464,14982,278,192,181
7465,14984,294,193,180
7466,14986,294,194,182
7467,14988,287,193,180
7468,14990,294,193,178
7469,14992,293,193,180
7470,14994,307,193,180
7471,14996,298,193,180
7472,14998,291,193,179
7473,15000,272,193,180
7474,15002,280,192,180
7475,15004,291,193,180
7476,15006,285,193,181
7477,15008,293,193,180
7478,15010,279,193,182
7479,15012,294,193,180
7480,15014,321,192,180
7481,15016,304,193,182
7482,15018,307,194,181
7483,15020,272,193,181
7484,15022,276,193,182
7485,15024,293,192,180
7486,15026,288,190,184
7487,15028,290,193,182
7488,15030,290,192,180
7489,15032,300,194,183
7490,15034,324,194,183
7491,15036,299,193,182
7492,15038,291,193,182
7493,15040,274,192,179
7494,15042,275,193,180
7495,15044,288,193,182
7496,15046,287,192,181
7497,15048,293,193,180
7498,15050,295,192,184
7499,15052,293,193,182
7500,15054,312,191,184
7501,15056,302,193,182
7502,15058,291,192,182
7503,15060,267,192,182
7504,15062,279,193,183
7505,15064,298,193,184
7506,15066,285,191,181
7507,15068,293,193,182
7508,15070,292,192,181
7509,15072,296,193,182
7510,15074,312,191,181
7511,15076,299,191,182
7512,15078,292,195,181
7513,15080,264,192,180
7514,15082,275,193,182
7515,15084,298,193,182
7516,15086,287,193,182
7517,15088,292,192,182
7518,15090,283,193,183
7519,15092,295,193,182
7520,15094,318,193,184
7521,15096,301,192,183
7522,15098,295,193,180
7523,15100,270,191,180
7524,15102,280,193,180
7525,15104,295,192,179
7526,15106,283,192,179
7527,15108,289,194,178
7528,15110,290,192,179
7529,15112,300,193,180
7530,15114,319,192,181
7531,15116,300,193,179
7532,15118,296,193,179
7533,15120,267,192,177
7534,15122,278,193,180
7535,15124,285,192,180
7536,15126,282,192,179
7537,15128,289,192,176
7538,15130,294,193,180
7539,15132,298,193,178
7540,15134,314,192,179
7541,15136,306,194,180
7542,15138,300,193,179
7543,15140,268,193,179
7544,15142,281,193,179
7545,15144,290,192,179
7546,15146,290,193,180
7547,15148,292,193,180
7548,15150,294,194,181
7549,15152,304,193,179
7550,15154,314,192,181
7551,15156,300,192,181
7552,15158,301,192,180
7553,15160,266,193,178
7554,15162,279,193,179
7555,15164,288,192,179
7556,15166,294,194,179
7557,15168,301,194,180
7558,15170,298,193,179
7559,15172,302,194,180
7560,15174,318,193,181
7561,15176,306,193,179
7562,15178,303,193,182
7563,15180,273,193,178
7564,15182,284,192,180
7565,15184,299,193,180
7566,15186,292,192,180
7567,15188,298,193,179
7568,15190,291,193,178
7569,15192,307,193,180
7570,15194,332,192,177
7571,15196,312,194,180
7572,15198,302,193,181
7573,15200,269,193,179
7574,15202,286,193,181
7575,15204,288,192,179
7576,15206,296,193,178
7577,15208,296,194,179
7578,15210,301,193,179
7579,15212,307,193,180
7580,15214,320,191,176
7581,15216,305,193,178
7582,15218,297,193,178
7583,15220,270,192,178
7584,15222,285,193,177
7585,15224,296,194,179
7586,15226,294,193,179
7587,15228,291,193,178
7588,15230,314,193,180
7589,15232,314,194,180
7590,15234,331,193,180
7591,15236,313,192,182
7592,15238,299,194,179
7593,15240,269,195,179
7594,15242,286,194,183
7595,15244,299,193,178
7596,15246,293,193,179
7597,15248,296,193,179
7598,15250,303,192,178
7599,15252,300,193,181
7600,15254,322,193,177
7601,15256,298,193,177
7602,15258,288,193,177
7603,15260,268,192,177
7604,15262,285,193,179
7605,15264,281,193,180
7606,15266,293,193,176
7607,15268,289,192,178
7608,15270,286,193,177
7609,15272,314,194,178
7610,15274,324,193,180
7611,15276,304,193,178
7612,15278,296,193,177
7613,15280,265,193,178
7614,15282,281,193,178
7615,15284,302,192,176
7616,15286,287,193,178
7617,15288,292,193,178
7618,15290,292,192,178
7619,15292,318,193,178
7620,15294,320,193,179
7621,15296,298,193,178
7622,15298,284,193,177
7623,15300,260,194,178
7624,15302,279,193,177
7625,15304,292,194,179
7626,15306,289,193,178
7627,15308,299,194,181
7628,15310,303,193,177
7629,15312,329,192,177
7630,15314,319,193,179
7631,15316,299,192,176
7632,15318,295,194,178
7633,15320,274,194,178
7634,15322,292,193,176
7635,15324,313,193,179
7636,15326,301,194,175
7637,15328,295,193,177
7638,15330,298,192,179
7639,15332,311,193,177
7640,15334,323,191,178
7641,15336,295,193,177
7642,15338,292,193,177
7643,15340,280,192,175
7644,15342,282,193,177
7645,15344,289,192,176
7646,15346,298,193,176
7647,15348,313,193,177
7648,15350,296,191,177
7649,15352,323,193,176
7650,15354,336,192,176
7651,15356,299,192,175
7652,15358,307,193,177
7653,15360,267,192,174
7654,15362,279,192,174
7655,15364,297,193,175
7656,15366,296,192,173
7657,15368,294,192,172
7658,15370,296,193,174
7659,15372,317,192,172
7660,15374,325,193,176
7661,15376,297,194,175
7662,15378,295,193,172
7663,15380,267,191,174
7664,15382,280,192,172
7665,15384,297,193,174
7666,15386,307,193,172
7667,15388,303,193,173
7668,15390,297,192,171
7669,15392,341,193,172
7670,15394,337,192,171
7671,15396,314,193,172
7672,15398,318,193,173
7673,15400,305,193,172
7674,15402,316,193,171
7675,15404,326,193,173
7676,15406,331,192,171
7677,15408,329,193,171
7678,15410,311,192,173
7679,15412,359,193,172
7680,15414,340,193,173
7681,15416,329,192,174
7682,15418,331,193,171
7683,15420,307,193,172
7684,15422,316,192,170
7685,15424,319,192,171
7686,15426,331,192,170
7687,15428,333,193,171
7688,15430,321,193,172
7689,15432,350,193,171
7690,15434,354,192,173
7691,15436,327,192,172
7692,15438,323,192,173
7693,15440,307,192,171
7694,15442,320,193,172
7695,15444,329,194,177
7696,15446,330,192,173
7697,15448,328,193,173
7698,15450,330,193,174
7699,15452,353,193,173
7700,15454,349,193,172
7701,15456,327,192,171
7702,15458,326,192,172
7703,15460,303,192,172
7704,15462,311,192,171
7705,15464,329,192,172
7706,15466,335,192,172
7707,15468,324,193,173
7708,15470,334,192,173
7709,15472,347,193,174
7710,15474,344,192,176
7711,15476,321,192,171
7712,15478,316,193,172
7713,15480,300,193,172
7714,15482,315,193,169
7715,15484,326,192,168
7716,15486,327,194,170
7717,15488,323,192,170
7718,15490,325,192,170
7719,15492,353,193,170
7720,15494,341,193,170
7721,15496,322,192,173
7722,15498,319,192,170
7723,15500,310,193,171
7724,15502,309,192,167
7725,15504,328,193,169
7726,15506,329,192,167
7727,15508,333,192,168
7728,15510,322,192,170
7729,15512,345,193,166
7730,15514,351,192,169
7731,15516,322,192,165
7732,15518,323,192,167
7733,15520,295,193,167
7734,15522,310,192,165
7735,15524,315,191,165
7736,15526,336,192,166
7737,15528,320,191,167
7738,15530,319,192,165
7739,15532,345,192,164
7740,15534,349,191,165
7741,15536,327,192,166
7742,15538,329,191,166
7743,15540,306,192,166
7744,15542,318,192,167
7745,15544,328,194,163
7746,15546,325,193,167
7747,15548,331,192,166
7748,15550,330,192,169
7749,15552,354,192,167
7750,15554,345,192,166
7751,15556,330,192,165
7752,15558,324,191,167
7753,15560,303,191,167
7754,15562,316,187,167
7755,15564,327,195,168
7756,15566,326,192,167
7757,15568,328,192,168
7758,15570,323,192,166
7759,15572,357,192,168
7760,15574,348,192,169
7761,15576,324,192,168
7762,15578,320,193,167
7763,15580,302,192,167
7764,15582,313,192,166
7765,15584,332,191,168
7766,15586,330,192,168
7767,15588,322,190,168
7768,15590,317,193,169
7769,15592,348,193,168
7770,15594,341,193,167
7771,15596,322,193,166
7772,15598,323,194,169
7773,15600,301,193,167
7774,15602,312,193,167
7775,15604,324,193,169
7776,15606,328,193,168
7777,15608,325,194,169
7778,15610,324,193,169
7779,15612,344,194,168
7780,15614,343,194,168
7781,15616,328,194,166
7782,15618,318,195,168
7783,15620,306,190,167
7784,15622,317,194,167
7785,15624,326,193,168
7786,15626,330,194,168
7787,15628,325,193,169
7788,15630,327,193,168
7789,15632,348,194,167
7790,15634,343,194,170
7791,15636,324,194,169
7792,15638,321,194,168
7793,15640,307,195,170
7794,15642,311,194,169
7795,15644,324,194,168
7796,15646,324,194,169
7797,15648,334,194,167
7798,15650,319,195,170
7799,15652,346,193,169
7800,15654,342,193,170
7801,15656,326,194,170
7802,15658,328,194,169
7803,15660,299,196,169
7804,15662,312,194,169
7805,15664,325,193,171
7806,15666,326,193,171
7807,15668,329,195,170
7808,15670,322,194,170
7809,15672,343,194,171
7810,15674,336,193,169
7811,15676,329,194,170
7812,15678,320,194,170
7813,15680,306,193,171
7814,15682,317,193,169
7815,15684,345,194,170
7816,15686,329,194,170
7817,15688,338,194,169
7818,15690,322,194,168
7819,15692,354,194,169
7820,15694,348,194,170
7821,15696,332,193,171
7822,15698,325,195,170
7823,15700,308,193,169
7824,15702,315,194,168
7825,15704,327,194,170
7826,15706,332,194,167
7827,15708,336,194,169
7828,15710,325,193,169
7829,15712,355,194,169
7830,15714,366,194,170
7831,15716,335,193,170
7832,15718,330,194,169
7833,15720,308,193,168
7834,15722,317,194,168
7835,15724,341,193,168
7836,15726,336,193,169
7837,15728,334,194,168
7838,15730,344,193,169
7839,15732,352,194,168
7840,15734,349,194,169
7841,15736,335,192,168
7842,15738,329,194,167
7843,15740,303,193,170
7844,15742,312,194,167
7845,15744,331,193,167
7846,15746,329,193,166
7847,15748,327,193,165
7848,15750,332,194,168
7849,15752,353,193,167
7850,15754,351,194,166
7851,15756,338,194,168
7852,15758,324,194,168
7853,15760,307,193,167
7854,15762,314,194,166
7855,15764,331,193,167
7856,15766,325,194,166
7857,15768,338,194,167
7858,15770,334,193,166
7859,15772,359,193,168
7860,15774,354,193,167
7861,15776,334,194,168
7862,15778,330,194,167
7863,15780,310,192,166
7864,15782,316,193,167
7865,15784,333,194,168
7866,15786,323,194,168
7867,15788,329,194,169
7868,15790,333,194,169
7869,15792,354,193,167
7870,15794,355,193,169
7871,15796,340,194,171
7872,15798,324,194,170
7873,15800,307,193,169
7874,15802,313,193,168
7875,15804,331,194,171
7876,15806,329,194,170
7877,15808,325,194,169
7878,15810,333,193,169
7879,15812,355,194,170
7880,15814,350,192,169
7881,15816,333,194,168
7882,15818,320,193,169
7883,15820,305,194,170
7884,15822,314,193,169
7885,15824,325,193,167
7886,15826,332,194,167
7887,15828,330,193,169
7888,15830,330,194,168
7889,15832,356,194,170
7890,15834,352,193,168
7891,15836,337,193,168
7892,15838,326,193,169
7893,15840,298,193,171
7894,15842,316,193,168
7895,15844,332,193,170
7896,15846,326,194,169
7897,15848,329,193,170
7898,15850,328,194,171
7899,15852,355,194,170
7900,15854,348,193,169
7901,15856,333,194,170
7902,15858,329,194,169
7903,15860,308,193,168
7904,15862,323,194,169
7905,15864,324,194,170
7906,15866,328,194,170
7907,15868,327,193,170
7908,15870,327,193,168
7909,15872,365,194,170
7910,15874,361,194,169
7911,15876,345,193,169
7912,15878,333,193,168
7913,15880,318,193,169
7914,15882,321,194,169
7915,15884,337,194,171
7916,15886,332,194,167
7917,15888,331,194,170
7918,15890,339,193,170
7919,15892,361,193,169
7920,15894,355,194,170
7921,15896,346,193,169
7922,15898,332,194,169
7923,15900,309,194,168
7924,15902,318,194,170
7925,15904,336,194,171
7926,15906,329,194,171
7927,15908,333,193,169
7928,15910,337,193,168
7929,15912,359,193,170
7930,15914,360,193,171
7931,15916,339,193,171
7932,15918,332,193,171
7933,15920,310,193,171
7934,15922,324,193,169
7935,15924,341,192,171
7936,15926,329,194,171
7937,15928,333,194,172
7938,15930,338,193,171
7939,15932,361,194,171
7940,15934,359,193,171
7941,15936,346,193,171
7942,15938,338,194,170
7943,15940,316,193,172
7944,15942,327,194,170
7945,15944,341,194,173
7946,15946,339,194,171
7947,15948,339,194,171
7948,15950,340,193,171
7949,15952,365,194,171
7950,15954,357,193,170
7951,15956,334,194,174
7952,15958,337,194,171
7953,15960,320,193,171
7954,15962,329,194,171
7955,15964,341,192,171
7956,15966,350,193,171
7957,15968,344,194,171
7958,15970,338,194,171
7959,15972,364,194,171
7960,15974,364,194,173
7961,15976,344,194,170
7962,15978,339,193,169
7963,15980,317,194,169
7964,15982,323,193,170
7965,15984,339,193,171
7966,15986,334,193,170
7967,15988,343,194,173
7968,15990,336,193,171
7969,15992,361,193,171
7970,15994,352,193,173
7971,15996,341,194,171
7972,15998,338,194,171
7973,16000,317,193,171
7974,16002,328,194,170
7975,16004,343,193,170
7976,16006,341,193,172
7977,16008,339,194,171
7978,16010,341,194,170
7979,16012,362,194,173
7980,16014,360,192,170
7981,16016,349,193,171
7982,16018,337,193,170
7983,16020,314,193,172
7984,16022,330,193,170
7985,16024,338,194,172
7986,16026,340,194,171
7987,16028,338,194,171
7988,16030,341,193,171
7989,16032,367,193,171
7990,16034,351,192,171
7991,16036,340,194,170
7992,16038,335,193,172
7993,16040,324,192,171
7994,16042,327,193,171
7995,16044,339,193,171
7996,16046,343,192,169
7997,16048,344,193,171
7998,16050,336,193,171
7999,16052,359,193,171
8000,16054,370,194,172
8001,16056,345,192,171
8002,16058,339,193,170
8003,16060,321,192,171
8004,16062,328,193,168
8005,16064,341,192,170
8006,16066,343,192,169
8007,16068,344,193,171
8008,16070,346,192,170
8009,16072,365,190,171
8010,16074,362,192,169
8011,16076,348,192,170
8012,16078,335,192,170
8013,16080,321,192,170
8014,16082,334,193,170
8015,16084,339,192,169
8016,16086,344,192,170
8017,16088,350,192,170
8018,16090,348,192,171
8019,16092,370,192,171
8020,16094,367,191,169
8021,16096,339,192,169
8022,16098,335,192,170
8023,16100,322,191,169
8024,16102,331,192,171
8025,16104,340,191,170
8026,16106,348,191,169
8027,16108,343,192,170
8028,16110,338,192,167
8029,16112,361,192,168
8030,16114,359,192,169
8031,16116,336,192,170
8032,16118,342,192,170
8033,16120,323,191,168
8034,16122,333,192,169
8035,16124,343,192,171
8036,16126,350,191,168
8037,16128,335,191,169
8038,16130,341,192,169
8039,16132,369,192,168
8040,16134,367,192,172
8041,16136,341,192,168
8042,16138,334,192,169
8043,16140,322,193,167
8044,16142,334,193,169
8045,16144,341,193,166
8046,16146,343,192,169
8047,16148,357,193,169
8048,16150,338,191,169
8049,16152,361,192,170
8050,16154,362,192,169
8051,16156,350,192,171
8052,16158,340,192,170
8053,16160,322,191,169
8054,16162,330,192,169
8055,16164,340,192,169
8056,16166,348,192,169
8057,16168,344,192,167
8058,16170,342,192,169
8059,16172,365,192,167
8060,16174,366,192,169
8061,16176,353,192,169
8062,16178,337,192,168
8063,16180,319,192,169
8064,16182,324,192,169
8065,16184,345,192,167
8066,16186,347,192,164
8067,16188,356,191,166
8068,16190,339,191,167
8069,16192,365,193,172
8070,16194,366,192,168
8071,16196,347,192,169
8072,16198,331,193,169
8073,16200,319,192,169
8074,16202,325,192,171
8075,16204,341,192,170
8076,16206,339,191,170
8077,16208,342,192,168
8078,16210,340,192,171
8079,16212,366,192,170
8080,16214,372,192,169
8081,16216,344,192,169
8082,16218,336,192,170
8083,16220,323,194,172
8084,16222,325,190,168
8085,16224,344,192,169
8086,16226,344,193,167
8087,16228,345,193,169
8088,16230,340,192,170
8089,16232,367,192,170
8090,16234,371,191,169
8091,16236,352,192,169
8092,16238,338,193,170
8093,16240,314,192,170
8094,16242,327,193,169
8095,16244,346,192,171
8096,16246,344,192,170
8097,16248,343,192,169
8098,16250,342,193,170
8099,16252,369,192,171
8100,16254,369,191,170
8101,16256,346,194,170
8102,16258,332,192,169
8103,16260,315,192,170
8104,16262,330,192,170
8105,16264,343,193,172
8106,16266,345,192,170
8107,16268,345,193,172
8108,16270,343,193,172
8109,16272,369,193,172
8110,16274,361,192,171
8111,16276,341,192,171
8112,16278,334,192,172
8113,16280,314,192,171
8114,16282,325,192,170
8115,16284,341,188,171
8116,16286,344,193,172
8117,16288,344,193,172
8118,16290,336,192,174
8119,16292,369,192,173
8120,16294,361,192,173
8121,16296,346,192,170
8122,16298,325,191,172
8123,16300,319,192,169
8124,16302,326,193,171
8125,16304,343,192,172
8126,16306,336,192,172
8127,16308,345,191,172
8128,16310,347,193,170
8129,16312,364,193,170
8130,16314,367,192,171
8131,16316,350,192,170
8132,16318,333,192,170
8133,16320,322,193,171
8134,16322,326,192,169
8135,16324,338,192,169
8136,16326,336,192,169
8137,16328,343,194,168
8138,16330,344,192,169
8139,16332,370,192,168
8140,16334,362,192,170
8141,16336,340,192,170
8142,16338,331,191,170
8143,16340,315,191,168
8144,16342,328,193,167
8145,16344,334,192,167
8146,16346,339,192,167
8147,16348,347,192,166
8148,16350,352,191,166
8149,16352,367,193,165
8150,16354,363,189,168
8151,16356,339,192,167
8152,16358,328,192,165
8153,16360,316,195,166
8154,16362,325,192,166
8155,16364,342,191,164
8156,16366,341,191,164
8157,16368,343,190,166
8158,16370,350,189,164
8159,16372,354,191,163
8160,16374,366,189,163
8161,16376,348,190,164
8162,16378,331,189,163
8163,16380,321,190,164
8164,16382,337,190,163
8165,16384,340,190,163
8166,16386,340,190,165
8167,16388,344,190,163
8168,16390,354,189,160
8169,16392,371,190,160
8170,16394,379,191,164
8171,16396,353,190,161
8172,16398,329,190,161
8173,16400,311,188,159
8174,16402,330,190,160
8175,16404,355,189,161
8176,16406,343,190,161
8177,16408,338,190,160
8178,16410,345,189,159
8179,16412,366,190,161
8180,16414,355,190,161
8181,16416,347,189,159
8182,16418,329,190,162
8183,16420,322,189,160
8184,16422,328,189,161
8185,16424,339,190,162
8186,16426,337,190,164
8187,16428,340,189,163
8188,16430,342,190,163
8189,16432,373,189,162
8190,16434,363,191,163
8191,16436,345,190,164
8192,16438,332,189,164
8193,16440,317,190,163
8194,16442,325,190,164
8195,16444,342,190,164
8196,16446,345,189,165
8197,16448,352,190,164
8198,16450,347,189,164
8199,16452,370,190,165
8200,16454,368,190,163
8201,16456,351,190,165
8202,16458,353,190,164
8203,16460,341,199,181
8204,16462,332,190,166
8205,16464,347,191,166
8206,16466,343,190,165
8207,16468,348,191,166
8208,16470,351,192,167
8209,16472,371,193,168
8210,16474,367,194,167
8211,16476,352,192,166
8212,16478,337,192,166
8213,16480,319,192,165
8214,16482,329,192,164
8215,16484,342,192,165
8216,16486,345,193,166
8217,16488,344,193,166
8218,16490,343,193,167
8219,16492,369,193,165
8220,16494,362,193,167
8221,16496,344,193,166
8222,16498,329,194,165
8223,16500,316,193,164
8224,16502,328,193,164
8225,16504,345,193,166
8226,16506,347,193,166
8227,16508,344,194,167
8228,16510,345,193,167
8229,16512,375,194,168
8230,16514,369,193,168
8231,16516,349,193,169
8232,16518,329,193,167
8233,16520,321,194,167
8234,16522,335,194,166
8235,16524,348,193,169
8236,16526,340,194,167
8237,16528,337,194,167
8238,16530,341,193,166
8239,16532,369,193,166
8240,16534,369,193,167
8241,16536,360,194,167
8242,16538,337,193,165
8243,16540,314,194,168
8244,16542,327,194,167
8245,16544,335,195,167
8246,16546,342,194,167
8247,16548,336,193,165
8248,16550,347,193,165
8249,16552,365,194,166
8250,16554,361,193,166
8251,16556,345,194,166
8252,16558,331,193,165
8253,16560,313,193,164
8254,16562,330,193,164
8255,16564,336,193,164
8256,16566,339,193,165
8257,16568,342,194,164
8258,16570,338,193,164
8259,16572,364,194,168
8260,16574,349,193,164
8261,16576,345,194,164
8262,16578,330,194,167
8263,16580,321,193,165
8264,16582,321,193,165
8265,16584,341,194,167
8266,16586,336,194,165
8267,16588,333,194,166
8268,16590,341,194,165
8269,16592,372,193,164
8270,16594,360,192,165
8271,16596,342,193,164
8272,16598,334,193,164
8273,16600,320,193,164
8274,16602,331,194,164
8275,16604,348,194,164
8276,16606,341,194,159
8277,16608,339,193,159
8278,16610,343,193,162
8279,16612,375,193,159
8280,16614,364,194,161
8281,16616,349,194,160
8282,16618,327,193,159
8283,16620,314,193,158
8284,16622,337,193,159
8285,16624,337,194,158
8286,16626,339,193,157
8287,16628,339,193,151
8288,16630,340,194,150
8289,16632,365,193,149
8290,16634,366,193,150
8291,16636,349,193,146
8292,16638,326,193,149
8293,16640,318,192,145
8294,16642,330,193,145
8295,16644,337,192,146
8296,16646,331,191,147
8297,16648,333,193,145
8298,16650,333,192,145
8299,16652,360,193,147
8300,16654,358,192,148
8301,16656,347,192,145
8302,16658,327,192,146
8303,16660,311,192,146
8304,16662,336,192,147
8305,16664,331,192,145
8306,16666,335,191,146
8307,16668,337,191,150
8308,16670,334,190,152
8309,16672,363,191,152
8310,16674,357,189,155
8311,16676,340,190,149
8312,16678,318,190,152
8313,16680,316,190,150
8314,16682,333,191,151
8315,16684,334,190,150
8316,16686,329,189,150
8317,16688,335,190,150
8318,16690,334,190,150
8319,16692,355,190,150
8320,16694,359,189,148
8321,16696,345,190,151
8322,16698,329,189,150
8323,16700,314,189,149
8324,16702,335,190,150
8325,16704,333,189,149
8326,16706,345,190,147
8327,16708,333,190,148
8328,16710,334,188,148
8329,16712,366,190,150
8330,16714,362,189,144
8331,16716,340,190,146
8332,16718,333,190,145
8333,16720,303,189,146
8334,16722,335,189,143
8335,16724,338,189,145
8336,16726,335,190,145
8337,16728,340,190,145
8338,16730,335,190,143
8339,16732,368,189,146
8340,16734,353,189,142
8341,16736,338,189,146
8342,16738,325,189,140
8343,16740,318,189,143
8344,16742,332,190,139
8345,16744,342,188,141
8346,16746,339,189,141
8347,16748,351,189,141
8348,16750,332,189,141
8349,16752,361,189,143
8350,16754,346,189,145
8351,16756,326,190,141
8352,16758,316,189,142
8353,16760,312,189,143
8354,16762,331,189,141
8355,16764,338,189,141
8356,16766,333,190,141
8357,16768,328,188,141
8358,16770,330,189,140
8359,16772,360,190,143
8360,16774,352,189,142
8361,16776,328,189,142
8362,16778,313,189,142
8363,16780,308,189,143
8364,16782,328,189,144
8365,16784,334,189,144
8366,16786,325,190,144
8367,16788,330,189,143
8368,16790,323,189,143
8369,16792,355,190,144
8370,16794,350,190,145
8371,16796,319,190,146
8372,16798,315,190,143
8373,16800,310,191,144
8374,16802,328,190,142
8375,16804,330,190,144
8376,16806,335,191,143
8377,16808,330,190,143
8378,16810,319,189,144
8379,16812,349,190,141
8380,16814,345,189,145
8381,16816,331,190,147
8382,16818,311,189,141
8383,16820,302,190,143
8384,16822,328,189,144
8385,16824,336,189,141
8386,16826,333,190,143
8387,16828,328,191,143
8388,16830,333,191,139
8389,16832,349,192,141
8390,16834,356,192,143
8391,16836,327,192,144
8392,16838,315,191,141
8393,16840,310,192,142
8394,16842,328,192,143
8395,16844,326,191,141
8396,16846,333,191,141
8397,16848,325,192,142
8398,16850,334,191,145
8399,16852,364,193,144
8400,16854,350,191,143
8401,16856,329,191,146
8402,16858,306,192,144
8403,16860,303,192,142
8404,16862,332,192,144
8405,16864,330,191,145
8406,16866,331,192,142
8407,16868,334,192,140
8408,16870,324,192,139
8409,16872,360,192,144
8410,16874,354,192,143
8411,16876,336,191,143
8412,16878,311,191,138
8413,16880,309,191,139
8414,16882,326,192,140
8415,16884,336,190,142
8416,16886,334,192,141
8417,16888,332,192,137
8418,16890,328,191,139
8419,16892,363,192,142
8420,16894,351,192,140
8421,16896,339,192,143
8422,16898,321,191,146
8423,16900,309,192,141
8424,16902,329,192,141
8425,16904,338,192,140
8426,16906,331,192,141
8427,16908,336,192,145
8428,16910,336,192,144
8429,16912,358,191,143
8430,16914,347,192,144
8431,16916,341,192,144
8432,16918,318,192,143
8433,16920,315,192,146
8434,16922,329,192,142
8435,16924,333,193,142
8436,16926,326,193,144
8437,16928,337,192,143
8438,16930,321,192,142
8439,16932,357,192,144
8440,16934,344,190,143
8441,16936,333,193,142
8442,16938,308,193,142
8443,16940,312,192,143
8444,16942,329,193,145
8445,16944,336,193,143
8446,16946,328,191,142
8447,16948,331,192,142
8448,16950,326,192,145
8449,16952,363,192,144
8450,16954,349,192,145
8451,16956,336,191,144
8452,16958,319,192,144
8453,16960,320,192,145
8454,16962,328,192,145
8455,16964,335,192,144
8456,16966,333,191,144
8457,16968,339,192,142
8458,16970,336,191,142
8459,16972,360,192,143
8460,16974,354,191,144
8461,16976,339,191,143
8462,16978,324,192,143
8463,16980,318,191,143
8464,16982,338,191,144
8465,16984,342,191,143
8466,16986,338,191,144
8467,16988,337,190,143
8468,16990,332,190,145
8469,16992,362,191,144
8470,16994,352,191,143
8471,16996,344,191,143
8472,16998,316,191,144
8473,17000,311,191,143
8474,17002,334,192,143
8475,17004,336,191,143
8476,17006,325,191,144
8477,17008,339,191,146
8478,17010,328,190,143
8479,17012,364,190,145
8480,17014,347,190,146
8481,17016,334,190,144
8482,17018,322,190,145
8483,17020,309,189,143
8484,17022,336,189,146
8485,17024,332,190,144
8486,17026,328,191,143
8487,17028,329,190,143
8488,17030,329,190,144
8489,17032,364,191,144
8490,17034,352,190,144
8491,17036,340,190,143
8492,17038,318,190,143
8493,17040,310,190,141
8494,17042,334,191,142
8495,17044,326,190,143
8496,17046,339,190,142
8497,17048,331,189,141
8498,17050,342,190,142
8499,17052,363,190,141
8500,17054,354,190,143
8501,17056,348,190,141
8502,17058,317,190,141
8503,17060,308,189,140
8504,17062,336,191,144
8505,17064,334,190,143
8506,17066,334,190,140
8507,17068,337,190,139
8508,17070,337,190,139
8509,17072,370,190,139
8510,17074,353,189,141
8511,17076,348,189,140
8512,17078,319,191,140
8513,17080,312,190,139
8514,17082,334,191,138
8515,17084,327,190,140
8516,17086,331,189,137
8517,17088,334,189,141
8518,17090,335,191,139
8519,17092,361,190,139
8520,17094,349,189,142
8521,17096,347,190,139
8522,17098,330,190,140
8523,17100,317,190,142
8524,17102,331,191,140
8525,17104,331,186,140
8526,17106,331,191,137
8527,17108,340,189,138
8528,17110,343,189,139
8529,17112,370,190,140
8530,17114,357,190,140
8531,17116,345,190,140
8532,17118,326,191,138
8533,17120,307,191,140
8534,17122,343,190,135
8535,17124,334,191,139
8536,17126,330,190,139
8537,17128,335,190,139
8538,17130,341,191,140
8539,17132,366,190,138
8540,17134,360,190,137
8541,17136,348,190,140
8542,17138,321,189,139
8543,17140,307,189,140
8544,17142,330,190,139
8545,17144,336,190,139
8546,17146,335,190,140
8547,17148,332,190,137
8548,17150,339,190,139
8549,17152,365,190,140
8550,17154,350,190,140
8551,17156,339,190,139
8552,17158,324,190,140
8553,17160,312,188,137
8554,17162,330,190,141
8555,17164,329,189,139
8556,17166,331,190,140
8557,17168,332,190,138
8558,17170,332,190,136
8559,17172,361,189,140
8560,17174,353,189,137
8561,17176,337,189,137
8562,17178,317,189,137
8563,17180,315,189,137
8564,17182,331,190,139
8565,17184,333,189,136
8566,17186,327,189,137
8567,17188,331,189,138
8568,17190,330,189,138
8569,17192,355,189,137
8570,17194,353,188,137
8571,17196,342,190,137
8572,17198,320,189,137
8573,17200,310,189,135
8574,17202,329,189,137
8575,17204,326,189,136
8576,17206,330,189,134
8577,17208,325,188,134
8578,17210,329,188,136
8579,17212,336,189,134
8580,17214,330,188,133
8581,17216,318,189,135
8582,17218,293,188,136
8583,17220,288,189,131
8584,17222,312,189,135
8585,17224,305,189,133
8586,17226,312,188,131
8587,17228,316,188,134
8588,17230,303,188,133
8589,17232,338,188,133
8590,17234,331,187,133
8591,17236,320,189,133
8592,17238,292,188,132
8593,17240,290,188,133
8594,17242,312,189,133
8595,17244,317,188,134
8596,17246,314,188,133
8597,17248,309,189,132
8598,17250,316,188,131
8599,17252,353,188,131
8600,17254,336,189,133
8601,17256,318,189,131
8602,17258,303,188,131
8603,17260,294,188,131
8604,17262,316,188,131
8605,17264,322,188,134
8606,17266,314,188,133
8607,17268,319,188,131
8608,17270,317,188,131
8609,17272,343,189,133
8610,17274,342,190,135
8611,17276,329,189,132
8612,17278,295,189,133
8613,17280,296,189,132
8614,17282,319,189,132
8615,17284,315,189,132
8616,17286,317,189,132
8617,17288,316,189,131
8618,17290,314,189,133
8619,17292,351,189,136
8620,17294,326,189,133
8621,17296,325,189,133
8622,17298,297,189,132
8623,17300,296,189,132
8624,17302,313,189,134
8625,17304,309,189,133
8626,17306,320,189,132
8627,17308,332,190,133
8628,17310,332,189,132
8629,17312,365,190,134
8630,17314,351,189,133
8631,17316,342,190,134
8632,17318,322,189,134
8633,17320,313,190,135
8634,17322,336,191,134
8635,17324,327,191,134
8636,17326,338,192,135
8637,17328,334,192,136
8638,17330,336,192,135
8639,17332,360,192,136
8640,17334,352,192,136
8641,17336,343,193,136
8642,17338,319,192,134
8643,17340,307,192,135
8644,17342,337,193,134
8645,17344,337,192,135
8646,17346,337,193,134
8647,17348,337,194,136
8648,17350,338,193,136
8649,17352,367,192,136
8650,17354,351,193,137
8651,17356,342,193,135
8652,17358,324,193,136
8653,17360,322,194,136
8654,17362,342,193,135
8655,17364,344,193,138
8656,17366,349,195,138
8657,17368,343,193,137
8658,17370,340,193,136
8659,17372,368,194,136
8660,17374,352,194,137
8661,17376,342,195,136
8662,17378,320,194,135
8663,17380,318,193,136
8664,17382,336,194,137
8665,17384,342,194,136
8666,17386,344,193,137
8667,17388,325,195,138
8668,17390,333,193,137
8669,17392,363,195,136
8670,17394,350,194,137
8671,17396,338,194,134
8672,17398,321,194,137
8673,17400,315,195,138
8674,17402,335,194,138
8675,17404,333,195,139
8676,17406,343,194,139
8677,17408,331,194,138
8678,17410,340,193,140
8679,17412,365,195,141
8680,17414,353,194,139
8681,17416,342,196,140
8682,17418,319,195,140
8683,17420,314,196,142
8684,17422,340,195,136
8685,17424,345,195,141
8686,17426,354,196,147
8687,17428,347,197,148
8688,17430,339,197,152
8689,17432,372,197,156
8690,17434,351,197,154
8691,17436,338,197,157
8692,17438,317,196,157
8693,17440,322,195,156
8694,17442,343,198,159
8695,17444,350,196,159
8696,17446,343,197,162
8697,17448,342,198,163
8698,17450,344,197,163
8699,17452,367,196,164
8700,17454,349,197,165
8701,17456,341,198,166
8702,17458,327,197,167
8703,17460,323,197,168
8704,17462,340,198,168
8705,17464,342,197,171
8706,17466,345,198,171
8707,17468,336,197,171
8708,17470,342,197,171
8709,17472,367,198,175
8710,17474,354,196,173
8711,17476,337,198,173
8712,17478,322,199,173
8713,17480,319,197,174
8714,17482,343,198,174
8715,17484,346,198,175
8716,17486,339,198,175
8717,17488,341,199,173
8718,17490,342,198,176
8719,17492,374,198,175
8720,17494,353,198,180
8721,17496,344,198,179
8722,17498,335,198,178
8723,17500,312,198,178
8724,17502,340,198,179
8725,17504,347,198,177
8726,17506,353,198,174
8727,17508,344,198,179
8728,17510,342,198,178
8729,17512,366,198,178
8730,17514,364,198,179
8731,17516,341,198,177
8732,17518,322,199,177
8733,17520,328,198,177
8734,17522,348,199,179
8735,17524,343,198,178
8736,17526,343,198,178
8737,17528,335,199,179
8738,17530,335,198,179
8739,17532,365,198,178
8740,17534,359,198,181
8741,17536,345,198,179
8742,17538,325,198,181
8743,17540,325,198,180
8744,17542,343,198,177
8745,17544,347,198,179
8746,17546,345,198,178
8747,17548,340,197,176
8748,17550,341,197,177
8749,17552,366,198,179
8750,17554,358,198,178
8751,17556,336,198,177
8752,17558,328,197,180
8753,17560,324,197,177
8754,17562,346,198,179
8755,17564,344,198,176
8756,17566,339,198,177
8757,17568,340,198,178
8758,17570,335,197,176
8759,17572,363,198,174
8760,17574,351,198,177
8761,17576,347,198,176
8762,17578,322,198,175
8763,17580,318,198,175
8764,17582,341,198,176
8765,17584,340,197,176
8766,17586,345,198,177
8767,17588,343,197,180
8768,17590,337,198,178
8769,17592,367,196,178
8770,17594,352,197,177
8771,17596,341,197,179
8772,17598,319,197,176
8773,17600,317,198,177
8774,17602,356,196,176
8775,17604,339,197,177
8776,17606,344,197,178
8777,17608,342,200,178
8778,17610,335,197,177
8779,17612,373,198,178
8780,17614,354,198,178
8781,17616,341,198,176
8782,17618,325,198,176
8783,17620,328,198,175
8784,17622,346,195,174
8785,17624,341,197,177
8786,17626,336,198,176
8787,17628,338,199,178
8788,17630,338,198,178
8789,17632,375,198,175
8790,17634,363,198,177
8791,17636,349,198,177
8792,17638,326,197,175
8793,17640,324,198,176
8794,17642,349,198,177
8795,17644,346,198,177
8796,17646,337,198,176
8797,17648,338,198,176
8798,17650,343,198,178
8799,17652,367,198,178
8800,17654,361,198,179
8801,17656,353,197,178
8802,17658,327,198,179
8803,17660,325,198,177
8804,17662,348,198,176
8805,17664,343,197,179
8806,17666,347,198,177
8807,17668,348,199,180
8808,17670,345,198,179
8809,17672,376,198,178
8810,17674,365,198,180
8811,17676,346,198,180
8812,17678,322,200,178
8813,17680,327,197,178
8814,17682,345,198,179
8815,17684,340,198,178
8816,17686,339,198,179
8817,17688,347,198,179
8818,17690,344,199,178
8819,17692,373,198,179
8820,17694,354,198,179
8821,17696,342,198,174
8822,17698,325,198,179
8823,17700,324,197,178
8824,17702,347,198,180
8825,17704,342,198,180
8826,17706,345,198,180
8827,17708,346,203,179
8828,17710,353,197,178
8829,17712,382,199,179
8830,17714,365,198,178
8831,17716,349,199,179
8832,17718,331,198,178
8833,17720,326,198,177
8834,17722,338,198,177
8835,17724,348,198,179
8836,17726,341,198,176
8837,17728,346,199,178
8838,17730,352,198,178
8839,17732,377,198,177
8840,17734,372,199,179
8841,17736,351,198,177
8842,17738,334,198,178
8843,17740,323,202,179
8844,17742,347,198,179
8845,17744,339,198,179
8846,17746,343,198,180
8847,17748,352,198,180
8848,17750,354,198,176
8849,17752,379,197,178
8850,17754,369,198,176
8851,17756,349,197,174
8852,17758,333,198,175
8853,17760,323,198,178
8854,17762,349,198,178
8855,17764,343,198,178
8856,17766,347,198,178
8857,17768,353,198,176
8858,17770,350,198,178
8859,17772,377,198,178
8860,17774,360,199,179
8861,17776,352,199,179
8862,17778,325,198,178
8863,17780,324,199,178
8864,17782,347,198,176
8865,17784,337,199,178
8866,17786,341,199,177
8867,17788,342,199,176
8868,17790,349,196,176
8869,17792,376,200,178
8870,17794,371,199,179
8871,17796,352,200,176
8872,17798,326,198,176
8873,17800,325,198,177
8874,17802,342,198,178
8875,17804,351,200,180
8876,17806,342,199,178
8877,17808,345,199,177
8878,17810,347,198,177
8879,17812,379,199,176
8880,17814,366,198,178
8881,17816,348,199,177
8882,17818,332,199,177
8883,17820,330,199,177
8884,17822,347,199,176
8885,17824,344,200,177
8886,17826,350,199,179
8887,17828,341,199,177
8888,17830,356,199,177
8889,17832,374,200,179
8890,17834,371,199,177
8891,17836,351,200,176
8892,17838,326,199,176
8893,17840,327,199,179
8894,17842,349,199,179
8895,17844,346,198,179
8896,17846,346,199,179
8897,17848,355,200,178
8898,17850,351,198,178
8899,17852,372,200,180
8900,17854,359,200,180
8901,17856,349,199,178
8902,17858,330,199,178
8903,17860,328,199,177
8904,17862,352,200,179
8905,17864,348,199,177
8906,17866,344,199,179
8907,17868,353,200,177
8908,17870,360,199,177
8909,17872,375,200,178
8910,17874,364,200,179
8911,17876,343,200,179
8912,17878,322,199,179
8913,17880,329,200,179
8914,17882,343,199,177
8915,17884,344,200,181
8916,17886,344,200,177
8917,17888,349,200,178
8918,17890,348,199,176
8919,17892,381,199,179
8920,17894,363,200,177
8921,17896,354,200,176
8922,17898,327,200,178
8923,17900,321,199,177
8924,17902,344,201,178
8925,17904,347,201,181
8926,17906,353,200,178
8927,17908,349,201,179
8928,17910,347,201,178
8929,17912,374,201,178
8930,17914,373,201,178
8931,17916,348,201,178
8932,17918,328,201,178
8933,17920,326,200,178
8934,17922,351,203,177
8935,17924,344,203,177
8936,17926,344,203,175
8937,17928,350,203,176
8938,17930,353,203,174
8939,17932,372,203,171
8940,17934,368,203,169
8941,17936,347,204,169
8942,17938,324,204,169
8943,17940,320,203,169
8944,17942,338,205,168
8945,17944,340,204,168
8946,17946,348,204,163
8947,17948,344,205,162
8948,17950,342,204,163
8949,17952,367,205,160
8950,17954,357,205,160
8951,17956,342,205,159
8952,17958,321,205,152
8953,17960,320,204,151
8954,17962,338,205,143
8955,17964,340,205,146
8956,17966,349,206,146
8957,17968,336,205,148
8958,17970,340,206,146
8959,17972,368,205,145
8960,17974,354,206,145
8961,17976,340,206,145
8962,17978,317,206,143
8963,17980,316,206,146
8964,17982,329,206,143
8965,17984,340,207,142
8966,17986,344,206,142
8967,17988,336,206,142
8968,17990,338,206,143
8969,17992,365,206,141
8970,17994,358,206,143
8971,17996,337,207,141
8972,17998,313,207,142
8973,18000,319,206,142
8974,18002,345,207,143
8975,18004,339,207,143
8976,18006,345,207,142
8977,18008,347,206,143
8978,18010,338,206,140
8979,18012,362,207,141
8980,18014,352,207,140
8981,18016,330,207,139
8982,18018,315,207,139
8983,18020,315,207,139
8984,18022,331,207,143
8985,18024,343,207,143
8986,18026,340,207,143
8987,18028,339,207,144
8988,18030,334,207,144
8989,18032,365,207,149
8990,18034,354,206,149
8991,18036,334,207,151
8992,18038,316,207,145
8993,18040,323,207,148
8994,18042,345,207,145
8995,18044,340,207,148
8996,18046,341,206,147
8997,18048,338,207,149
8998,18050,335,207,151
8999,18052,363,208,153
9000,18054,354,206,151
9001,18056,340,208,148
9002,18058,315,207,155
9003,18060,320,207,154
9004,18062,340,207,155
9005,18064,346,207,154
9006,18066,342,206,156
9007,18068,341,208,157
9008,18070,335,207,158
9009,18072,362,207,158
9010,18074,352,207,157
9011,18076,344,207,157
9012,18078,316,208,159
9013,18080,323,207,158
9014,18082,340,207,157
9015,18084,346,207,160
9016,18086,349,206,162
9017,18088,338,207,163
9018,18090,333,207,167
9019,18092,360,207,165
9020,18094,351,208,165
9021,18096,337,208,166
9022,18098,318,207,165
9023,18100,323,207,166
9024,18102,337,207,166
9025,18104,341,207,162
9026,18106,338,208,165
9027,18108,332,207,167
9028,18110,336,207,165
9029,18112,362,208,167
9030,18114,355,207,166
9031,18116,340,208,164
9032,18118,322,207,165
9033,18120,326,207,165
9034,18122,343,208,166
9035,18124,348,209,165
9036,18126,350,207,166
9037,18128,335,208,167
9038,18130,334,208,167
9039,18132,370,208,169
9040,18134,355,207,167
9041,18136,353,208,168
9042,18138,320,208,168
9043,18140,331,207,167
9044,18142,347,208,165
9045,18144,347,207,167
9046,18146,343,208,165
9047,18148,344,208,168
9048,18150,345,208,167
9049,18152,370,208,169
9050,18154,356,209,169
9051,18156,345,209,171
9052,18158,320,209,169
9053,18160,330,209,168
9054,18162,347,208,171
9055,18164,346,207,171
9056,18166,352,210,170
9057,18168,339,209,170
9058,18170,343,210,172
9059,18172,370,209,169
9060,18174,360,209,170
9061,18176,349,209,169
9062,18178,329,209,175
9063,18180,332,209,174
9064,18182,346,210,175
9065,18184,347,210,175
9066,18186,344,210,174
9067,18188,348,210,176
9068,18190,343,210,175
9069,18192,370,210,181
9070,18194,361,210,180
9071,18196,357,211,177
9072,18198,323,210,176
9073,18200,332,210,179
9074,18202,351,210,179
9075,18204,355,210,179
9076,18206,344,210,180
9077,18208,350,211,181
9078,18210,353,211,182
9079,18212,380,212,182
9080,18214,358,211,180
9081,18216,349,213,182
9082,18218,324,214,180
9083,18220,337,213,180
9084,18222,351,213,181
9085,18224,345,214,183
9086,18226,358,214,183
9087,18228,343,213,182
9088,18230,344,212,182
9089,18232,371,214,180
9090,18234,362,213,183
9091,18236,353,213,181
9092,18238,330,214,180
9093,18240,337,214,183
9094,18242,349,215,185
9095,18244,351,213,186
9096,18246,344,214,187
9097,18248,344,218,190
9098,18250,346,217,189
9099,18252,376,218,188
9100,18254,363,219,190
9101,18256,354,218,189
9102,18258,330,218,189
9103,18260,330,218,186
9104,18262,354,219,188
9105,18264,348,218,188
9106,18266,346,219,188
9107,18268,346,219,188
9108,18270,340,217,187
9109,18272,369,219,189
9110,18274,360,218,188
9111,18276,349,219,188
9112,18278,321,218,183
9113,18280,326,218,187
9114,18282,346,221,188
9115,18284,338,219,187
9116,18286,338,218,188
9117,18288,343,218,188
9118,18290,336,218,188
9119,18292,369,219,188
9120,18294,364,217,188
9121,18296,350,219,188
9122,18298,319,217,188
9123,18300,328,218,189
9124,18302,343,219,189
9125,18304,339,218,191
9126,18306,342,218,188
9127,18308,344,219,189
9128,18310,340,218,190
9129,18312,367,218,190
9130,18314,355,220,189
9131,18316,346,217,192
9132,18318,322,213,188
9133,18320,322,214,190
9134,18322,338,211,188
9135,18324,344,213,190
9136,18326,349,213,190
9137,18328,338,213,191
9138,18330,343,212,192
9139,18332,371,212,191
9140,18334,359,212,191
9141,18336,344,212,190
9142,18338,320,212,190
9143,18340,323,211,189
9144,18342,342,211,191
9145,18344,342,212,189
9146,18346,346,209,191
9147,18348,343,211,190
9148,18350,342,210,188
9149,18352,363,209,189
9150,18354,358,209,190
9151,18356,341,209,190
9152,18358,326,209,189
9153,18360,322,209,190
9154,18362,342,210,190
9155,18364,338,209,189
9156,18366,344,209,189
9157,18368,337,209,188
9158,18370,338,209,189
9159,18372,365,209,190
9160,18374,353,208,189
9161,18376,345,209,189
9162,18378,320,209,189
9163,18380,330,208,188
9164,18382,339,208,186
9165,18384,337,208,191
9166,18386,340,208,191
9167,18388,344,208,190
9168,18390,353,208,191
9169,18392,371,208,187
9170,18394,361,208,190
9171,18396,348,209,189
9172,18398,330,207,189
9173,18400,323,207,190
9174,18402,346,208,190
9175,18404,334,208,191
9176,18406,345,208,190
9177,18408,346,207,191
9178,18410,337,208,191
9179,18412,361,208,190
9180,18414,359,208,190
9181,18416,346,208,191
9182,18418,327,208,190
9183,18420,328,208,192
9184,18422,342,207,191
9185,18424,340,208,190
9186,18426,340,208,189
9187,18428,348,209,192
9188,18430,339,208,191
9189,18432,367,208,190
9190,18434,355,208,191
9191,18436,341,208,191
9192,18438,309,208,191
9193,18440,323,208,192
9194,18442,316,208,190
9195,18444,333,207,192
9196,18446,334,208,193
9197,18448,340,208,192
9198,18450,343,207,194
9199,18452,363,208,193
9200,18454,358,208,194
9201,18456,344,208,195
9202,18458,316,208,195
9203,18460,324,208,194
9204,18462,339,208,194
9205,18464,337,208,193
9206,18466,337,209,194
9207,18468,337,208,194
9208,18470,351,208,194
9209,18472,362,209,193
9210,18474,351,207,194
9211,18476,345,208,193
9212,18478,318,208,193
9213,18480,323,208,193
9214,18482,340,207,195
9215,18484,335,208,194
9216,18486,335,208,193
9217,18488,338,208,192
9218,18490,333,207,194
9219,18492,366,208,193
9220,18494,356,208,194
9221,18496,335,207,194
9222,18498,317,208,193
9223,18500,325,208,193
9224,18502,337,208,194
9225,18504,335,208,195
9226,18506,346,208,194
9227,18508,335,209,194
9228,18510,339,208,194
9229,18512,367,208,193
9230,18514,372,208,192
9231,18516,341,208,193
9232,18518,319,209,193
9233,18520,321,208,194
9234,18522,336,209,194
9235,18524,337,209,194
9236,18526,329,209,193
9237,18528,338,210,193
9238,18530,334,208,192
9239,18532,358,209,194
9240,18534,347,209,193
9241,18536,343,208,192
9242,18538,321,208,192
9243,18540,318,208,193
9244,18542,335,208,192
9245,18544,324,209,192
9246,18546,323,208,192
9247,18548,310,209,191
9248,18550,325,208,191
9249,18552,352,210,193
9250,18554,337,208,192
9251,18556,328,209,191
9252,18558,302,208,191
9253,18560,309,208,192
9254,18562,331,208,192
9255,18564,331,209,192
9256,18566,326,208,192
9257,18568,322,209,193
9258,18570,331,208,192
9259,18572,355,208,193
9260,18574,346,208,191
9261,18576,326,208,192
9262,18578,303,209,192
9263,18580,314,208,191
9264,18582,334,208,192
9265,18584,340,207,192
9266,18586,342,209,192
9267,18588,332,208,192
9268,18590,337,208,191
9269,18592,370,209,193
9270,18594,354,209,193
9271,18596,344,209,193
9272,18598,323,209,193
9273,18600,321,208,193
9274,18602,346,208,194
9275,18604,350,208,192
9276,18606,342,208,195
9277,18608,334,209,192
9278,18610,353,209,193
9279,18612,365,208,193
9280,18614,363,209,192
9281,18616,352,208,193
9282,18618,337,208,191
9283,18620,338,208,193
9284,18622,354,208,191
9285,18624,363,208,192
9286,18626,365,208,192
9287,18628,365,208,192
9288,18630,359,208,193
9289,18632,373,208,193
9290,18634,376,208,192
9291,18636,357,208,191
9292,18638,350,209,193
9293,18640,353,208,192
9294,18642,367,208,194
9295,18644,365,209,194
9296,18646,366,208,192
9297,18648,364,208,193
9298,18650,360,207,193
9299,18652,396,209,193
9300,18654,375,208,193
9301,18656,365,208,190
9302,18658,347,208,192
9303,18660,346,208,191
9304,18662,362,208,191
9305,18664,365,208,192
9306,18666,364,208,191
9307,18668,364,209,190
9308,18670,363,208,191
9309,18672,393,207,191
9310,18674,371,208,192
9311,18676,362,208,190
9312,18678,347,207,192
9313,18680,354,207,191
9314,18682,371,208,191
9315,18684,367,207,193
9316,18686,361,207,192
9317,18688,369,207,192
9318,18690,363,207,193
9319,18692,388,207,192
9320,18694,375,206,191
9321,18696,362,208,192
9322,18698,344,207,190
9323,18700,350,206,190
9324,18702,366,207,191
9325,18704,368,207,191
9326,18706,368,208,191
9327,18708,371,208,190
9328,18710,361,207,192
9329,18712,384,208,190
9330,18714,369,210,191
9331,18716,358,206,191
9332,18718,347,207,190
9333,18720,355,208,191
9334,18722,360,208,192
9335,18724,369,207,192
9336,18726,368,208,191
9337,18728,371,209,191
9338,18730,368,207,191
9339,18732,398,207,190
9340,18734,382,208,191
9341,18736,361,207,191
9342,18738,351,207,189
9343,18740,356,208,191
9344,18742,365,207,190
9345,18744,372,208,191
9346,18746,372,207,192
9347,18748,369,208,188
9348,18750,366,207,191
9349,18752,397,207,190
9350,18754,367,207,191
9351,18756,368,208,190
9352,18758,352,208,191
9353,18760,360,207,192
9354,18762,374,208,189
9355,18764,378,207,188
9356,18766,377,208,190
9357,18768,370,207,191
9358,18770,368,208,191
9359,18772,385,207,190
9360,18774,380,208,192
9361,18776,365,208,191
9362,18778,347,208,191
9363,18780,363,208,191
9364,18782,371,208,191
9365,18784,364,208,191
9366,18786,375,208,191
9367,18788,372,207,191
9368,18790,364,207,191
9369,18792,391,208,192
9370,18794,366,207,190
9371,18796,365,208,192
9372,18798,349,208,192
9373,18800,347,207,191
9374,18802,333,208,191
9375,18804,345,208,192
9376,18806,342,208,191
9377,18808,336,208,192
9378,18810,332,208,192
9379,18812,365,207,193
9380,18814,371,207,192
9381,18816,342,207,193
9382,18818,328,208,192
9383,18820,345,207,192
9384,18822,355,208,189
9385,18824,353,208,191
9386,18826,358,208,192
9387,18828,351,208,192
9388,18830,360,208,193
9389,18832,381,208,190
9390,18834,366,209,192
9391,18836,363,208,193
9392,18838,338,207,191
9393,18840,351,207,192
9394,18842,364,208,193
9395,18844,354,207,193
9396,18846,366,207,195
9397,18848,356,208,194
9398,18850,350,207,193
9399,18852,375,207,192
9400,18854,369,206,193
9401,18856,362,207,192
9402,18858,347,209,192
9403,18860,352,207,193
9404,18862,362,208,193
9405,18864,362,207,193
9406,18866,357,208,193
9407,18868,359,208,193
9408,18870,354,208,193
9409,18872,387,207,194
9410,18874,362,208,194
9411,18876,358,207,194
9412,18878,345,208,193
9413,18880,356,207,195
9414,18882,353,207,195
9415,18884,358,207,194
9416,18886,366,209,194
9417,18888,355,208,194
9418,18890,362,208,195
9419,18892,387,208,194
9420,18894,367,207,193
9421,18896,366,208,194
9422,18898,341,208,192
9423,18900,349,207,194
9424,18902,366,207,193
9425,18904,369,208,194
9426,18906,359,208,195
9427,18908,364,207,195
9428,18910,357,208,194
9429,18912,386,208,196
9430,18914,365,207,194
9431,18916,366,207,195
9432,18918,339,208,194
9433,18920,352,207,194
9434,18922,363,207,194
9435,18924,349,207,193
9436,18926,359,208,194
9437,18928,359,208,193
9438,18930,362,207,195
9439,18932,379,208,195
9440,18934,368,207,195
9441,18936,361,209,191
9442,18938,337,208,192
9443,18940,354,209,193
9444,18942,370,210,196
9445,18944,357,209,194
9446,18946,357,209,194
9447,18948,365,208,193
9448,18950,357,210,195
9449,18952,381,210,195
9450,18954,378,209,197
9451,18956,354,210,195
9452,18958,333,211,194
9453,18960,341,210,193
9454,18962,349,210,193
9455,18964,345,210,194
9456,18966,354,210,194
9457,18968,364,210,196
9458,18970,363,210,195
9459,18972,374,210,195
9460,18974,370,210,195
9461,18976,362,211,195
9462,18978,345,210,194
9463,18980,351,211,194
9464,18982,360,212,193
9465,18984,361,211,194
9466,18986,369,211,194
9467,18988,364,211,193
9468,18990,364,211,194
9469,18992,383,212,195
9470,18994,374,211,194
9471,18996,364,211,194
9472,18998,339,210,193
9473,19000,348,210,194
9474,19002,354,210,193
9475,19004,353,210,194
9476,19006,370,211,192
9477,19008,375,210,194
9478,19010,366,210,195
9479,19012,381,211,195
9480,19014,369,211,195
9481,19016,362,211,195
9482,19018,336,211,195
9483,19020,353,210,194
9484,19022,357,210,193
9485,19024,357,211,194
9486,19026,367,210,195
9487,19028,364,211,195
9488,19030,365,210,195
9489,19032,382,210,194
9490,19034,371,207,195
9491,19036,357,210,193
9492,19038,344,213,194
9493,19040,350,210,194
9494,19042,365,210,195
9495,19044,362,209,193
9496,19046,371,210,193
9497,19048,366,209,193
9498,19050,364,210,195
9499,19052,388,210,195
9500,19054,386,210,194
9501,19056,362,209,193
9502,19058,347,209,193
9503,19060,353,209,193
9504,19062,368,209,194
9505,19064,366,210,193
9506,19066,361,209,195
9507,19068,365,208,194
9508,19070,372,209,195
9509,19072,384,210,193
9510,19074,375,210,193
9511,19076,367,210,191
9512,19078,351,210,192
9513,19080,351,209,193
9514,19082,368,210,193
9515,19084,357,210,193
9516,19086,360,210,194
9517,19088,366,209,195
9518,19090,363,210,194
9519,19092,387,210,194
9520,19094,369,209,194
9521,19096,365,208,194
9522,19098,339,209,192
9523,19100,352,209,193
9524,19102,356,210,193
9525,19104,355,209,194
9526,19106,359,210,193
9527,19108,360,210,194
9528,19110,349,210,194
9529,19112,367,210,193
9530,19114,349,209,196
9531,19116,344,210,194
9532,19118,322,210,193
9533,19120,341,209,194
9534,19122,354,210,195
9535,19124,349,210,195
9536,19126,357,210,195
9537,19128,357,209,194
9538,19130,364,209,194
9539,19132,387,210,194
9540,19134,363,210,194
9541,19136,367,210,193
9542,19138,335,211,193
9543,19140,350,210,194
9544,19142,356,210,192
9545,19144,355,210,194
9546,19146,356,210,194
9547,19148,350,211,194
9548,19150,365,212,194
9549,19152,384,212,194
9550,19154,366,211,194
9551,19156,362,211,194
9552,19158,331,212,194
9553,19160,341,212,194
9554,19162,361,213,195
9555,19164,361,213,195
9556,19166,354,213,194
9557,19168,367,212,193
9558,19170,366,213,194
9559,19172,385,214,195
9560,19174,370,213,194
9561,19176,362,213,193
9562,19178,338,213,194
9563,19180,351,213,194
9564,19182,364,214,194
9565,19184,358,213,194
9566,19186,357,214,196
9567,19188,370,214,195
9568,19190,372,214,195
9569,19192,381,217,196
9570,19194,373,216,195
9571,19196,369,217,197
9572,19198,345,221,195
9573,19200,360,221,196
9574,19202,370,221,194
9575,19204,364,220,195
9576,19206,363,222,195
9577,19208,368,222,195
9578,19210,377,222,195
9579,19212,391,223,195
9580,19214,371,222,195
9581,19216,363,222,195
9582,19218,358,223,196
9583,19220,355,223,194
9584,19222,352,223,196
9585,19224,368,221,197
9586,19226,359,223,196
9587,19228,354,222,196
9588,19230,368,223,196
9589,19232,393,224,196
9590,19234,366,225,196
9591,19236,364,225,195
9592,19238,327,225,197
9593,19240,347,225,195
9594,19242,350,226,195
9595,19244,352,226,195
9596,19246,355,227,195
9597,19248,349,226,195
9598,19250,360,226,196
9599,19252,377,226,194
9600,19254,353,226,197
9601,19256,346,227,193
9602,19258,335,227,194
9603,19260,329,226,195
9604,19262,349,226,194
9605,19264,352,226,194
9606,19266,344,227,195
9607,19268,340,226,194
9608,19270,343,226,194
9609,19272,369,227,196
9610,19274,350,227,195
9611,19276,345,228,195
9612,19278,346,229,194
9613,19280,341,227,194
9614,19282,351,228,195
9615,19284,367,228,195
9616,19286,368,228,194
9617,19288,367,228,193
9618,19290,373,228,196
9619,19292,399,229,197
9620,19294,372,228,195
9621,19296,373,227,194
9622,19298,349,228,195
9623,19300,358,228,195
9624,19302,365,228,195
9625,19304,374,228,194
9626,19306,363,229,194
9627,19308,372,229,194
9628,19310,380,229,196
9629,19312,391,229,195
9630,19314,368,229,194
9631,19316,366,229,196
9632,19318,352,228,194
9633,19320,362,228,196
9634,19322,368,228,194
9635,19324,377,228,194
9636,19326,372,229,194
9637,19328,370,228,194
9638,19330,380,228,193
9639,19332,403,228,193
9640,19334,377,228,197
9641,19336,368,228,194
9642,19338,355,227,192
9643,19340,361,228,194
9644,19342,368,230,194
9645,19344,372,228,195
9646,19346,379,229,195
9647,19348,378,228,194
9648,19350,387,228,195
9649,19352,398,229,195
9650,19354,369,228,194
9651,19356,369,228,195
9652,19358,352,228,193
9653,19360,360,228,194
9654,19362,371,229,192
9655,19364,376,228,195
9656,19366,384,228,194
9657,19368,372,229,195
9658,19370,398,228,194
9659,19372,395,228,195
9660,19374,375,228,193
9661,19376,370,228,193
9662,19378,348,227,193
9663,19380,363,227,195
9664,19382,374,228,195
9665,19384,369,228,195
9666,19386,374,228,194
9667,19388,374,227,193
9668,19390,392,227,194
9669,19392,395,228,192
9670,19394,370,227,194
9671,19396,370,227,192
9672,19398,350,227,192
9673,19400,364,227,194
9674,19402,365,227,194
9675,19404,379,225,192
9676,19406,369,227,194
9677,19408,373,227,194
9678,19410,392,227,192
9679,19412,398,227,193
9680,19414,371,226,194
9681,19416,369,227,193
9682,19418,351,227,192
9683,19420,358,227,193
9684,19422,373,226,193
9685,19424,378,226,193
9686,19426,378,227,191
9687,19428,372,226,192
9688,19430,394,227,193
9689,19432,399,226,192
9690,19434,375,225,193
9691,19436,369,226,193
9692,19438,348,226,194
9693,19440,361,225,193
9694,19442,368,225,194
9695,19444,375,224,192
9696,19446,377,225,193
9697,19448,370,225,194
9698,19450,405,225,194
9699,19452,394,225,193
9700,19454,374,224,193
9701,19456,369,224,192
9702,19458,352,225,193
9703,19460,362,225,193
9704,19462,372,225,194
9705,19464,370,224,193
9706,19466,377,225,192
9707,19468,375,224,193
9708,19470,396,224,192
9709,19472,388,225,193
9710,19474,367,224,193
9711,19476,368,225,193
9712,19478,356,225,193
9713,19480,360,223,193
9714,19482,367,224,192
9715,19484,374,224,193
9716,19486,372,224,193
9717,19488,367,224,194
9718,19490,392,224,194
9719,19492,397,222,193
9720,19494,373,223,193
9721,19496,366,223,194
9722,19498,347,223,193
9723,19500,358,223,193
9724,19502,381,222,193
9725,19504,376,223,195
9726,19506,375,222,193
9727,19508,370,223,190
9728,19510,390,222,192
9729,19512,391,222,192
9730,19514,374,222,192
9731,19516,362,222,192
9732,19518,352,223,193
9733,19520,357,222,191
9734,19522,367,222,190
9735,19524,370,222,191
9736,19526,377,222,192
9737,19528,367,219,192
9738,19530,391,219,190
9739,19532,387,218,189
9740,19534,373,217,190
9741,19536,364,216,188
9742,19538,356,216,190
9743,19540,356,216,189
9744,19542,368,216,189
9745,19544,368,216,189
9746,19546,367,215,188
9747,19548,367,215,188
9748,19550,390,214,188
9749,19552,382,214,188
9750,19554,371,212,187
9751,19556,358,212,187
9752,19558,336,212,185
9753,19560,352,211,187
9754,19562,346,211,187
9755,19564,366,211,186
9756,19566,350,211,187
9757,19568,357,210,189
9758,19570,385,210,187
9759,19572,382,210,191
9760,19574,362,209,186
9761,19576,361,210,185
9762,19578,339,210,186
9763,19580,343,209,186
9764,19582,355,208,183
9765,19584,359,209,187
9766,19586,366,209,186
9767,19588,352,209,184
9768,19590,385,210,186
9769,19592,384,210,186
9770,19594,373,209,184
9771,19596,361,209,187
9772,19598,347,210,184
9773,19600,351,209,186
9774,19602,374,210,185
9775,19604,357,209,186
9776,19606,368,210,186
9777,19608,362,210,186
9778,19610,405,209,184
9779,19612,382,210,186
9780,19614,376,210,186
9781,19616,365,210,185
9782,19618,336,210,186
9783,19620,353,210,186
9784,19622,369,211,187
9785,19624,373,210,187
9786,19626,368,210,186
9787,19628,371,210,186
9788,19630,392,210,186
9789,19632,383,212,188
9790,19634,367,210,186
9791,19636,365,211,187
9792,19638,338,210,184
9793,19640,351,210,187
9794,19642,364,210,186
9795,19644,354,213,187
9796,19646,366,210,186
9797,19648,369,212,187
9798,19650,388,209,186
9799,19652,384,210,187
9800,19654,370,210,187
9801,19656,361,211,187
9802,19658,346,210,185
9803,19660,361,210,187
9804,19662,371,209,182
9805,19664,361,209,187
9806,19666,365,210,186
9807,19668,369,210,186
9808,19670,389,210,186
9809,19672,384,209,185
9810,19674,374,211,184
9811,19676,361,211,186
9812,19678,345,210,184
9813,19680,349,210,185
9814,19682,363,212,185
9815,19684,368,211,184
9816,19686,374,211,184
9817,19688,368,211,185
9818,19690,396,210,184
9819,19692,397,211,186
9820,19694,380,212,186
9821,19696,374,216,187
9822,19698,349,212,185
9823,19700,358,211,185
9824,19702,373,210,185
9825,19704,371,210,187
9826,19706,371,213,187
9827,19708,376,212,187
9828,19710,394,213,186
9829,19712,399,212,186
9830,19714,378,212,186
9831,19716,367,212,187
9832,19718,347,212,186
9833,19720,357,212,185
9834,19722,362,211,185
9835,19724,354,217,185
9836,19726,361,210,182
9837,19728,340,212,185
9838,19730,356,212,186
9839,19732,346,211,184
9840,19734,341,211,185
9841,19736,322,211,186
9842,19738,306,211,184
9843,19740,328,209,184
9844,19742,322,209,184
9845,19744,333,209,181
9846,19746,339,209,185
9847,19748,342,208,185
9848,19750,369,208,185
9849,19752,359,209,183
9850,19754,341,208,185
9851,19756,343,209,186
9852,19758,315,209,186
9853,19760,326,209,185
9854,19762,330,209,185
9855,19764,338,209,188
9856,19766,334,209,186
9857,19768,338,209,185
9858,19770,365,208,186
9859,19772,365,208,185
9860,19774,330,208,185
9861,19776,337,209,186
9862,19778,303,208,185
9863,19780,321,208,186
9864,19782,334,208,187
9865,19784,324,208,185
9866,19786,342,210,187
9867,19788,347,208,187
9868,19790,366,208,185
9869,19792,360,209,187
9870,19794,350,208,187
9871,19796,330,210,186
9872,19798,315,207,187
9873,19800,323,207,189
9874,19802,340,208,190
9875,19804,336,207,189
9876,19806,343,207,189
9877,19808,335,207,188
9878,19810,358,205,189
9879,19812,352,207,189
9880,19814,342,206,190
9881,19816,332,206,190
9882,19818,317,206,189
9883,19820,329,206,188
9884,19822,337,206,190
9885,19824,340,205,190
9886,19826,343,205,189
9887,19828,342,204,193
9888,19830,367,205,193
9889,19832,356,206,192
9890,19834,339,205,192
9891,19836,332,206,194
9892,19838,322,205,191
9893,19840,323,205,193
9894,19842,338,205,194
9895,19844,334,205,191
9896,19846,342,205,194
9897,19848,335,205,193
9898,19850,364,205,193
9899,19852,363,206,193
9900,19854,340,206,193
9901,19856,325,206,192
9902,19858,319,206,192
9903,19860,323,206,193
9904,19862,345,206,191
9905,19864,343,206,194
9906,19866,340,208,194
9907,19868,342,207,193
9908,19870,366,207,195
9909,19872,363,207,194
9910,19874,349,207,194
9911,19876,339,207,194
9912,19878,314,207,194
9913,19880,328,207,195
9914,19882,342,207,195
9915,19884,347,207,194
9916,19886,344,206,194
9917,19888,347,208,195
9918,19890,369,207,197
9919,19892,374,207,195
9920,19894,348,206,195
9921,19896,342,207,194
9922,19898,321,207,194
9923,19900,336,206,195
9924,19902,347,206,195
9925,19904,342,206,196
9926,19906,352,206,195
9927,19908,347,206,195
9928,19910,369,206,196
9929,19912,361,206,194
9930,19914,350,206,195
9931,19916,344,206,195
9932,19918,317,206,194
9933,19920,331,207,195
9934,19922,347,207,196
9935,19924,348,206,194
9936,19926,342,208,195
9937,19928,334,207,194
9938,19930,372,206,195
9939,19932,359,206,195
9940,19934,348,207,196
9941,19936,335,206,195
9942,19938,323,207,195
9943,19940,330,206,195
9944,19942,346,207,191
9945,19944,349,206,194
9946,19946,345,207,194
9947,19948,337,207,194
9948,19950,370,207,195
9949,19952,368,207,195
9950,19954,347,207,195
9951,19956,339,207,194
9952,19958,330,207,195
9953,19960,331,207,194
9954,19962,348,207,193
9955,19964,346,207,196
9956,19966,351,207,194
9957,19968,344,207,192
9958,19970,368,207,195
9959,19972,365,207,195
9960,19974,355,206,194
9961,19976,341,207,194
9962,19978,321,204,194
9963,19980,335,207,195
9964,19982,350,208,195
9965,19984,357,207,195
9966,19986,346,207,194
9967,19988,345,207,194
9968,19990,368,206,195
9969,19992,370,206,195
9970,19994,347,206,194
9971,19996,340,207,195
9972,19998,325,206,195
9973,20000,335,206,195
9974,20002,336,206,196
9975,20004,339,206,192
9976,20006,351,206,194
9977,20008,349,206,195
9978,20010,368,206,196
9979,20012,357,206,196
9980,20014,346,206,196
9981,20016,334,206,195
9982,20018,317,208,195
9983,20020,330,206,194
9984,20022,340,207,195
9985,20024,341,207,195
9986,20026,346,207,194
9987,20028,339,207,194
9988,20030,366,206,193
9989,20032,364,207,196
9990,20034,341,206,196
9991,20036,330,207,195
9992,20038,331,206,194
9993,20040,328,206,196
9994,20042,346,207,195
9995,20044,350,207,195
9996,20046,344,208,196
9997,20048,339,207,195
9998,20050,370,206,196
9999,20052,370,206,194
10000,20054,355,207,197
10001,20056,338,206,194
10002,20058,326,206,193
10003,20060,333,206,194
10004,20062,335,206,195
10005,20064,347,206,194
10006,20066,346,206,194
10007,20068,352,206,195
10008,20070,361,206,194
10009,20072,360,205,194
10010,20074,342,205,194
10011,20076,339,206,195
10012,20078,318,206,193
10013,20080,323,206,194
10014,20082,340,206,195
10015,20084,339,206,195
10016,20086,343,205,195
10017,20088,337,206,196
10018,20090,368,207,195
10019,20092,363,206,196
10020,20094,347,207,194
10021,20096,332,206,193
10022,20098,328,206,194
10023,20100,326,206,195
10024,20102,345,205,195
10025,20104,344,206,196
10026,20106,348,206,194
10027,20108,346,206,195
10028,20110,368,206,195
10029,20112,368,207,196
10030,20114,341,206,195
10031,20116,334,206,194
10032,20118,320,205,196
10033,20120,330,206,194
10034,20122,345,206,194
10035,20124,343,205,194
10036,20126,347,207,195
10037,20128,344,205,195
10038,20130,370,205,193
10039,20132,370,205,195
10040,20134,344,205,194
10041,20136,338,205,193
10042,20138,334,205,193
10043,20140,330,205,197
10044,20142,347,205,194
10045,20144,347,205,194
10046,20146,341,205,193
10047,20148,347,205,194
10048,20150,367,205,195
10049,20152,370,205,195
10050,20154,348,205,195
10051,20156,332,205,195
10052,20158,318,204,194
10053,20160,323,205,196
10054,20162,340,205,196
10055,20164,340,205,193
10056,20166,345,205,195
10057,20168,342,205,195
10058,20170,370,205,194
10059,20172,362,206,197
10060,20174,349,205,195
10061,20176,339,205,196
10062,20178,319,205,195
10063,20180,328,205,196
10064,20182,347,205,194
10065,20184,343,205,195
10066,20186,342,205,196
10067,20188,336,205,194
10068,20190,366,207,196
10069,20192,366,206,195
10070,20194,348,206,196
10071,20196,333,206,195
10072,20198,321,205,195
10073,20200,327,206,196
10074,20202,346,205,195
10075,20204,334,206,196
10076,20206,338,205,195
10077,20208,336,206,197
10078,20210,365,206,196
10079,20212,370,206,196
10080,20214,349,207,196
10081,20216,332,206,193
10082,20218,321,205,193
10083,20220,332,206,195
10084,20222,343,206,197
10085,20224,338,206,195
10086,20226,350,206,192
10087,20228,340,206,196
10088,20230,368,206,190
10089,20232,367,207,196
10090,20234,349,206,195
10091,20236,342,207,195
10092,20238,309,207,195
10093,20240,325,208,195
10094,20242,337,207,196
10095,20244,343,206,196
10096,20246,350,209,194
10097,20248,348,206,193
10098,20250,372,207,196
10099,20252,368,207,196
10100,20254,346,206,196
10101,20256,329,206,195
10102,20258,312,206,195
10103,20260,332,205,195
10104,20262,342,207,195
10105,20264,345,206,195
10106,20266,348,206,193
10107,20268,346,207,196
10108,20270,372,206,195
10109,20272,357,205,196
10110,20274,351,206,196
10111,20276,330,205,196
10112,20278,315,207,195
10113,20280,323,206,194
10114,20282,340,206,194
10115,20284,342,205,195
10116,20286,350,206,195
10117,20288,345,205,195
10118,20290,373,207,196
10119,20292,370,206,195
10120,20294,340,205,195
10121,20296,331,205,197
10122,20298,315,206,196
10123,20300,330,205,194
10124,20302,345,206,197
10125,20304,337,206,195
10126,20306,346,206,195
10127,20308,344,206,194
10128,20310,377,206,194
10129,20312,371,206,198
10130,20314,351,206,194
10131,20316,333,205,194
10132,20318,315,205,194
10133,20320,332,205,194
10134,20322,344,205,194
10135,20324,359,205,193
10136,20326,345,205,193
10137,20328,348,204,193
10138,20330,375,204,193
10139,20332,377,205,194
10140,20334,349,204,193
10141,20336,327,204,196
10142,20338,319,205,194
10143,20340,337,205,195
10144,20342,343,204,194
10145,20344,347,204,193
10146,20346,347,204,193
10147,20348,348,203,193
10148,20350,375,204,194
10149,20352,362,204,195
10150,20354,353,201,192
10151,20356,333,203,189
10152,20358,311,202,190
10153,20360,337,203,193
10154,20362,347,203,192
10155,20364,344,202,191
10156,20366,347,201,192
10157,20368,351,203,192
10158,20370,379,202,194
10159,20372,364,202,194
10160,20374,345,202,193
10161,20376,327,203,194
10162,20378,308,200,194
10163,20380,335,203,194
10164,20382,344,202,193
10165,20384,335,201,193
10166,20386,344,202,193
10167,20388,340,203,194
10168,20390,373,202,194
10169,20392,375,201,195
10170,20394,353,202,194
10171,20396,336,201,194
10172,20398,313,201,193
10173,20400,335,201,194
10174,20402,334,201,194
10175,20404,343,201,195
10176,20406,343,202,194
10177,20408,338,202,195
10178,20410,373,204,195
10179,20412,368,202,196
10180,20414,348,202,197
10181,20416,336,202,195
10182,20418,319,202,193
10183,20420,345,201,195
10184,20422,346,203,195
10185,20424,341,202,195
10186,20426,341,203,195
10187,20428,353,203,195
10188,20430,378,202,195
10189,20432,365,204,196
10190,20434,353,202,194
10191,20436,331,203,195
10192,20438,317,203,194
10193,20440,342,203,194
10194,20442,336,203,195
10195,20444,344,203,195
10196,20446,342,203,195
10197,20448,345,203,193
10198,20450,371,204,195
10199,20452,360,203,196
10200,20454,348,203,195
10201,20456,324,203,195
10202,20458,308,202,196
10203,20460,334,203,193
10204,20462,335,203,195
10205,20464,335,203,194
10206,20466,344,203,194
10207,20468,343,204,196
10208,20470,364,203,197
10209,20472,367,203,195
10210,20474,340,203,195
10211,20476,324,203,196
10212,20478,311,203,195
10213,20480,342,204,197
10214,20482,340,203,194
10215,20484,333,203,196
10216,20486,344,203,196
10217,20488,342,203,196
10218,20490,379,204,196
10219,20492,366,203,195
10220,20494,347,203,193
10221,20496,330,203,196
10222,20498,329,204,193
10223,20500,335,203,194
10224,20502,338,203,197
10225,20504,344,205,198
10226,20506,342,202,196
10227,20508,350,204,197
10228,20510,375,204,198
10229,20512,367,203,196
10230,20514,341,204,196
10231,20516,329,203,195
10232,20518,323,203,196
10233,20520,346,204,196
10234,20522,345,204,196
10235,20524,347,203,198
10236,20526,340,204,196
10237,20528,347,204,195
10238,20530,365,204,196
10239,20532,365,204,196
10240,20534,338,204,196
10241,20536,329,203,194
10242,20538,319,204,196
10243,20540,340,204,197
10244,20542,342,204,196
10245,20544,344,204,196
10246,20546,345,204,198
10247,20548,333,203,195
10248,20550,363,203,196
10249,20552,351,204,197
10250,20554,336,204,197
10251,20556,315,203,197
10252,20558,311,204,196
10253,20560,326,204,198
10254,20562,325,204,197
10255,20564,339,204,196
10256,20566,334,204,196
10257,20568,346,205,196
10258,20570,361,203,197
10259,20572,347,204,197
10260,20574,333,204,196
10261,20576,310,203,196
10262,20578,311,204,195
10263,20580,330,205,197
10264,20582,331,205,197
10265,20584,339,204,196
10266,20586,327,205,196
10267,20588,337,204,197
10268,20590,360,205,197
10269,20592,352,205,197
10270,20594,324,204,196
10271,20596,314,204,196
10272,20598,315,204,196
10273,20600,333,205,196
10274,20602,326,203,196
10275,20604,332,204,197
10276,20606,337,204,196
10277,20608,333,204,196
10278,20610,359,205,197
10279,20612,347,204,198
10280,20614,330,204,196
10281,20616,310,204,194
10282,20618,311,205,196
10283,20620,336,204,195
10284,20622,337,205,193
10285,20624,327,205,196
10286,20626,331,203,195
10287,20628,323,205,196
10288,20630,360,206,196
10289,20632,352,204,196
10290,20634,330,205,195
10291,20636,319,205,195
10292,20638,313,204,194
10293,20640,335,204,198
10294,20642,336,204,195
10295,20644,336,204,195
10296,20646,329,204,196
10297,20648,326,204,196
10298,20650,361,204,196
10299,20652,355,203,197
10300,20654,337,204,196
10301,20656,320,204,196
10302,20658,320,204,195
10303,20660,337,204,194
10304,20662,332,205,194
10305,20664,342,204,198
10306,20666,334,204,196
10307,20668,326,204,196
10308,20670,358,204,196
10309,20672,351,205,196
10310,20674,338,204,197
10311,20676,317,204,196
10312,20678,309,203,195
10313,20680,337,204,196
10314,20682,325,204,194
10315,20684,332,203,195
10316,20686,326,204,196
10317,20688,332,203,195
10318,20690,352,204,195
10319,20692,349,204,197
10320,20694,336,204,197
10321,20696,317,204,198
10322,20698,312,203,196
10323,20700,333,204,197
10324,20702,331,204,196
10325,20704,331,204,196
10326,20706,333,204,195
10327,20708,328,204,195
10328,20710,357,205,197
10329,20712,348,204,197
10330,20714,331,204,195
10331,20716,313,205,195
10332,20718,311,204,195
10333,20720,339,204,195
10334,20722,337,203,195
10335,20724,337,204,195
10336,20726,332,204,195
10337,20728,333,205,197
10338,20730,359,203,196
10339,20732,353,205,196
10340,20734,336,204,196
10341,20736,314,205,196
10342,20738,322,204,195
10343,20740,335,205,197
10344,20742,328,204,196
10345,20744,338,204,197
10346,20746,336,204,196
10347,20748,331,204,197
10348,20750,364,204,196
10349,20752,348,204,195
10350,20754,331,204,196
10351,20756,318,204,197
10352,20758,321,204,196
10353,20760,340,204,195
10354,20762,334,204,195
10355,20764,333,205,196
10356,20766,337,204,196
10357,20768,332,205,196
10358,20770,369,204,196
10359,20772,351,204,196
10360,20774,340,204,196
10361,20776,317,204,196
10362,20778,311,204,196
10363,20780,337,205,197
10364,20782,333,204,196
10365,20784,333,204,196
10366,20786,333,204,196
10367,20788,331,204,196
10368,20790,352,204,197
10369,20792,349,204,197
10370,20794,335,204,195
10371,20796,318,204,196
10372,20798,316,205,196
10373,20800,337,204,197
10374,20802,331,205,197
10375,20804,340,204,196
10376,20806,336,204,196
10377,20808,333,204,196
10378,20810,365,205,196
10379,20812,352,203,196
10380,20814,339,204,196
10381,20816,317,204,195
10382,20818,320,203,197
10383,20820,335,205,197
10384,20822,320,204,197
10385,20824,328,203,196
10386,20826,332,205,195
10387,20828,331,204,195
10388,20830,362,204,198
10389,20832,352,204,197
10390,20834,335,204,197
10391,20836,320,204,196
10392,20838,319,204,196
10393,20840,328,204,197
10394,20842,325,204,196
10395,20844,336,204,198
10396,20846,331,204,197
10397,20848,343,204,197
10398,20850,365,203,199
10399,20852,362,204,196
10400,20854,341,204,197
10401,20856,322,204,196
10402,20858,318,205,198
10403,20860,341,205,198
10404,20862,336,203,196
10405,20864,337,204,198
10406,20866,338,205,198
10407,20868,339,204,196
10408,20870,366,204,197
10409,20872,350,204,197
10410,20874,347,205,199
10411,20876,317,205,197
10412,20878,319,205,195
10413,20880,338,205,196
10414,20882,342,206,194
10415,20884,346,206,196
10416,20886,343,207,197
10417,20888,339,207,196
10418,20890,369,207,199
10419,20892,347,208,196
10420,20894,346,206,197
10421,20896,315,207,196
10422,20898,315,207,198
10423,20900,337,206,200
10424,20902,336,208,197
10425,20904,334,209,198
10426,20906,335,209,196
10427,20908,337,209,200
10428,20910,364,209,197
10429,20912,351,210,203
10430,20914,342,209,200
10431,20916,328,209,199
10432,20918,320,209,198
10433,20920,334,209,198
10434,20922,335,209,199
10435,20924,346,209,197
10436,20926,336,211,199
10437,20928,336,210,199
10438,20930,384,208,198
10439,20932,368,210,199
10440,20934,341,210,200
10441,20936,318,209,201
10442,20938,304,210,198
10443,20940,331,210,199
10444,20942,325,210,198
10445,20944,339,210,199
10446,20946,340,210,196
10447,20948,339,210,197
10448,20950,367,211,198
10449,20952,361,210,198
10450,20954,349,210,198
10451,20956,327,209,201
10452,20958,313,210,198
10453,20960,332,211,200
10454,20962,341,210,199
10455,20964,341,209,198
10456,20966,335,210,199
10457,20968,340,210,198
10458,20970,375,210,202
10459,20972,357,210,199
10460,20974,341,208,198
10461,20976,323,210,201
10462,20978,312,209,199
10463,20980,335,209,197
10464,20982,333,209,199
10465,20984,337,209,199
10466,20986,340,209,199
10467,20988,347,208,198
10468,20990,362,209,200
10469,20992,357,208,200
10470,20994,342,209,199
10471,20996,319,208,198
10472,20998,314,207,199
10473,21000,337,207,199
10474,21002,334,207,198
10475,21004,332,207,199
10476,21006,343,208,198
10477,21008,339,208,198
10478,21010,376,208,198
10479,21012,359,208,199
10480,21014,349,208,200
10481,21016,326,208,199
10482,21018,321,208,199
10483,21020,340,207,199
10484,21022,343,208,196
10485,21024,341,208,200
10486,21026,337,207,199
10487,21028,344,207,200
10488,21030,370,207,199
10489,21032,361,207,198
10490,21034,349,207,199
10491,21036,320,207,198
10492,21038,318,209,197
10493,21040,331,207,195
10494,21042,338,208,196
10495,21044,333,208,196
10496,21046,342,207,195
10497,21048,339,208,195
10498,21050,368,208,196
10499,21052,351,208,195
10500,21054,346,207,193
10501,21056,318,208,195
10502,21058,318,208,192
10503,21060,343,208,192
10504,21062,339,209,197
10505,21064,334,209,194
10506,21066,342,210,195
10507,21068,341,208,195
10508,21070,365,209,195
10509,21072,356,209,196
10510,21074,350,209,194
10511,21076,315,209,195
10512,21078,317,209,195
10513,21080,344,209,195
10514,21082,337,211,195
10515,21084,334,209,196
10516,21086,346,209,196
10517,21088,342,210,195
10518,21090,373,209,196
10519,21092,360,209,195
10520,21094,345,208,195
10521,21096,324,210,197
10522,21098,332,209,196
10523,21100,362,208,197
10524,21102,361,209,197
10525,21104,372,212,197
10526,21106,374,212,196
10527,21108,369,210,196
10528,21110,399,209,196
10529,21112,383,210,196
10530,21114,373,210,196
10531,21116,349,209,196
10532,21118,345,210,196
10533,21120,362,210,197
10534,21122,362,211,197
10535,21124,360,210,200
10536,21126,357,210,197
10537,21128,361,210,198
10538,21130,391,211,199
10539,21132,374,211,200
10540,21134,365,211,198
10541,21136,344,211,198
10542,21138,336,211,197
10543,21140,367,211,196
10544,21142,370,211,198
10545,21144,359,211,198
10546,21146,367,212,198
10547,21148,364,212,198
10548,21150,388,211,199
10549,21152,381,212,197
10550,21154,367,212,198
10551,21156,345,216,199
10552,21158,343,212,200
10553,21160,362,212,199
10554,21162,366,212,198
10555,21164,363,212,200
10556,21166,368,212,199
10557,21168,367,212,199
10558,21170,390,213,200
10559,21172,381,213,202
10560,21174,368,213,200
10561,21176,350,213,200
10562,21178,349,213,199
10563,21180,367,213,201
10564,21182,360,213,200
10565,21184,365,213,200
10566,21186,366,213,201
10567,21188,364,212,199
10568,21190,396,212,199
10569,21192,384,213,198
10570,21194,363,212,200
10571,21196,349,213,200
10572,21198,353,213,201
10573,21200,371,213,199
10574,21202,370,212,199
10575,21204,365,213,199
10576,21206,362,212,198
10577,21208,366,212,199
10578,21210,391,212,198
10579,21212,383,211,197
10580,21214,369,211,197
10581,21216,347,212,198
10582,21218,347,212,198
10583,21220,370,213,198
10584,21222,359,212,198
10585,21224,367,212,197
10586,21226,368,212,198
10587,21228,365,212,200
10588,21230,388,212,197
10589,21232,380,212,197
10590,21234,371,212,199
10591,21236,343,212,198
10592,21238,347,213,197
10593,21240,377,212,197
10594,21242,366,213,198
10595,21244,371,213,198
10596,21246,375,211,197
10597,21248,367,213,199
10598,21250,390,213,199
10599,21252,375,213,200
10600,21254,368,213,197
10601,21256,344,211,198
10602,21258,344,213,198
10603,21260,366,212,199
10604,21262,368,212,198
10605,21264,381,212,199
10606,21266,372,212,198
10607,21268,365,212,197
10608,21270,387,212,198
10609,21272,377,214,199
10610,21274,364,212,198
10611,21276,336,212,199
10612,21278,346,213,198
10613,21280,365,213,201
10614,21282,363,212,200
10615,21284,372,213,201
10616,21286,374,213,200
10617,21288,370,213,200
10618,21290,395,213,198
10619,21292,383,213,200
10620,21294,366,213,200
10621,21296,342,212,199
10622,21298,350,212,198
10623,21300,360,212,199
10624,21302,359,213,200
10625,21304,357,213,200
10626,21306,344,213,200
10627,21308,335,212,199
10628,21310,379,213,202
10629,21312,359,213,201
10630,21314,343,212,201
10631,21316,326,213,200
10632,21318,322,212,199
10633,21320,342,212,199
10634,21322,346,214,200
10635,21324,346,214,200
10636,21326,352,213,200
10637,21328,347,214,201
10638,21330,372,213,200
10639,21332,354,214,200
10640,21334,347,214,199
10641,21336,326,213,199
10642,21338,323,214,199
10643,21340,349,213,201
10644,21342,348,213,199
10645,21344,346,214,200
10646,21346,348,214,201
10647,21348,336,213,198
10648,21350,370,214,200
10649,21352,360,214,198
10650,21354,338,214,199
10651,21356,332,214,199
10652,21358,336,213,200
10653,21360,351,214,198
10654,21362,349,214,197
10655,21364,358,214,197
10656,21366,351,214,198
10657,21368,343,213,194
10658,21370,372,214,197
10659,21372,353,214,198
10660,21374,349,213,196
10661,21376,332,214,197
10662,21378,344,213,195
10663,21380,355,214,196
10664,21382,359,212,194
10665,21384,359,212,197
10666,21386,354,212,197
10667,21388,346,211,195
10668,21390,384,213,197
10669,21392,362,212,194
10670,21394,349,212,195
10671,21396,340,212,195
10672,21398,333,212,194
10673,21400,350,212,195
10674,21402,348,211,196
10675,21404,345,211,197
10676,21406,351,212,197
10677,21408,355,212,196
10678,21410,387,211,196
10679,21412,368,212,195
10680,21414,346,212,197
10681,21416,336,211,193
10682,21418,339,212,192
10683,21420,365,212,196
10684,21422,362,211,196
10685,21424,376,211,196
10686,21426,366,211,196
10687,21428,364,211,196
10688,21430,394,211,196
10689,21432,384,211,198
10690,21434,364,212,197
10691,21436,353,212,197
10692,21438,355,213,197
10693,21440,364,211,198
10694,21442,355,211,197
10695,21444,363,211,198
10696,21446,360,211,197
10697,21448,362,211,198
10698,21450,390,209,199
10699,21452,366,210,199
10700,21454,361,210,199
10701,21456,347,210,199
10702,21458,347,209,198
10703,21460,353,209,198
10704,21462,365,210,197
10705,21464,374,210,198
10706,21466,359,210,199
10707,21468,361,210,199
10708,21470,393,210,203
10709,21472,369,210,202
10710,21474,362,208,203
10711,21476,347,209,202
10712,21478,350,208,203
10713,21480,369,209,202
10714,21482,365,209,203
10715,21484,355,208,205
10716,21486,369,208,204
10717,21488,365,209,205
10718,21490,398,208,203
10719,21492,379,208,204
10720,21494,368,208,203
10721,21496,348,209,205
10722,21498,352,208,207
10723,21500,369,208,205
10724,21502,358,208,207
10725,21504,363,209,206
10726,21506,359,207,206
10727,21508,352,207,206
10728,21510,387,207,207
10729,21512,383,208,209
10730,21514,369,208,207
10731,21516,344,207,206
10732,21518,352,206,205
10733,21520,370,206,204
10734,21522,374,207,204
10735,21524,367,206,204
10736,21526,364,207,201
10737,21528,361,207,206
10738,21530,388,206,205
10739,21532,381,206,206
10740,21534,366,206,206
10741,21536,354,205,207
10742,21538,345,206,205
10743,21540,370,205,207
10744,21542,357,205,206
10745,21544,368,205,205
10746,21546,361,206,207
10747,21548,363,205,206
10748,21550,386,205,206
10749,21552,383,206,209
10750,21554,376,205,208
10751,21556,351,205,206
10752,21558,349,206,205
10753,21560,374,204,205
10754,21562,369,205,205
10755,21564,362,206,205
10756,21566,362,205,204
10757,21568,362,206,204
10758,21570,395,206,206
10759,21572,387,206,205
10760,21574,377,206,205
10761,21576,352,205,204
10762,21578,351,206,204
10763,21580,373,206,206
10764,21582,375,206,204
10765,21584,378,206,205
10766,21586,376,206,203
10767,21588,368,207,203
10768,21590,387,206,204
10769,21592,382,206,205
10770,21594,366,206,203
10771,21596,347,205,205
10772,21598,356,207,205
10773,21600,371,206,206
10774,21602,358,205,203
10775,21604,374,206,204
10776,21606,366,206,200
10777,21608,369,205,202
10778,21610,387,206,201
10779,21612,387,205,202
10780,21614,384,206,204
10781,21616,364,206,202
10782,21618,356,206,203
10783,21620,373,207,203
10784,21622,368,206,200
10785,21624,368,206,203
10786,21626,371,206,204
10787,21628,378,205,204
10788,21630,399,206,205
10789,21632,393,206,203
10790,21634,383,206,203
10791,21636,357,205,203
10792,21638,354,206,203
10793,21640,378,206,206
10794,21642,364,206,205
10795,21644,363,206,204
10796,21646,372,206,205
10797,21648,376,206,205
10798,21650,398,206,205
10799,21652,392,206,205
10800,21654,383,206,207
10801,21656,356,206,204
10802,21658,353,206,203
10803,21660,372,207,203
10804,21662,364,206,202
10805,21664,362,207,201
10806,21666,372,204,200
10807,21668,373,210,202
10808,21670,395,206,202
10809,21672,392,207,203
10810,21674,381,207,202
10811,21676,353,207,202
10812,21678,354,207,201
10813,21680,380,206,200
10814,21682,362,205,199
10815,21684,363,206,202
10816,21686,376,207,198
10817,21688,369,206,198
10818,21690,391,207,199
10819,21692,388,207,198
10820,21694,377,207,199
10821,21696,353,207,198
10822,21698,351,207,198
10823,21700,371,207,200
10824,21702,369,207,199
10825,21704,341,207,196
10826,21706,339,207,200
10827,21708,347,207,199
10828,21710,377,207,198
10829,21712,363,208,199
10830,21714,349,208,200
10831,21716,309,207,199
10832,21718,310,207,201
10833,21720,342,208,202
10834,21722,328,207,201
10835,21724,333,207,201
10836,21726,331,207,202
10837,21728,340,208,203
10838,21730,375,208,202
10839,21732,357,208,200
10840,21734,346,207,202
10841,21736,320,207,202
10842,21738,315,208,202
10843,21740,334,208,202
10844,21742,335,208,203
10845,21744,333,207,204
10846,21746,338,205,203
10847,21748,339,208,202
10848,21750,366,209,204
10849,21752,363,208,203
10850,21754,355,208,202
10851,21756,315,207,202
10852,21758,319,207,203
10853,21760,339,207,203
10854,21762,335,209,203
10855,21764,335,207,203
10856,21766,345,206,202
10857,21768,338,208,205
10858,21770,369,208,205
10859,21772,356,208,204
10860,21774,342,208,203
10861,21776,315,208,203
10862,21778,322,207,203
10863,21780,337,208,204
10864,21782,343,207,203
10865,21784,337,207,203
10866,21786,344,208,204
10867,21788,348,205,204
10868,21790,371,208,206
10869,21792,368,207,203
10870,21794,341,208,206
10871,21796,324,207,205
10872,21798,328,208,203
10873,21800,340,208,205
10874,21802,344,208,201
10875,21804,346,206,206
10876,21806,337,207,204
10877,21808,343,207,204
10878,21810,373,208,202
10879,21812,360,209,204
10880,21814,344,207,203
10881,21816,324,210,204
10882,21818,325,208,203
10883,21820,346,208,205
10884,21822,338,208,205
10885,21824,338,208,202
10886,21826,341,208,204
10887,21828,346,206,204
10888,21830,380,208,205
10889,21832,357,208,204
10890,21834,349,208,204
10891,21836,321,209,204
10892,21838,321,208,204
10893,21840,338,212,204
10894,21842,348,208,203
10895,21844,341,211,204
10896,21846,344,208,203
10897,21848,330,208,205
10898,21850,362,208,204
10899,21852,355,208,204
10900,21854,343,207,204
10901,21856,319,208,205
10902,21858,329,210,205
10903,21860,342,208,207
10904,21862,338,208,207
10905,21864,340,207,207
10906,21866,347,208,207
10907,21868,342,208,207
10908,21870,370,208,207
10909,21872,359,209,207
10910,21874,342,209,208
10911,21876,321,209,206
10912,21878,324,209,207
10913,21880,338,208,208
10914,21882,341,209,208
10915,21884,352,210,209
10916,21886,331,209,208
10917,21888,342,209,208
10918,21890,369,209,208
10919,21892,359,209,209
10920,21894,339,209,209
10921,21896,321,209,208
10922,21898,330,209,207
10923,21900,340,209,208
10924,21902,347,208,209
10925,21904,340,209,208
10926,21906,334,209,209
10927,21908,338,208,208
10928,21910,369,209,209
10929,21912,363,208,208
10930,21914,343,208,208
10931,21916,318,208,209
10932,21918,322,209,210
10933,21920,339,209,208
10934,21922,344,209,209
10935,21924,338,209,210
10936,21926,333,210,209
10937,21928,336,209,212
10938,21930,367,209,212
10939,21932,351,208,211
10940,21934,343,209,211
10941,21936,316,209,212
10942,21938,324,208,211
10943,21940,341,208,210
10944,21942,341,208,211
10945,21944,346,209,212
10946,21946,342,208,211
10947,21948,341,209,212
10948,21950,367,209,211
10949,21952,347,208,213
10950,21954,334,209,213
10951,21956,325,209,214
10952,21958,330,209,214
10953,21960,354,208,214
10954,21962,350,208,214
10955,21964,347,209,216
10956,21966,343,209,216
10957,21968,336,208,216
10958,21970,372,209,217
10959,21972,352,208,216
10960,21974,339,209,218
10961,21976,312,209,216
10962,21978,327,208,216
10963,21980,341,208,216
10964,21982,348,209,217
10965,21984,341,207,216
10966,21986,347,209,221
10967,21988,337,208,219
10968,21990,362,208,218
10969,21992,351,209,218
10970,21994,339,208,217
10971,21996,320,208,217
10972,21998,326,207,217
10973,22000,340,208,219
10974,22002,340,208,218
10975,22004,344,206,217
10976,22006,334,205,217
10977,22008,338,207,220
10978,22010,370,208,219
10979,22012,350,206,218
10980,22014,335,207,217
10981,22016,317,207,219
10982,22018,321,206,218
10983,22020,334,207,220
10984,22022,340,206,219
10985,22024,333,205,219
10986,22026,320,203,218
10987,22028,284,203,221
10988,22030,362,204,218
10989,22032,344,203,221
10990,22034,337,203,218
10991,22036,310,203,217
10992,22038,322,201,218
10993,22040,322,201,219
10994,22042,351,202,220
10995,22044,340,201,220
10996,22046,338,200,218
10997,22048,329,201,219
10998,22050,343,201,217
10999,22052,338,201,217
11000,22054,327,201,221
11001,22056,309,201,218
11002,22058,319,201,218
11003,22060,331,199,216
11004,22062,330,201,218
11005,22064,336,201,217
11006,22066,332,201,218
11007,22068,326,200,217
11008,22070,360,200,216
11009,22072,349,200,218
11010,22074,321,200,218
11011,22076,306,200,219
11012,22078,324,199,216
11013,22080,340,201,217
11014,22082,330,200,217
11015,22084,280,200,217
11016,22086,276,199,216
11017,22088,283,199,219
11018,22090,314,199,218
11019,22092,301,199,218
11020,22094,281,198,217
11021,22096,256,199,218
11022,22098,276,199,218
11023,22100,277,199,219
11024,22102,292,198,219
11025,22104,280,199,218
11026,22106,281,198,219
11027,22108,277,198,218
11028,22110,301,199,218
11029,22112,288,198,220
11030,22114,280,200,219
11031,22116,260,198,220
11032,22118,270,198,219
11033,22120,287,199,221
11034,22122,283,197,220
11035,22124,280,198,221
11036,22126,282,198,219
11037,22128,272,198,220
11038,22130,309,197,220
11039,22132,289,198,221
11040,22134,281,197,220
11041,22136,256,199,220
11042,22138,272,198,220
11043,22140,282,198,221
11044,22142,282,196,220
11045,22144,278,198,219
11046,22146,274,198,221
11047,22148,268,197,219
11048,22150,304,198,221
11049,22152,281,198,221
11050,22154,274,198,219
11051,22156,260,197,220
11052,22158,264,198,221
11053,22160,279,197,221
11054,22162,279,197,220
11055,22164,277,198,220
11056,22166,277,198,220
11057,22168,271,196,219
11058,22170,306,198,219
11059,22172,295,198,220
11060,22174,282,198,218
11061,22176,260,197,222
11062,22178,264,198,219
11063,22180,278,198,218
11064,22182,298,198,218
11065,22184,287,199,217
11066,22186,284,198,218
11067,22188,270,199,218
11068,22190,309,198,219
11069,22192,299,199,219
11070,22194,280,199,218
11071,22196,261,198,219
11072,22198,265,198,218
11073,22200,290,198,217
11074,22202,286,197,219
11075,22204,289,198,219
11076,22206,299,198,218
11077,22208,287,197,218
11078,22210,321,198,219
11079,22212,297,198,217
11080,22214,286,199,217
11081,22216,260,198,217
11082,22218,273,198,217
11083,22220,281,197,216
11084,22222,284,198,216
11085,22224,285,198,216
11086,22226,286,197,216
11087,22228,281,197,217
11088,22230,313,198,216
11089,22232,305,198,215
11090,22234,294,198,216
11091,22236,279,198,215
11092,22238,277,198,211
11093,22240,290,198,213
11094,22242,279,198,213
11095,22244,292,198,211
11096,22246,287,197,212
11097,22248,289,198,213
11098,22250,316,198,212
11099,22252,305,198,213
11100,22254,288,198,213
11101,22256,275,198,211
11102,22258,282,197,212
11103,22260,298,198,214
11104,22262,297,198,212
11105,22264,291,198,215
11106,22266,292,198,211
11107,22268,290,198,212
11108,22270,325,199,214
11109,22272,309,198,213
11110,22274,302,199,215
11111,22276,272,198,213
11112,22278,270,198,214
11113,22280,292,198,212
11114,22282,282,198,213
11115,22284,286,198,213
11116,22286,292,198,212
11117,22288,288,198,213
11118,22290,325,198,213
11119,22292,304,199,212
11120,22294,299,198,214
11121,22296,270,197,213
11122,22298,275,198,213
11123,22300,296,197,213
11124,22302,292,197,213
11125,22304,297,198,214
11126,22306,295,198,213
11127,22308,299,198,212
11128,22310,329,198,214
11129,22312,308,198,214
11130,22314,299,198,214
11131,22316,276,197,214
11132,22318,285,198,213
11133,22320,298,199,214
11134,22322,289,198,214
11135,22324,293,199,213
11136,22326,297,198,213
11137,22328,300,197,212
11138,22330,330,199,212
11139,22332,304,197,212
11140,22334,296,199,212
11141,22336,273,197,211
11142,22338,278,198,212
11143,22340,295,198,212
11144,22342,293,198,209
11145,22344,291,198,211
11146,22346,292,198,211
11147,22348,297,198,210
11148,22350,327,198,210
11149,22352,308,198,209
11150,22354,298,199,210
11151,22356,272,198,209
11152,22358,276,199,208
11153,22360,289,199,206
11154,22362,292,200,206
11155,22364,298,199,208
11156,22366,301,199,208
11157,22368,298,199,208
11158,22370,323,199,209
11159,22372,307,199,208
11160,22374,299,200,208
11161,22376,268,199,208
11162,22378,278,199,206
11163,22380,297,199,207
11164,22382,283,200,207
11165,22384,293,199,208
11166,22386,305,200,209
11167,22388,310,199,207
11168,22390,325,200,208
11169,22392,307,198,207
11170,22394,298,200,208
11171,22396,272,201,208
11172,22398,278,200,206
11173,22400,289,201,209
11174,22402,294,200,208
11175,22404,296,200,209
11176,22406,298,201,208
11177,22408,295,200,208
11178,22410,319,200,208
11179,22412,302,198,206
11180,22414,300,200,207
11181,22416,268,201,208
11182,22418,279,200,207
11183,22420,291,201,209
11184,22422,290,199,206
11185,22424,298,199,208
11186,22426,286,200,208
11187,22428,301,200,208
11188,22430,325,200,208
11189,22432,307,200,208
11190,22434,294,199,207
11191,22436,275,200,208
11192,22438,277,199,207
11193,22440,290,199,208
11194,22442,291,200,207
11195,22444,297,201,207
11196,22446,293,200,208
11197,22448,302,200,208
11198,22450,326,200,210
11199,22452,305,200,208
11200,22454,303,199,205
11201,22456,274,201,208
11202,22458,285,201,208
11203,22460,298,201,207
11204,22462,299,200,207
11205,22464,307,201,208
11206,22466,305,202,208
11207,22468,303,201,207
11208,22470,321,201,208
11209,22472,309,200,205
11210,22474,299,200,207
11211,22476,272,202,207
11212,22478,281,201,207
11213,22480,293,200,210
11214,22482,288,199,207
11215,22484,294,201,208
11216,22486,292,201,208
11217,22488,297,200,208
11218,22490,319,200,209
11219,22492,295,200,208
11220,22494,305,201,208
11221,22496,265,200,207
11222,22498,279,201,207
11223,22500,286,201,208
11224,22502,294,200,209
11225,22504,295,200,209
11226,22506,291,201,207
11227,22508,297,201,209
11228,22510,319,201,209
11229,22512,298,200,208
11230,22514,282,201,207
11231,22516,266,199,208
11232,22518,277,201,207
11233,22520,290,200,209
11234,22522,293,201,208
11235,22524,289,200,208
11236,22526,289,201,207
11237,22528,296,201,209
11238,22530,312,202,208
11239,22532,302,202,208
11240,22534,285,202,207
11241,22536,262,202,208
11242,22538,278,203,208
11243,22540,293,204,208
11244,22542,295,203,207
11245,22544,293,203,208
11246,22546,293,204,208
11247,22548,294,204,209
11248,22550,314,204,209
11249,22552,292,205,208
11250,22554,290,205,209
11251,22556,262,205,208
11252,22558,274,205,209
11253,22560,283,206,210
11254,22562,291,205,206
11255,22564,286,205,209
11256,22566,292,205,208
11257,22568,296,205,208
11258,22570,322,206,210
11259,22572,315,206,210
11260,22574,289,206,209
11261,22576,270,206,208
11262,22578,278,206,208
11263,22580,292,206,209
11264,22582,296,206,208
11265,22584,300,206,208
11266,22586,293,206,208
11267,22588,303,206,207
11268,22590,330,207,209
11269,22592,303,207,209
11270,22594,299,206,208
11271,22596,287,206,209
11272,22598,288,206,209
11273,22600,305,206,210
11274,22602,302,207,209
11275,22604,297,206,210
11276,22606,298,206,210
11277,22608,309,206,210
11278,22610,327,206,210
11279,22612,301,207,209
11280,22614,302,207,210
11281,22616,278,206,209
11282,22618,296,207,210
11283,22620,305,206,210
11284,22622,309,207,211
11285,22624,305,206,208
11286,22626,304,205,208
11287,22628,309,207,210
11288,22630,329,206,211
11289,22632,303,205,210
11290,22634,299,206,209
11291,22636,276,207,208
11292,22638,295,207,209
11293,22640,308,207,209
11294,22642,315,206,211
11295,22644,308,206,207
11296,22646,307,206,208
11297,22648,306,206,210
11298,22650,324,207,210
11299,22652,300,208,208
11300,22654,294,207,208
11301,22656,276,206,208
11302,22658,292,207,209
11303,22660,300,207,207
11304,22662,300,206,207
11305,22664,301,207,207
11306,22666,299,205,206
11307,22668,302,206,207
11308,22670,329,207,207
11309,22672,293,206,206
11310,22674,296,207,205
11311,22676,275,207,206
11312,22678,290,207,205
11313,22680,303,207,206
11314,22682,309,207,205
11315,22684,301,206,206
11316,22686,303,206,205
11317,22688,309,207,208
11318,22690,328,208,206
11319,22692,304,206,205
11320,22694,297,207,206
11321,22696,274,206,205
11322,22698,292,207,205
11323,22700,295,207,205
11324,22702,308,207,206
11325,22704,301,207,205
11326,22706,304,206,202
11327,22708,305,207,205
11328,22710,322,207,205
11329,22712,305,207,203
11330,22714,300,206,203
11331,22716,276,207,204
11332,22718,291,206,202
11333,22720,300,207,205
11334,22722,313,206,204
11335,22724,304,207,204
11336,22726,305,206,203
11337,22728,306,206,206
11338,22730,323,205,204
11339,22732,303,206,206
11340,22734,303,206,205
11341,22736,278,205,205
11342,22738,289,204,204
11343,22740,299,204,206
11344,22742,300,204,205
11345,22744,305,204,204
11346,22746,296,204,204
11347,22748,308,204,205
11348,22750,328,203,207
11349,22752,295,204,206
11350,22754,293,202,204
11351,22756,275,203,206
11352,22758,284,202,204
11353,22760,296,202,203
11354,22762,298,203,205
11355,22764,299,202,204
11356,22766,295,202,204
11357,22768,316,202,205
11358,22770,329,201,204
11359,22772,306,201,205
11360,22774,302,201,203
11361,22776,276,202,202
11362,22778,289,200,202
11363,22780,302,200,204
11364,22782,308,200,203
11365,22784,296,200,204
11366,22786,298,200,205
11367,22788,322,199,205
11368,22790,334,200,206
11369,22792,308,200,204
11370,22794,304,198,205
11371,22796,279,199,206
11372,22798,285,199,204
11373,22800,306,199,205
11374,22802,308,198,204
11375,22804,305,199,204
11376,22806,309,199,203
11377,22808,331,198,204
11378,22810,328,198,203
11379,22812,305,198,206
11380,22814,305,199,205
11381,22816,276,199,205
11382,22818,289,198,205
11383,22820,305,197,204
11384,22822,312,197,205
11385,22824,300,197,205
11386,22826,306,197,204
11387,22828,329,197,206
11388,22830,334,196,205
11389,22832,305,197,205
11390,22834,299,197,206
11391,22836,279,196,206
11392,22838,290,197,206
11393,22840,294,197,205
11394,22842,303,197,207
11395,22844,308,197,206
11396,22846,293,197,206
11397,22848,335,198,205
11398,22850,336,196,206
11399,22852,305,197,207
11400,22854,310,198,207
11401,22856,277,197,206
11402,22858,294,197,207
11403,22860,311,197,207
11404,22862,310,198,206
11405,22864,305,198,208
11406,22866,310,198,207
11407,22868,340,199,208
11408,22870,335,198,207
11409,22872,315,200,210
11410,22874,299,199,208
11411,22876,280,199,206
11412,22878,290,199,208
11413,22880,302,199,207
11414,22882,299,200,207
11415,22884,304,200,208
11416,22886,308,200,208
11417,22888,337,200,207
11418,22890,326,200,208
11419,22892,310,200,208
11420,22894,299,200,208
11421,22896,277,201,208
11422,22898,283,201,206
11423,22900,297,201,207
11424,22902,299,201,207
11425,22904,302,202,207
11426,22906,306,202,206
11427,22908,329,202,208
11428,22910,327,202,208
11429,22912,310,203,207
11430,22914,306,202,205
11431,22916,273,203,206
11432,22918,286,202,205
11433,22920,296,202,205
11434,22922,306,201,202
11435,22924,307,202,202
11436,22926,308,202,201
11437,22928,330,202,202
11438,22930,337,202,201
11439,22932,314,202,202
11440,22934,308,202,202
11441,22936,279,202,203
11442,22938,294,202,201
11443,22940,306,203,203
11444,22942,315,203,201
11445,22944,306,202,204
11446,22946,296,202,201
11447,22948,339,203,203
11448,22950,333,203,202
11449,22952,317,202,200
11450,22954,299,203,204
11451,22956,265,203,204
11452,22958,289,203,202
11453,22960,306,204,205
11454,22962,304,203,203
11455,22964,303,203,202
11456,22966,304,203,203
11457,22968,335,203,205
11458,22970,329,203,203
11459,22972,310,203,202
11460,22974,304,203,202
11461,22976,282,202,200
11462,22978,290,203,203
11463,22980,303,203,201
11464,22982,305,204,203
11465,22984,301,204,204
11466,22986,310,203,203
11467,22988,336,203,205
11468,22990,331,204,204
11469,22992,313,204,205
11470,22994,296,204,202
11471,22996,274,204,202
11472,22998,283,203,200
11473,23000,298,203,202
11474,23002,302,204,202
11475,23004,303,204,202
11476,23006,306,204,202
11477,23008,332,204,203
11478,23010,327,204,203
11479,23012,306,204,204
11480,23014,299,204,205
11481,23016,270,203,205
11482,23018,285,204,203
11483,23020,303,204,203
11484,23022,300,204,203
11485,23024,302,204,204
11486,23026,307,204,204
11487,23028,333,204,203
11488,23030,331,205,202
11489,23032,310,204,203
11490,23034,297,205,204
11491,23036,278,205,204
11492,23038,287,204,200
11493,23040,294,204,205
11494,23042,295,204,205
11495,23044,306,205,204
11496,23046,291,204,203
11497,23048,315,205,204
11498,23050,324,205,204
11499,23052,301,204,204
11500,23054,289,205,205
11501,23056,275,204,204
11502,23058,285,204,203
11503,23060,296,205,204
11504,23062,301,205,203
11505,23064,303,204,204
11506,23066,305,204,202
11507,23068,332,204,203
11508,23070,322,205,204
11509,23072,309,204,204
11510,23074,304,205,203
11511,23076,274,204,205
11512,23078,283,204,203
11513,23080,301,205,205
11514,23082,302,204,203
11515,23084,304,204,203
11516,23086,305,204,202
11517,23088,331,204,203
11518,23090,325,204,204
11519,23092,305,204,203
11520,23094,297,203,204
11521,23096,278,204,203
11522,23098,290,203,201
11523,23100,300,203,202
11524,23102,305,204,202
11525,23104,304,203,203
11526,23106,308,203,201
11527,23108,332,204,203
11528,23110,328,204,203
11529,23112,304,204,203
11530,23114,298,203,201
11531,23116,277,203,202
11532,23118,283,203,201
11533,23120,298,203,202
11534,23122,294,202,202
11535,23124,300,204,203
11536,23126,291,202,203
11537,23128,330,203,200
11538,23130,330,203,204
11539,23132,301,204,203
11540,23134,300,203,202
11541,23136,267,203,201
11542,23138,280,204,200
11543,23140,301,203,203
11544,23142,295,203,202
11545,23144,296,203,202
11546,23146,285,204,200
11547,23148,330,203,201
11548,23150,326,202,202
11549,23152,315,204,199
11550,23154,296,204,200
11551,23156,260,203,202
11552,23158,298,203,201
11553,23160,309,204,198
11554,23162,307,203,200
11555,23164,296,203,202
11556,23166,302,205,202
11557,23168,327,203,200
11558,23170,321,202,202
11559,23172,299,203,201
11560,23174,300,202,198
11561,23176,272,203,199
11562,23178,289,202,199
11563,23180,298,203,197
11564,23182,293,203,200
11565,23184,298,204,198
11566,23186,297,202,195
11567,23188,327,203,198
11568,23190,319,203,196
11569,23192,297,203,198
11570,23194,295,203,195
11571,23196,273,201,196
11572,23198,279,202,196
11573,23200,298,202,196
11574,23202,300,203,195
11575,23204,300,202,197
11576,23206,297,203,197
11577,23208,318,203,196
11578,23210,323,202,197
11579,23212,300,202,196
11580,23214,291,202,196
11581,23216,276,205,196
11582,23218,287,202,196
11583,23220,299,202,196
11584,23222,306,202,194
11585,23224,305,202,193
11586,23226,293,202,195
11587,23228,328,202,195
11588,23230,323,204,196
11589,23232,307,203,193
11590,23234,297,203,194
11591,23236,278,202,191
11592,23238,281,202,191
11593,23240,302,202,192
11594,23242,299,202,193
11595,23244,295,201,192
11596,23246,299,201,191
11597,23248,317,202,191
11598,23250,329,203,192
11599,23252,304,201,193
11600,23254,297,204,191
11601,23256,279,204,193
11602,23258,288,203,193
11603,23260,306,202,194
11604,23262,296,201,193
11605,23264,307,203,192
11606,23266,305,202,192
11607,23268,325,203,193
11608,23270,329,202,194
11609,23272,308,201,192
11610,23274,298,202,192
11611,23276,271,202,191
11612,23278,289,203,191
11613,23280,306,201,192
11614,23282,306,204,192
11615,23284,306,203,193
11616,23286,302,202,192
11617,23288,334,203,193
11618,23290,327,201,192
11619,23292,308,202,193
11620,23294,300,203,192
11621,23296,276,202,193
11622,23298,289,205,193
11623,23300,309,203,193
11624,23302,315,202,194
11625,23304,309,203,193
11626,23306,301,203,193
11627,23308,326,203,195
11628,23310,325,203,194
11629,23312,301,203,192
11630,23314,298,203,194
11631,23316,278,203,193
11632,23318,289,202,192
11633,23320,303,203,194
11634,23322,309,203,194
11635,23324,306,203,193
11636,23326,299,203,194
11637,23328,337,204,193
11638,23330,333,204,194
11639,23332,294,202,193
11640,23334,303,203,194
11641,23336,273,202,193
11642,23338,295,203,193
11643,23340,305,203,194
11644,23342,302,204,194
11645,23344,312,203,194
11646,23346,301,204,193
11647,23348,330,203,196
11648,23350,323,204,195
11649,23352,305,203,195
11650,23354,299,203,194
11651,23356,286,203,193
11652,23358,293,203,193
11653,23360,302,203,196
11654,23362,300,203,193
11655,23364,306,203,193
11656,23366,305,203,195
11657,23368,336,206,194
11658,23370,332,204,195
11659,23372,301,203,196
11660,23374,298,204,194
11661,23376,274,201,193
11662,23378,292,204,195
11663,23380,311,203,194
11664,23382,309,203,195
11665,23384,311,203,195
11666,23386,302,203,192
11667,23388,336,203,195
11668,23390,328,203,195
11669,23392,311,203,195
11670,23394,304,203,194
11671,23396,282,201,194
11672,23398,291,203,196
11673,23400,316,202,194
11674,23402,309,203,195
11675,23404,315,202,195
11676,23406,307,203,197
11677,23408,329,202,195
11678,23410,337,204,195
11679,23412,310,202,195
11680,23414,298,203,195
11681,23416,286,203,196
11682,23418,293,203,195
11683,23420,305,202,195
11684,23422,305,201,195
11685,23424,307,203,195
11686,23426,304,203,195
11687,23428,328,203,196
11688,23430,342,204,196
11689,23432,312,203,196
11690,23434,302,203,194
11691,23436,283,203,193
11692,23438,295,203,196
11693,23440,309,203,196
11694,23442,312,204,196
11695,23444,307,203,196
11696,23446,309,202,195
11697,23448,336,203,195
11698,23450,338,203,195
11699,23452,316,203,196
11700,23454,298,203,195
11701,23456,277,203,194
11702,23458,295,203,196
11703,23460,311,203,195
11704,23462,312,203,196
11705,23464,308,203,197
11706,23466,308,203,195
11707,23468,339,203,196
11708,23470,335,203,196
11709,23472,310,204,197
11710,23474,313,203,196
11711,23476,282,202,196
11712,23478,289,202,196
11713,23480,309,203,197
11714,23482,309,203,196
11715,23484,305,203,196
11716,23486,307,203,197
11717,23488,341,203,197
11718,23490,327,203,197
11719,23492,313,203,197
11720,23494,313,203,196
11721,23496,289,203,196
11722,23498,298,202,195
11723,23500,313,203,197
11724,23502,305,204,196
11725,23504,310,203,198
11726,23506,313,203,197
11727,23508,338,203,198
11728,23510,335,204,197
11729,23512,315,203,197
11730,23514,298,203,195
11731,23516,284,203,197
11732,23518,299,203,197
11733,23520,314,203,196
11734,23522,307,202,196
11735,23524,313,203,199
11736,23526,308,204,197
11737,23528,340,204,197
11738,23530,340,203,197
11739,23532,317,205,197
11740,23534,299,203,198
11741,23536,289,204,194
11742,23538,295,204,195
11743,23540,309,203,195
11744,23542,306,204,196
11745,23544,314,204,195
11746,23546,315,204,195
11747,23548,346,204,196
11748,23550,337,202,195
11749,23552,321,204,196
11750,23554,301,204,196
11751,23556,284,204,195
11752,23558,299,204,195
11753,23560,310,204,197
11754,23562,307,204,195
11755,23564,316,203,196
11756,23566,308,204,196
11757,23568,338,204,195
11758,23570,337,204,196
11759,23572,312,205,196
11760,23574,297,204,195
11761,23576,280,204,197
11762,23578,291,203,197
11763,23580,303,204,196
11764,23582,308,204,196
11765,23584,316,204,196
11766,23586,315,204,196
11767,23588,340,205,197
11768,23590,330,205,197
11769,23592,322,205,195
11770,23594,298,204,196
11771,23596,285,205,196
11772,23598,297,205,196
11773,23600,310,205,197
11774,23602,305,204,194
11775,23604,308,203,197
11776,23606,311,205,196
11777,23608,336,203,196
11778,23610,336,204,195
11779,23612,320,205,199
11780,23614,296,205,196
11781,23616,280,205,196
11782,23618,297,205,198
11783,23620,313,205,198
11784,23622,305,205,197
11785,23624,299,205,197
11786,23626,308,205,196
11787,23628,342,206,199
11788,23630,335,205,198
11789,23632,316,205,198
11790,23634,296,205,196
11791,23636,280,205,196
11792,23638,285,205,196
11793,23640,299,205,197
11794,23642,300,205,197
11795,23644,305,205,197
11796,23646,307,205,193
11797,23648,335,206,197
11798,23650,326,206,198
11799,23652,308,206,198
11800,23654,290,205,197
11801,23656,273,206,197
11802,23658,286,206,195
11803,23660,297,205,197
11804,23662,320,207,197
11805,23664,303,205,197
11806,23666,306,206,197
11807,23668,335,206,198
11808,23670,331,205,197
11809,23672,315,205,200
11810,23674,289,205,197
11811,23676,276,205,196
11812,23678,286,205,197
11813,23680,302,204,196
11814,23682,305,204,196
11815,23684,309,204,197
11816,23686,310,205,196
11817,23688,325,205,196
11818,23690,329,205,195
11819,23692,310,205,198
11820,23694,302,206,197
11821,23696,273,205,198
11822,23698,292,205,196
11823,23700,306,204,197
11824,23702,303,205,197
11825,23704,310,205,199
11826,23706,312,205,196
11827,23708,334,206,197
11828,23710,339,205,195
11829,23712,311,204,196
11830,23714,287,205,196
11831,23716,267,206,196
11832,23718,292,205,195
11833,23720,298,204,196
11834,23722,301,205,201
11835,23724,299,205,196
11836,23726,311,204,199
11837,23728,332,204,194
11838,23730,329,205,195
11839,23732,311,204,192
11840,23734,284,205,194
11841,23736,260,204,193
11842,23738,293,205,194
11843,23740,298,204,195
11844,23742,302,205,193
11845,23744,307,204,192
11846,23746,307,204,192
11847,23748,331,204,189
11848,23750,326,204,192
11849,23752,301,204,190
11850,23754,284,205,192
11851,23756,274,204,191
11852,23758,292,204,192
11853,23760,298,206,192
11854,23762,302,204,190
11855,23764,300,204,192
11856,23766,303,204,190
11857,23768,333,204,190
11858,23770,325,204,191
11859,23772,308,204,191
11860,23774,278,204,191
11861,23776,271,204,191
11862,23778,294,204,191
11863,23780,297,204,192
11864,23782,303,205,191
11865,23784,308,204,190
11866,23786,302,205,192
11867,23788,336,206,193
11868,23790,329,204,192
11869,23792,304,204,192
11870,23794,284,204,191
11871,23796,275,204,190
11872,23798,302,205,192
11873,23800,299,204,192
11874,23802,304,205,192
11875,23804,299,204,192
11876,23806,304,204,192
11877,23808,331,205,191
11878,23810,322,204,192
11879,23812,307,205,192
11880,23814,287,203,191
11881,23816,284,205,192
11882,23818,307,204,191
11883,23820,307,205,192
11884,23822,302,204,194
11885,23824,305,204,189
11886,23826,307,204,193
11887,23828,335,204,193
11888,23830,333,205,193
11889,23832,306,204,192
11890,23834,289,204,193
11891,23836,274,205,193
11892,23838,305,205,192
11893,23840,310,205,193
11894,23842,310,205,196
11895,23844,311,205,192
11896,23846,311,205,193
11897,23848,342,205,194
11898,23850,334,204,192
11899,23852,309,205,192
11900,23854,297,205,192
11901,23856,285,204,192
11902,23858,302,206,192
11903,23860,306,206,192
11904,23862,301,205,193
11905,23864,306,206,192
11906,23866,305,206,192
11907,23868,342,206,193
11908,23870,328,205,192
11909,23872,303,205,193
11910,23874,285,207,193
11911,23876,289,206,192
11912,23878,295,205,192
11913,23880,308,205,193
11914,23882,310,205,192
11915,23884,308,205,194
11916,23886,305,206,193
11917,23888,347,206,193
11918,23890,330,206,193
11919,23892,312,206,194
11920,23894,292,206,193
11921,23896,284,206,194
11922,23898,302,206,193
11923,23900,304,208,194
11924,23902,311,207,193
11925,23904,307,206,193
11926,23906,310,206,195
11927,23908,335,207,192
11928,23910,328,207,190
11929,23912,304,206,193
11930,23914,295,207,192
11931,23916,282,206,190
11932,23918,306,206,194
11933,23920,309,207,194
11934,23922,322,206,192
11935,23924,305,206,193
11936,23926,312,205,195
11937,23928,338,207,193
11938,23930,328,207,195
11939,23932,307,206,192
11940,23934,291,206,193
11941,23936,285,206,193
11942,23938,306,205,194
11943,23940,304,206,194
11944,23942,315,206,194
11945,23944,311,206,193
11946,23946,299,206,192
11947,23948,339,205,194
11948,23950,332,205,192
11949,23952,306,205,194
11950,23954,293,206,194
11951,23956,290,206,194
11952,23958,311,205,193
11953,23960,302,206,193
11954,23962,306,206,193
11955,23964,305,206,194
11956,23966,311,206,193
11957,23968,342,206,195
11958,23970,337,206,195
11959,23972,315,205,194
11960,23974,288,206,193
11961,23976,284,206,195
11962,23978,310,206,195
11963,23980,307,206,194
11964,23982,317,207,194
11965,23984,307,207,193
11966,23986,308,206,194
11967,23988,338,207,196
11968,23990,332,205,195
11969,23992,307,204,195
11970,23994,293,204,194
11971,23996,283,206,194
11972,23998,310,207,194
11973,24000,314,207,194
11974,24002,311,207,194
11975,24004,312,206,195
11976,24006,314,207,195
11977,24008,345,206,195
11978,24010,326,207,193
11979,24012,311,206,195
11980,24014,289,207,195
11981,24016,282,206,195
11982,24018,306,206,195
11983,24020,307,207,194
11984,24022,311,206,194
11985,24024,311,206,196
11986,24026,301,207,195
11987,24028,337,206,193
11988,24030,321,206,194
11989,24032,302,206,194
11990,24034,289,206,193
11991,24036,286,205,194
11992,24038,300,207,195
11993,24040,306,205,192
11994,24042,311,206,194
11995,24044,304,206,195
11996,24046,308,206,194
11997,24048,336,206,194
11998,24050,323,206,194
11999,24052,307,206,195
12000,24054,290,206,195
12001,24056,283,206,194
12002,24058,307,206,194
12003,24060,305,206,194
12004,24062,302,206,194
12005,24064,309,206,194
12006,24066,305,206,195
12007,24068,339,206,196
12008,24070,329,206,192
12009,24072,311,206,195
12010,24074,294,206,194
12011,24076,287,206,194
12012,24078,307,206,196
12013,24080,304,206,194
12014,24082,311,206,194
12015,24084,313,206,195
12016,24086,310,206,193
12017,24088,337,206,194
12018,24090,317,207,195
12019,24092,314,206,195
12020,24094,291,206,193
12021,24096,281,206,193
12022,24098,308,206,191
12023,24100,309,207,193
12024,24102,304,207,192
12025,24104,302,204,193
12026,24106,312,206,193
12027,24108,342,206,194
12028,24110,317,206,193
12029,24112,311,207,193
12030,24114,287,206,192
12031,24116,290,207,193
12032,24118,305,207,194
12033,24120,306,206,193
12034,24122,301,206,192
12035,24124,320,207,192
12036,24126,307,206,192
12037,24128,343,207,192
12038,24130,316,207,191
12039,24132,313,207,191
12040,24134,292,207,190
12041,24136,290,207,190
12042,24138,307,207,190
12043,24140,307,207,191
12044,24142,308,208,190
12045,24144,311,208,190
12046,24146,308,208,191
12047,24148,343,208,192
12048,24150,328,207,191
12049,24152,310,208,191
12050,24154,291,208,191
12051,24156,285,208,190
12052,24158,305,209,191
12053,24160,301,208,191
12054,24162,305,209,191
12055,24164,303,211,191
12056,24166,305,209,190
12057,24168,335,209,190
12058,24170,324,210,191
12059,24172,313,210,190
12060,24174,288,209,188
12061,24176,288,209,191
12062,24178,300,210,190
12063,24180,304,209,190
12064,24182,301,209,189
12065,24184,305,209,190
12066,24186,306,210,192
12067,24188,337,210,189
12068,24190,319,210,191
12069,24192,310,210,191
12070,24194,287,209,189
12071,24196,282,210,190
12072,24198,305,210,191
12073,24200,299,211,191
12074,24202,296,210,190
12075,24204,301,210,191
12076,24206,304,210,192
12077,24208,336,210,192
12078,24210,321,210,191
12079,24212,311,211,190
12080,24214,284,210,190
12081,24216,280,209,191
12082,24218,301,211,192
12083,24220,306,211,192
12084,24222,300,210,190
12085,24224,303,212,193
12086,24226,306,211,191
12087,24228,340,211,192
12088,24230,324,211,193
12089,24232,310,212,192
12090,24234,286,210,191
12091,24236,283,210,194
12092,24238,301,211,193
12093,24240,291,211,194
12094,24242,299,211,193
12095,24244,300,210,193
12096,24246,306,211,193
12097,24248,334,211,192
12098,24250,320,209,191
12099,24252,311,212,192
12100,24254,284,210,191
12101,24256,279,210,191
12102,24258,306,210,191
12103,24260,304,211,192
12104,24262,305,211,192
12105,24264,302,210,191
12106,24266,306,211,194
12107,24268,337,211,194
12108,24270,326,211,192
12109,24272,314,210,191
12110,24274,279,210,192
12111,24276,270,211,191
12112,24278,303,211,192
12113,24280,303,211,191
12114,24282,309,211,193
12115,24284,298,210,195
12116,24286,313,210,193
12117,24288,334,211,193
12118,24290,332,211,191
12119,24292,307,211,193
12120,24294,269,210,192
12121,24296,282,210,192
12122,24298,305,211,194
12123,24300,299,210,195
12124,24302,296,211,194
12125,24304,306,211,196
12126,24306,314,210,192
12127,24308,332,211,193
12128,24310,324,210,193
12129,24312,322,211,194
12130,24314,281,210,192
12131,24316,272,210,193
12132,24318,301,211,192
12133,24320,301,210,193
12134,24322,301,210,191
12135,24324,301,210,192
12136,24326,304,211,194
12137,24328,339,211,193
12138,24330,312,209,193
12139,24332,300,210,194
12140,24334,278,210,192
12141,24336,279,211,192
12142,24338,303,210,192
12143,24340,307,210,192
12144,24342,299,210,193
12145,24344,310,210,193
12146,24346,300,210,192
12147,24348,339,211,195
12148,24350,319,210,193
12149,24352,310,210,193
12150,24354,279,211,194
12151,24356,271,209,192
12152,24358,299,209,192
12153,24360,295,210,193
12154,24362,294,210,193
12155,24364,296,210,192
12156,24366,304,211,192
12157,24368,332,210,193
12158,24370,320,210,194
12159,24372,304,210,191
12160,24374,280,210,192
12161,24376,276,210,194
12162,24378,307,210,195
12163,24380,296,210,193
12164,24382,303,210,191
12165,24384,297,210,192
12166,24386,303,210,192
12167,24388,329,210,193
12168,24390,322,211,194
12169,24392,314,210,193
12170,24394,279,210,192
12171,24396,269,210,190
12172,24398,301,210,193
12173,24400,294,210,195
12174,24402,293,210,196
12175,24404,295,211,193
12176,24406,301,211,194
12177,24408,326,210,193
12178,24410,324,210,193
12179,24412,308,210,193
12180,24414,277,210,196
12181,24416,268,210,194
12182,24418,300,211,194
12183,24420,291,210,195
12184,24422,299,210,191
12185,24424,296,210,193
12186,24426,305,209,192
12187,24428,328,209,193
12188,24430,320,210,194
12189,24432,304,209,192
12190,24434,281,210,192
12191,24436,274,210,190
12192,24438,301,210,190
12193,24440,292,210,193
12194,24442,302,210,191
12195,24444,298,210,193
12196,24446,303,210,192
12197,24448,327,210,193
12198,24450,315,210,192
12199,24452,306,210,193
12200,24454,281,210,192
12201,24456,279,210,194
12202,24458,308,210,191
12203,24460,306,211,195
12204,24462,301,209,191
12205,24464,302,210,192
12206,24466,298,210,192
12207,24468,334,210,193
12208,24470,313,211,193
12209,24472,308,210,192
12210,24474,282,209,192
12211,24476,284,209,192
12212,24478,305,210,192
12213,24480,306,211,194
12214,24482,304,208,192
12215,24484,299,210,193
12216,24486,303,208,192
12217,24488,331,212,192
12218,24490,324,209,191
12219,24492,303,211,194
12220,24494,282,210,192
12221,24496,286,209,191
12222,24498,312,209,191
12223,24500,304,210,192
12224,24502,307,208,192
12225,24504,303,210,192
12226,24506,309,210,192
12227,24508,336,210,192
12228,24510,319,212,193
12229,24512,309,210,190
12230,24514,289,210,192
12231,24516,288,209,191
12232,24518,309,210,193
12233,24520,310,210,193
12234,24522,314,210,193
12235,24524,309,210,192
12236,24526,304,209,191
12237,24528,331,210,193
12238,24530,321,210,194
12239,24532,305,210,192
12240,24534,279,210,192
12241,24536,283,210,193
12242,24538,309,209,193
12243,24540,305,210,193
12244,24542,306,210,193
12245,24544,301,209,194
12246,24546,309,210,193
12247,24548,339,210,194
12248,24550,315,210,193
12249,24552,305,210,192
12250,24554,282,210,191
12251,24556,287,210,193
12252,24558,307,211,192
12253,24560,314,211,192
12254,24562,298,210,191
12255,24564,301,209,192
12256,24566,303,209,192
12257,24568,331,212,192
12258,24570,306,210,191
12259,24572,300,209,192
12260,24574,276,209,190
12261,24576,278,210,191
12262,24578,302,210,192
12263,24580,303,210,191
12264,24582,314,210,193
12265,24584,296,210,194
12266,24586,286,209,191
12267,24588,327,210,190
12268,24590,303,210,190
12269,24592,295,210,191
12270,24594,267,210,190
12271,24596,276,210,191
12272,24598,296,210,191
12273,24600,293,210,191
12274,24602,302,210,191
12275,24604,297,210,191
12276,24606,298,210,190
12277,24608,336,210,193
12278,24610,318,209,190
12279,24612,309,210,188
12280,24614,277,209,187
12281,24616,283,210,191
12282,24618,308,212,191
12283,24620,305,211,191
12284,24622,305,210,190
12285,24624,310,210,191
12286,24626,300,212,192
12287,24628,328,211,191
12288,24630,319,211,192
12289,24632,295,211,191
12290,24634,276,210,191
12291,24636,281,211,191
12292,24638,305,211,191
12293,24640,304,210,190
12294,24642,297,212,191
12295,24644,283,212,192
12296,24646,292,211,191
12297,24648,331,212,193
12298,24650,322,212,192
12299,24652,303,211,191
12300,24654,275,211,191
12301,24656,277,212,192
12302,24658,295,211,189
12303,24660,306,212,190
12304,24662,301,212,192
12305,24664,298,211,192
12306,24666,294,211,191
12307,24668,326,211,190
12308,24670,315,211,190
12309,24672,310,213,191
12310,24674,283,213,188
12311,24676,277,211,190
12312,24678,302,212,189
12313,24680,307,212,191
12314,24682,304,211,190
12315,24684,301,212,190
12316,24686,305,211,191
12317,24688,330,212,190
12318,24690,314,213,191
12319,24692,300,213,192
12320,24694,284,213,191
12321,24696,283,214,194
12322,24698,300,212,192
12323,24700,293,213,193
12324,24702,306,213,191
12325,24704,305,211,192
12326,24706,297,214,193
12327,24708,332,213,195
12328,24710,315,213,192
12329,24712,305,213,192
12330,24714,279,213,191
12331,24716,286,213,191
12332,24718,288,214,193
12333,24720,302,213,191
12334,24722,300,213,191
12335,24724,301,215,193
12336,24726,299,213,190
12337,24728,331,214,193
12338,24730,311,214,193
12339,24732,305,213,193
12340,24734,279,213,194
12341,24736,282,213,192
12342,24738,300,213,191
12343,24740,300,214,192
12344,24742,306,213,193
12345,24744,304,213,192
12346,24746,295,214,192
12347,24748,330,213,192
12348,24750,323,214,193
12349,24752,305,214,195
12350,24754,286,213,192
12351,24756,289,214,191
12352,24758,307,213,191
12353,24760,306,213,192
12354,24762,296,214,192
12355,24764,302,214,194
12356,24766,306,214,194
12357,24768,330,214,193
12358,24770,320,223,194
12359,24772,302,214,193
12360,24774,288,214,194
12361,24776,289,214,194
12362,24778,306,215,194
12363,24780,300,214,193
12364,24782,303,214,194
12365,24784,296,214,193
12366,24786,289,215,195
12367,24788,327,214,191
12368,24790,311,214,194
12369,24792,302,214,194
12370,24794,281,214,193
12371,24796,275,214,194
12372,24798,299,214,191
12373,24800,300,214,193
12374,24802,299,214,191
12375,24804,295,214,193
12376,24806,299,215,192
12377,24808,313,214,191
12378,24810,314,215,193
12379,24812,297,215,194
12380,24814,270,215,193
12381,24816,277,214,191
12382,24818,311,214,191
12383,24820,295,215,193
12384,24822,299,213,192
12385,24824,298,214,192
12386,24826,296,213,191
12387,24828,329,212,191
12388,24830,313,212,191
12389,24832,303,211,192
12390,24834,261,211,193
12391,24836,277,212,190
12392,24838,300,211,189
12393,24840,297,212,192
12394,24842,298,212,191
12395,24844,286,212,192
12396,24846,303,212,193
12397,24848,330,214,194
12398,24850,316,212,191
12399,24852,298,211,190
12400,24854,270,211,190
12401,24856,286,211,190
12402,24858,293,211,191
12403,24860,297,211,189
12404,24862,297,210,190
12405,24864,300,211,188
12406,24866,303,211,187
12407,24868,317,210,188
12408,24870,321,211,187
12409,24872,306,210,189
12410,24874,277,210,188
12411,24876,274,211,187
12412,24878,292,210,187
12413,24880,285,211,188
12414,24882,290,210,190
12415,24884,301,210,188
12416,24886,299,210,188
12417,24888,329,210,189
12418,24890,321,211,190
12419,24892,310,211,190
12420,24894,282,210,189
12421,24896,279,210,191
12422,24898,296,210,190
12423,24900,293,210,190
12424,24902,291,210,190
12425,24904,301,210,191
12426,24906,302,210,190
12427,24908,318,211,191
12428,24910,323,211,193
12429,24912,305,212,192
12430,24914,272,211,193
12431,24916,282,211,191
12432,24918,298,211,192
12433,24920,293,211,192
12434,24922,288,211,192
12435,24924,303,211,194
12436,24926,300,211,191
12437,24928,328,211,194
12438,24930,310,212,194
12439,24932,308,212,193
12440,24934,275,211,191
12441,24936,282,211,192
12442,24938,293,210,193
12443,24940,288,211,194
12444,24942,288,211,193
12445,24944,299,211,193
12446,24946,297,211,193
12447,24948,330,211,194
12448,24950,317,211,193
12449,24952,309,211,192
12450,24954,276,210,193
12451,24956,279,210,191
12452,24958,293,212,194
12453,24960,297,211,194
12454,24962,297,211,191
12455,24964,296,211,193
12456,24966,299,211,193
12457,24968,331,211,193
12458,24970,316,210,193
12459,24972,306,210,193
12460,24974,282,210,192
12461,24976,285,211,193
12462,24978,305,210,193
12463,24980,298,210,193
12464,24982,302,211,194
12465,24984,300,210,192
12466,24986,307,211,193
12467,24988,325,210,192
12468,24990,326,212,195
12469,24992,309,211,192
12470,24994,281,211,193
12471,24996,280,210,192
12472,24998,302,211,192
12473,25000,292,209,192
12474,25002,302,211,193
12475,25004,306,210,191
12476,25006,305,210,193
12477,25008,330,211,193
12478,25010,322,211,192
12479,25012,313,210,191
12480,25014,285,211,191
12481,25016,277,211,192
12482,25018,292,210,190
12483,25020,301,210,192
12484,25022,310,210,191
12485,25024,305,210,192
12486,25026,304,211,192
12487,25028,332,210,192
12488,25030,315,211,193
12489,25032,303,210,192
12490,25034,280,209,192
12491,25036,284,210,190
12492,25038,300,211,193
12493,25040,292,210,192
12494,25042,301,210,192
12495,25044,306,210,193
12496,25046,298,212,193
12497,25048,328,210,192
12498,25050,322,210,192
12499,25052,306,210,192
12500,25054,279,210,189
12501,25056,286,210,191
12502,25058,297,208,191
12503,25060,302,210,192
12504,25062,313,210,191
12505,25064,297,210,192
12506,25066,304,210,187
12507,25068,333,209,192
12508,25070,316,210,195
12509,25072,300,209,193
12510,25074,284,209,189
12511,25076,277,210,194
12512,25078,303,210,192
12513,25080,296,208,193
12514,25082,307,209,192
12515,25084,297,210,193
12516,25086,302,209,189
12517,25088,327,209,191
12518,25090,320,209,191
12519,25092,303,209,191
12520,25094,292,209,188
12521,25096,283,210,190
12522,25098,308,210,189
12523,25100,292,209,190
12524,25102,310,210,190
12525,25104,304,209,190
12526,25106,305,210,190
12527,25108,331,210,188
12528,25110,318,209,188
12529,25112,303,210,190
12530,25114,280,209,190
12531,25116,278,209,189
12532,25118,309,209,187
12533,25120,303,210,191
12534,25122,312,210,190
12535,25124,305,210,192
12536,25126,305,210,189
12537,25128,330,210,192
12538,25130,322,209,190
12539,25132,303,210,191
12540,25134,287,209,190
12541,25136,285,209,190
12542,25138,302,209,191
12543,25140,295,209,191
12544,25142,300,209,191
12545,25144,305,211,193
12546,25146,303,209,191
12547,25148,336,209,192
12548,25150,312,210,191
12549,25152,295,210,190
12550,25154,280,210,189
12551,25156,283,210,192
12552,25158,301,209,191
12553,25160,299,209,190
12554,25162,304,210,189
12555,25164,302,209,190
12556,25166,299,209,190
12557,25168,333,209,190
12558,25170,318,210,192
12559,25172,293,211,189
12560,25174,277,210,188
12561,25176,276,210,188
12562,25178,297,208,188
12563,25180,302,208,189
12564,25182,299,209,190
12565,25184,298,209,189
12566,25186,298,210,189
12567,25188,323,209,186
12568,25190,310,209,189
12569,25192,294,209,188
12570,25194,275,209,187
12571,25196,280,209,188
12572,25198,295,212,188
12573,25200,326,210,190
12574,25202,325,209,188
12575,25204,325,209,187
12576,25206,315,210,185
12577,25208,347,209,187
12578,25210,350,209,186
12579,25212,324,209,186
12580,25214,303,209,187
12581,25216,305,210,188
12582,25218,321,209,188
12583,25220,342,209,186
12584,25222,327,209,189
12585,25224,323,209,187
12586,25226,314,209,188
12587,25228,353,209,187
12588,25230,332,212,188
12589,25232,316,209,190
12590,25234,302,209,187
12591,25236,305,212,187
12592,25238,321,209,189
12593,25240,327,209,188
12594,25242,327,209,189
12595,25244,325,209,188
12596,25246,323,209,187
12597,25248,351,210,190
12598,25250,339,208,187
12599,25252,322,211,188
12600,25254,300,209,188
12601,25256,308,207,187
12602,25258,328,209,190
12603,25260,330,207,186
12604,25262,327,209,187
12605,25264,330,209,187
12606,25266,326,208,185
12607,25268,348,209,187
12608,25270,327,209,186
12609,25272,324,209,187
12610,25274,304,209,185
12611,25276,307,209,185
12612,25278,329,208,188
12613,25280,328,208,185
12614,25282,318,208,186
12615,25284,318,209,187
12616,25286,319,208,184
12617,25288,348,210,185
12618,25290,334,209,186
12619,25292,322,208,187
12620,25294,297,208,185
12621,25296,313,208,186
12622,25298,324,209,182
12623,25300,329,208,183
12624,25302,323,208,182
12625,25304,323,209,185
12626,25306,325,209,184
12627,25308,351,209,184
12628,25310,333,210,183
12629,25312,313,208,184
12630,25314,296,208,184
12631,25316,310,208,184
12632,25318,321,207,186
12633,25320,327,208,185
12634,25322,334,208,184
12635,25324,321,208,186
12636,25326,319,209,187
12637,25328,353,208,186
12638,25330,334,208,186
12639,25332,322,208,186
12640,25334,307,208,184
12641,25336,310,208,185
12642,25338,336,208,185
12643,25340,330,208,186
12644,25342,324,208,186
12645,25344,322,209,188
12646,25346,317,208,187
12647,25348,350,208,187
12648,25350,333,209,187
12649,25352,321,208,185
12650,25354,300,207,185
12651,25356,312,208,184
12652,25358,330,208,185
12653,25360,342,207,186
12654,25362,317,207,184
12655,25364,326,209,184
12656,25366,319,208,184
12657,25368,341,209,185
12658,25370,345,208,182
12659,25372,320,208,184
12660,25374,309,207,183
12661,25376,305,207,183
12662,25378,324,207,182
12663,25380,327,207,177
12664,25382,331,207,177
12665,25384,327,207,176
12666,25386,318,207,178
12667,25388,344,207,176
12668,25390,330,206,178
12669,25392,326,207,177
12670,25394,297,207,176
12671,25396,316,206,178
12672,25398,319,207,178
12673,25400,328,207,179
12674,25402,327,207,179
12675,25404,326,207,179
12676,25406,318,207,179
12677,25408,351,209,177
12678,25410,342,207,179
12679,25412,329,207,179
12680,25414,308,206,178
12681,25416,311,209,180
12682,25418,329,208,182
12683,25420,327,209,180
12684,25422,330,207,180
12685,25424,329,208,180
12686,25426,327,207,182
12687,25428,358,208,182
12688,25430,356,208,183
12689,25432,331,207,182
12690,25434,323,207,179
12691,25436,319,207,182
12692,25438,336,208,183
12693,25440,333,208,180
12694,25442,343,208,183
12695,25444,328,207,181
12696,25446,324,207,180
12697,25448,351,207,178
12698,25450,342,207,178
12699,25452,328,208,182
12700,25454,312,207,182
12701,25456,319,207,181
12702,25458,327,208,180
12703,25460,327,208,181
12704,25462,332,207,181
12705,25464,326,208,179
12706,25466,332,207,182
12707,25468,350,207,185
12708,25470,333,207,181
12709,25472,327,207,182
12710,25474,306,208,181
12711,25476,322,208,181
12712,25478,322,207,181
12713,25480,324,208,180
12714,25482,329,207,182
12715,25484,333,208,182
12716,25486,323,208,179
12717,25488,350,207,181
12718,25490,336,207,181
12719,25492,326,208,182
12720,25494,303,207,182
12721,25496,317,207,182
12722,25498,327,208,183
12723,25500,325,207,183
12724,25502,328,206,181
12725,25504,327,208,182
12726,25506,326,207,181
12727,25508,359,208,182
12728,25510,334,208,183
12729,25512,329,208,183
12730,25514,301,207,182
12731,25516,319,207,182
12732,25518,335,207,179
12733,25520,329,208,183
12734,25522,325,208,183
12735,25524,329,208,182
12736,25526,329,208,182
12737,25528,353,208,183
12738,25530,337,208,183
12739,25532,336,208,181
12740,25534,311,208,183
12741,25536,318,207,183
12742,25538,330,208,183
12743,25540,331,207,183
12744,25542,335,207,182
12745,25544,329,208,185
12746,25546,331,207,182
12747,25548,355,208,184
12748,25550,345,207,183
12749,25552,335,208,184
12750,25554,310,208,183
12751,25556,313,207,183
12752,25558,334,207,182
12753,25560,331,208,183
12754,25562,327,207,183
12755,25564,330,207,184
12756,25566,330,208,184
12757,25568,348,207,184
12758,25570,341,208,184
12759,25572,333,206,185
12760,25574,307,208,184
12761,25576,323,207,183
12762,25578,339,208,184
12763,25580,331,207,183
12764,25582,336,207,183
12765,25584,334,208,184
12766,25586,328,207,183
12767,25588,355,207,185
12768,25590,345,207,183
12769,25592,338,207,182
12770,25594,313,206,182
12771,25596,316,207,182
12772,25598,328,208,183
12773,25600,328,208,183
12774,25602,341,208,183
12775,25604,330,207,183
12776,25606,337,208,184
12777,25608,367,208,182
12778,25610,343,208,183
12779,25612,340,207,184
12780,25614,319,207,185
12781,25616,320,207,184
12782,25618,333,208,184
12783,25620,321,206,184
12784,25622,337,207,183
12785,25624,332,207,184
12786,25626,336,207,183
12787,25628,357,208,186
12788,25630,346,207,184
12789,25632,335,207,184
12790,25634,307,207,185
12791,25636,315,207,185
12792,25638,337,208,184
12793,25640,327,207,185
12794,25642,334,208,184
12795,25644,336,207,184
12796,25646,331,208,184
12797,25648,350,207,186
12798,25650,338,207,183
12799,25652,340,207,184
12800,25654,307,207,184
12801,25656,321,209,186
12802,25658,336,207,184
12803,25660,331,207,185
12804,25662,328,207,182
12805,25664,333,208,185
12806,25666,341,208,184
12807,25668,360,208,186
12808,25670,349,208,187
12809,25672,331,206,185
12810,25674,317,208,184
12811,25676,318,207,185
12812,25678,338,208,185
12813,25680,329,208,184
12814,25682,333,206,186
12815,25684,332,207,184
12816,25686,339,207,184
12817,25688,362,207,185
12818,25690,342,207,185
12819,25692,334,208,186
12820,25694,315,207,184
12821,25696,322,207,185
12822,25698,331,207,185
12823,25700,334,207,185
12824,25702,327,207,184
12825,25704,335,208,185
12826,25706,331,207,185
12827,25708,353,207,184
12828,25710,339,207,185
12829,25712,335,207,184
12830,25714,306,207,181
12831,25716,318,207,185
12832,25718,325,208,185
12833,25720,324,207,183
12834,25722,343,208,184
12835,25724,333,208,181
12836,25726,326,207,183
12837,25728,353,208,185
12838,25730,338,207,181
12839,25732,334,208,183
12840,25734,305,207,182
12841,25736,317,208,182
12842,25738,328,209,183
12843,25740,323,208,183
12844,25742,330,208,183
12845,25744,330,207,186
12846,25746,331,207,181
12847,25748,350,208,183
12848,25750,332,210,184
12849,25752,328,208,180
12850,25754,302,207,181
12851,25756,314,209,183
12852,25758,331,207,182
12853,25760,326,209,182
12854,25762,324,209,184
12855,25764,329,208,183
12856,25766,330,209,184
12857,25768,352,209,186
12858,25770,325,209,183
12859,25772,331,209,184
12860,25774,310,209,182
12861,25776,317,209,184
12862,25778,323,209,185
12863,25780,325,208,184
12864,25782,326,209,185
12865,25784,324,210,186
12866,25786,330,209,182
12867,25788,352,209,185
12868,25790,333,209,188
12869,25792,329,208,184
12870,25794,312,210,184
12871,25796,313,209,184
12872,25798,329,209,184
12873,25800,337,209,187
12874,25802,327,209,184
12875,25804,325,209,183
12876,25806,332,209,183
12877,25808,353,209,185
12878,25810,336,209,184
12879,25812,333,209,182
12880,25814,304,209,185
12881,25816,314,209,183
12882,25818,326,209,185
12883,25820,330,210,183
12884,25822,326,208,185
12885,25824,327,209,185
12886,25826,335,208,184
12887,25828,352,209,186
12888,25830,331,209,184
12889,25832,327,208,185
12890,25834,310,209,183
12891,25836,320,209,185
12892,25838,333,207,185
12893,25840,328,209,185
12894,25842,326,208,184
12895,25844,325,209,184
12896,25846,332,209,183
12897,25848,352,209,182
12898,25850,323,209,186
12899,25852,336,209,186
12900,25854,308,209,186
12901,25856,316,209,186
12902,25858,322,210,181
12903,25860,328,209,185
12904,25862,331,208,186
12905,25864,318,209,186
12906,25866,323,209,186
12907,25868,360,208,184
12908,25870,328,210,185
12909,25872,323,210,187
12910,25874,306,208,184
12911,25876,314,209,184
12912,25878,317,210,186
12913,25880,324,209,186
12914,25882,325,209,185
12915,25884,320,208,185
12916,25886,329,209,184
12917,25888,348,209,184
12918,25890,334,209,185
12919,25892,320,208,185
12920,25894,308,209,184
12921,25896,319,209,185
12922,25898,335,208,183
12923,25900,329,208,185
12924,25902,325,209,186
12925,25904,315,209,185
12926,25906,328,209,185
12927,25908,344,208,186
12928,25910,324,209,186
12929,25912,326,208,185
12930,25914,301,209,184
12931,25916,319,208,185
12932,25918,318,208,183
12933,25920,326,209,184
12934,25922,330,210,184
12935,25924,323,206,186
12936,25926,324,208,184
12937,25928,348,209,187
12938,25930,333,208,184
12939,25932,327,209,186
12940,25934,292,208,185
12941,25936,312,209,184
12942,25938,321,208,184
12943,25940,330,208,185
12944,25942,330,209,187
12945,25944,322,209,186
12946,25946,333,209,186
12947,25948,354,207,185
12948,25950,329,209,185
12949,25952,327,208,185
12950,25954,298,209,185
12951,25956,315,209,185
12952,25958,326,209,187
12953,25960,333,208,186
12954,25962,328,209,186
12955,25964,327,209,186
12956,25966,337,209,187
12957,25968,360,208,186
12958,25970,331,209,184
12959,25972,327,209,185
12960,25974,303,209,185
12961,25976,311,209,186
12962,25978,325,208,185
12963,25980,326,208,186
12964,25982,328,208,184
12965,25984,324,208,186
12966,25986,350,208,184
12967,25988,354,209,186
12968,25990,327,208,186
12969,25992,325,209,185
12970,25994,301,209,185
12971,25996,310,208,184
12972,25998,323,208,186
12973,26000,325,209,185
12974,26002,322,207,185
12975,26004,322,208,185
12976,26006,349,208,185
12977,26008,351,208,185
12978,26010,324,209,184
12979,26012,320,208,185
12980,26014,295,209,184
12981,26016,310,208,183
12982,26018,323,208,184
12983,26020,322,208,184
12984,26022,325,208,185
12985,26024,327,208,185
12986,26026,354,209,184
12987,26028,350,209,185
12988,26030,330,208,184
12989,26032,320,209,185
12990,26034,297,209,183
12991,26036,314,209,184
12992,26038,323,209,187
12993,26040,328,209,185
12994,26042,327,209,183
12995,26044,323,209,185
12996,26046,358,208,184
12997,26048,357,210,186
12998,26050,330,208,184
12999,26052,328,208,184
13000,26054,303,207,182
13001,26056,311,208,185
13002,26058,325,209,185
13003,26060,330,209,185
13004,26062,323,208,184
13005,26064,334,208,184
13006,26066,359,209,185
13007,26068,352,209,185
13008,26070,336,208,184
13009,26072,329,208,185
13010,26074,305,208,184
13011,26076,311,208,184
13012,26078,329,208,183
13013,26080,327,207,185
13014,26082,335,208,183
13015,26084,332,209,184
13016,26086,355,208,183
13017,26088,361,209,185
13018,26090,333,207,183
13019,26092,330,208,184
13020,26094,302,208,184
13021,26096,309,208,183
13022,26098,323,208,184
13023,26100,324,208,183
13024,26102,337,207,183
13025,26104,334,208,185
13026,26106,354,208,183
13027,26108,352,208,183
13028,26110,330,208,183
13029,26112,332,209,182
13030,26114,297,208,185
13031,26116,312,208,183
13032,26118,331,209,184
13033,26120,329,209,183
13034,26122,351,209,183
13035,26124,331,208,185
13036,26126,361,208,184
13037,26128,349,209,186
13038,26130,328,208,184
13039,26132,332,210,181
13040,26134,303,208,184
13041,26136,317,209,184
13042,26138,332,208,185
13043,26140,333,208,185
13044,26142,338,208,187
13045,26144,334,208,184
13046,26146,361,209,186
13047,26148,362,209,186
13048,26150,328,209,184
13049,26152,330,208,183
13050,26154,306,208,183
13051,26156,318,209,184
13052,26158,333,210,183
13053,26160,331,209,184
13054,26162,335,209,185
13055,26164,335,209,185
13056,26166,362,208,183
13057,26168,346,208,184
13058,26170,337,209,184
13059,26172,328,208,185
13060,26174,299,209,183
13061,26176,319,208,184
13062,26178,330,210,184
13063,26180,330,208,184
13064,26182,338,208,182
13065,26184,339,209,186
13066,26186,359,209,185
13067,26188,349,209,186
13068,26190,341,209,187
13069,26192,333,209,183
13070,26194,309,208,182
13071,26196,318,208,184
13072,26198,334,209,187
13073,26200,329,209,185
13074,26202,337,208,185
13075,26204,335,209,185
13076,26206,364,208,184
13077,26208,350,209,185
13078,26210,335,209,187
13079,26212,332,208,185
13080,26214,299,208,184
13081,26216,315,208,184
13082,26218,332,208,185
13083,26220,326,209,185
13084,26222,336,209,183
13085,26224,337,209,185
13086,26226,365,209,188
13087,26228,359,209,185
13088,26230,340,208,184
13089,26232,325,208,185
13090,26234,304,207,183
13091,26236,310,208,185
13092,26238,324,208,184
13093,26240,325,208,185
13094,26242,330,209,184
13095,26244,336,208,186
13096,26246,355,209,185
13097,26248,365,208,185
13098,26250,346,210,184
13099,26252,333,209,186
13100,26254,298,208,185
13101,26256,317,208,185
13102,26258,330,207,184
13103,26260,328,208,185
13104,26262,334,208,186
13105,26264,333,208,185
13106,26266,361,208,184
13107,26268,354,209,186
13108,26270,340,208,183
13109,26272,329,208,185
13110,26274,299,208,184
13111,26276,315,208,186
13112,26278,329,209,185
13113,26280,327,208,184
13114,26282,331,208,185
13115,26284,331,207,187
13116,26286,359,208,185
13117,26288,350,208,187
13118,26290,337,206,185
13119,26292,330,208,185
13120,26294,298,208,185
13121,26296,316,208,186
13122,26298,330,207,184
13123,26300,325,208,186
13124,26302,334,208,185
13125,26304,339,208,187
13126,26306,346,208,186
13127,26308,351,208,187
13128,26310,338,208,185
13129,26312,330,208,186
13130,26314,299,208,184
13131,26316,309,208,187
13132,26318,326,208,186
13133,26320,329,208,187
13134,26322,331,208,187
13135,26324,330,208,187
13136,26326,358,208,186
13137,26328,354,209,188
13138,26330,333,209,186
13139,26332,329,208,187
13140,26334,310,208,185
13141,26336,314,209,185
13142,26338,331,210,186
13143,26340,331,208,186
13144,26342,332,209,186
13145,26344,331,210,186
13146,26346,357,210,185
13147,26348,358,209,184
13148,26350,337,210,185
13149,26352,323,210,185
13150,26354,307,210,185
13151,26356,315,211,183
13152,26358,326,210,182
13153,26360,329,209,181
13154,26362,329,210,181
13155,26364,335,211,181
13156,26366,352,211,181
13157,26368,352,211,180
13158,26370,327,213,181
13159,26372,326,213,181
13160,26374,302,213,179
13161,26376,312,213,180
13162,26378,329,215,181
13163,26380,328,212,180
13164,26382,326,213,181
13165,26384,329,213,179
13166,26386,353,214,180
13167,26388,348,214,178
13168,26390,327,213,180
13169,26392,315,213,181
13170,26394,301,212,181
13171,26396,314,214,182
13172,26398,326,212,181
13173,26400,325,213,181
13174,26402,331,213,180
13175,26404,326,213,180
13176,26406,352,213,180
13177,26408,348,215,180
13178,26410,328,213,181
13179,26412,318,213,180
13180,26414,302,214,180
13181,26416,307,213,181
13182,26418,326,213,181
13183,26420,322,213,180
13184,26422,337,213,180
13185,26424,323,213,180
13186,26426,353,212,180
13187,26428,351,213,181
13188,26430,325,213,181
13189,26432,316,214,181
13190,26434,306,213,180
13191,26436,312,213,179
13192,26438,329,214,181
13193,26440,326,213,183
13194,26442,333,213,182
13195,26444,333,214,181
13196,26446,349,213,180
13197,26448,344,214,182
13198,26450,329,213,179
13199,26452,316,214,182
13200,26454,303,214,178
13201,26456,312,214,181
13202,26458,329,213,180
13203,26460,341,214,182
13204,26462,335,213,181
13205,26464,328,213,184
13206,26466,350,213,180
13207,26468,342,214,182
13208,26470,325,214,180
13209,26472,312,214,182
13210,26474,297,214,184
13211,26476,307,213,182
13212,26478,323,213,183
13213,26480,330,214,181
13214,26482,325,213,181
13215,26484,320,213,182
13216,26486,351,214,183
13217,26488,347,215,182
13218,26490,323,214,182
13219,26492,314,214,182
13220,26494,302,214,181
13221,26496,307,213,180
13222,26498,325,214,181
13223,26500,321,213,181
13224,26502,328,213,181
13225,26504,319,213,179
13226,26506,352,214,182
13227,26508,348,214,183
13228,26510,319,214,180
13229,26512,326,213,180
13230,26514,305,214,182
13231,26516,310,214,182
13232,26518,327,213,182
13233,26520,324,213,182
13234,26522,331,213,182
13235,26524,325,213,182
13236,26526,350,214,184
13237,26528,345,214,183
13238,26530,321,213,182
13239,26532,311,213,181
13240,26534,306,213,181
13241,26536,313,213,177
13242,26538,324,212,182
13243,26540,333,213,182
13244,26542,325,214,182
13245,26544,322,213,184
13246,26546,346,213,181
13247,26548,340,213,183
13248,26550,318,214,182
13249,26552,312,213,181
13250,26554,301,212,182
13251,26556,311,212,181
13252,26558,317,214,181
13253,26560,324,213,180
13254,26562,322,213,180
13255,26564,318,213,181
13256,26566,345,212,181
13257,26568,345,214,182
13258,26570,325,214,182
13259,26572,311,212,181
13260,26574,295,213,182
13261,26576,304,213,180
13262,26578,337,212,182
13263,26580,338,214,181
13264,26582,319,213,181
13265,26584,325,213,183
13266,26586,353,212,181
13267,26588,353,213,183
13268,26590,327,212,181
13269,26592,308,212,183
13270,26594,317,212,179
13271,26596,315,213,181
13272,26598,328,215,182
13273,26600,325,213,182
13274,26602,327,213,180
13275,26604,332,212,179
13276,26606,357,214,181
13277,26608,356,215,177
13278,26610,332,213,181
13279,26612,322,213,181
13280,26614,302,213,181
13281,26616,310,213,182
13282,26618,333,214,182
13283,26620,344,214,181
13284,26622,329,213,182
13285,26624,314,215,182
13286,26626,350,214,182
13287,26628,351,215,182
13288,26630,337,214,181
13289,26632,313,213,179
13290,26634,300,214,183
13291,26636,315,217,181
13292,26638,324,214,181
13293,26640,330,215,181
13294,26642,322,214,183
13295,26644,321,215,179
13296,26646,356,214,182
13297,26648,348,215,182
13298,26650,331,215,182
13299,26652,314,216,183
13300,26654,301,215,181
13301,26656,308,215,182
13302,26658,324,216,183
13303,26660,320,215,183
13304,26662,323,216,182
13305,26664,320,217,184
13306,26666,342,216,182
13307,26668,359,217,184
13308,26670,324,216,183
13309,26672,317,216,183
13310,26674,308,216,183
13311,26676,312,217,183
13312,26678,326,216,183
13313,26680,325,217,184
13314,26682,330,217,182
13315,26684,334,217,183
13316,26686,355,218,186
13317,26688,355,217,186
13318,26690,327,217,182
13319,26692,317,217,184
13320,26694,302,217,183
13321,26696,313,217,184
13322,26698,327,217,183
13323,26700,327,218,185
13324,26702,325,217,185
13325,26704,332,217,184
13326,26706,352,218,184
13327,26708,352,217,184
13328,26710,330,217,185
13329,26712,313,218,185
13330,26714,304,217,184
13331,26716,318,218,185
13332,26718,329,218,185
13333,26720,326,218,185
13334,26722,332,217,185
13335,26724,322,218,186
13336,26726,353,218,186
13337,26728,354,219,186
13338,26730,338,217,185
13339,26732,325,218,186
13340,26734,304,217,186
13341,26736,313,218,186
13342,26738,330,217,185
13343,26740,333,218,186
13344,26742,335,217,187
13345,26744,336,218,186
13346,26746,372,218,186
13347,26748,354,218,187
13348,26750,334,218,187
13349,26752,319,217,186
13350,26754,307,217,186
13351,26756,323,217,187
13352,26758,329,217,187
13353,26760,334,218,188
13354,26762,332,218,189
13355,26764,331,218,188
13356,26766,362,217,188
13357,26768,351,218,187
13358,26770,330,218,187
13359,26772,321,218,188
13360,26774,306,218,187
13361,26776,325,218,189
13362,26778,332,218,190
13363,26780,327,218,189
13364,26782,323,218,189
13365,26784,329,218,188
13366,26786,355,217,189
13367,26788,358,218,189
13368,26790,351,218,192
13369,26792,310,218,189
13370,26794,302,218,188
13371,26796,320,218,188
13372,26798,330,218,189
13373,26800,325,218,189
13374,26802,328,218,189
13375,26804,333,218,189
13376,26806,354,217,188
13377,26808,353,217,189
13378,26810,340,218,187
13379,26812,308,218,189
13380,26814,300,218,189
13381,26816,327,218,189
13382,26818,330,219,189
13383,26820,328,218,189
13384,26822,326,218,189
13385,26824,330,218,189
13386,26826,361,217,188
13387,26828,346,218,190
13388,26830,341,218,188
13389,26832,317,218,189
13390,26834,309,218,187
13391,26836,329,218,189
13392,26838,320,218,189
13393,26840,337,218,189
13394,26842,332,217,189
13395,26844,327,218,188
13396,26846,362,218,191
13397,26848,353,218,190
13398,26850,332,217,189
13399,26852,318,218,189
13400,26854,307,218,188
13401,26856,325,217,189
13402,26858,326,218,188
13403,26860,321,217,189
13404,26862,318,217,188
13405,26864,334,218,190
13406,26866,361,218,189
13407,26868,351,218,191
13408,26870,339,218,190
13409,26872,313,218,189
13410,26874,294,218,189
13411,26876,319,218,188
13412,26878,316,219,190
13413,26880,325,218,189
13414,26882,323,218,189
13415,26884,327,219,190
13416,26886,357,219,192
13417,26888,356,219,190
13418,26890,333,219,189
13419,26892,312,218,189
13420,26894,301,220,190
13421,26896,324,219,189
13422,26898,318,219,191
13423,26900,313,219,190
13424,26902,324,218,190
13425,26904,323,219,189
13426,26906,354,218,189
13427,26908,345,218,188
13428,26910,335,218,188
13429,26912,304,219,189
13430,26914,295,219,189
13431,26916,318,219,188
13432,26918,321,218,186
13433,26920,316,219,190
13434,26922,318,219,189
13435,26924,324,219,191
13436,26926,347,219,190
13437,26928,341,218,189
13438,26930,317,219,190
13439,26932,303,221,190
13440,26934,296,219,191
13441,26936,312,219,189
13442,26938,309,219,190
13443,26940,323,219,189
13444,26942,323,219,190
13445,26944,312,219,190
13446,26946,358,219,189
13447,26948,350,219,190
13448,26950,329,219,190
13449,26952,305,219,190
13450,26954,296,219,187
13451,26956,318,219,189
13452,26958,320,219,191
13453,26960,315,218,189
13454,26962,323,219,188
13455,26964,324,220,188
13456,26966,358,220,189
13457,26968,346,219,189
13458,26970,329,221,190
13459,26972,301,220,190
13460,26974,289,220,188
13461,26976,317,220,189
13462,26978,314,219,188
13463,26980,313,220,188
13464,26982,314,220,189
13465,26984,327,220,189
13466,26986,349,220,187
13467,26988,334,219,190
13468,26990,331,220,187
13469,26992,308,220,189
13470,26994,296,219,186
13471,26996,315,220,188
13472,26998,313,220,188
13473,27000,324,219,185
13474,27002,317,219,187
13475,27004,317,220,187
13476,27006,349,220,188
13477,27008,338,220,189
13478,27010,319,220,186
13479,27012,304,219,187
13480,27014,287,220,187
13481,27016,315,219,188
13482,27018,305,221,187
13483,27020,320,220,187
13484,27022,312,219,186
13485,27024,320,220,187
13486,27026,342,220,184
13487,27028,336,219,186
13488,27030,333,220,185
13489,27032,300,219,186
13490,27034,292,219,186
13491,27036,317,219,186
13492,27038,306,220,186
13493,27040,311,219,187
13494,27042,318,219,186
13495,27044,315,220,186
13496,27046,348,219,186
13497,27048,343,219,186
13498,27050,323,219,186
13499,27052,301,219,185
13500,27054,297,219,187
13501,27056,312,219,187
13502,27058,317,219,188
13503,27060,314,219,186
13504,27062,314,219,186
13505,27064,320,219,186
13506,27066,342,219,185
13507,27068,337,220,187
13508,27070,322,219,186
13509,27072,297,219,187
13510,27074,291,219,187
13511,27076,317,219,186
13512,27078,317,219,186
13513,27080,319,219,186
13514,27082,316,220,185
13515,27084,315,219,186
13516,27086,341,219,188
13517,27088,335,220,186
13518,27090,319,219,183
13519,27092,300,218,185
13520,27094,289,219,186
13521,27096,316,219,187
13522,27098,312,218,186
13523,27100,318,219,186
13524,27102,308,219,187
13525,27104,311,218,186
13526,27106,347,220,189
13527,27108,334,219,188
13528,27110,318,219,186
13529,27112,294,219,187
13530,27114,311,219,188
13531,27116,323,218,189
13532,27118,322,219,188
13533,27120,323,219,190
13534,27122,314,219,187
13535,27124,321,218,186
13536,27126,355,219,188
13537,27128,351,219,188
13538,27130,323,218,187
13539,27132,302,219,188
13540,27134,300,219,188
13541,27136,323,219,187
13542,27138,319,219,185
13543,27140,321,219,205
13544,27142,308,219,186
13545,27144,321,217,186
13546,27146,351,218,190
13547,27148,351,219,187
13548,27150,319,219,187
13549,27152,301,218,187
13550,27154,298,219,186
13551,27156,325,218,188
13552,27158,324,218,183
13553,27160,327,218,186
13554,27162,323,219,190
13555,27164,319,219,186
13556,27166,348,219,188
13557,27168,337,219,187
13558,27170,331,218,185
13559,27172,312,218,185
13560,27174,302,217,185
13561,27176,324,217,186
13562,27178,321,219,187
13563,27180,331,218,188
13564,27182,326,218,184
13565,27184,312,218,185
13566,27186,338,218,187
13567,27188,336,220,190
13568,27190,323,218,189
13569,27192,303,217,188
13570,27194,307,218,187
13571,27196,314,218,187
13572,27198,323,219,188
13573,27200,326,218,188
13574,27202,327,218,187
13575,27204,323,218,190
13576,27206,352,219,189
13577,27208,349,218,187
13578,27210,326,219,186
13579,27212,309,218,190
13580,27214,304,218,189
13581,27216,332,217,187
13582,27218,325,218,187
13583,27220,336,218,189
13584,27222,319,218,189
13585,27224,325,218,188
13586,27226,352,218,188
13587,27228,338,217,189
13588,27230,328,217,188
13589,27232,305,217,188
13590,27234,302,217,186
13591,27236,324,217,188
13592,27238,323,217,187
13593,27240,333,217,187
13594,27242,325,217,187
13595,27244,319,217,187
13596,27246,350,217,188
13597,27248,326,217,188
13598,27250,329,216,188
13599,27252,307,216,187
13600,27254,313,217,188
13601,27256,329,217,188
13602,27258,323,217,189
13603,27260,335,216,187
13604,27262,330,217,188
13605,27264,323,216,187
13606,27266,353,216,186
13607,27268,335,216,189
13608,27270,325,216,188
13609,27272,310,215,187
13610,27274,311,216,187
13611,27276,329,216,187
13612,27278,325,216,188
13613,27280,329,216,187
13614,27282,329,216,187
13615,27284,325,216,186
13616,27286,355,217,186
13617,27288,338,216,187
13618,27290,315,217,186
13619,27292,303,216,186
13620,27294,313,216,186
13621,27296,329,216,187
13622,27298,321,216,187
13623,27300,335,216,185
13624,27302,323,216,188
13625,27304,321,215,186
13626,27306,359,217,187
13627,27308,342,215,188
13628,27310,328,216,186
13629,27312,304,216,186
13630,27314,308,215,187
13631,27316,331,216,185
13632,27318,330,216,186
13633,27320,328,216,185
13634,27322,332,216,186
13635,27324,326,215,187
13636,27326,352,217,186
13637,27328,340,216,187
13638,27330,339,216,186
13639,27332,306,217,187
13640,27334,306,216,186
13641,27336,332,215,186
13642,27338,338,216,187
13643,27340,337,217,187
13644,27342,329,217,187
13645,27344,320,216,187
13646,27346,359,218,188
13647,27348,342,216,189
13648,27350,329,216,187
13649,27352,313,216,187
13650,27354,313,217,187
13651,27356,332,216,188
13652,27358,326,216,188
13653,27360,335,216,185
13654,27362,331,216,185
13655,27364,326,216,187
13656,27366,361,216,188
13657,27368,347,216,186
13658,27370,335,216,187
13659,27372,310,216,187
13660,27374,316,215,186
13661,27376,333,216,188
13662,27378,331,216,187
13663,27380,333,215,188
13664,27382,346,215,186
13665,27384,325,216,189
13666,27386,361,215,187
13667,27388,341,215,187
13668,27390,337,215,188
13669,27392,312,216,187
13670,27394,303,215,186
13671,27396,331,214,189
13672,27398,334,215,187
13673,27400,325,215,187
13674,27402,319,215,187
13675,27404,329,215,190
13676,27406,359,215,188
13677,27408,339,215,187
13678,27410,331,214,188
13679,27412,307,216,187
13680,27414,298,215,188
13681,27416,332,215,186
13682,27418,329,215,187
13683,27420,329,215,188
13684,27422,334,216,188
13685,27424,329,215,187
13686,27426,359,215,186
13687,27428,346,215,187
13688,27430,334,215,187
13689,27432,309,215,186
13690,27434,308,215,186
13691,27436,325,215,187
13692,27438,319,215,188
13693,27440,328,215,188
13694,27442,335,216,186
13695,27444,330,215,187
13696,27446,363,215,188
13697,27448,343,216,188
13698,27450,329,216,187
13699,27452,306,216,188
13700,27454,310,216,186
13701,27456,330,215,189
13702,27458,323,216,189
13703,27460,326,216,188
13704,27462,323,217,188
13705,27464,325,217,189
13706,27466,343,216,187
13707,27468,346,217,189
13708,27470,333,217,187
13709,27472,315,215,188
13710,27474,306,216,188
13711,27476,331,217,190
13712,27478,320,217,188
13713,27480,319,216,188
13714,27482,321,217,188
13715,27484,326,217,190
13716,27486,356,217,191
13717,27488,338,218,189
13718,27490,329,217,185
13719,27492,300,216,188
13720,27494,304,218,189
13721,27496,319,216,187
13722,27498,321,217,189
13723,27500,318,217,189
13724,27502,323,217,189
13725,27504,326,217,188
13726,27506,362,218,190
13727,27508,345,217,190
13728,27510,342,217,188
13729,27512,306,217,187
13730,27514,303,217,190
13731,27516,332,217,188
13732,27518,325,217,191
13733,27520,325,216,190
13734,27522,322,217,188
13735,27524,325,217,189
13736,27526,360,217,190
13737,27528,344,217,190
13738,27530,333,217,189
13739,27532,307,217,189
13740,27534,300,217,189
13741,27536,320,217,189
13742,27538,324,217,191
13743,27540,329,217,188
13744,27542,325,217,189
13745,27544,333,217,190
13746,27546,358,217,189
13747,27548,348,218,190
13748,27550,330,217,189
13749,27552,302,217,187
13750,27554,303,217,186
13751,27556,330,217,187
13752,27558,324,217,184
13753,27560,330,217,187
13754,27562,318,217,187
13755,27564,328,217,189
13756,27566,356,217,187
13757,27568,347,217,188
13758,27570,334,218,187
13759,27572,304,217,187
13760,27574,303,216,189
13761,27576,334,217,188
13762,27578,322,218,188
13763,27580,331,216,185
13764,27582,328,217,187
13765,27584,332,217,186
13766,27586,352,217,186
13767,27588,344,217,187
13768,27590,330,216,187
13769,27592,297,217,188
13770,27594,297,216,187
13771,27596,330,216,186
13772,27598,319,214,187
13773,27600,328,216,186
13774,27602,329,215,187
13775,27604,329,216,186
13776,27606,353,216,189
13777,27608,336,216,187
13778,27610,336,216,187
13779,27612,305,216,187
13780,27614,304,215,186
13781,27616,331,215,185
13782,27618,321,215,187
13783,27620,332,216,187
13784,27622,324,216,186
13785,27624,329,215,184
13786,27626,358,216,187
13787,27628,348,215,187
13788,27630,332,215,187
13789,27632,300,216,188
13790,27634,301,214,185
13791,27636,330,215,187
13792,27638,324,215,186
13793,27640,322,215,188
13794,27642,324,215,185
13795,27644,331,215,188
13796,27646,362,215,188
13797,27648,346,215,187
13798,27650,332,215,185
13799,27652,310,214,183
13800,27654,304,214,187
13801,27656,328,214,185
13802,27658,321,214,187
13803,27660,317,214,188
13804,27662,326,214,186
13805,27664,333,214,185
13806,27666,359,215,188
13807,27668,348,214,187
13808,27670,332,214,187
13809,27672,303,214,188
13810,27674,307,214,186
13811,27676,332,214,187
13812,27678,324,215,187
13813,27680,320,215,187
13814,27682,329,214,186
13815,27684,337,214,188
13816,27686,339,214,187
13817,27688,345,215,189
13818,27690,327,213,186
13819,27692,304,214,185
13820,27694,308,214,185
13821,27696,330,215,185
13822,27698,328,214,185
13823,27700,335,214,184
13824,27702,314,214,183
13825,27704,326,213,185
13826,27706,362,215,182
13827,27708,345,215,183
13828,27710,324,213,182
13829,27712,300,214,185
13830,27714,304,213,184
13831,27716,336,214,182
13832,27718,326,214,181
13833,27720,319,214,183
13834,27722,326,213,182
13835,27724,328,213,182
13836,27726,342,214,184
13837,27728,340,214,183
13838,27730,327,213,182
13839,27732,302,215,183
13840,27734,306,213,181
13841,27736,334,214,185
13842,27738,331,213,182
13843,27740,334,214,184
13844,27742,330,214,183
13845,27744,327,214,183
13846,27746,356,214,185
13847,27748,338,213,182
13848,27750,322,214,183
13849,27752,310,214,181
13850,27754,305,214,181
13851,27756,323,214,184
13852,27758,322,214,182
13853,27760,327,214,182
13854,27762,327,214,184
13855,27764,318,213,182
13856,27766,351,214,182
13857,27768,341,215,183
13858,27770,325,214,182
13859,27772,308,214,182
13860,27774,303,214,182
13861,27776,326,214,181
13862,27778,324,213,184
13863,27780,328,214,184
13864,27782,323,214,182
13865,27784,323,213,184
13866,27786,351,214,183
13867,27788,338,213,184
13868,27790,328,214,185
13869,27792,308,213,183
13870,27794,307,213,182
13871,27796,333,214,184
13872,27798,326,213,183
13873,27800,323,214,183
13874,27802,325,213,183
13875,27804,325,214,184
13876,27806,353,213,181
13877,27808,332,214,182
13878,27810,331,213,181
13879,27812,304,214,183
13880,27814,309,213,181
13881,27816,330,214,179
13882,27818,321,214,181
13883,27820,324,213,180
13884,27822,327,213,180
13885,27824,318,214,180
13886,27826,353,213,181
13887,27828,335,214,182
13888,27830,328,213,183
13889,27832,296,212,180
13890,27834,311,213,180
13891,27836,327,213,179
13892,27838,327,213,180
13893,27840,330,213,179
13894,27842,316,214,180
13895,27844,320,213,176
13896,27846,357,213,182
13897,27848,339,212,181
13898,27850,332,214,180
13899,27852,309,213,180
13900,27854,311,213,180
13901,27856,329,213,179
13902,27858,331,213,179
13903,27860,335,213,180
13904,27862,329,213,180
13905,27864,321,213,180
13906,27866,352,213,179
13907,27868,337,213,179
13908,27870,326,213,180
13909,27872,305,213,183
13910,27874,312,213,180
13911,27876,332,214,181
13912,27878,321,213,179
13913,27880,321,213,182
13914,27882,324,213,180
13915,27884,324,214,182
13916,27886,350,214,183
13917,27888,341,213,180
13918,27890,323,213,177
13919,27892,306,213,180
13920,27894,308,213,178
13921,27896,327,213,180
13922,27898,330,213,179
13923,27900,331,213,180
13924,27902,327,213,179
13925,27904,322,213,179
13926,27906,349,214,179
13927,27908,330,213,179
13928,27910,326,213,180
13929,27912,305,213,181
13930,27914,312,213,179
13931,27916,324,213,180
13932,27918,336,213,180
13933,27920,325,213,180
13934,27922,326,213,180
13935,27924,318,215,180
13936,27926,354,213,180
13937,27928,341,214,179
13938,27930,327,212,178
13939,27932,312,213,179
13940,27934,306,212,178
13941,27936,327,212,177
13942,27938,330,213,178
13943,27940,326,213,180
13944,27942,326,213,179
13945,27944,325,213,180
13946,27946,352,214,181
13947,27948,338,214,182
13948,27950,320,213,179
13949,27952,304,213,180
13950,27954,314,213,182
13951,27956,333,213,180
13952,27958,332,212,177
13953,27960,331,214,178
13954,27962,337,213,179
13955,27964,322,213,179
13956,27966,350,212,179
13957,27968,337,213,178
13958,27970,319,214,178
13959,27972,307,213,179
13960,27974,312,213,179
13961,27976,330,213,181
13962,27978,330,213,181
13963,27980,331,213,182
13964,27982,331,210,183
13965,27984,319,214,185
13966,27986,349,214,185
13967,27988,337,214,186
13968,27990,322,214,185
13969,27992,306,213,187
13970,27994,312,213,185
13971,27996,329,213,185
13972,27998,330,213,185
13973,28000,331,213,186
13974,28002,324,214,187
13975,28004,318,214,188
13976,28006,355,214,187
13977,28008,346,214,188
13978,28010,323,213,187
13979,28012,312,213,184
13980,28014,309,213,185
13981,28016,326,214,184
13982,28018,330,214,186
13983,28020,333,215,186
13984,28022,328,215,184
13985,28024,322,215,186
13986,28026,353,214,187
13987,28028,332,216,187
13988,28030,321,215,185
13989,28032,300,215,186
13990,28034,311,215,184
13991,28036,330,215,184
13992,28038,327,215,185
13993,28040,327,216,185
13994,28042,324,216,183
13995,28044,317,215,183
13996,28046,345,215,182
13997,28048,340,215,186
13998,28050,328,215,182
13999,28052,301,215,182
14000,28054,308,215,181
14001,28056,325,215,181
14002,28058,324,215,179
14003,28060,322,215,182
14004,28062,332,215,179
14005,28064,325,215,181
14006,28066,347,216,180
14007,28068,339,216,180
14008,28070,327,215,181
14009,28072,298,214,181
14010,28074,301,215,180
14011,28076,328,215,180
14012,28078,323,216,182
14013,28080,326,216,182
14014,28082,337,215,183
14015,28084,327,215,182
14016,28086,350,215,183
14017,28088,338,215,183
14018,28090,331,216,182
14019,28092,304,216,180
14020,28094,315,216,182
14021,28096,324,214,182
14022,28098,331,216,179
14023,28100,332,215,184
14024,28102,331,216,182
14025,28104,325,215,182
14026,28106,357,215,180
14027,28108,346,214,180
14028,28110,327,215,180
14029,28112,318,215,180
14030,28114,315,216,180
14031,28116,326,215,180
14032,28118,327,215,177
14033,28120,328,214,179
14034,28122,331,213,179
14035,28124,327,214,179
14036,28126,357,213,178
14037,28128,347,216,179
14038,28130,342,213,180
14039,28132,318,213,176
14040,28134,316,213,176
14041,28136,334,214,175
14042,28138,331,213,173
14043,28140,332,212,173
14044,28142,332,213,172
14045,28144,329,214,174
14046,28146,355,213,170
14047,28148,343,213,171
14048,28150,330,213,170
14049,28152,307,214,171
14050,28154,313,213,169
14051,28156,329,213,169
14052,28158,328,214,169
14053,28160,325,213,168
14054,28162,324,214,168
14055,28164,327,213,169
14056,28166,351,213,169
14057,28168,355,214,169
14058,28170,335,214,169
14059,28172,305,212,169
14060,28174,309,214,167
14061,28176,325,214,168
14062,28178,314,214,168
14063,28180,316,214,166
14064,28182,325,214,168
14065,28184,324,214,170
14066,28186,348,214,171
14067,28188,343,214,169
14068,28190,328,214,169
14069,28192,308,213,168
14070,28194,320,214,168
14071,28196,332,214,168
14072,28198,323,213,168
14073,28200,325,214,169
14074,28202,326,213,168
14075,28204,317,213,168
14076,28206,352,214,169
14077,28208,341,214,168
14078,28210,330,213,168
14079,28212,314,214,168
14080,28214,314,213,165
14081,28216,327,214,163
14082,28218,321,215,164
14083,28220,332,214,165
14084,28222,335,214,165
14085,28224,336,215,165
14086,28226,353,214,161
14087,28228,345,214,165
14088,28230,332,214,163
14089,28232,302,214,163
14090,28234,311,214,159
14091,28236,323,214,164
14092,28238,322,214,163
14093,28240,332,215,163
14094,28242,331,214,161
14095,28244,323,215,165
14096,28246,344,214,168
14097,28248,340,214,165
14098,28250,337,216,167
14099,28252,296,214,162
14100,28254,315,215,166
14101,28256,321,213,164
14102,28258,329,213,164
14103,28260,326,215,166
14104,28262,324,215,163
14105,28264,330,214,165
14106,28266,350,215,164
14107,28268,344,215,166
14108,28270,331,215,164
14109,28272,305,215,165
14110,28274,310,215,164
14111,28276,324,216,163
14112,28278,323,216,162
14113,28280,332,216,163
14114,28282,330,216,164
14115,28284,326,216,164
14116,28286,352,216,163
14117,28288,342,216,161
14118,28290,335,217,165
14119,28292,305,216,164
14120,28294,314,216,164
14121,28296,321,216,164
14122,28298,317,217,167
14123,28300,334,217,168
14124,28302,324,216,169
14125,28304,326,217,168
14126,28306,351,217,168
14127,28308,335,217,170
14128,28310,334,217,170
14129,28312,294,217,167
14130,28314,310,218,169
14131,28316,328,218,165
14132,28318,322,218,167
14133,28320,323,217,167
14134,28322,320,218,170
14135,28324,326,217,170
14136,28326,358,218,169
14137,28328,336,218,169
14138,28330,332,218,169
14139,28332,305,219,169
14140,28334,311,218,168
14141,28336,330,218,168
14142,28338,320,220,170
14143,28340,329,219,168
14144,28342,329,218,168
14145,28344,333,219,169
14146,28346,352,220,169
14147,28348,341,220,170
14148,28350,327,220,169
14149,28352,302,219,170
14150,28354,316,220,169
14151,28356,325,219,166
14152,28358,325,220,168
14153,28360,321,219,167
14154,28362,329,219,166
14155,28364,328,221,166
14156,28366,352,221,166
14157,28368,340,220,166
14158,28370,327,220,166
14159,28372,301,219,168
14160,28374,318,220,168
14161,28376,324,220,166
14162,28378,328,219,168
14163,28380,335,220,167
14164,28382,331,219,167
14165,28384,318,220,167
14166,28386,349,220,167
14167,28388,332,220,168
14168,28390,339,220,168
14169,28392,307,219,167
14170,28394,320,220,170
14171,28396,325,220,170
14172,28398,327,219,167
14173,28400,330,219,168
14174,28402,326,219,170
14175,28404,328,220,171
14176,28406,357,220,170
14177,28408,338,221,170
14178,28410,332,219,169
14179,28412,304,218,170
14180,28414,309,218,167
14181,28416,324,218,166
14182,28418,323,218,166
14183,28420,329,217,167
14184,28422,324,217,166
14185,28424,322,218,165
14186,28426,364,217,165
14187,28428,334,217,167
14188,28430,329,217,168
14189,28432,310,218,166
14190,28434,317,217,165
14191,28436,329,217,166
14192,28438,325,217,166
14193,28440,330,218,165
14194,28442,335,218,166
14195,28444,331,218,167
14196,28446,351,219,167
14197,28448,332,217,166
14198,28450,331,230,167
14199,28452,306,217,166
14200,28454,318,217,166
14201,28456,320,217,170
14202,28458,325,217,170
14203,28460,330,217,170
14204,28462,331,217,166
14205,28464,323,217,167
14206,28466,353,217,167
14207,28468,338,218,167
14208,28470,326,216,167
14209,28472,307,217,165
14210,28474,316,217,166
14211,28476,322,217,166
14212,28478,335,217,168
14213,28480,327,217,164
14214,28482,325,217,166
14215,28484,327,217,168
14216,28486,352,216,167
14217,28488,334,216,167
14218,28490,325,216,167
14219,28492,306,216,167
14220,28494,313,216,166
14221,28496,317,215,168
14222,28498,316,216,165
14223,28500,318,215,164
14224,28502,310,215,163
14225,28504,319,215,164
14226,28506,348,215,165
14227,28508,331,214,163
14228,28510,323,214,167
14229,28512,301,214,165
14230,28514,317,214,165
14231,28516,318,213,164
14232,28518,322,213,169
14233,28520,317,214,166
14234,28522,328,213,163
14235,28524,319,213,166
14236,28526,345,213,165
14237,28528,333,213,165
14238,28530,319,213,165
14239,28532,295,212,164
14240,28534,308,213,164
14241,28536,322,213,165
14242,28538,318,213,166
14243,28540,316,213,167
14244,28542,318,213,165
14245,28544,309,212,166
14246,28546,335,212,166
14247,28548,316,212,167
14248,28550,313,212,166
14249,28552,296,212,167
14250,28554,310,213,167
14251,28556,313,213,167
14252,28558,316,212,168
14253,28560,314,212,168
14254,28562,317,212,166
14255,28564,315,212,170
14256,28566,336,212,169
14257,28568,322,212,167
14258,28570,314,212,170
14259,28572,305,212,168
14260,28574,307,212,169
14261,28576,317,212,171
14262,28578,299,212,168
14263,28580,294,211,169
14264,28582,289,212,168
14265,28584,295,213,170
14266,28586,316,213,171
14267,28588,290,212,170
14268,28590,288,212,172
14269,28592,275,212,170
14270,28594,280,212,172
14271,28596,300,213,173
14272,28598,297,211,172
14273,28600,293,212,171
14274,28602,285,212,172
14275,28604,288,212,174
14276,28606,314,213,173
14277,28608,301,211,172
14278,28610,299,212,172
14279,28612,265,211,172
14280,28614,282,212,173
14281,28616,295,212,172
14282,28618,293,212,170
14283,28620,293,213,174
14284,28622,292,212,174
14285,28624,292,211,173
14286,28626,322,212,174
14287,28628,298,212,174
14288,28630,290,211,173
14289,28632,273,212,172
14290,28634,280,212,173
14291,28636,287,211,173
14292,28638,298,211,169
14293,28640,303,211,172
14294,28642,289,212,172
14295,28644,301,211,171
14296,28646,315,212,170
14297,28648,298,212,173
14298,28650,288,211,173
14299,28652,259,211,172
14300,28654,273,212,173
14301,28656,277,210,173
14302,28658,280,212,172
14303,28660,283,211,173
14304,28662,282,212,173
14305,28664,291,211,172
14306,28666,308,214,173
14307,28668,293,211,173
14308,28670,313,214,173
14309,28672,287,212,172
14310,28674,304,211,173
14311,28676,308,211,173
14312,28678,305,212,171
14313,28680,313,212,173
14314,28682,322,211,172
14315,28684,320,212,173
14316,28686,309,211,173
14317,28688,290,211,175
14318,28690,293,212,172
14319,28692,264,211,172
14320,28694,280,211,172
14321,28696,302,212,174
14322,28698,292,212,174
14323,28700,293,211,174
14324,28702,290,211,176
14325,28704,298,212,176
14326,28706,316,211,176
14327,28708,302,212,176
14328,28710,293,211,176
14329,28712,262,211,176
14330,28714,279,212,177
14331,28716,293,212,176
14332,28718,290,211,175
14333,28720,288,212,177
14334,28722,295,211,176
14335,28724,291,212,177
14336,28726,307,212,177
14337,28728,289,212,178
14338,28730,291,211,177
14339,28732,265,211,177
14340,28734,272,212,177
14341,28736,287,211,177
14342,28738,286,212,176
14343,28740,287,211,177
14344,28742,285,211,177
14345,28744,292,212,178
14346,28746,313,212,176
14347,28748,289,213,177
14348,28750,287,211,176
14349,28752,264,212,177
14350,28754,294,212,177
14351,28756,311,212,176
14352,28758,307,212,179
14353,28760,310,211,176
14354,28762,314,212,175
14355,28764,314,212,178
14356,28766,329,212,176
14357,28768,318,212,177
14358,28770,310,212,176
14359,28772,284,212,177
14360,28774,300,212,177
14361,28776,298,212,178
14362,28778,313,213,178
14363,28780,312,212,177
14364,28782,306,212,178
14365,28784,316,212,176
14366,28786,324,213,177
14367,28788,314,212,176
14368,28790,309,212,176
14369,28792,279,212,175
14370,28794,285,212,176
14371,28796,303,213,177
14372,28798,301,212,176
14373,28800,308,213,177
14374,28802,311,212,178
14375,28804,319,212,176
14376,28806,332,213,178
14377,28808,318,212,176
14378,28810,308,212,176
14379,28812,292,211,179
14380,28814,299,210,174
14381,28816,314,212,175
14382,28818,304,212,174
14383,28820,305,212,176
14384,28822,312,212,174
14385,28824,318,212,174
14386,28826,343,213,177
14387,28828,315,212,174
14388,28830,296,212,177
14389,28832,298,214,175
14390,28834,296,213,176
14391,28836,307,212,174
14392,28838,310,213,176
14393,28840,314,212,175
14394,28842,320,213,179
14395,28844,329,213,177
14396,28846,340,212,176
14397,28848,336,213,177
14398,28850,316,214,179
14399,28852,291,212,178
14400,28854,303,212,177
14401,28856,312,212,178
14402,28858,314,211,178
14403,28860,322,213,177
14404,28862,306,212,176
14405,28864,341,212,177
14406,28866,344,213,178
14407,28868,322,216,177
14408,28870,313,212,176
14409,28872,287,212,176
14410,28874,297,212,177
14411,28876,314,212,177
14412,28878,313,212,175
14413,28880,316,212,175
14414,28882,324,211,175
14415,28884,345,212,176
14416,28886,338,212,176
14417,28888,319,212,176
14418,28890,318,211,177
14419,28892,289,213,177
14420,28894,303,212,176
14421,28896,317,212,175
14422,28898,309,212,176
14423,28900,312,212,176
14424,28902,322,212,176
14425,28904,347,212,176
14426,28906,342,212,174
14427,28908,324,211,176
14428,28910,312,212,176
14429,28912,279,211,177
14430,28914,298,211,174
14431,28916,315,211,174
14432,28918,322,213,176
14433,28920,322,212,176
14434,28922,326,212,175
14435,28924,343,212,179
14436,28926,341,211,175
14437,28928,314,212,177
14438,28930,311,212,175
14439,28932,286,212,176
14440,28934,298,213,177
14441,28936,316,212,176
14442,28938,309,211,175
14443,28940,312,211,175
14444,28942,322,211,176
14445,28944,337,212,177
14446,28946,342,212,173
14447,28948,322,211,176
14448,28950,314,211,177
14449,28952,291,211,175
14450,28954,299,212,176
14451,28956,310,211,175
14452,28958,312,212,175
14453,28960,315,211,175
14454,28962,320,212,176
14455,28964,328,211,172
14456,28966,339,212,176
14457,28968,318,211,175
14458,28970,313,212,174
14459,28972,287,212,176
14460,28974,301,210,174
14461,28976,314,212,173
14462,28978,313,212,175
14463,28980,315,211,174
14464,28982,319,210,174
14465,28984,351,212,176
14466,28986,339,212,173
14467,28988,323,212,174
14468,28990,314,211,173
14469,28992,288,211,173
14470,28994,302,211,174
14471,28996,309,211,175
14472,28998,311,211,173
14473,29000,299,211,175
14474,29002,310,211,175
14475,29004,342,211,173
14476,29006,342,211,174
14477,29008,326,210,174
14478,29010,315,211,176
14479,29012,292,210,175
14480,29014,306,210,174
14481,29016,319,211,173
14482,29018,325,211,175
14483,29020,314,210,177
14484,29022,308,210,173
14485,29024,344,210,174
14486,29026,343,210,171
14487,29028,323,209,174
14488,29030,316,211,176
14489,29032,292,210,174
14490,29034,310,209,173
14491,29036,320,209,172
14492,29038,330,210,173
14493,29040,322,209,174
14494,29042,319,208,173
14495,29044,347,210,174
14496,29046,336,210,175
14497,29048,325,210,174
14498,29050,319,210,174
14499,29052,298,209,173
14500,29054,310,210,175
14501,29056,321,209,174
14502,29058,322,209,175
14503,29060,324,210,175
14504,29062,324,209,173
14505,29064,346,209,175
14506,29066,333,210,178
14507,29068,308,210,176
14508,29070,309,209,175
14509,29072,298,209,176
14510,29074,308,209,176
14511,29076,321,209,176
14512,29078,319,209,175
14513,29080,326,209,175
14514,29082,309,210,177
14515,29084,346,210,177
14516,29086,341,210,176
14517,29088,321,210,174
14518,29090,317,210,178
14519,29092,297,209,174
14520,29094,311,210,174
14521,29096,315,210,176
14522,29098,320,210,175
14523,29100,320,210,176
14524,29102,311,210,176
14525,29104,341,210,177
14526,29106,352,209,174
14527,29108,316,209,175
14528,29110,317,210,175
14529,29112,287,210,175
14530,29114,303,210,174
14531,29116,324,211,175
14532,29118,333,211,174
14533,29120,328,210,174
14534,29122,325,211,172
14535,29124,348,210,175
14536,29126,340,211,174
14537,29128,325,211,175
14538,29130,321,211,174
14539,29132,293,211,174
14540,29134,307,211,174
14541,29136,314,211,175
14542,29138,324,212,174
14543,29140,327,210,174
14544,29142,328,212,175
14545,29144,346,212,176
14546,29146,340,211,175
14547,29148,325,211,176
14548,29150,314,212,174
14549,29152,300,211,174
14550,29154,313,212,174
14551,29156,325,212,174
14552,29158,328,212,174
14553,29160,323,212,176
14554,29162,319,212,174
14555,29164,343,212,174
14556,29166,336,213,175
14557,29168,320,212,176
14558,29170,317,212,176
14559,29172,310,211,174
14560,29174,313,212,173
14561,29176,325,212,175
14562,29178,336,213,176
14563,29180,332,212,176
14564,29182,328,212,176
14565,29184,350,212,175
14566,29186,342,212,174
14567,29188,323,212,175
14568,29190,324,212,174
14569,29192,307,212,174
14570,29194,316,212,174
14571,29196,332,212,176
14572,29198,334,211,173
14573,29200,330,212,177
14574,29202,323,212,171
14575,29204,347,211,175
14576,29206,338,212,173
14577,29208,326,212,174
14578,29210,324,212,174
14579,29212,307,211,174
14580,29214,317,212,175
14581,29216,327,211,176
14582,29218,328,212,175
14583,29220,333,212,173
14584,29222,323,212,178
14585,29224,346,212,178
14586,29226,343,211,178
14587,29228,322,211,179
14588,29230,321,212,179
14589,29232,305,212,178
14590,29234,318,212,182
14591,29236,327,212,179
14592,29238,328,213,179
14593,29240,334,213,182
14594,29242,324,213,176
14595,29244,348,213,180
14596,29246,343,214,178
14597,29248,329,212,179
14598,29250,322,212,179
14599,29252,309,212,178
14600,29254,313,212,179
14601,29256,325,212,179
14602,29258,328,212,177
14603,29260,324,212,180
14604,29262,325,213,180
14605,29264,347,212,179
14606,29266,348,212,181
14607,29268,322,212,181
14608,29270,322,212,180
14609,29272,309,212,178
14610,29274,314,212,179
14611,29276,331,212,175
14612,29278,332,209,179
14613,29280,328,212,180
14614,29282,325,213,179
14615,29284,346,212,179
14616,29286,339,213,179
14617,29288,335,211,180
14618,29290,323,212,180
14619,29292,304,212,178
14620,29294,314,212,178
14621,29296,330,212,178
14622,29298,329,213,178
14623,29300,333,212,178
14624,29302,324,212,177
14625,29304,342,212,178
14626,29306,341,212,179
14627,29308,328,212,178
14628,29310,318,212,178
14629,29312,309,213,178
14630,29314,315,213,179
14631,29316,325,211,178
14632,29318,327,212,179
14633,29320,328,212,179
14634,29322,324,212,180
14635,29324,352,212,179
14636,29326,345,212,181
14637,29328,330,212,178
14638,29330,319,212,178
14639,29332,308,212,181
14640,29334,312,211,177
14641,29336,327,212,178
14642,29338,320,212,178
14643,29340,331,212,180
14644,29342,320,212,179
14645,29344,345,212,180
14646,29346,345,210,179
14647,29348,329,213,180
14648,29350,316,213,180
14649,29352,303,212,179
14650,29354,310,212,179
14651,29356,317,211,179
14652,29358,319,211,180
14653,29360,330,212,179
14654,29362,316,213,180
14655,29364,339,212,178
14656,29366,346,212,180
14657,29368,327,212,180
14658,29370,318,212,180
14659,29372,300,212,179
14660,29374,308,211,179
14661,29376,320,213,181
14662,29378,329,212,180
14663,29380,324,212,182
14664,29382,327,212,180
14665,29384,339,212,180
14666,29386,347,213,183
14667,29388,327,212,183
14668,29390,313,212,180
14669,29392,304,212,179
14670,29394,310,212,179
14671,29396,321,212,177
14672,29398,321,213,177
14673,29400,327,213,178
14674,29402,327,212,177
14675,29404,347,213,179
14676,29406,347,212,178
14677,29408,325,213,178
14678,29410,319,212,178
14679,29412,302,213,179
14680,29414,310,212,178
14681,29416,326,211,178
14682,29418,324,212,177
14683,29420,325,209,177
14684,29422,328,212,177
14685,29424,351,212,177
14686,29426,344,212,176
14687,29428,328,213,178
14688,29430,320,212,178
14689,29432,303,212,177
14690,29434,308,212,176
14691,29436,324,212,177
14692,29438,320,212,176
14693,29440,328,212,176
14694,29442,324,212,177
14695,29444,347,212,177
14696,29446,344,213,178
14697,29448,329,212,178
14698,29450,317,211,178
14699,29452,301,212,176
14700,29454,306,212,176
14701,29456,319,212,177
14702,29458,312,212,177
14703,29460,322,213,178
14704,29462,319,212,176
14705,29464,343,212,177
14706,29466,346,212,177
14707,29468,328,212,177
14708,29470,317,212,177
14709,29472,304,212,177
14710,29474,306,212,176
14711,29476,329,212,178
14712,29478,316,212,178
14713,29480,341,211,177
14714,29482,325,213,177
14715,29484,344,212,177
14716,29486,342,212,179
14717,29488,322,212,178
14718,29490,308,212,178
14719,29492,299,212,177
14720,29494,307,212,178
14721,29496,322,212,178
14722,29498,321,212,178
14723,29500,325,212,179
14724,29502,323,212,178
14725,29504,350,209,177
14726,29506,347,212,178
14727,29508,333,212,178
14728,29510,310,213,179
14729,29512,303,212,177
14730,29514,308,213,178
14731,29516,326,212,179
14732,29518,323,213,178
14733,29520,317,214,178
14734,29522,323,213,178
14735,29524,348,212,180
14736,29526,341,212,178
14737,29528,319,213,178
14738,29530,298,213,176
14739,29532,298,213,178
14740,29534,301,213,179
14741,29536,321,213,179
14742,29538,315,213,178
14743,29540,306,213,178
14744,29542,313,212,177
14745,29544,342,212,178
14746,29546,342,213,177
14747,29548,324,213,177
14748,29550,309,212,177
14749,29552,298,213,178
14750,29554,301,213,176
14751,29556,319,212,176
14752,29558,310,213,176
14753,29560,322,214,175
14754,29562,327,213,176
14755,29564,347,213,178
14756,29566,352,213,176
14757,29568,336,213,176
14758,29570,320,213,177
14759,29572,307,214,177
14760,29574,316,213,176
14761,29576,325,213,176
14762,29578,318,213,176
14763,29580,322,213,178
14764,29582,332,213,177
14765,29584,351,214,178
14766,29586,344,215,178
14767,29588,323,214,178
14768,29590,309,214,178
14769,29592,299,213,176
14770,29594,314,214,176
14771,29596,323,213,176
14772,29598,310,213,177
14773,29600,317,214,180
14774,29602,327,214,178
14775,29604,351,213,179
14776,29606,360,214,178
14777,29608,327,214,178
14778,29610,310,212,176
14779,29612,299,213,178
14780,29614,311,214,177
14781,29616,326,214,181
14782,29618,326,213,178
14783,29620,318,213,181
14784,29622,320,215,178
14785,29624,352,214,179
14786,29626,346,213,179
14787,29628,331,213,177
14788,29630,305,215,179
14789,29632,293,215,179
14790,29634,309,214,179
14791,29636,326,214,178
14792,29638,326,213,178
14793,29640,322,214,177
14794,29642,324,214,177
14795,29644,346,214,179
14796,29646,348,214,177
14797,29648,328,214,179
14798,29650,306,213,176
14799,29652,294,213,176
14800,29654,304,213,178
14801,29656,324,214,178
14802,29658,320,213,177
14803,29660,320,213,177
14804,29662,315,214,178
14805,29664,352,214,179
14806,29666,342,213,179
14807,29668,328,213,179
14808,29670,303,214,178
14809,29672,299,214,177
14810,29674,314,214,178
14811,29676,319,213,175
14812,29678,320,214,177
14813,29680,318,213,176
14814,29682,312,214,174
14815,29684,348,214,178
14816,29686,350,214,177
14817,29688,324,214,177
14818,29690,303,214,175
14819,29692,295,213,176
14820,29694,322,213,177
14821,29696,324,213,175
14822,29698,316,213,176
14823,29700,316,214,176
14824,29702,322,214,177
14825,29704,351,214,177
14826,29706,348,214,176
14827,29708,325,214,177
14828,29710,318,214,176
14829,29712,292,214,178
14830,29714,328,214,178
14831,29716,326,214,176
14832,29718,330,212,178
14833,29720,321,212,177
14834,29722,326,212,176
14835,29724,358,212,176
14836,29726,349,211,176
14837,29728,325,212,177
14838,29730,318,212,177
14839,29732,297,211,176
14840,29734,319,211,176
14841,29736,321,211,177
14842,29738,319,211,176
14843,29740,316,210,176
14844,29742,322,211,175
14845,29744,348,211,177
14846,29746,329,210,176
14847,29748,324,210,177
14848,29750,303,210,176
14849,29752,299,212,177
14850,29754,309,211,177
14851,29756,312,210,176
14852,29758,319,210,177
14853,29760,318,210,178
14854,29762,317,209,176
14855,29764,346,211,178
14856,29766,343,210,176
14857,29768,318,211,177
14858,29770,302,209,176
14859,29772,300,210,176
14860,29774,320,210,177
14861,29776,317,209,178
14862,29778,311,210,176
14863,29780,320,210,176
14864,29782,323,210,178
14865,29784,345,210,180
14866,29786,345,210,178
14867,29788,320,210,179
14868,29790,301,209,178
14869,29792,299,210,177
14870,29794,331,210,179
14871,29796,316,210,178
14872,29798,322,209,178
14873,29800,318,209,179
14874,29802,323,209,178
14875,29804,350,210,179
14876,29806,341,210,178
14877,29808,325,209,178
14878,29810,297,210,175
14879,29812,295,210,177
14880,29814,313,209,176
14881,29816,321,210,176
14882,29818,319,210,179
14883,29820,314,209,176
14884,29822,313,210,180
14885,29824,346,209,177
14886,29826,338,209,178
14887,29828,315,210,177
14888,29830,302,210,176
14889,29832,297,211,177
14890,29834,309,208,177
14891,29836,316,208,176
14892,29838,315,208,176
14893,29840,315,207,178
14894,29842,309,208,177
14895,29844,342,209,178
14896,29846,333,208,177
14897,29848,319,209,178
14898,29850,300,208,176
14899,29852,294,208,178
14900,29854,312,209,178
14901,29856,321,208,177
14902,29858,313,208,177
14903,29860,317,208,177
14904,29862,309,208,180
14905,29864,350,208,178
14906,29866,334,208,174
14907,29868,323,207,178
14908,29870,303,208,174
14909,29872,299,209,178
14910,29874,321,208,177
14911,29876,321,208,177
14912,29878,320,208,179
14913,29880,316,208,175
14914,29882,309,209,178
14915,29884,343,208,177
14916,29886,337,209,178
14917,29888,319,208,177
14918,29890,294,209,179
14919,29892,295,209,178
14920,29894,309,209,179
14921,29896,311,209,179
14922,29898,327,209,177
14923,29900,330,209,177
14924,29902,311,209,176
14925,29904,333,209,177
14926,29906,326,210,178
14927,29908,313,210,178
14928,29910,296,211,177
14929,29912,295,210,178
14930,29914,315,210,177
14931,29916,313,210,179
14932,29918,315,210,173
14933,29920,316,210,178
14934,29922,312,211,175
14935,29924,346,211,179
14936,29926,326,210,177
14937,29928,316,211,179
14938,29930,298,211,177
14939,29932,297,209,177
14940,29934,310,210,177
14941,29936,307,210,177
14942,29938,311,210,178
14943,29940,316,210,180
14944,29942,323,209,178
14945,29944,353,210,179
14946,29946,338,210,179
14947,29948,321,211,179
14948,29950,303,210,178
14949,29952,301,210,176
14950,29954,326,210,178
14951,29956,319,211,177
14952,29958,319,210,178
14953,29960,314,210,177
14954,29962,330,211,179
14955,29964,349,211,180
14956,29966,341,210,178
14957,29968,324,210,177
14958,29970,302,210,177
14959,29972,296,210,176
14960,29974,317,211,179
14961,29976,308,212,178
14962,29978,323,211,178
14963,29980,320,211,183
14964,29982,327,210,178
14965,29984,345,211,181
14966,29986,342,211,175
14967,29988,323,211,180
14968,29990,303,212,179
14969,29992,297,210,177
14970,29994,322,211,177
14971,29996,319,212,178
14972,29998,311,211,177
14973,30000,321,212,179
14974,30002,324,211,178
14975,30004,340,211,179
14976,30006,332,212,178
14977,30008,323,211,178
14978,30010,304,213,177
14979,30012,295,211,177
14980,30014,323,210,177
14981,30016,314,211,178
14982,30018,315,212,177
14983,30020,317,212,178
14984,30022,318,212,177
14985,30024,348,212,177
14986,30026,344,211,176
14987,30028,331,211,176
14988,30030,292,211,177
14989,30032,304,211,176
14990,30034,323,211,176
14991,30036,319,211,177
14992,30038,321,211,177
14993,30040,315,211,176
14994,30042,322,208,176
14995,30044,350,211,175
14996,30046,336,212,176
14997,30048,330,211,173
14998,30050,301,210,171
14999,30052,301,210,175
15000,30054,326,210,175
15001,30056,322,211,174
15002,30058,320,210,176
15003,30060,317,210,176
15004,30062,323,211,176
15005,30064,345,211,176
15006,30066,348,211,176
15007,30068,329,211,173
15008,30070,303,210,174
15009,30072,293,210,175
15010,30074,322,210,175
15011,30076,318,209,175
15012,30078,320,210,175
15013,30080,322,211,176
15014,30082,324,210,176
15015,30084,353,211,178
15016,30086,336,208,177
15017,30088,322,209,177
15018,30090,301,210,177
15019,30092,298,210,177
15020,30094,331,209,176
15021,30096,320,208,177
15022,30098,320,210,176
15023,30100,326,210,176
15024,30102,331,209,175
15025,30104,357,208,179
15026,30106,347,210,177
15027,30108,328,211,177
15028,30110,301,209,177
15029,30112,302,209,178
15030,30114,322,209,176
15031,30116,322,209,177
15032,30118,322,209,176
15033,30120,328,209,177
15034,30122,327,209,178
15035,30124,356,209,177
15036,30126,344,209,178
15037,30128,330,209,177
15038,30130,307,209,177
15039,30132,306,209,177
15040,30134,328,209,177
15041,30136,322,208,177
15042,30138,318,209,178
15043,30140,312,208,177
15044,30142,326,209,178
15045,30144,358,208,178
15046,30146,348,208,177
15047,30148,336,208,178
15048,30150,309,207,176
15049,30152,300,208,176
15050,30154,330,208,179
15051,30156,319,207,178
15052,30158,323,207,179
15053,30160,330,206,178
15054,30162,335,206,177
15055,30164,355,207,179
15056,30166,357,206,177
15057,30168,342,206,177
15058,30170,305,206,178
15059,30172,303,205,177
15060,30174,315,205,178
15061,30176,320,206,179
15062,30178,315,206,178
15063,30180,320,205,178
15064,30182,331,204,179
15065,30184,353,204,176
15066,30186,342,204,177
15067,30188,323,203,176
15068,30190,301,202,176
15069,30192,291,203,177
15070,30194,322,204,179
15071,30196,308,203,179
15072,30198,321,203,178
15073,30200,323,202,179
15074,30202,320,203,178
15075,30204,354,203,178
15076,30206,337,203,180
15077,30208,326,202,179
15078,30210,301,202,180
15079,30212,297,201,178
15080,30214,319,201,177
15081,30216,315,202,178
15082,30218,319,203,179
15083,30220,316,202,178
15084,30222,323,202,179
15085,30224,358,202,181
15086,30226,346,202,178
15087,30228,330,202,178
15088,30230,312,202,179
15089,30232,301,202,179
15090,30234,332,201,179
15091,30236,328,202,180
15092,30238,333,201,180
15093,30240,325,201,180
15094,30242,333,202,180
15095,30244,361,203,181
15096,30246,353,202,180
15097,30248,334,202,181
15098,30250,316,202,183
15099,30252,306,201,183
15100,30254,338,201,182
15101,30256,328,201,182
15102,30258,338,203,182
15103,30260,332,201,182
15104,30262,337,202,183
15105,30264,359,202,182
15106,30266,346,201,182
15107,30268,342,201,184
15108,30270,311,201,184
15109,30272,316,201,183
15110,30274,333,200,186
15111,30276,322,201,184
15112,30278,323,201,184
15113,30280,334,202,183
15114,30282,326,202,186
15115,30284,353,201,186
15116,30286,341,201,186
15117,30288,329,202,186
15118,30290,302,200,184
15119,30292,297,201,185
15120,30294,325,202,184
15121,30296,321,202,183
15122,30298,320,202,184
15123,30300,319,201,185
15124,30302,326,202,184
15125,30304,351,202,184
15126,30306,336,202,183
15127,30308,330,202,183
15128,30310,307,201,182
15129,30312,303,202,183
15130,30314,334,202,181
15131,30316,329,202,184
15132,30318,326,202,183
15133,30320,317,202,183
15134,30322,337,202,184
15135,30324,358,201,184
15136,30326,347,202,182
15137,30328,334,201,182
15138,30330,317,201,182
15139,30332,301,202,183
15140,30334,318,201,181
15141,30336,327,202,183
15142,30338,324,201,181
15143,30340,325,202,182
15144,30342,330,200,182
15145,30344,362,202,184
15146,30346,338,202,185
15147,30348,334,201,184
15148,30350,307,202,183
15149,30352,308,201,183
15150,30354,328,202,185
15151,30356,322,202,185
15152,30358,325,201,184
15153,30360,328,202,184
15154,30362,329,201,186
15155,30364,356,202,185
15156,30366,339,202,185
15157,30368,329,202,185
15158,30370,296,202,185
15159,30372,305,201,184
15160,30374,332,202,186
15161,30376,329,202,185
15162,30378,336,202,184
15163,30380,315,203,184
15164,30382,316,202,186
15165,30384,350,202,186
15166,30386,342,203,186
15167,30388,329,202,184
15168,30390,315,202,184
15169,30392,305,202,185
15170,30394,328,203,186
15171,30396,330,204,185
15172,30398,326,202,185
15173,30400,320,203,186
15174,30402,327,202,184
15175,30404,348,203,186
15176,30406,343,202,185
15177,30408,326,203,186
15178,30410,306,203,184
15179,30412,306,202,186
15180,30414,337,202,185
15181,30416,330,203,186
15182,30418,333,202,185
15183,30420,334,202,185
15184,30422,330,203,186
15185,30424,351,202,186
15186,30426,330,202,185
15187,30428,330,201,186
15188,30430,306,202,184
15189,30432,313,202,186
15190,30434,332,202,185
15191,30436,328,202,186
15192,30438,330,201,184
15193,30440,330,202,188
15194,30442,330,202,186
15195,30444,355,202,184
15196,30446,341,201,184
15197,30448,328,201,187
15198,30450,306,200,184
15199,30452,312,201,185
15200,30454,320,201,184
15201,30456,328,201,184
15202,30458,333,200,184
15203,30460,329,200,189
15204,30462,329,201,185
15205,30464,363,199,185
15206,30466,344,200,186
15207,30468,337,200,186
15208,30470,312,200,184
15209,30472,313,202,185
15210,30474,332,199,184
15211,30476,333,202,184
15212,30478,336,201,184
15213,30480,320,200,185
15214,30482,326,200,183
15215,30484,365,200,184
15216,30486,345,198,182
15217,30488,333,199,183
15218,30490,307,198,183
15219,30492,311,198,186
15220,30494,334,198,182
15221,30496,325,199,184
15222,30498,328,199,185
15223,30500,327,199,184
15224,30502,327,198,185
15225,30504,353,199,186
15226,30506,342,198,186
15227,30508,324,199,185
15228,30510,303,198,183
15229,30512,306,199,185
15230,30514,326,199,184
15231,30516,325,199,184
15232,30518,326,199,183
15233,30520,329,199,185
15234,30522,323,200,185
15235,30524,349,199,185
15236,30526,335,199,185
15237,30528,322,199,185
15238,30530,303,199,184
15239,30532,301,199,184
15240,30534,320,199,184
15241,30536,315,199,185
15242,30538,330,199,185
15243,30540,322,199,185
15244,30542,328,199,185
15245,30544,349,199,185
15246,30546,337,198,186
15247,30548,325,199,186
15248,30550,307,199,185
15249,30552,303,199,186
15250,30554,328,200,189
15251,30556,328,199,185
15252,30558,326,197,185
15253,30560,321,199,185
15254,30562,319,197,185
15255,30564,357,199,186
15256,30566,346,199,185
15257,30568,328,199,186
15258,30570,305,199,183
15259,30572,305,199,184
15260,30574,321,200,184
15261,30576,324,199,185
15262,30578,326,199,186
15263,30580,327,201,186
15264,30582,313,199,185
15265,30584,345,199,186
15266,30586,335,199,184
15267,30588,322,199,186
15268,30590,304,199,184
15269,30592,297,199,186
15270,30594,318,199,184
15271,30596,314,198,186
15272,30598,321,199,186
15273,30600,315,199,186
15274,30602,318,200,185
15275,30604,340,199,187
15276,30606,332,199,183
15277,30608,317,199,185
15278,30610,295,200,188
15279,30612,300,199,185
15280,30614,326,199,186
15281,30616,321,199,186
15282,30618,317,199,185
15283,30620,323,199,186
15284,30622,310,199,185
15285,30624,347,198,184
15286,30626,333,199,186
15287,30628,310,198,186
15288,30630,300,200,184
15289,30632,311,200,183
15290,30634,328,200,186
15291,30636,319,200,187
15292,30638,319,199,185
15293,30640,322,200,185
15294,30642,321,201,187
15295,30644,343,200,187
15296,30646,332,200,185
15297,30648,323,200,187
15298,30650,296,200,185
15299,30652,303,200,184
15300,30654,317,200,184
15301,30656,317,200,183
15302,30658,334,200,185
15303,30660,316,200,186
15304,30662,324,200,186
15305,30664,347,200,184
15306,30666,339,201,185
15307,30668,331,201,182
15308,30670,316,202,185
15309,30672,307,201,185
15310,30674,327,202,184
15311,30676,324,203,185
15312,30678,312,203,184
15313,30680,319,202,180
15314,30682,321,203,183
15315,30684,344,203,182
15316,30686,336,204,184
15317,30688,327,203,185
15318,30690,302,204,183
15319,30692,303,203,183
15320,30694,321,205,183
15321,30696,314,204,183
15322,30698,317,203,181
15323,30700,314,204,184
15324,30702,318,204,185
15325,30704,342,204,185
15326,30706,334,204,184
15327,30708,324,204,183
15328,30710,300,205,183
15329,30712,305,205,183
15330,30714,320,204,185
15331,30716,323,205,184
15332,30718,316,205,185
15333,30720,329,204,185
15334,30722,314,206,184
15335,30724,352,206,185
15336,30726,336,206,184
15337,30728,322,204,185
15338,30730,304,204,184
15339,30732,301,206,184
15340,30734,317,206,186
15341,30736,317,207,187
15342,30738,303,206,185
15343,30740,309,207,184
15344,30742,313,207,185
15345,30744,329,206,185
15346,30746,334,206,185
15347,30748,320,206,186
15348,30750,291,206,183
15349,30752,298,207,185
15350,30754,305,206,184
15351,30756,306,207,185
15352,30758,307,207,185
15353,30760,316,207,185
15354,30762,313,206,186
15355,30764,338,207,185
15356,30766,339,206,184
15357,30768,322,207,185
15358,30770,297,208,183
15359,30772,298,207,184
15360,30774,303,206,184
15361,30776,308,207,184
15362,30778,309,206,184
15363,30780,314,206,185
15364,30782,320,207,185
15365,30784,341,208,186
15366,30786,329,209,185
15367,30788,306,207,185
15368,30790,298,207,185
15369,30792,300,209,184
15370,30794,312,207,185
15371,30796,306,207,186
15372,30798,299,208,187
15373,30800,315,207,187
15374,30802,307,208,187
15375,30804,332,207,187
15376,30806,323,210,189
15377,30808,319,208,188
15378,30810,289,209,186
15379,30812,291,208,188
15380,30814,309,208,189
15381,30816,306,208,190
15382,30818,304,208,192
15383,30820,322,208,190
15384,30822,314,207,189
15385,30824,341,208,190
15386,30826,326,208,191
15387,30828,317,209,191
15388,30830,286,208,193
15389,30832,296,208,191
15390,30834,304,208,191
15391,30836,312,207,191
15392,30838,307,208,191
15393,30840,310,206,191
15394,30842,305,208,191
15395,30844,340,208,190
15396,30846,330,208,190
15397,30848,318,208,191
15398,30850,291,208,190
15399,30852,282,208,191
15400,30854,305,208,186
15401,30856,307,208,190
15402,30858,299,208,190
15403,30860,304,208,191
15404,30862,310,206,189
15405,30864,334,207,189
15406,30866,324,207,191
15407,30868,309,208,190
15408,30870,286,207,190
15409,30872,292,207,190
15410,30874,306,207,190
15411,30876,308,207,188
15412,30878,308,206,189
15413,30880,310,207,189
15414,30882,308,207,188
15415,30884,344,207,192
15416,30886,325,207,190
15417,30888,320,207,191
15418,30890,297,207,191
15419,30892,298,207,192
15420,30894,315,207,190
15421,30896,311,207,191
15422,30898,317,207,191
15423,30900,319,209,191
15424,30902,320,207,192
15425,30904,338,207,191
15426,30906,320,207,190
15427,30908,317,207,192
15428,30910,294,206,192
15429,30912,296,207,190
15430,30914,315,207,189
15431,30916,309,207,195
15432,30918,317,207,190
15433,30920,319,210,189
15434,30922,315,208,191
15435,30924,343,207,193
15436,30926,327,208,190
15437,30928,319,207,190
15438,30930,294,207,190
15439,30932,299,207,189
15440,30934,317,207,190
15441,30936,316,208,190
15442,30938,313,207,190
15443,30940,318,208,190
15444,30942,319,207,190
15445,30944,344,206,189
15446,30946,328,208,189
15447,30948,316,207,191
15448,30950,299,208,189
15449,30952,302,207,189
15450,30954,305,208,191
15451,30956,309,207,190
15452,30958,320,207,188
15453,30960,319,207,189
15454,30962,314,208,190
15455,30964,341,207,188
15456,30966,329,208,188
15457,30968,320,207,189
15458,30970,301,207,187
15459,30972,300,207,190
15460,30974,314,207,188
15461,30976,318,207,191
15462,30978,319,207,191
15463,30980,323,207,192
15464,30982,318,207,191
15465,30984,338,206,193
15466,30986,328,207,189
15467,30988,314,207,192
15468,30990,295,208,190
15469,30992,300,207,190
15470,30994,317,207,191
15471,30996,315,208,191
15472,30998,318,208,190
15473,31000,317,207,190
15474,31002,311,207,189
15475,31004,335,207,190
15476,31006,331,207,188
15477,31008,313,207,189
15478,31010,297,207,190
15479,31012,300,207,190
15480,31014,308,207,188
15481,31016,315,207,190
15482,31018,309,205,188
15483,31020,315,207,191
15484,31022,310,207,190
15485,31024,339,207,190
15486,31026,324,207,190
15487,31028,314,208,192
15488,31030,300,207,188
15489,31032,308,207,189
15490,31034,308,207,188
15491,31036,314,207,188
15492,31038,317,208,190
15493,31040,317,207,189
15494,31042,315,206,191
15495,31044,339,207,190
15496,31046,331,207,192
15497,31048,315,207,192
15498,31050,301,207,189
15499,31052,302,207,190
15500,31054,321,207,189
15501,31056,315,208,189
15502,31058,311,207,188
15503,31060,312,207,186
15504,31062,312,208,188
15505,31064,337,208,188
15506,31066,332,208,189
15507,31068,319,208,189
15508,31070,290,207,186
15509,31072,298,208,188
15510,31074,313,206,189
15511,31076,314,207,188
15512,31078,314,206,188
15513,31080,310,208,190
15514,31082,313,207,187
15515,31084,338,206,189
15516,31086,331,207,191
15517,31088,306,207,190
15518,31090,308,207,188
15519,31092,305,207,190
15520,31094,315,207,189
15521,31096,310,206,189
15522,31098,329,207,189
15523,31100,321,207,189
15524,31102,314,206,188
15525,31104,323,207,190
15526,31106,333,206,191
15527,31108,308,206,189
15528,31110,293,207,189
15529,31112,303,206,191
15530,31114,312,206,189
15531,31116,311,206,190
15532,31118,320,207,189
15533,31120,308,206,189
15534,31122,310,207,189
15535,31124,330,206,189
15536,31126,315,207,190
15537,31128,310,206,189
15538,31130,295,204,188
15539,31132,298,206,189
15540,31134,298,206,186
15541,31136,311,205,187
15542,31138,319,205,187
15543,31140,310,205,186
15544,31142,304,206,190
15545,31144,325,206,188
15546,31146,321,205,188
15547,31148,308,205,188
15548,31150,293,205,187
15549,31152,301,203,188
15550,31154,313,204,188
15551,31156,308,204,187
15552,31158,314,204,189
15553,31160,306,204,185
15554,31162,310,204,187
15555,31164,320,203,185
15556,31166,317,203,187
15557,31168,303,201,188
15558,31170,273,202,187
15559,31172,292,202,187
15560,31174,300,202,187
15561,31176,304,202,184
15562,31178,305,201,185
15563,31180,302,201,186
15564,31182,299,202,183
15565,31184,330,202,184
15566,31186,304,201,185
15567,31188,293,201,184
15568,31190,276,202,184
15569,31192,294,202,185
15570,31194,303,201,182
15571,31196,311,202,183
15572,31198,311,202,184
15573,31200,290,202,184
15574,31202,296,203,185
15575,31204,328,203,184
15576,31206,314,203,184
15577,31208,303,204,187
15578,31210,282,204,185
15579,31212,291,204,185
15580,31214,303,205,186
15581,31216,313,204,187
15582,31218,311,204,188
15583,31220,283,204,186
15584,31222,279,205,187
15585,31224,306,205,187
15586,31226,297,205,186
15587,31228,288,205,187
15588,31230,271,205,186
15589,31232,275,206,189
15590,31234,286,205,188
15591,31236,285,205,188
15592,31238,286,206,188
15593,31240,302,206,189
15594,31242,285,207,187
15595,31244,312,206,188
15596,31246,294,206,187
15597,31248,285,206,187
15598,31250,289,205,187
15599,31252,301,207,189
15600,31254,313,207,189
15601,31256,297,207,187
15602,31258,305,207,187
15603,31260,302,207,188
15604,31262,302,206,188
15605,31264,321,206,186
15606,31266,306,207,188
15607,31268,306,207,187
15608,31270,288,206,188
15609,31272,294,207,189
15610,31274,315,206,188
15611,31276,312,207,188
15612,31278,308,206,187
15613,31280,304,206,190
15614,31282,303,207,192
15615,31284,331,206,189
15616,31286,301,207,189
15617,31288,291,209,189
15618,31290,280,207,188
15619,31292,287,208,190
15620,31294,300,207,189
15621,31296,308,207,191
15622,31298,311,208,190
15623,31300,306,207,190
15624,31302,302,208,190
15625,31304,315,208,189
15626,31306,313,207,191
15627,31308,301,207,188
15628,31310,285,208,190
15629,31312,285,208,191
15630,31314,301,207,190
15631,31316,303,208,190
15632,31318,305,208,191
15633,31320,299,208,193
15634,31322,304,208,191
15635,31324,322,208,195
15636,31326,315,209,192
15637,31328,309,208,192
15638,31330,293,208,192
15639,31332,300,207,194
15640,31334,313,209,190
15641,31336,308,208,191
15642,31338,312,208,192
15643,31340,316,209,192
15644,31342,313,208,192
15645,31344,334,208,192
15646,31346,325,209,192
15647,31348,310,208,192
15648,31350,298,207,191
15649,31352,298,208,192
15650,31354,318,208,192
15651,31356,317,207,192
15652,31358,322,208,194
15653,31360,315,208,191
15654,31362,315,208,192
15655,31364,331,208,192
15656,31366,317,208,191
15657,31368,309,208,192
15658,31370,287,208,191
15659,31372,293,208,192
15660,31374,305,207,192
15661,31376,301,208,192
15662,31378,280,208,192
15663,31380,293,209,192
15664,31382,291,208,192
15665,31384,311,207,191
15666,31386,298,207,191
15667,31388,287,208,189
15668,31390,265,206,191
15669,31392,273,208,193
15670,31394,289,210,194
15671,31396,289,208,193
15672,31398,289,208,191
15673,31400,292,208,191
15674,31402,292,207,192
15675,31404,313,208,192
15676,31406,302,209,191
15677,31408,290,207,193
15678,31410,271,206,191
15679,31412,278,207,192
15680,31414,285,207,193
15681,31416,294,207,192
15682,31418,284,205,191
15683,31420,299,207,191
15684,31422,292,210,191
15685,31424,317,207,196
15686,31426,303,207,193
15687,31428,300,208,193
15688,31430,254,207,191
15689,31432,277,206,192
15690,31434,300,205,193
15691,31436,264,207,193
15692,31438,280,207,192
15693,31440,299,206,194
15694,31442,295,207,191
15695,31444,316,205,192
15696,31446,291,206,192
15697,31448,291,206,193
15698,31450,270,205,193
15699,31452,280,206,191
15700,31454,293,206,191
15701,31456,280,206,192
15702,31458,292,206,192
15703,31460,296,206,192
15704,31462,304,206,192
15705,31464,304,206,193
15706,31466,294,206,192
15707,31468,286,206,192
15708,31470,271,205,192
15709,31472,274,206,193
15710,31474,294,205,192
15711,31476,289,205,193
15712,31478,296,204,192
15713,31480,291,200,192
15714,31482,290,205,191
15715,31484,305,208,192
15716,31486,296,205,192
15717,31488,284,205,190
15718,31490,271,205,191
15719,31492,278,205,192
15720,31494,292,205,190
15721,31496,288,205,191
15722,31498,287,204,191
15723,31500,293,205,191
15724,31502,305,205,191
15725,31504,317,204,191
15726,31506,304,204,191
15727,31508,300,205,191
15728,31510,269,205,190
15729,31512,277,205,192
15730,31514,296,204,189
15731,31516,287,204,191
15732,31518,293,203,192
15733,31520,299,205,191
15734,31522,298,205,191
15735,31524,310,205,191
15736,31526,299,205,192
15737,31528,292,205,192
15738,31530,263,204,190
15739,31532,276,205,192
15740,31534,280,204,190
15741,31536,301,204,191
15742,31538,286,204,191
15743,31540,306,205,194
15744,31542,302,204,192
15745,31544,319,204,191
15746,31546,300,204,193
15747,31548,291,204,192
15748,31550,272,204,190
15749,31552,282,204,190
15750,31554,298,204,192
15751,31556,293,204,189
15752,31558,294,204,190
15753,31560,294,204,193
15754,31562,306,204,190
15755,31564,323,204,191
15756,31566,300,204,193
15757,31568,292,203,191
15758,31570,283,204,191
15759,31572,289,204,191
15760,31574,304,205,192
15761,31576,292,204,193
15762,31578,301,204,192
15763,31580,298,205,193
15764,31582,303,205,192
15765,31584,326,205,192
15766,31586,302,206,192
15767,31588,299,204,190
15768,31590,269,205,191
15769,31592,286,205,191
15770,31594,289,205,191
15771,31596,301,204,194
15772,31598,296,204,190
15773,31600,298,205,192
15774,31602,300,204,191
15775,31604,319,205,192
15776,31606,301,203,190
15777,31608,296,205,191
15778,31610,275,204,192
15779,31612,282,205,192
15780,31614,291,205,192
15781,31616,298,205,190
15782,31618,299,204,188
15783,31620,292,205,191
15784,31622,295,205,192
15785,31624,313,204,190
15786,31626,301,204,192
15787,31628,293,205,189
15788,31630,270,205,192
15789,31632,284,204,191
15790,31634,295,205,190
15791,31636,304,205,192
15792,31638,302,205,190
15793,31640,299,205,191
15794,31642,308,205,191
15795,31644,320,205,189
15796,31646,300,205,193
15797,31648,303,205,190
15798,31650,276,205,190
15799,31652,286,205,191
15800,31654,283,205,190
15801,31656,289,206,191
15802,31658,298,205,191
15803,31660,292,206,189
15804,31662,306,205,191
15805,31664,321,205,190
15806,31666,293,205,190
15807,31668,290,205,191
15808,31670,265,205,191
15809,31672,277,205,191
15810,31674,294,206,191
15811,31676,293,205,192
15812,31678,290,205,190
15813,31680,282,204,191
15814,31682,308,206,191
15815,31684,307,205,191
15816,31686,296,205,191
15817,31688,288,205,190
15818,31690,270,205,191
15819,31692,279,205,190
15820,31694,283,205,189
15821,31696,283,205,188
15822,31698,293,205,187
15823,31700,287,206,190
15824,31702,294,205,188
15825,31704,303,205,189
15826,31706,295,205,188
15827,31708,279,205,188
15828,31710,266,205,188
15829,31712,267,205,186
15830,31714,292,204,185
15831,31716,285,206,186
15832,31718,282,205,185
15833,31720,292,204,186
15834,31722,310,205,184
15835,31724,307,206,186
15836,31726,291,205,187
15837,31728,291,205,185
15838,31730,262,206,185
15839,31732,278,205,183
15840,31734,284,206,183
15841,31736,291,206,184
15842,31738,288,206,185
15843,31740,282,206,182
15844,31742,314,207,181
15845,31744,304,206,179
15846,31746,270,206,180
15847,31748,289,206,182
15848,31750,259,207,182
15849,31752,267,206,183
15850,31754,281,207,182
15851,31756,290,207,182
15852,31758,286,207,183
15853,31760,281,206,183
15854,31762,305,207,182
15855,31764,307,208,184
15856,31766,276,207,183
15857,31768,271,208,184
15858,31770,265,208,182
15859,31772,269,207,184
15860,31774,280,207,184
15861,31776,295,207,184
15862,31778,280,207,184
15863,31780,275,207,184
15864,31782,314,209,185
15865,31784,311,208,186
15866,31786,279,209,185
15867,31788,280,209,184
15868,31790,267,210,184
15869,31792,277,211,186
15870,31794,291,210,184
15871,31796,292,211,185
15872,31798,291,210,185
15873,31800,284,211,186
15874,31802,305,210,186
15875,31804,294,211,186
15876,31806,284,210,186
15877,31808,278,210,184
15878,31810,263,211,186
15879,31812,277,211,186
15880,31814,288,210,186
15881,31816,295,210,186
15882,31818,288,210,186
15883,31820,283,210,186
15884,31822,299,211,187
15885,31824,301,210,186
15886,31826,289,211,186
15887,31828,280,211,187
15888,31830,264,209,183
15889,31832,277,211,187
15890,31834,286,210,185
15891,31836,294,211,187
15892,31838,295,211,186
15893,31840,279,211,186
15894,31842,309,211,188
15895,31844,303,210,185
15896,31846,285,211,184
15897,31848,283,211,186
15898,31850,268,212,184
15899,31852,276,211,186
15900,31854,287,211,187
15901,31856,291,212,187
15902,31858,292,212,187
15903,31860,286,211,187
15904,31862,312,212,188
15905,31864,307,211,187
15906,31866,292,212,188
15907,31868,280,212,187
15908,31870,272,213,186
15909,31872,272,212,186
15910,31874,285,211,185
15911,31876,291,211,186
15912,31878,286,211,186
15913,31880,284,211,187
15914,31882,307,212,186
15915,31884,302,212,186
15916,31886,289,212,187
15917,31888,282,212,187
15918,31890,258,211,187
15919,31892,276,211,186
15920,31894,288,211,187
15921,31896,288,211,186
15922,31898,286,210,187
15923,31900,277,211,188
15924,31902,304,210,186
15925,31904,308,211,187
15926,31906,289,211,188
15927,31908,282,211,187
15928,31910,259,209,188
15929,31912,268,211,188
15930,31914,284,211,188
15931,31916,287,210,187
15932,31918,282,210,186
15933,31920,284,210,187
15934,31922,310,210,187
15935,31924,307,211,187
15936,31926,293,210,188
15937,31928,284,210,187
15938,31930,270,209,187
15939,31932,283,210,188
15940,31934,285,211,187
15941,31936,290,210,190
15942,31938,293,210,188
15943,31940,278,209,189
15944,31942,311,209,191
15945,31944,309,210,191
15946,31946,292,210,193
15947,31948,283,208,190
15948,31950,266,208,189
15949,31952,275,207,191
15950,31954,292,207,192
15951,31956,287,207,190
15952,31958,281,205,190
15953,31960,285,207,191
15954,31962,309,206,191
15955,31964,310,207,191
15956,31966,298,207,192
15957,31968,295,206,192
15958,31970,264,206,191
15959,31972,270,205,190
15960,31974,289,206,191
15961,31976,287,205,190
15962,31978,280,205,190
15963,31980,286,205,190
15964,31982,308,205,185
15965,31984,306,205,192
15966,31986,290,205,190
15967,31988,282,204,191
15968,31990,256,204,190
15969,31992,271,205,187
15970,31994,281,205,190
15971,31996,288,205,192
15972,31998,284,204,191
15973,32000,285,204,191
15974,32002,303,205,191
15975,32004,305,204,192
15976,32006,286,203,191
15977,32008,278,204,189
15978,32010,257,204,190
15979,32012,275,204,188
15980,32014,281,210,190
15981,32016,291,203,190
15982,32018,290,203,191
15983,32020,284,203,189
15984,32022,309,203,191
15985,32024,309,203,191
15986,32026,292,203,191
15987,32028,292,203,192
15988,32030,265,203,191
15989,32032,280,203,191
15990,32034,289,203,192
15991,32036,291,203,193
15992,32038,290,203,193
15993,32040,287,203,191
15994,32042,309,204,192
15995,32044,311,202,193
15996,32046,291,203,190
15997,32048,283,203,192
15998,32050,268,202,191
15999,32052,276,203,191
16000,32054,296,203,192
16001,32056,284,203,191
16002,32058,286,203,192
16003,32060,291,203,192
16004,32062,309,203,192
16005,32064,310,203,195
16006,32066,289,203,192
16007,32068,274,204,193
16008,32070,269,203,192
16009,32072,273,203,191
16010,32074,283,204,193
16011,32076,282,204,192
16012,32078,284,203,191
16013,32080,286,203,192
16014,32082,307,202,193
16015,32084,303,203,193
16016,32086,289,203,193
16017,32088,280,203,193
16018,32090,259,202,191
16019,32092,273,203,192
16020,32094,279,204,191
16021,32096,288,203,192
16022,32098,289,203,192
16023,32100,287,203,192
16024,32102,311,202,192
16025,32104,307,204,194
16026,32106,298,205,191
16027,32108,283,203,192
16028,32110,267,203,191
16029,32112,277,203,192
16030,32114,286,203,192
16031,32116,280,203,192
16032,32118,289,203,191
16033,32120,289,203,191
16034,32122,316,203,195
16035,32124,311,203,192
16036,32126,290,202,193
16037,32128,281,203,192
16038,32130,273,204,192
16039,32132,271,203,193
16040,32134,279,203,195
16041,32136,287,204,194
16042,32138,289,203,194
16043,32140,295,203,191
16044,32142,312,204,194
16045,32144,316,203,194
16046,32146,296,203,191
16047,32148,276,204,193
16048,32150,265,203,194
16049,32152,268,203,193
16050,32154,294,204,192
16051,32156,285,203,192
16052,32158,292,203,192
16053,32160,295,204,191
16054,32162,308,204,194
16055,32164,303,203,194
16056,32166,288,203,193
16057,32168,298,199,194
16058,32170,269,203,192
16059,32172,276,204,194
16060,32174,292,204,193
16061,32176,281,204,194
16062,32178,295,203,192
16063,32180,293,203,193
16064,32182,310,203,193
16065,32184,311,204,194
16066,32186,294,203,193
16067,32188,279,205,192
16068,32190,263,204,194
16069,32192,275,205,194
16070,32194,283,205,192
16071,32196,289,205,192
16072,32198,286,205,192
16073,32200,281,205,193
16074,32202,317,205,193
16075,32204,308,206,194
16076,32206,284,206,194
16077,32208,281,205,194
16078,32210,268,205,193
16079,32212,270,205,192
16080,32214,289,206,194
16081,32216,285,206,191
16082,32218,286,205,192
16083,32220,287,206,192
16084,32222,319,205,194
16085,32224,307,206,195
16086,32226,292,207,193
16087,32228,279,205,192
16088,32230,255,205,193
16089,32232,270,206,193
16090,32234,285,207,192
16091,32236,277,205,194
16092,32238,284,206,195
16093,32240,283,205,192
16094,32242,313,206,196
16095,32244,304,207,195
16096,32246,295,206,192
16097,32248,279,205,193
16098,32250,258,205,195
16099,32252,268,205,192
16100,32254,288,205,192
16101,32256,296,206,192
16102,32258,281,205,193
16103,32260,292,206,194
16104,32262,314,206,192
16105,32264,309,206,195
16106,32266,290,206,193
16107,32268,284,206,192
16108,32270,264,207,193
16109,32272,269,206,192
16110,32274,285,207,193
16111,32276,283,206,193
16112,32278,284,206,193
16113,32280,284,206,194
16114,32282,316,207,193
16115,32284,307,205,193
16116,32286,289,206,192
16117,32288,278,206,193
16118,32290,275,206,193
16119,32292,274,207,193
16120,32294,286,206,193
16121,32296,286,205,192
16122,32298,290,206,193
16123,32300,283,206,194
16124,32302,310,206,193
16125,32304,312,206,193
16126,32306,279,207,190
16127,32308,275,206,193
16128,32310,264,206,192
16129,32312,265,208,194
16130,32314,282,206,192
16131,32316,279,207,192
16132,32318,280,206,193
16133,32320,283,206,192
16134,32322,306,206,193
16135,32324,301,206,192
16136,32326,292,206,191
16137,32328,278,206,192
16138,32330,258,206,193
16139,32332,269,205,194
16140,32334,279,206,193
16141,32336,288,206,193
16142,32338,291,205,192
16143,32340,283,205,191
16144,32342,316,206,193
16145,32344,304,206,193
16146,32346,284,205,193
16147,32348,269,205,191
16148,32350,261,206,192
16149,32352,262,205,191
16150,32354,284,205,192
16151,32356,281,206,192
16152,32358,289,205,192
16153,32360,279,205,192
16154,32362,310,205,192
16155,32364,299,205,193
16156,32366,287,205,192
16157,32368,271,205,192
16158,32370,266,205,193
16159,32372,267,205,192
16160,32374,279,205,194
16161,32376,279,205,192
16162,32378,284,205,192
16163,32380,282,205,191
16164,32382,311,205,192
16165,32384,310,205,193
16166,32386,283,203,193
16167,32388,275,205,192
16168,32390,267,205,193
16169,32392,271,205,195
16170,32394,291,205,194
16171,32396,287,205,194
16172,32398,286,205,193
16173,32400,291,205,194
16174,32402,314,205,192
16175,32404,313,205,194
16176,32406,292,205,195
16177,32408,275,205,194
16178,32410,263,204,195
16179,32412,272,205,196
16180,32414,287,205,194
16181,32416,293,205,195
16182,32418,291,205,194
16183,32420,290,204,194
16184,32422,312,205,194
16185,32424,310,205,194
16186,32426,288,204,193
16187,32428,271,203,194
16188,32430,270,204,193
16189,32432,271,204,193
16190,32434,296,205,194
16191,32436,289,205,194
16192,32438,290,205,194
16193,32440,283,204,196
16194,32442,311,205,193
16195,32444,301,204,193
16196,32446,294,204,193
16197,32448,269,205,193
16198,32450,260,204,193
16199,32452,273,205,194
16200,32454,292,204,193
16201,32456,283,205,194
16202,32458,289,205,193
16203,32460,277,205,195
16204,32462,313,205,193
16205,32464,307,206,194
16206,32466,289,205,193
16207,32468,285,205,194
16208,32470,262,204,193
16209,32472,271,205,194
16210,32474,291,205,194
16211,32476,282,205,194
16212,32478,273,205,194
16213,32480,275,205,195
16214,32482,321,205,194
16215,32484,312,204,193
16216,32486,288,204,195
16217,32488,272,204,194
16218,32490,268,205,192
16219,32492,278,204,195
16220,32494,289,205,194
16221,32496,287,205,194
16222,32498,288,205,194
16223,32500,273,205,194
16224,32502,308,204,194
16225,32504,306,205,195
16226,32506,286,205,194
16227,32508,271,205,196
16228,32510,274,206,194
16229,32512,279,205,193
16230,32514,282,205,193
16231,32516,284,205,195
16232,32518,280,205,194
16233,32520,287,205,193
16234,32522,309,204,194
16235,32524,302,206,195
16236,32526,280,205,194
16237,32528,272,205,194
16238,32530,256,204,195
16239,32532,279,205,194
16240,32534,279,205,192
16241,32536,282,205,194
16242,32538,279,205,194
16243,32540,276,204,193
16244,32542,308,205,194
16245,32544,306,205,194
16246,32546,282,206,195
16247,32548,268,205,194
16248,32550,267,204,193
16249,32552,284,204,194
16250,32554,285,204,195
16251,32556,280,206,194
16252,32558,277,204,193
16253,32560,279,206,193
16254,32562,296,205,193
16255,32564,311,206,195
16256,32566,285,206,194
16257,32568,273,205,194
16258,32570,264,205,194
16259,32572,287,205,195
16260,32574,282,206,194
16261,32576,282,205,194
16262,32578,285,205,194
16263,32580,289,205,195
16264,32582,312,205,195
16265,32584,307,205,194
16266,32586,289,205,196
16267,32588,270,207,194
16268,32590,266,206,193
16269,32592,286,205,194
16270,32594,273,206,195
16271,32596,285,205,194
16272,32598,280,206,194
16273,32600,280,206,195
16274,32602,320,205,194
16275,32604,304,206,194
16276,32606,285,206,195
16277,32608,263,206,193
16278,32610,267,205,195
16279,32612,283,206,195
16280,32614,281,206,194
16281,32616,288,205,193
16282,32618,285,205,194
16283,32620,282,206,195
16284,32622,310,206,195
16285,32624,299,205,195
16286,32626,290,206,195
16287,32628,267,205,193
16288,32630,257,205,194
16289,32632,285,206,194
16290,32634,288,206,194
16291,32636,284,206,195
16292,32638,280,207,197
16293,32640,285,206,196
16294,32642,319,206,193
16295,32644,313,206,195
16296,32646,304,207,195
16297,32648,273,206,194
16298,32650,268,207,192
16299,32652,283,206,194
16300,32654,301,207,195
16301,32656,282,206,195
16302,32658,283,207,196
16303,32660,287,205,194
16304,32662,302,206,195
16305,32664,305,206,195
16306,32666,300,206,195
16307,32668,272,207,195
16308,32670,260,207,195
16309,32672,289,207,196
16310,32674,285,208,195
16311,32676,285,206,196
16312,32678,278,206,195
16313,32680,293,206,196
16314,32682,313,207,196
16315,32684,305,207,196
16316,32686,292,206,194
16317,32688,278,207,194
16318,32690,260,207,196
16319,32692,278,207,195
16320,32694,286,207,195
16321,32696,278,207,196
16322,32698,285,205,194
16323,32700,278,207,198
16324,32702,309,207,195
16325,32704,300,207,195
16326,32706,296,207,195
16327,32708,273,207,196
16328,32710,267,207,196
16329,32712,284,206,195
16330,32714,275,207,196
16331,32716,289,207,193
16332,32718,282,207,195
16333,32720,287,208,195
16334,32722,310,207,198
16335,32724,300,208,196
16336,32726,291,208,195
16337,32728,273,208,195
16338,32730,266,208,195
16339,32732,288,209,201
16340,32734,285,208,195
16341,32736,279,208,195
16342,32738,280,209,195
16343,32740,285,209,195
16344,32742,316,210,196
16345,32744,303,209,196
16346,32746,293,209,195
16347,32748,272,208,196
16348,32750,266,209,194
16349,32752,283,209,192
16350,32754,285,209,197
16351,32756,282,210,196
16352,32758,282,210,196
16353,32760,283,210,194
16354,32762,312,211,194
16355,32764,309,211,194
16356,32766,292,211,195
16357,32768,271,212,195
16358,32770,265,211,195
16359,32772,286,212,194
16360,32774,283,212,197
16361,32776,280,213,195
16362,32778,277,215,195
16363,32780,290,213,195
16364,32782,308,215,195
16365,32784,301,214,196
16366,32786,287,214,196
16367,32788,273,212,193
16368,32790,257,213,193
16369,32792,281,214,195
16370,32794,275,215,194
16371,32796,279,214,195
16372,32798,282,214,194
16373,32800,283,214,194
16374,32802,311,214,195
16375,32804,300,214,195
16376,32806,291,214,197
16377,32808,263,214,195
16378,32810,257,213,194
16379,32812,289,214,194
16380,32814,280,214,194
16381,32816,281,214,195
16382,32818,289,215,195
16383,32820,288,214,196
16384,32822,317,215,193
16385,32824,312,215,194
16386,32826,304,214,195
16387,32828,280,215,196
16388,32830,263,214,194
16389,32832,287,215,197
16390,32834,294,214,194
16391,32836,288,215,196
16392,32838,288,214,194
16393,32840,286,214,194
16394,32842,312,214,193
16395,32844,305,213,194
16396,32846,290,215,192
16397,32848,268,215,193
16398,32850,266,214,193
16399,32852,285,214,192
16400,32854,287,214,192
16401,32856,287,213,191
16402,32858,288,215,193
16403,32860,291,214,193
16404,32862,311,215,192
16405,32864,300,215,192
16406,32866,301,215,189
16407,32868,265,215,189
16408,32870,263,214,191
16409,32872,283,215,191
16410,32874,280,215,189
16411,32876,283,215,193
16412,32878,291,215,190
16413,32880,285,215,192
16414,32882,309,215,189
16415,32884,298,215,190
16416,32886,288,215,192
16417,32888,271,215,191
16418,32890,266,215,186
16419,32892,282,215,188
16420,32894,276,215,189
16421,32896,281,215,188
16422,32898,288,215,188
16423,32900,279,215,189
16424,32902,310,216,189
16425,32904,299,215,189
16426,32906,287,216,189
16427,32908,269,214,189
16428,32910,267,215,188
16429,32912,281,216,190
16430,32914,274,216,190
16431,32916,281,216,188
16432,32918,282,216,189
16433,32920,283,215,189
16434,32922,307,216,190
16435,32924,298,215,188
16436,32926,288,215,189
16437,32928,267,215,190
16438,32930,260,216,189
16439,32932,282,216,189
16440,32934,280,216,190
16441,32936,277,216,190
16442,32938,279,216,189
16443,32940,281,216,189
16444,32942,313,216,192
16445,32944,299,217,190
16446,32946,285,216,189
16447,32948,267,215,189
16448,32950,266,216,188
16449,32952,286,216,189
16450,32954,284,216,190
16451,32956,276,215,191
16452,32958,282,215,189
16453,32960,278,215,190
16454,32962,312,216,190
16455,32964,299,216,189
16456,32966,286,216,189
16457,32968,266,214,190
16458,32970,269,216,190
16459,32972,285,215,190
16460,32974,280,215,190
16461,32976,290,215,190
16462,32978,293,215,189
16463,32980,284,215,192
16464,32982,313,215,190
16465,32984,296,215,190
16466,32986,285,215,189
16467,32988,265,215,189
16468,32990,267,216,190
16469,32992,283,215,193
16470,32994,286,216,188
16471,32996,286,215,191
16472,32998,283,215,190
16473,33000,280,215,189
16474,33002,312,215,192
16475,33004,300,215,189
16476,33006,288,215,190
16477,33008,258,215,189
16478,33010,266,215,191
16479,33012,284,216,190
16480,33014,286,215,189
16481,33016,284,215,188
16482,33018,285,215,190
16483,33020,282,215,190
16484,33022,311,215,189
16485,33024,295,216,192
16486,33026,290,215,192
16487,33028,269,215,190
16488,33030,264,214,190
16489,33032,286,215,189
16490,33034,285,215,191
16491,33036,289,216,191
16492,33038,280,216,189
16493,33040,286,216,191
16494,33042,325,216,192
16495,33044,305,215,190
16496,33046,286,215,188
16497,33048,268,215,190
16498,33050,261,215,189
16499,33052,286,215,191
16500,33054,285,215,190
16501,33056,288,215,191
16502,33058,288,215,189
16503,33060,285,215,190
16504,33062,314,216,191
16505,33064,298,215,190
16506,33066,284,215,190
16507,33068,261,215,190
16508,33070,262,216,189
16509,33072,284,215,190
16510,33074,282,215,192
16511,33076,277,216,191
16512,33078,285,215,191
16513,33080,286,215,191
16514,33082,312,215,190
16515,33084,295,216,191
16516,33086,281,215,191
16517,33088,262,215,190
16518,33090,268,216,191
16519,33092,282,216,191
16520,33094,286,216,190
16521,33096,283,215,190
16522,33098,291,215,190
16523,33100,285,215,192
16524,33102,317,215,190
16525,33104,302,215,191
16526,33106,285,214,190
16527,33108,268,215,190
16528,33110,268,215,190
16529,33112,287,214,189
16530,33114,288,214,190
16531,33116,291,215,191
16532,33118,285,213,191
16533,33120,287,215,188
16534,33122,315,214,191
16535,33124,304,215,190
16536,33126,287,214,191
16537,33128,266,215,190
16538,33130,267,215,190
16539,33132,286,215,190
16540,33134,289,214,189
16541,33136,284,214,192
16542,33138,282,214,190
16543,33140,282,214,191
16544,33142,313,215,191
16545,33144,296,214,191
16546,33146,288,214,192
16547,33148,265,215,191
16548,33150,264,214,190
16549,33152,285,214,192
16550,33154,286,213,192
16551,33156,292,214,190
16552,33158,280,214,190
16553,33160,277,214,191
16554,33162,316,215,193
16555,33164,299,214,194
16556,33166,284,214,190
16557,33168,267,214,191
16558,33170,268,215,191
16559,33172,287,214,188
16560,33174,287,214,190
16561,33176,287,214,189
16562,33178,290,214,191
16563,33180,281,215,191
16564,33182,318,214,194
16565,33184,293,214,192
16566,33186,287,214,190
16567,33188,269,214,190
16568,33190,265,214,190
16569,33192,288,214,191
16570,33194,286,215,191
16571,33196,292,214,191
16572,33198,283,214,190
16573,33200,283,213,189
16574,33202,310,214,192
16575,33204,296,215,190
16576,33206,291,214,190
16577,33208,263,214,190
16578,33210,266,213,192
16579,33212,282,214,191
16580,33214,284,214,191
16581,33216,285,212,191
16582,33218,286,214,191
16583,33220,280,214,193
16584,33222,302,214,191
16585,33224,295,214,192
16586,33226,280,215,191
16587,33228,252,214,191
16588,33230,263,214,191
16589,33232,281,214,194
16590,33234,282,213,191
16591,33236,287,214,191
16592,33238,288,214,193
16593,33240,285,215,191
16594,33242,314,214,192
16595,33244,300,213,192
16596,33246,290,214,191
16597,33248,273,213,191
16598,33250,262,214,190
16599,33252,289,213,191
16600,33254,287,213,191
16601,33256,284,213,191
16602,33258,287,213,192
16603,33260,290,213,193
16604,33262,314,214,192
16605,33264,296,214,192
16606,33266,290,214,192
16607,33268,270,214,192
16608,33270,266,213,191
16609,33272,290,213,194
16610,33274,278,213,192
16611,33276,287,213,191
16612,33278,288,213,190
16613,33280,288,213,192
16614,33282,313,214,192
16615,33284,306,214,195
16616,33286,292,213,192
16617,33288,263,213,190
16618,33290,261,213,189
16619,33292,291,214,192
16620,33294,289,213,193
16621,33296,286,213,192
16622,33298,286,214,192
16623,33300,285,213,190
16624,33302,313,213,193
16625,33304,292,213,191
16626,33306,292,213,190
16627,33308,277,213,191
16628,33310,261,213,189
16629,33312,283,213,192
16630,33314,282,213,188
16631,33316,290,213,191
16632,33318,284,214,190
16633,33320,287,213,192
16634,33322,312,213,193
16635,33324,299,213,192
16636,33326,285,212,190
16637,33328,256,212,189
16638,33330,267,213,190
16639,33332,288,211,190
16640,33334,273,213,189
16641,33336,278,213,191
16642,33338,288,212,189
16643,33340,285,213,190
16644,33342,313,213,192
16645,33344,305,211,191
16646,33346,287,213,193
16647,33348,259,213,191
16648,33350,257,213,191
16649,33352,271,213,192
16650,33354,283,213,190
16651,33356,279,213,191
16652,33358,295,213,189
16653,33360,286,212,191
16654,33362,302,213,191
16655,33364,301,213,192
16656,33366,294,213,191
16657,33368,265,213,193
16658,33370,262,213,190
16659,33372,288,213,192
16660,33374,285,213,193
16661,33376,278,213,191
16662,33378,287,213,192
16663,33380,287,212,191
16664,33382,303,213,192
16665,33384,291,215,191
16666,33386,290,214,191
16667,33388,257,212,192
16668,33390,257,213,187
16669,33392,275,213,192
16670,33394,280,212,192
16671,33396,283,213,190
16672,33398,286,213,191
16673,33400,283,213,193
16674,33402,311,213,191
16675,33404,291,213,189
16676,33406,284,214,193
16677,33408,255,213,192
16678,33410,262,213,191
16679,33412,284,213,189
16680,33414,282,213,192
16681,33416,284,214,190
16682,33418,290,213,193
16683,33420,294,213,186
16684,33422,312,212,189
16685,33424,299,213,192
16686,33426,297,213,192
16687,33428,268,213,192
16688,33430,274,213,191
16689,33432,290,213,193
16690,33434,288,214,192
16691,33436,283,213,192
16692,33438,287,214,192
16693,33440,284,213,192
16694,33442,305,213,191
16695,33444,304,213,192
16696,33446,294,213,191
16697,33448,268,213,191
16698,33450,269,214,192
16699,33452,293,213,191
16700,33454,292,213,190
16701,33456,286,214,193
16702,33458,294,212,190
16703,33460,297,216,193
16704,33462,319,213,191
16705,33464,304,215,193
16706,33466,293,212,192
16707,33468,268,214,191
16708,33470,270,213,190
16709,33472,287,214,194
16710,33474,295,213,192
16711,33476,286,213,191
16712,33478,296,216,192
16713,33480,293,211,191
16714,33482,313,216,192
16715,33484,306,213,194
16716,33486,288,213,191
16717,33488,267,213,191
16718,33490,278,213,191
16719,33492,289,213,190
16720,33494,294,213,193
16721,33496,286,213,191
16722,33498,293,213,191
16723,33500,281,212,191
16724,33502,318,213,192
16725,33504,302,213,192
16726,33506,295,214,191
16727,33508,271,213,191
16728,33510,267,211,191
16729,33512,285,212,193
16730,33514,291,213,191
16731,33516,297,213,192
16732,33518,291,212,189
16733,33520,285,211,191
16734,33522,311,213,190
16735,33524,302,213,193
16736,33526,288,213,192
16737,33528,266,213,192
16738,33530,266,213,191
16739,33532,282,215,190
16740,33534,281,213,192
16741,33536,290,213,193
16742,33538,286,212,191
16743,33540,289,213,190
16744,33542,312,213,191
16745,33544,301,212,190
16746,33546,289,213,192
16747,33548,266,213,190
16748,33550,260,213,189
16749,33552,289,212,189
16750,33554,286,212,189
16751,33556,282,213,189
16752,33558,280,212,189
16753,33560,283,212,187
16754,33562,313,212,189
16755,33564,298,213,191
16756,33566,290,213,190
16757,33568,270,212,189
16758,33570,267,212,188
16759,33572,289,212,189
16760,33574,287,211,189
16761,33576,285,212,189
16762,33578,282,213,187
16763,33580,289,212,188
16764,33582,303,212,191
16765,33584,296,212,188
16766,33586,289,211,187
16767,33588,272,212,187
16768,33590,270,211,186
16769,33592,287,212,185
16770,33594,291,211,187
16771,33596,289,213,188
16772,33598,290,212,188
16773,33600,282,212,187
16774,33602,314,212,188
16775,33604,293,212,187
16776,33606,291,212,187
16777,33608,263,213,188
16778,33610,271,211,187
16779,33612,285,211,185
16780,33614,276,212,188
16781,33616,285,212,188
16782,33618,283,213,189
16783,33620,285,212,188
16784,33622,312,213,188
16785,33624,294,213,188
16786,33626,279,212,188
16787,33628,256,213,188
16788,33630,266,213,188
16789,33632,286,211,188
16790,33634,285,212,188
16791,33636,283,212,189
16792,33638,280,212,187
16793,33640,279,212,188
16794,33642,313,213,188
16795,33644,298,213,189
16796,33646,295,213,188
16797,33648,276,213,186
16798,33650,276,212,188
16799,33652,298,213,187
16800,33654,294,212,186
16801,33656,282,213,189
16802,33658,282,212,187
16803,33660,284,212,188
16804,33662,309,212,187
16805,33664,301,213,188
16806,33666,294,212,187
16807,33668,258,213,188
16808,33670,272,213,189
16809,33672,296,213,189
16810,33674,291,213,189
16811,33676,293,213,188
16812,33678,281,213,188
16813,33680,275,213,190
16814,33682,305,213,189
16815,33684,302,213,190
16816,33686,288,213,189
16817,33688,270,213,189
16818,33690,275,213,189
16819,33692,289,213,189
16820,33694,295,213,189
16821,33696,289,213,189
16822,33698,284,213,190
16823,33700,285,213,191
16824,33702,317,213,190
16825,33704,309,214,189
16826,33706,293,213,190
16827,33708,275,213,189
16828,33710,275,213,191
16829,33712,290,213,191
16830,33714,302,213,189
16831,33716,290,213,189
16832,33718,293,213,188
16833,33720,283,213,189
16834,33722,319,215,189
16835,33724,306,213,188
16836,33726,292,213,189
16837,33728,280,213,189
16838,33730,281,213,188
16839,33732,307,213,189
16840,33734,299,213,189
16841,33736,299,212,190
16842,33738,292,213,191
16843,33740,288,213,189
16844,33742,308,213,189
16845,33744,297,213,191
16846,33746,295,214,189
16847,33748,277,213,190
16848,33750,277,213,189
16849,33752,286,212,188
16850,33754,303,213,190
16851,33756,295,213,190
16852,33758,297,213,189
16853,33760,286,213,189
16854,33762,311,214,189
16855,33764,295,213,190
16856,33766,288,213,189
16857,33768,275,213,190
16858,33770,282,213,190
16859,33772,285,213,187
16860,33774,297,213,190
16861,33776,298,213,186
16862,33778,299,213,189
16863,33780,286,213,189
16864,33782,323,213,187
16865,33784,297,213,192
16866,33786,295,213,189
16867,33788,275,213,190
16868,33790,283,213,188
16869,33792,297,213,190
16870,33794,305,213,190
16871,33796,301,213,189
16872,33798,294,214,187
16873,33800,288,213,189
16874,33802,322,213,191
16875,33804,311,213,190
16876,33806,294,213,189
16877,33808,274,213,189
16878,33810,279,213,190
16879,33812,289,214,189
16880,33814,295,213,189
16881,33816,301,212,189
16882,33818,296,212,189
16883,33820,295,213,190
16884,33822,322,213,189
16885,33824,320,215,190
16886,33826,305,213,189
16887,33828,286,213,189
16888,33830,279,213,190
16889,33832,303,213,191
16890,33834,298,213,189
16891,33836,291,213,189
16892,33838,288,213,189
16893,33840,297,213,187
16894,33842,320,213,190
16895,33844,307,213,191
16896,33846,300,212,190
16897,33848,277,212,190
16898,33850,279,213,189
16899,33852,303,213,191
16900,33854,303,212,189
16901,33856,300,213,190
16902,33858,293,212,190
16903,33860,287,214,190
16904,33862,315,213,190
16905,33864,301,212,190
16906,33866,295,212,190
16907,33868,277,214,188
16908,33870,279,213,188
16909,33872,298,212,190
16910,33874,299,212,188
16911,33876,293,213,189
16912,33878,285,212,189
16913,33880,286,213,191
16914,33882,320,213,190
16915,33884,303,213,189
16916,33886,288,213,189
16917,33888,280,213,191
16918,33890,283,214,189
16919,33892,298,213,189
16920,33894,299,211,189
16921,33896,292,212,189
16922,33898,292,218,187
16923,33900,284,212,188
16924,33902,318,213,189
16925,33904,306,214,189
16926,33906,289,213,187
16927,33908,276,212,188
16928,33910,277,212,188
16929,33912,294,212,186
16930,33914,283,213,188
16931,33916,303,212,188
16932,33918,285,212,185
16933,33920,287,213,189
16934,33922,310,212,188
16935,33924,301,214,190
16936,33926,291,213,188
16937,33928,279,213,188
16938,33930,287,213,188
16939,33932,284,212,187
16940,33934,294,213,185
16941,33936,297,212,189
16942,33938,298,213,189
16943,33940,295,213,189
16944,33942,321,213,186
16945,33944,307,212,188
16946,33946,298,213,188
16947,33948,289,212,188
16948,33950,286,213,189
16949,33952,297,212,186
16950,33954,294,213,187
16951,33956,304,213,187
16952,33958,303,212,186
16953,33960,297,213,188
16954,33962,330,214,189
16955,33964,311,213,187
16956,33966,307,213,190
16957,33968,287,213,187
16958,33970,285,212,186
16959,33972,296,213,188
16960,33974,298,213,190
16961,33976,299,214,188
16962,33978,300,213,188
16963,33980,295,212,188
16964,33982,326,212,187
16965,33984,317,214,189
16966,33986,301,214,188
16967,33988,283,212,187
16968,33990,287,213,187
16969,33992,307,213,189
16970,33994,295,213,188
16971,33996,297,213,188
16972,33998,301,213,187
16973,34000,301,214,189
16974,34002,324,214,189
16975,34004,305,213,188
16976,34006,301,213,188
16977,34008,274,213,190
16978,34010,286,213,188
16979,34012,298,213,188
16980,34014,296,214,187
16981,34016,296,213,188
16982,34018,296,213,188
16983,34020,298,214,189
16984,34022,330,213,189
16985,34024,315,213,189
16986,34026,311,213,190
16987,34028,281,213,188
16988,34030,290,213,184
16989,34032,302,213,188
16990,34034,294,213,187
16991,34036,300,213,186
16992,34038,302,213,186
16993,34040,299,213,186
16994,34042,330,213,187
16995,34044,318,214,187
16996,34046,307,213,187
16997,34048,280,213,187
16998,34050,288,213,186
16999,34052,298,212,185
17000,34054,282,213,186
17001,34056,292,214,187
17002,34058,292,214,185
17003,34060,292,213,186
17004,34062,321,213,186
17005,34064,304,213,187
17006,34066,296,213,187
17007,34068,271,213,189
17008,34070,274,212,186
17009,34072,289,212,186
17010,34074,284,213,185
17011,34076,290,213,187
17012,34078,294,213,187
17013,34080,295,213,186
17014,34082,313,212,186
17015,34084,311,213,187
17016,34086,298,213,187
17017,34088,271,213,184
17018,34090,276,213,186
17019,34092,294,213,184
17020,34094,296,213,187
17021,34096,288,213,188
17022,34098,302,213,185
17023,34100,302,213,186
17024,34102,318,213,186
17025,34104,313,213,185
17026,34106,301,213,185
17027,34108,281,213,186
17028,34110,285,213,186
17029,34112,298,213,188
17030,34114,298,213,189
17031,34116,300,213,188
17032,34118,304,213,187
17033,34120,298,214,187
17034,34122,321,214,189
17035,34124,304,213,188
17036,34126,300,213,186
17037,34128,279,213,187
17038,34130,284,213,186
17039,34132,292,213,189
17040,34134,291,213,188
17041,34136,292,213,188
17042,34138,293,213,190
17043,34140,297,213,187
17044,34142,320,215,187
17045,34144,311,213,188
17046,34146,296,211,190
17047,34148,273,214,187
17048,34150,280,213,188
17049,34152,298,213,188
17050,34154,287,214,189
17051,34156,286,213,188
17052,34158,297,213,188
17053,34160,292,213,188
17054,34162,321,214,190
17055,34164,310,212,189
17056,34166,292,211,190
17057,34168,279,212,188
17058,34170,288,212,188
17059,34172,300,212,190
17060,34174,297,213,190
17061,34176,302,213,191
17062,34178,309,212,188
17063,34180,309,214,191
17064,34182,322,213,188
17065,34184,315,213,190
17066,34186,305,213,189
17067,34188,285,213,189
17068,34190,288,213,189
17069,34192,302,214,189
17070,34194,303,213,190
17071,34196,301,213,188
17072,34198,300,213,189
17073,34200,303,212,190
17074,34202,332,213,187
17075,34204,318,214,189
17076,34206,301,213,189
17077,34208,284,213,189
17078,34210,289,213,186
17079,34212,304,212,187
17080,34214,296,213,187
17081,34216,297,214,188
17082,34218,288,213,192
17083,34220,298,212,188
17084,34222,324,213,188
17085,34224,311,213,188
17086,34226,301,214,189
17087,34228,280,212,187
17088,34230,278,213,188
17089,34232,304,215,189
17090,34234,294,213,188
17091,34236,299,213,188
17092,34238,293,214,187
17093,34240,304,213,188
17094,34242,326,213,187
17095,34244,315,213,189
17096,34246,307,213,189
17097,34248,288,213,189
17098,34250,286,213,189
17099,34252,303,213,188
17100,34254,295,213,189
17101,34256,293,214,190
17102,34258,306,213,187
17103,34260,304,213,189
17104,34262,317,214,191
17105,34264,310,214,191
17106,34266,300,213,189
17107,34268,278,213,189
17108,34270,284,213,189
17109,34272,292,213,187
17110,34274,294,213,189
17111,34276,296,213,189
17112,34278,296,213,188
17113,34280,296,213,189
17114,34282,324,213,189
17115,34284,313,212,189
17116,34286,300,213,189
17117,34288,279,212,189
17118,34290,289,213,189
17119,34292,295,213,189
17120,34294,301,212,191
17121,34296,300,213,188
17122,34298,293,213,187
17123,34300,301,213,189
17124,34302,323,213,188
17125,34304,303,213,189
17126,34306,295,213,190
17127,34308,279,213,190
17128,34310,284,212,189
17129,34312,299,213,191
17130,34314,298,213,189
17131,34316,302,214,189
17132,34318,294,213,191
17133,34320,298,213,189
17134,34322,324,213,190
17135,34324,307,213,190
17136,34326,304,212,189
17137,34328,278,212,189
17138,34330,291,213,189
17139,34332,306,213,189
17140,34334,304,213,189
17141,34336,305,213,190
17142,34338,308,213,190
17143,34340,301,213,190
17144,34342,323,214,190
17145,34344,303,213,188
17146,34346,304,213,187
17147,34348,284,213,190
17148,34350,293,212,191
17149,34352,297,213,190
17150,34354,302,213,188
17151,34356,307,212,190
17152,34358,293,213,190
17153,34360,292,213,190
17154,34362,320,213,192
17155,34364,306,213,192
17156,34366,293,213,191
17157,34368,279,216,191
17158,34370,287,213,191
17159,34372,290,213,193
17160,34374,298,213,188
17161,34376,302,213,191
17162,34378,301,213,191
17163,34380,301,213,190
17164,34382,332,213,192
17165,34384,302,213,191
17166,34386,286,213,192
17167,34388,282,213,191
17168,34390,297,213,191
17169,34392,300,214,191
17170,34394,299,213,191
17171,34396,303,213,191
17172,34398,295,213,190
17173,34400,302,214,192
17174,34402,322,214,192
17175,34404,308,214,191
17176,34406,305,214,192
17177,34408,286,213,191
17178,34410,293,213,193
17179,34412,306,213,193
17180,34414,312,213,194
17181,34416,305,213,190
17182,34418,301,214,191
17183,34420,297,214,191
17184,34422,315,214,190
17185,34424,303,214,191
17186,34426,306,214,190
17187,34428,279,215,191
17188,34430,292,214,190
17189,34432,287,214,190
17190,34434,297,215,191
17191,34436,296,215,192
17192,34438,291,215,193
17193,34440,294,214,192
17194,34442,311,215,190
17195,34444,291,215,192
17196,34446,284,215,192
17197,34448,276,214,192
17198,34450,278,215,191
17199,34452,278,215,192
17200,34454,297,214,192
17201,34456,298,214,192
17202,34458,291,215,192
17203,34460,289,215,191
17204,34462,319,215,194
17205,34464,294,215,192
17206,34466,299,215,191
17207,34468,266,215,191
17208,34470,285,215,191
17209,34472,298,215,190
17210,34474,294,215,191
17211,34476,295,216,191
17212,34478,302,215,189
17213,34480,301,215,191
17214,34482,314,215,192
17215,34484,301,215,192
17216,34486,298,215,190
17217,34488,273,215,192
17218,34490,281,214,191
17219,34492,281,214,191
17220,34494,298,215,191
17221,34496,301,216,195
17222,34498,285,216,192
17223,34500,295,215,193
17224,34502,317,215,193
17225,34504,297,215,193
17226,34506,295,215,192
17227,34508,270,215,192
17228,34510,283,215,192
17229,34512,292,215,192
17230,34514,297,215,192
17231,34516,293,215,192
17232,34518,292,215,193
17233,34520,292,215,192
17234,34522,319,215,194
17235,34524,299,215,193
17236,34526,296,215,194
17237,34528,265,214,191
17238,34530,282,215,192
17239,34532,295,215,194
17240,34534,300,215,193
17241,34536,304,216,193
17242,34538,294,215,191
17243,34540,295,215,193
17244,34542,323,215,193
17245,34544,297,215,193
17246,34546,294,215,193
17247,34548,278,214,192
17248,34550,285,215,192
17249,34552,296,215,193
17250,34554,297,214,192
17251,34556,298,215,192
17252,34558,298,215,193
17253,34560,298,215,192
17254,34562,320,215,192
17255,34564,299,215,191
17256,34566,266,215,191
17257,34568,237,215,192
17258,34570,262,215,191
17259,34572,278,214,192
17260,34574,277,214,191
17261,34576,272,215,192
17262,34578,281,214,192
17263,34580,274,214,192
17264,34582,296,214,191
17265,34584,281,215,191
17266,34586,269,214,192
17267,34588,245,214,193
17268,34590,263,214,191
17269,34592,274,214,190
17270,34594,269,214,191
17271,34596,277,214,192
17272,34598,287,214,192
17273,34600,277,215,193
17274,34602,301,214,191
17275,34604,291,214,192
17276,34606,271,214,191
17277,34608,253,214,193
17278,34610,263,214,192
17279,34612,278,215,193
17280,34614,272,214,193
17281,34616,278,215,192
17282,34618,274,214,190
17283,34620,283,214,193
17284,34622,304,214,191
17285,34624,288,214,193
17286,34626,279,214,191
17287,34628,257,214,191
17288,34630,265,214,192
17289,34632,273,214,192
17290,34634,274,214,192
17291,34636,278,214,193
17292,34638,286,214,192
17293,34640,279,215,193
17294,34642,301,213,193
17295,34644,285,214,191
17296,34646,279,214,191
17297,34648,254,213,192
17298,34650,267,213,192
17299,34652,276,213,192
17300,34654,282,214,193
17301,34656,296,215,193
17302,34658,281,213,193
17303,34660,285,212,193
17304,34662,304,213,192
17305,34664,279,214,192
17306,34666,282,213,193
17307,34668,254,214,194
17308,34670,267,214,193
17309,34672,275,214,193
17310,34674,275,213,193
17311,34676,279,213,193
17312,34678,288,213,195
17313,34680,288,213,195
17314,34682,309,213,192
17315,34684,291,213,193
17316,34686,283,213,193
17317,34688,261,212,193
17318,34690,271,213,194
17319,34692,285,214,193
17320,34694,285,213,193
17321,34696,284,213,192
17322,34698,287,213,192
17323,34700,294,213,192
17324,34702,306,213,196
17325,34704,293,212,193
17326,34706,280,213,191
17327,34708,256,213,190
17328,34710,273,212,194
17329,34712,278,213,193
17330,34714,280,213,194
17331,34716,286,213,193
17332,34718,289,213,192
17333,34720,290,213,193
17334,34722,311,213,194
17335,34724,294,213,193
17336,34726,286,213,193
17337,34728,252,213,192
17338,34730,274,214,192
17339,34732,282,213,194
17340,34734,282,213,195
17341,34736,280,213,193
17342,34738,292,213,192
17343,34740,289,213,194
17344,34742,305,214,195
17345,34744,291,213,195
17346,34746,279,213,192
17347,34748,281,213,194
17348,34750,286,213,193
17349,34752,299,211,193
17350,34754,300,213,193
17351,34756,303,213,193
17352,34758,304,213,193
17353,34760,319,213,193
17354,34762,321,213,193
17355,34764,307,214,194
17356,34766,305,213,194
17357,34768,281,213,193
17358,34770,294,213,192
17359,34772,312,213,194
17360,34774,302,213,194
17361,34776,304,214,194
17362,34778,305,213,194
17363,34780,317,213,192
17364,34782,334,212,195
17365,34784,313,213,194
17366,34786,308,213,193
17367,34788,283,213,193
17368,34790,287,213,193
17369,34792,308,213,196
17370,34794,304,213,195
17371,34796,300,213,194
17372,34798,301,212,194
17373,34800,322,213,194
17374,34802,322,213,194
17375,34804,314,213,196
17376,34806,303,212,194
17377,34808,281,212,195
17378,34810,291,212,193
17379,34812,297,213,194
17380,34814,302,213,194
17381,34816,308,215,194
17382,34818,306,212,194
17383,34820,328,212,193
17384,34822,314,212,193
17385,34824,313,213,193
17386,34826,310,211,194
17387,34828,276,212,193
17388,34830,294,211,192
17389,34832,308,214,195
17390,34834,304,212,193
17391,34836,301,212,193
17392,34838,311,212,194
17393,34840,328,213,193
17394,34842,325,212,193
17395,34844,309,212,192
17396,34846,302,212,190
17397,34848,277,212,190
17398,34850,291,212,192
17399,34852,300,213,192
17400,34854,304,212,191
17401,34856,299,212,192
17402,34858,311,212,191
17403,34860,331,212,193
17404,34862,326,212,192
17405,34864,310,212,191
17406,34866,300,213,192
17407,34868,283,211,190
17408,34870,293,212,191
17409,34872,298,212,191
17410,34874,308,212,190
17411,34876,302,212,189
17412,34878,312,212,191
17413,34880,328,212,191
17414,34882,325,213,192
17415,34884,305,212,191
17416,34886,294,212,190
17417,34888,278,210,191
17418,34890,283,212,190
17419,34892,297,213,193
17420,34894,307,213,191
17421,34896,300,214,192
17422,34898,308,213,191
17423,34900,324,212,191
17424,34902,327,213,191
17425,34904,296,213,191
17426,34906,301,213,192
17427,34908,276,212,191
17428,34910,286,212,190
17429,34912,299,212,190
17430,34914,315,213,189
17431,34916,300,215,188
17432,34918,300,213,189
17433,34920,323,211,190
17434,34922,322,213,191
17435,34924,300,212,190
17436,34926,302,212,192
17437,34928,274,212,189
17438,34930,287,212,190
17439,34932,304,213,188
17440,34934,303,212,190
17441,34936,300,212,190
17442,34938,297,212,190
17443,34940,323,213,191
17444,34942,319,213,190
17445,34944,301,212,190
17446,34946,300,212,190
17447,34948,282,212,190
17448,34950,289,212,189
17449,34952,298,212,187
17450,34954,302,212,191
17451,34956,304,212,191
17452,34958,294,212,191
17453,34960,317,212,191
17454,34962,320,212,190
17455,34964,299,211,191
17456,34966,295,212,190
17457,34968,284,212,190
17458,34970,289,211,191
17459,34972,293,212,190
17460,34974,300,212,190
17461,34976,296,212,191
17462,34978,294,212,190
17463,34980,315,212,191
17464,34982,325,211,190
17465,34984,302,212,191
17466,34986,305,212,191
17467,34988,282,211,190
17468,34990,289,212,190
17469,34992,298,212,189
17470,34994,304,212,190
17471,34996,301,212,190
17472,34998,300,212,189
17473,35000,319,212,190
17474,35002,309,211,189
17475,35004,296,212,189
17476,35006,295,211,189
17477,35008,271,211,189
17478,35010,282,211,187
17479,35012,298,213,189
17480,35014,312,212,189
17481,35016,309,211,188
17482,35018,297,211,188
17483,35020,321,212,186
17484,35022,327,211,190
17485,35024,293,210,190
17486,35026,289,211,189
17487,35028,273,212,188
17488,35030,283,211,188
17489,35032,291,210,189
17490,35034,298,211,187
17491,35036,295,212,188
17492,35038,296,211,190
17493,35040,327,211,189
17494,35042,320,212,189
17495,35044,301,211,191
17496,35046,295,212,191
17497,35048,277,212,190
17498,35050,283,211,188
17499,35052,294,212,191
17500,35054,293,212,190
17501,35056,294,211,189
17502,35058,293,211,189
17503,35060,318,212,190
17504,35062,308,211,188
17505,35064,300,211,192
17506,35066,294,212,190
17507,35068,268,212,190
17508,35070,283,211,188
17509,35072,300,211,189
17510,35074,303,212,188
17511,35076,311,212,189
17512,35078,299,211,188
17513,35080,320,211,189
17514,35082,317,211,188
17515,35084,291,211,188
17516,35086,287,211,188
17517,35088,265,211,186
17518,35090,283,212,189
17519,35092,291,211,186
17520,35094,299,211,188
17521,35096,305,212,187
17522,35098,291,211,190
17523,35100,319,212,189
17524,35102,316,212,189
17525,35104,288,211,188
17526,35106,292,211,188
17527,35108,266,213,189
17528,35110,279,211,188
17529,35112,293,212,187
17530,35114,292,212,189
17531,35116,294,211,189
17532,35118,290,211,189
17533,35120,309,211,188
17534,35122,311,211,188
17535,35124,292,210,189
17536,35126,287,211,189
17537,35128,275,211,189
17538,35130,275,211,189
17539,35132,285,211,187
17540,35134,303,211,188
17541,35136,297,211,186
17542,35138,289,211,187
17543,35140,311,211,190
17544,35142,308,211,188
17545,35144,293,213,190
17546,35146,302,211,189
17547,35148,283,211,189
17548,35150,282,211,188
17549,35152,299,212,189
17550,35154,287,211,189
17551,35156,300,213,189
17552,35158,293,212,189
17553,35160,311,212,190
17554,35162,315,212,189
17555,35164,296,210,190
17556,35166,291,213,189
17557,35168,273,213,190
17558,35170,287,213,190
17559,35172,291,214,191
17560,35174,297,213,190
17561,35176,297,213,192
17562,35178,295,212,191
17563,35180,314,214,192
17564,35182,305,213,192
17565,35184,292,214,192
17566,35186,286,214,193
17567,35188,273,214,194
17568,35190,280,214,192
17569,35192,296,213,195
17570,35194,298,214,193
17571,35196,297,214,193
17572,35198,293,214,193
17573,35200,317,215,195
17574,35202,315,216,194
17575,35204,295,214,194
17576,35206,291,214,193
17577,35208,274,215,193
17578,35210,289,214,192
17579,35212,295,213,190
17580,35214,290,214,194
17581,35216,299,214,193
17582,35218,287,214,193
17583,35220,312,214,194
17584,35222,327,214,194
17585,35224,300,214,194
17586,35226,293,215,194
17587,35228,272,214,193
17588,35230,284,214,193
17589,35232,303,213,193
17590,35234,304,214,192
17591,35236,294,213,193
17592,35238,291,214,192
17593,35240,320,214,194
17594,35242,320,216,194
17595,35244,297,213,193
17596,35246,292,213,193
17597,35248,270,214,193
17598,35250,283,213,192
17599,35252,297,212,192
17600,35254,302,213,192
17601,35256,300,213,192
17602,35258,302,213,192
17603,35260,323,213,192
17604,35262,315,213,192
17605,35264,307,214,194
17606,35266,296,215,192
17607,35268,273,212,191
17608,35270,288,213,192
17609,35272,304,212,190
17610,35274,298,212,191
17611,35276,300,212,191
17612,35278,301,213,194
17613,35280,327,213,192
17614,35282,321,212,191
17615,35284,304,212,192
17616,35286,298,212,191
17617,35288,277,212,190
17618,35290,288,212,190
17619,35292,310,211,192
17620,35294,297,212,190
17621,35296,307,211,189
17622,35298,297,212,192
17623,35300,324,211,192
17624,35302,320,211,190
17625,35304,301,211,190
17626,35306,298,211,191
17627,35308,277,211,191
17628,35310,286,211,191
17629,35312,309,211,190
17630,35314,301,209,192
17631,35316,328,211,191
17632,35318,305,209,192
17633,35320,334,212,193
17634,35322,321,211,192
17635,35324,313,212,192
17636,35326,303,211,191
17637,35328,285,210,191
17638,35330,298,211,192
17639,35332,305,212,192
17640,35334,301,212,189
17641,35336,305,214,191
17642,35338,314,212,193
17643,35340,325,211,193
17644,35342,319,211,193
17645,35344,312,211,194
17646,35346,296,211,192
17647,35348,275,212,192
17648,35350,288,211,189
17649,35352,304,211,195
17650,35354,312,211,191
17651,35356,318,211,192
17652,35358,294,211,191
17653,35360,327,212,191
17654,35362,323,211,191
17655,35364,308,211,193
17656,35366,300,211,192
17657,35368,277,210,193
17658,35370,288,211,192
17659,35372,303,210,191
17660,35374,299,211,191
17661,35376,302,211,192
17662,35378,303,211,192
17663,35380,329,211,193
17664,35382,328,212,193
17665,35384,306,212,193
17666,35386,294,211,192
17667,35388,282,211,192
17668,35390,288,212,190
17669,35392,295,210,191
17670,35394,290,211,192
17671,35396,301,211,192
17672,35398,302,211,191
17673,35400,333,211,192
17674,35402,324,211,193
17675,35404,308,211,192
17676,35406,293,211,192
17677,35408,280,210,193
17678,35410,291,210,192
17679,35412,303,210,192
17680,35414,299,212,192
17681,35416,303,211,191
17682,35418,301,210,192
17683,35420,326,211,191
17684,35422,328,212,189
17685,35424,312,212,193
17686,35426,292,210,192
17687,35428,275,211,192
17688,35430,282,210,190
17689,35432,301,210,193
17690,35434,298,210,190
17691,35436,303,211,192
17692,35438,302,210,189
17693,35440,330,211,193
17694,35442,323,211,190
17695,35444,312,211,193
17696,35446,294,210,190
17697,35448,266,211,191
17698,35450,279,211,192
17699,35452,298,210,189
17700,35454,300,210,192
17701,35456,302,210,191
17702,35458,306,210,193
17703,35460,329,210,192
17704,35462,323,210,191
17705,35464,307,210,194
17706,35466,291,211,193
17707,35468,283,209,190
17708,35470,283,210,189
17709,35472,300,211,191
17710,35474,300,210,190
17711,35476,300,210,190
17712,35478,301,210,190
17713,35480,325,210,188
17714,35482,320,210,190
17715,35484,302,210,189
17716,35486,292,210,189
17717,35488,279,210,189
17718,35490,279,211,190
17719,35492,295,210,190
17720,35494,293,210,189
17721,35496,303,211,191
17722,35498,302,211,188
17723,35500,332,210,190
17724,35502,322,212,189
17725,35504,305,210,189
17726,35506,296,211,188
17727,35508,277,210,188
17728,35510,283,210,187
17729,35512,299,210,189
17730,35514,303,210,187
17731,35516,308,210,189
17732,35518,299,212,190
17733,35520,328,210,188
17734,35522,323,209,188
17735,35524,303,210,187
17736,35526,285,212,185
17737,35528,278,211,190
17738,35530,281,210,187
17739,35532,298,210,188
17740,35534,295,211,188
17741,35536,298,210,188
17742,35538,312,210,189
17743,35540,329,213,188
17744,35542,318,210,188
17745,35544,298,210,188
17746,35546,291,210,187
17747,35548,282,210,188
17748,35550,280,205,188
17749,35552,298,211,189
17750,35554,298,208,188
17751,35556,293,210,189
17752,35558,304,210,189
17753,35560,322,210,188
17754,35562,318,210,188
17755,35564,298,210,189
17756,35566,282,210,188
17757,35568,272,210,189
17758,35570,281,210,187
17759,35572,286,210,190
17760,35574,298,210,189
17761,35576,291,209,189
17762,35578,296,210,189
17763,35580,329,208,187
17764,35582,319,210,192
17765,35584,299,209,188
17766,35586,285,210,190
17767,35588,265,213,190
17768,35590,295,210,190
17769,35592,297,209,190
17770,35594,305,210,188
17771,35596,292,210,188
17772,35598,300,209,190
17773,35600,319,208,190
17774,35602,308,210,191
17775,35604,300,209,191
17776,35606,272,210,190
17777,35608,277,209,188
17778,35610,296,209,190
17779,35612,286,210,191
17780,35614,290,210,188
17781,35616,293,209,189
17782,35618,299,210,189
17783,35620,331,210,189
17784,35622,327,209,189
17785,35624,295,209,191
17786,35626,276,210,187
17787,35628,271,209,189
17788,35630,287,209,189
17789,35632,300,209,190
17790,35634,300,210,189
17791,35636,305,209,189
17792,35638,298,210,186
17793,35640,327,209,191
17794,35642,327,211,189
17795,35644,299,209,190
17796,35646,283,209,188
17797,35648,273,209,187
17798,35650,282,210,190
17799,35652,295,210,190
17800,35654,300,209,188
17801,35656,303,210,190
17802,35658,293,210,189
17803,35660,322,209,190
17804,35662,322,210,189
17805,35664,298,210,190
17806,35666,284,209,190
17807,35668,275,209,189
17808,35670,284,210,188
17809,35672,303,210,190
17810,35674,300,210,190
17811,35676,302,210,190
17812,35678,304,209,188
17813,35680,325,209,190
17814,35682,320,210,189
17815,35684,303,209,189
17816,35686,289,209,187
17817,35688,276,209,186
17818,35690,294,210,190
17819,35692,301,208,188
17820,35694,296,210,189
17821,35696,305,210,189
17822,35698,302,209,189
17823,35700,330,209,189
17824,35702,319,209,191
17825,35704,296,209,190
17826,35706,286,208,189
17827,35708,276,209,189
17828,35710,286,209,190
17829,35712,300,208,188
17830,35714,305,209,191
17831,35716,294,209,190
17832,35718,295,209,190
17833,35720,327,210,191
17834,35722,323,209,191
17835,35724,301,210,191
17836,35726,285,209,190
17837,35728,282,208,188
17838,35730,298,209,188
17839,35732,297,209,190
17840,35734,305,209,190
17841,35736,301,209,190
17842,35738,294,209,190
17843,35740,322,210,191
17844,35742,325,210,192
17845,35744,304,209,190
17846,35746,286,209,190
17847,35748,277,209,190
17848,35750,306,210,191
17849,35752,304,208,191
17850,35754,303,209,190
17851,35756,303,209,189
17852,35758,301,208,188
17853,35760,324,209,191
17854,35762,318,210,191
17855,35764,302,209,190
17856,35766,285,209,190
17857,35768,288,208,189
17858,35770,313,208,190
17859,35772,306,209,190
17860,35774,310,209,190
17861,35776,298,209,190
17862,35778,303,209,191
17863,35780,323,209,190
17864,35782,323,209,192
17865,35784,303,209,189
17866,35786,286,209,190
17867,35788,286,209,191
17868,35790,303,209,189
17869,35792,305,208,192
17870,35794,303,209,188
17871,35796,301,208,191
17872,35798,299,209,190
17873,35800,329,209,191
17874,35802,311,209,190
17875,35804,307,209,190
17876,35806,283,209,190
17877,35808,281,209,190
17878,35810,301,208,189
17879,35812,293,208,189
17880,35814,302,209,189
17881,35816,299,209,191
17882,35818,300,208,191
17883,35820,330,209,191
17884,35822,324,208,189
17885,35824,301,209,190
17886,35826,289,209,189
17887,35828,285,209,190
17888,35830,304,208,190
17889,35832,302,208,189
17890,35834,308,209,192
17891,35836,294,209,189
17892,35838,305,209,191
17893,35840,331,209,191
17894,35842,322,208,190
17895,35844,309,209,190
17896,35846,288,209,190
17897,35848,282,208,190
17898,35850,305,209,190
17899,35852,310,209,191
17900,35854,302,209,190
17901,35856,319,208,189
17902,35858,306,209,189
17903,35860,333,208,190
17904,35862,324,208,188
17905,35864,304,209,187
17906,35866,296,209,190
17907,35868,284,209,189
17908,35870,305,209,188
17909,35872,314,209,189
17910,35874,306,209,189
17911,35876,307,209,189
17912,35878,311,208,187
17913,35880,329,209,188
17914,35882,322,208,188
17915,35884,304,209,188
17916,35886,291,209,189
17917,35888,287,209,189
17918,35890,307,209,188
17919,35892,310,209,186
17920,35894,306,208,188
17921,35896,311,209,190
17922,35898,306,209,189
17923,35900,331,208,188
17924,35902,322,208,186
17925,35904,308,209,191
17926,35906,290,208,188
17927,35908,287,209,189
17928,35910,311,209,188
17929,35912,310,208,188
17930,35914,302,207,188
17931,35916,311,209,190
17932,35918,309,210,190
17933,35920,337,209,190
17934,35922,328,209,189
17935,35924,309,209,189
17936,35926,285,207,189
17937,35928,288,209,189
17938,35930,311,210,189
17939,35932,307,210,189
17940,35934,304,209,188
17941,35936,305,210,189
17942,35938,307,210,189
17943,35940,337,210,189
17944,35942,338,210,189
17945,35944,306,210,190
17946,35946,288,209,187
17947,35948,285,210,188
17948,35950,310,210,186
17949,35952,301,210,189
17950,35954,309,210,190
17951,35956,308,211,189
17952,35958,308,210,188
17953,35960,322,210,189
17954,35962,331,210,189
17955,35964,306,210,189
17956,35966,293,210,188
17957,35968,282,210,189
17958,35970,307,211,190
17959,35972,306,211,189
17960,35974,305,211,189
17961,35976,308,211,189
17962,35978,307,211,188
17963,35980,329,210,189
17964,35982,324,211,191
17965,35984,312,211,192
17966,35986,290,210,189
17967,35988,281,211,189
17968,35990,306,210,190
17969,35992,302,210,190
17970,35994,304,211,190
17971,35996,306,210,189
17972,35998,304,212,189
17973,36000,332,211,191
17974,36002,324,209,190
17975,36004,306,210,189
17976,36006,291,211,187
17977,36008,281,210,190
17978,36010,306,210,190
17979,36012,308,211,188
17980,36014,304,211,190
17981,36016,307,211,189
17982,36018,305,209,189
17983,36020,331,210,189
17984,36022,320,210,188
17985,36024,314,210,190
17986,36026,287,211,189
17987,36028,281,211,189
17988,36030,299,211,190
17989,36032,303,211,190
17990,36034,298,209,189
17991,36036,296,211,189
17992,36038,301,211,190
17993,36040,329,210,190
17994,36042,317,211,190
17995,36044,312,211,188
17996,36046,287,210,188
17997,36048,286,211,189
17998,36050,303,211,188
17999,36052,301,211,190
18000,36054,301,211,189
18001,36056,292,210,189
18002,36058,301,211,188
18003,36060,332,211,188
18004,36062,329,211,188
18005,36064,304,211,188
18006,36066,284,210,186
18007,36068,284,213,189
18008,36070,313,210,190
18009,36072,301,211,189
18010,36074,297,211,190
18011,36076,301,211,189
18012,36078,301,210,188
18013,36080,328,211,190
18014,36082,324,210,188
18015,36084,304,211,189
18016,36086,284,210,192
18017,36088,278,210,189
18018,36090,307,210,191
18019,36092,300,210,191
18020,36094,296,210,189
18021,36096,300,210,189
18022,36098,304,210,188
18023,36100,323,210,189
18024,36102,314,209,187
18025,36104,306,210,188
18026,36106,283,210,190
18027,36108,282,210,187
18028,36110,305,212,190
18029,36112,292,209,189
18030,36114,299,210,189
18031,36116,298,211,189
18032,36118,300,210,190
18033,36120,324,210,191
18034,36122,315,209,189
18035,36124,302,210,191
18036,36126,281,210,190
18037,36128,280,211,189
18038,36130,300,210,190
18039,36132,300,210,189
18040,36134,303,209,186
18041,36136,300,210,188
18042,36138,297,208,188
18043,36140,327,212,188
18044,36142,317,210,189
18045,36144,308,210,193
18046,36146,279,209,188
18047,36148,280,209,191
18048,36150,299,208,188
18049,36152,300,208,188
18050,36154,303,208,188
18051,36156,302,208,189
18052,36158,299,207,188
18053,36160,328,207,188
18054,36162,322,208,187
18055,36164,303,207,191
18056,36166,281,207,188
18057,36168,287,207,187
18058,36170,300,206,188
18059,36172,300,207,188
18060,36174,295,207,187
18061,36176,303,207,186
18062,36178,303,207,187
18063,36180,324,207,185
18064,36182,320,208,187
18065,36184,304,206,188
18066,36186,287,205,185
18067,36188,285,206,186
18068,36190,305,206,188
18069,36192,299,209,188
18070,36194,304,206,187
18071,36196,300,212,188
18072,36198,305,206,187
18073,36200,321,206,189
18074,36202,311,208,188
18075,36204,302,206,187
18076,36206,280,206,187
18077,36208,283,205,186
18078,36210,300,205,186
18079,36212,296,206,190
18080,36214,303,207,190
18081,36216,300,206,188
18082,36218,299,206,187
18083,36220,324,205,187
18084,36222,312,205,188
18085,36224,304,206,188
18086,36226,279,206,185
18087,36228,277,206,187
18088,36230,301,206,186
18089,36232,294,206,188
18090,36234,297,206,188
18091,36236,298,207,188
18092,36238,300,203,186
18093,36240,335,206,188
18094,36242,318,206,188
18095,36244,302,206,188
18096,36246,272,206,188
18097,36248,272,206,187
18098,36250,306,206,187
18099,36252,294,207,188
18100,36254,293,205,188
18101,36256,296,205,191
18102,36258,299,205,187
18103,36260,325,206,187
18104,36262,319,205,187
18105,36264,300,205,188
18106,36266,278,206,187
18107,36268,277,206,188
18108,36270,298,205,184
18109,36272,293,205,187
18110,36274,295,206,185
18111,36276,293,206,187
18112,36278,299,205,188
18113,36280,327,206,188
18114,36282,320,205,187
18115,36284,294,205,189
18116,36286,277,206,187
18117,36288,276,206,187
18118,36290,299,206,186
18119,36292,290,206,187
18120,36294,301,206,186
18121,36296,295,206,186
18122,36298,297,206,187
18123,36300,325,205,187
18124,36302,315,205,186
18125,36304,302,209,187
18126,36306,285,206,186
18127,36308,273,206,187
18128,36310,304,206,185
18129,36312,302,206,187
18130,36314,298,206,188
18131,36316,295,206,187
18132,36318,296,206,186
18133,36320,321,206,188
18134,36322,313,206,187
18135,36324,301,206,188
18136,36326,282,206,186
18137,36328,282,206,186
18138,36330,298,206,188
18139,36332,302,206,187
18140,36334,299,206,187
18141,36336,296,206,188
18142,36338,295,206,187
18143,36340,328,206,189
18144,36342,314,206,188
18145,36344,313,206,188
18146,36346,284,206,188
18147,36348,281,206,188
18148,36350,301,206,187
18149,36352,295,206,188
18150,36354,303,206,187
18151,36356,294,206,187
18152,36358,295,206,187
18153,36360,321,206,188
18154,36362,308,205,185
18155,36364,301,206,187
18156,36366,284,206,187
18157,36368,272,206,188
18158,36370,307,206,188
18159,36372,302,206,191
18160,36374,298,205,187
18161,36376,293,206,188
18162,36378,297,206,187
18163,36380,322,208,186
18164,36382,310,206,189
18165,36384,303,205,188
18166,36386,279,205,187
18167,36388,278,206,188
18168,36390,300,206,188
18169,36392,293,206,188
18170,36394,297,205,188
18171,36396,297,205,188
18172,36398,296,206,189
18173,36400,329,205,189
18174,36402,313,206,189
18175,36404,298,206,189
18176,36406,280,206,187
18177,36408,278,206,189
18178,36410,299,206,189
18179,36412,296,206,188
18180,36414,297,206,189
18181,36416,298,206,191
18182,36418,288,206,188
18183,36420,324,206,189
18184,36422,313,206,189
18185,36424,304,205,188
18186,36426,286,206,190
18187,36428,286,206,188
18188,36430,303,206,189
18189,36432,300,205,188
18190,36434,301,205,189
18191,36436,297,206,189
18192,36438,300,207,189
18193,36440,325,206,190
18194,36442,316,206,189
18195,36444,310,206,189
18196,36446,281,206,188
18197,36448,276,206,189
18198,36450,300,206,190
18199,36452,303,206,189
18200,36454,304,205,189
18201,36456,301,206,189
18202,36458,297,206,190
18203,36460,327,206,190
18204,36462,308,206,189
18205,36464,301,206,190
18206,36466,283,205,189
18207,36468,282,206,189
18208,36470,303,205,189
18209,36472,300,206,189
18210,36474,300,206,192
18211,36476,299,206,189
18212,36478,298,205,187
18213,36480,333,206,188
18214,36482,318,206,189
18215,36484,308,206,188
18216,36486,284,206,190
18217,36488,283,206,190
18218,36490,302,206,190
18219,36492,296,205,189
18220,36494,301,206,189
18221,36496,297,207,190
18222,36498,302,206,188
18223,36500,334,206,190
18224,36502,318,206,189
18225,36504,311,205,189
18226,36506,285,206,188
18227,36508,278,207,189
18228,36510,301,207,187
18229,36512,304,206,189
18230,36514,305,207,189
18231,36516,302,207,189
18232,36518,289,207,190
18233,36520,319,206,187
18234,36522,316,207,187
18235,36524,305,206,188
18236,36526,283,207,187
18237,36528,278,206,187
18238,36530,303,207,187
18239,36532,298,207,188
18240,36534,300,207,188
18241,36536,301,207,188
18242,36538,303,207,185
18243,36540,325,207,187
18244,36542,312,207,188
18245,36544,304,210,187
18246,36546,279,208,185
18247,36548,282,207,185
18248,36550,302,207,185
18249,36552,297,207,186
18250,36554,303,208,186
18251,36556,299,208,187
18252,36558,295,207,186
18253,36560,325,208,187
18254,36562,321,208,187
18255,36564,305,207,185
18256,36566,285,208,185
18257,36568,282,209,186
18258,36570,299,208,184
18259,36572,299,207,184
18260,36574,298,208,185
18261,36576,304,208,186
18262,36578,302,209,187
18263,36580,328,208,186
18264,36582,320,208,187
18265,36584,300,208,186
18266,36586,284,207,186
18267,36588,284,207,184
18268,36590,302,208,186
18269,36592,304,208,184
18270,36594,304,208,185
18271,36596,302,208,185
18272,36598,306,208,186
18273,36600,333,208,188
18274,36602,326,207,186
18275,36604,310,208,184
18276,36606,283,207,185
18277,36608,285,208,186
18278,36610,307,208,186
18279,36612,304,208,185
18280,36614,308,208,185
18281,36616,303,208,185
18282,36618,310,208,184
18283,36620,330,209,187
18284,36622,315,208,184
18285,36624,303,208,185
18286,36626,281,209,183
18287,36628,282,208,185
18288,36630,304,208,183
18289,36632,298,208,186
18290,36634,307,207,186
18291,36636,304,208,184
18292,36638,303,208,185
18293,36640,329,208,185
18294,36642,317,208,184
18295,36644,307,208,184
18296,36646,275,208,184
18297,36648,281,208,184
18298,36650,308,207,184
18299,36652,299,208,185
18300,36654,312,208,183
18301,36656,300,207,185
18302,36658,309,209,186
18303,36660,330,208,183
18304,36662,318,210,184
18305,36664,297,208,186
18306,36666,280,210,188
18307,36668,272,209,183
18308,36670,281,208,185
18309,36672,293,209,186
18310,36674,312,208,186
18311,36676,297,209,185
18312,36678,302,210,184
18313,36680,326,209,187
18314,36682,319,208,186
18315,36684,305,209,187
18316,36686,274,209,186
18317,36688,272,209,187
18318,36690,286,208,186
18319,36692,299,209,184
18320,36694,299,209,187
18321,36696,302,209,187
18322,36698,309,209,186
18323,36700,311,211,186
18324,36702,316,209,184
18325,36704,299,209,185
18326,36706,280,210,186
18327,36708,268,209,185
18328,36710,292,209,185
18329,36712,281,211,186
18330,36714,298,211,186
18331,36716,299,209,185
18332,36718,300,211,185
18333,36720,322,210,184
18334,36722,310,211,186
18335,36724,300,210,187
18336,36726,276,211,185
18337,36728,276,211,186
18338,36730,295,211,186
18339,36732,293,211,185
18340,36734,300,211,186
18341,36736,291,212,188
18342,36738,301,211,186
18343,36740,322,211,188
18344,36742,314,212,187
18345,36744,297,212,188
18346,36746,272,212,188
18347,36748,277,211,188
18348,36750,290,212,188
18349,36752,293,212,189
18350,36754,300,212,187
18351,36756,298,212,187
18352,36758,309,211,186
18353,36760,325,211,188
18354,36762,313,212,187
18355,36764,300,211,187
18356,36766,280,211,186
18357,36768,278,212,185
18358,36770,298,211,186
18359,36772,302,211,187
18360,36774,298,212,188
18361,36776,298,212,187
18362,36778,306,212,187
18363,36780,326,212,188
18364,36782,314,212,191
18365,36784,308,212,187
18366,36786,283,213,189
18367,36788,280,211,187
18368,36790,301,212,189
18369,36792,296,212,188
18370,36794,295,212,187
18371,36796,308,211,188
18372,36798,310,211,186
18373,36800,330,212,186
18374,36802,309,213,188
18375,36804,300,212,186
18376,36806,283,212,186
18377,36808,279,212,187
18378,36810,301,212,186
18379,36812,299,212,186
18380,36814,304,213,187
18381,36816,308,210,187
18382,36818,300,213,188
18383,36820,327,212,189
18384,36822,314,213,187
18385,36824,303,212,187
18386,36826,281,212,187
18387,36828,284,213,189
18388,36830,309,213,188
18389,36832,305,212,188
18390,36834,302,211,187
18391,36836,303,212,187
18392,36838,302,212,187
18393,36840,330,212,187
18394,36842,314,212,187
18395,36844,304,212,187
18396,36846,287,212,187
18397,36848,283,212,187
18398,36850,300,212,187
18399,36852,311,212,188
18400,36854,300,212,187
18401,36856,300,212,187
18402,36858,296,212,188
18403,36860,330,212,188
18404,36862,316,212,187
18405,36864,307,212,187
18406,36866,286,212,186
18407,36868,284,212,187
18408,36870,298,212,188
18409,36872,295,211,186
18410,36874,294,214,188
18411,36876,298,212,188
18412,36878,296,213,189
18413,36880,320,215,189
18414,36882,311,212,187
18415,36884,297,213,189
18416,36886,284,212,187
18417,36888,280,213,189
18418,36890,304,210,188
18419,36892,304,213,189
18420,36894,300,212,187
18421,36896,304,211,188
18422,36898,295,212,189
18423,36900,324,212,189
18424,36902,306,214,188
18425,36904,297,212,188
18426,36906,278,212,189
18427,36908,286,212,188
18428,36910,308,211,187
18429,36912,306,212,188
18430,36914,301,210,188
18431,36916,293,213,188
18432,36918,295,212,188
18433,36920,324,211,188
18434,36922,304,212,189
18435,36924,298,212,190
18436,36926,280,211,189
18437,36928,280,212,189
18438,36930,299,212,188
18439,36932,306,213,189
18440,36934,300,212,188
18441,36936,294,212,187
18442,36938,287,212,189
18443,36940,321,213,188
18444,36942,315,212,190
18445,36944,306,212,189
18446,36946,285,211,188
18447,36948,285,212,189
18448,36950,297,211,186
18449,36952,304,209,187
18450,36954,292,212,188
18451,36956,296,213,189
18452,36958,294,212,190
18453,36960,324,213,188
18454,36962,310,212,188
18455,36964,301,212,190
18456,36966,282,212,190
18457,36968,284,212,188
18458,36970,308,212,190
18459,36972,306,213,189
18460,36974,305,211,189
18461,36976,294,212,190
18462,36978,292,212,189
18463,36980,326,211,190
18464,36982,316,213,188
18465,36984,307,212,188
18466,36986,279,211,188
18467,36988,285,210,189
18468,36990,303,212,187
18469,36992,299,212,188
18470,36994,295,212,188
18471,36996,297,212,189
18472,36998,296,213,189
18473,37000,324,212,190
18474,37002,306,213,188
18475,37004,308,212,189
18476,37006,286,212,189
18477,37008,291,212,189
18478,37010,303,212,189
18479,37012,305,212,188
18480,37014,299,212,188
18481,37016,301,212,188
18482,37018,298,212,187
18483,37020,330,211,188
18484,37022,307,212,188
18485,37024,306,212,188
18486,37026,288,212,187
18487,37028,284,213,189
18488,37030,308,212,191
18489,37032,311,212,188
18490,37034,306,211,189
18491,37036,313,213,189
18492,37038,293,212,189
18493,37040,325,213,188
18494,37042,312,211,187
18495,37044,301,212,187
18496,37046,291,212,186
18497,37048,288,212,187
18498,37050,304,212,187
18499,37052,298,213,188
18500,37054,297,212,187
18501,37056,287,212,186
18502,37058,298,212,189
18503,37060,322,213,188
18504,37062,322,213,188
18505,37064,320,213,188
18506,37066,294,213,185
18507,37068,294,212,187
18508,37070,309,213,186
18509,37072,316,212,186
18510,37074,306,212,186
18511,37076,305,213,187
18512,37078,298,213,187
18513,37080,331,212,186
18514,37082,314,214,188
18515,37084,302,212,186
18516,37086,280,212,185
18517,37088,297,212,186
18518,37090,305,213,187
18519,37092,306,213,186
18520,37094,302,212,187
18521,37096,299,213,187
18522,37098,296,213,187
18523,37100,327,213,188
18524,37102,316,212,186
18525,37104,303,214,188
18526,37106,285,212,186
18527,37108,292,211,186
18528,37110,312,212,185
18529,37112,308,212,187
18530,37114,304,212,185
18531,37116,304,211,187
18532,37118,300,212,187
18533,37120,329,212,188
18534,37122,303,212,186
18535,37124,300,212,187
18536,37126,287,212,186
18537,37128,287,211,185
18538,37130,304,212,186
18539,37132,309,212,188
18540,37134,309,213,188
18541,37136,306,212,185
18542,37138,304,212,187
18543,37140,324,212,187
18544,37142,310,213,187
18545,37144,304,211,188
18546,37146,289,212,187
18547,37148,291,212,187
18548,37150,306,212,190
18549,37152,303,212,186
18550,37154,307,213,187
18551,37156,301,212,188
18552,37158,302,213,187
18553,37160,325,212,188
18554,37162,307,212,187
18555,37164,303,212,187
18556,37166,284,211,186
18557,37168,291,211,187
18558,37170,300,212,187
18559,37172,300,212,185
18560,37174,303,212,186
18561,37176,294,212,187
18562,37178,299,212,190
18563,37180,338,212,184
18564,37182,310,212,187
18565,37184,304,211,188
18566,37186,284,212,187
18567,37188,285,212,188
18568,37190,301,212,188
18569,37192,297,211,187
18570,37194,297,212,188
18571,37196,302,211,188
18572,37198,299,212,186
18573,37200,329,211,190
18574,37202,325,212,187
18575,37204,312,212,189
18576,37206,289,212,186
18577,37208,288,211,186
18578,37210,301,212,188
18579,37212,300,211,187
18580,37214,300,212,187
18581,37216,300,212,187
18582,37218,299,212,187
18583,37220,328,212,190
18584,37222,309,212,187
18585,37224,305,212,188
18586,37226,293,211,186
18587,37228,288,212,187
18588,37230,301,212,188
18589,37232,309,211,188
18590,37234,298,212,187
18591,37236,290,213,188
18592,37238,301,212,185
18593,37240,323,212,188
18594,37242,318,212,188
18595,37244,297,212,187
18596,37246,286,211,186
18597,37248,284,212,188
18598,37250,298,212,187
18599,37252,293,212,187
18600,37254,297,212,188
18601,37256,295,211,187
18602,37258,298,212,187
18603,37260,320,212,185
18604,37262,319,213,188
18605,37264,305,213,188
18606,37266,280,211,186
18607,37268,285,211,186
18608,37270,295,212,187
18609,37272,291,212,186
18610,37274,293,212,187
18611,37276,299,211,187
18612,37278,293,211,186
18613,37280,316,211,186
18614,37282,304,211,188
18615,37284,293,211,187
18616,37286,275,211,187
18617,37288,267,212,187
18618,37290,293,211,189
18619,37292,289,211,186
18620,37294,299,211,187
18621,37296,302,211,188
18622,37298,301,211,187
18623,37300,312,211,187
18624,37302,305,211,188
18625,37304,298,211,188
18626,37306,279,211,187
18627,37308,276,211,187
18628,37310,303,210,188
18629,37312,282,210,186
18630,37314,291,210,189
18631,37316,292,211,188
18632,37318,292,210,187
18633,37320,324,211,192
18634,37322,314,211,189
18635,37324,300,211,190
18636,37326,273,211,189
18637,37328,286,211,189
18638,37330,300,210,189
18639,37332,298,211,189
18640,37334,280,211,190
18641,37336,303,211,188
18642,37338,315,210,191
18643,37340,323,211,191
18644,37342,307,211,190
18645,37344,301,211,190
18646,37346,281,211,190
18647,37348,270,211,190
18648,37350,299,210,190
18649,37352,293,211,191
18650,37354,305,210,190
18651,37356,296,211,191
18652,37358,298,210,187
18653,37360,329,211,191
18654,37362,294,211,191
18655,37364,278,210,191
18656,37366,256,211,191
18657,37368,266,211,190
18658,37370,286,210,190
18659,37372,294,211,190
18660,37374,298,211,191
18661,37376,295,210,191
18662,37378,299,211,191
18663,37380,328,211,188
18664,37382,309,211,190
18665,37384,303,210,191
18666,37386,280,210,191
18667,37388,279,210,190
18668,37390,293,212,191
18669,37392,282,211,191
18670,37394,295,211,190
18671,37396,294,211,191
18672,37398,294,212,190
18673,37400,324,211,191
18674,37402,318,211,191
18675,37404,302,211,192
18676,37406,285,212,190
18677,37408,281,211,191
18678,37410,300,212,191
18679,37412,291,212,191
18680,37414,295,212,190
18681,37416,296,211,191
18682,37418,298,212,190
18683,37420,331,211,190
18684,37422,307,211,191
18685,37424,296,211,192
18686,37426,282,211,190
18687,37428,279,211,190
18688,37430,296,211,190
18689,37432,287,212,189
18690,37434,295,212,191
18691,37436,296,211,190
18692,37438,296,212,189
18693,37440,322,212,189
18694,37442,307,211,187
18695,37444,294,211,189
18696,37446,276,212,188
18697,37448,284,211,188
18698,37450,295,211,188
18699,37452,290,211,187
18700,37454,294,210,188
18701,37456,297,211,187
18702,37458,297,211,189
18703,37460,323,211,188
18704,37462,309,211,188
18705,37464,290,211,188
18706,37466,272,211,188
18707,37468,275,211,188
18708,37470,293,212,189
18709,37472,289,212,189
18710,37474,293,212,188
18711,37476,293,212,189
18712,37478,295,212,189
18713,37480,319,212,187
18714,37482,304,213,188
18715,37484,304,212,191
18716,37486,280,212,187
18717,37488,281,212,190
18718,37490,296,212,189
18719,37492,295,212,188
18720,37494,296,212,189
18721,37496,299,213,189
18722,37498,302,211,189
18723,37500,324,213,186
18724,37502,311,211,188
18725,37504,300,211,186
18726,37506,281,212,187
18727,37508,276,211,188
18728,37510,297,212,187
18729,37512,296,212,188
18730,37514,293,213,187
18731,37516,295,212,188
18732,37518,294,213,187
18733,37520,320,213,192
18734,37522,310,213,188
18735,37524,299,212,186
18736,37526,276,212,187
18737,37528,282,213,186
18738,37530,302,213,187
18739,37532,303,213,189
18740,37534,294,212,187
18741,37536,298,213,188
18742,37538,298,213,188
18743,37540,323,212,186
18744,37542,302,213,188
18745,37544,291,212,188
18746,37546,274,213,185
18747,37548,287,213,187
18748,37550,295,213,187
18749,37552,297,213,187
18750,37554,296,214,186
18751,37556,299,213,187
18752,37558,306,213,186
18753,37560,323,213,187
18754,37562,311,213,187
18755,37564,293,213,187
18756,37566,276,212,186
18757,37568,289,213,187
18758,37570,305,213,187
18759,37572,299,214,187
18760,37574,300,213,187
18761,37576,300,213,189
18762,37578,304,210,185
18763,37580,326,213,186
18764,37582,310,211,186
18765,37584,301,213,186
18766,37586,288,211,184
18767,37588,293,213,186
18768,37590,306,214,184
18769,37592,301,213,187
18770,37594,302,213,184
18771,37596,306,213,185
18772,37598,297,212,184
18773,37600,324,213,186
18774,37602,312,213,186
18775,37604,301,213,186
18776,37606,279,213,186
18777,37608,291,212,186
18778,37610,304,214,187
18779,37612,299,214,184
18780,37614,297,212,184
18781,37616,298,213,186
18782,37618,301,213,185
18783,37620,326,213,187
18784,37622,300,213,185
18785,37624,299,212,186
18786,37626,278,213,185
18787,37628,290,211,186
18788,37630,299,213,186
18789,37632,303,213,185
18790,37634,304,211,184
18791,37636,300,212,185
18792,37638,300,213,185
18793,37640,337,215,186
18794,37642,310,214,185
18795,37644,304,212,185
18796,37646,292,213,188
18797,37648,298,213,186
18798,37650,308,215,186
18799,37652,308,212,186
18800,37654,303,213,184
18801,37656,311,213,185
18802,37658,304,212,188
18803,37660,332,214,186
18804,37662,314,213,184
18805,37664,303,213,183
18806,37666,290,213,183
18807,37668,298,215,184
18808,37670,306,213,184
18809,37672,313,213,186
18810,37674,309,212,185
18811,37676,304,211,185
18812,37678,301,213,189
18813,37680,330,214,187
18814,37682,312,213,185
18815,37684,305,213,187
18816,37686,288,214,188
18817,37688,296,213,188
18818,37690,312,213,186
18819,37692,319,214,184
18820,37694,304,213,185
18821,37696,318,213,186
18822,37698,302,213,186
18823,37700,312,213,186
18824,37702,309,213,185
18825,37704,297,213,185
18826,37706,277,212,186
18827,37708,293,212,185
18828,37710,311,213,185
18829,37712,312,214,187
18830,37714,308,213,186
18831,37716,307,213,185
18832,37718,306,213,185
18833,37720,332,213,185
18834,37722,304,213,185
18835,37724,304,213,185
18836,37726,289,214,185
18837,37728,289,213,185
18838,37730,306,213,183
18839,37732,315,213,183
18840,37734,309,213,185
18841,37736,300,213,185
18842,37738,292,213,185
18843,37740,322,213,188
18844,37742,305,212,185
18845,37744,306,211,185
18846,37746,284,213,185
18847,37748,295,213,186
18848,37750,295,213,185
18849,37752,307,213,185
18850,37754,308,213,186
18851,37756,308,213,186
18852,37758,305,214,186
18853,37760,316,213,186
18854,37762,313,213,185
18855,37764,304,213,185
18856,37766,275,214,185
18857,37768,299,212,185
18858,37770,313,215,185
18859,37772,306,214,186
18860,37774,309,213,185
18861,37776,300,213,185
18862,37778,298,213,186
18863,37780,317,213,183
18864,37782,305,213,185
18865,37784,298,213,184
18866,37786,282,213,184
18867,37788,298,214,183
18868,37790,307,213,186
18869,37792,311,213,188
18870,37794,307,213,186
18871,37796,311,213,187
18872,37798,302,213,184
18873,37800,326,212,188
18874,37802,320,214,186
18875,37804,299,213,186
18876,37806,280,212,188
18877,37808,298,213,187
18878,37810,303,212,185
18879,37812,312,212,185
18880,37814,312,212,184
18881,37816,296,211,185
18882,37818,303,212,186
18883,37820,331,213,187
18884,37822,311,212,186
18885,37824,296,212,186
18886,37826,283,211,184
18887,37828,293,212,186
18888,37830,309,213,185
18889,37832,299,213,186
18890,37834,312,212,186
18891,37836,308,212,187
18892,37838,304,212,186
18893,37840,310,211,185
18894,37842,312,212,186
18895,37844,308,211,185
18896,37846,282,211,186
18897,37848,291,212,185
18898,37850,302,213,188
18899,37852,314,212,186
18900,37854,303,213,186
18901,37856,296,212,188
18902,37858,307,213,188
18903,37860,324,212,190
18904,37862,315,212,186
18905,37864,304,212,187
18906,37866,280,212,186
18907,37868,294,211,185
18908,37870,309,212,187
18909,37872,303,212,187
18910,37874,301,212,187
18911,37876,303,212,186
18912,37878,305,212,189
18913,37880,322,213,189
18914,37882,306,212,189
18915,37884,299,213,188
18916,37886,282,213,187
18917,37888,291,210,186
18918,37890,296,211,187
18919,37892,295,211,187
18920,37894,305,212,188
18921,37896,300,211,187
18922,37898,302,212,189
18923,37900,325,212,187
18924,37902,307,212,187
18925,37904,293,212,189
18926,37906,280,212,188
18927,37908,290,212,185
18928,37910,287,211,186
18929,37912,297,213,189
18930,37914,300,211,189
18931,37916,302,212,187
18932,37918,291,212,187
18933,37920,309,210,188
18934,37922,306,212,188
18935,37924,295,212,187
18936,37926,274,212,187
18937,37928,283,211,186
18938,37930,296,211,185
18939,37932,291,213,187
18940,37934,297,211,187
18941,37936,301,212,187
18942,37938,297,212,186
18943,37940,314,212,187
18944,37942,310,213,187
18945,37944,297,212,188
18946,37946,276,212,185
18947,37948,283,212,187
18948,37950,291,211,185
18949,37952,290,212,187
18950,37954,301,213,187
18951,37956,306,212,187
18952,37958,301,212,186
18953,37960,314,212,188
18954,37962,300,210,187
18955,37964,297,212,187
18956,37966,275,211,186
18957,37968,284,212,186
18958,37970,295,212,185
18959,37972,288,212,187
18960,37974,299,212,187
18961,37976,303,211,187
18962,37978,303,212,188
18963,37980,318,212,189
18964,37982,308,211,187
18965,37984,293,211,187
18966,37986,270,210,187
18967,37988,283,211,186
18968,37990,294,212,188
18969,37992,286,212,188
18970,37994,291,212,187
18971,37996,290,212,188
18972,37998,298,211,187
18973,38000,321,212,187
18974,38002,299,212,189
18975,38004,290,212,185
18976,38006,270,211,187
18977,38008,281,212,188
18978,38010,293,212,187
18979,38012,288,212,188
18980,38014,291,212,188
18981,38016,300,212,188
18982,38018,300,212,188
18983,38020,324,212,188
18984,38022,309,211,188
18985,38024,296,212,189
18986,38026,280,212,189
18987,38028,282,212,186
18988,38030,297,212,187
18989,38032,295,212,188
18990,38034,291,212,189
18991,38036,303,211,189
18992,38038,305,212,189
18993,38040,325,212,188
18994,38042,312,213,189
18995,38044,300,211,187
18996,38046,280,211,187
18997,38048,287,212,187
18998,38050,303,211,187
18999,38052,297,212,189
19000,38054,301,212,188
19001,38056,297,212,188
19002,38058,305,212,187
19003,38060,318,211,189
19004,38062,313,211,187
19005,38064,301,211,189
19006,38066,270,211,189
19007,38068,282,211,187
19008,38070,297,211,187
19009,38072,291,211,187
19010,38074,293,212,188
19011,38076,282,211,188
19012,38078,305,211,187
19013,38080,324,211,188
19014,38082,310,211,185
19015,38084,298,211,188
19016,38086,277,211,186
19017,38088,281,211,188
19018,38090,295,211,187
19019,38092,297,212,189
19020,38094,299,211,188
19021,38096,297,212,188
19022,38098,306,210,187
19023,38100,325,212,191
19024,38102,302,211,188
19025,38104,298,211,188
19026,38106,282,211,187
19027,38108,287,211,187
19028,38110,299,211,187
19029,38112,307,211,189
19030,38114,301,211,188
19031,38116,300,211,189
19032,38118,309,211,187
19033,38120,318,212,190
19034,38122,307,211,188
19035,38124,296,211,190
19036,38126,277,210,188
19037,38128,289,211,188
19038,38130,288,211,188
19039,38132,298,212,191
19040,38134,298,212,188
19041,38136,307,211,188
19042,38138,305,212,190
19043,38140,319,211,189
19044,38142,300,211,189
19045,38144,300,211,189
19046,38146,270,212,189
19047,38148,288,211,189
19048,38150,302,211,188
19049,38152,296,211,192
19050,38154,292,211,189
19051,38156,300,212,189
19052,38158,305,211,190
19053,38160,321,211,189
19054,38162,306,211,188
19055,38164,293,211,190
19056,38166,277,213,188
19057,38168,286,211,190
19058,38170,296,211,186
19059,38172,298,210,189
19060,38174,314,211,188
19061,38176,303,211,187
19062,38178,308,211,189
19063,38180,326,210,188
19064,38182,296,211,188
19065,38184,298,210,189
19066,38186,278,211,189
19067,38188,290,210,192
19068,38190,301,211,189
19069,38192,302,211,188
19070,38194,300,211,189
19071,38196,298,210,190
19072,38198,310,210,189
19073,38200,325,212,190
19074,38202,309,209,189
19075,38204,306,211,188
19076,38206,278,210,188
19077,38208,286,210,189
19078,38210,293,210,190
19079,38212,295,209,190
19080,38214,301,209,190
19081,38216,300,210,188
19082,38218,308,209,189
19083,38220,324,210,190
19084,38222,307,210,189
19085,38224,303,208,190
19086,38226,275,209,188
19087,38228,289,210,190
19088,38230,302,209,190
19089,38232,302,210,189
19090,38234,305,210,192
19091,38236,296,210,190
19092,38238,309,210,190
19093,38240,332,210,187
19094,38242,305,210,188
19095,38244,307,208,187
19096,38246,277,210,188
19097,38248,290,210,188
19098,38250,299,210,185
19099,38252,298,210,189
19100,38254,296,211,188
19101,38256,302,211,189
19102,38258,311,211,190
19103,38260,329,211,191
19104,38262,311,211,190
19105,38264,300,211,189
19106,38266,279,212,189
19107,38268,288,213,189
19108,38270,301,211,187
19109,38272,304,212,188
19110,38274,308,213,189
19111,38276,299,212,188
19112,38278,315,211,188
19113,38280,326,214,187
19114,38282,305,212,188
19115,38284,299,213,190
19116,38286,280,213,187
19117,38288,290,213,188
19118,38290,296,213,189
19119,38292,302,213,189
19120,38294,305,214,199
19121,38296,301,213,189
19122,38298,315,212,189
19123,38300,320,213,189
19124,38302,297,213,189
19125,38304,299,213,189
19126,38306,276,213,189
19127,38308,290,213,189
19128,38310,298,216,190
19129,38312,303,216,188
19130,38314,300,214,189
19131,38316,301,211,189
19132,38318,319,214,190
19133,38320,324,214,189
19134,38322,299,213,189
19135,38324,298,214,189
19136,38326,278,214,191
19137,38328,287,212,189
19138,38330,298,214,187
19139,38332,300,214,189
19140,38334,306,214,189
19141,38336,298,214,189
19142,38338,320,214,189
19143,38340,322,214,190
19144,38342,295,214,189
19145,38344,289,214,190
19146,38346,281,214,186
19147,38348,288,214,188
19148,38350,288,214,188
19149,38352,300,213,189
19150,38354,294,214,192
19151,38356,296,213,189
19152,38358,321,214,189
19153,38360,318,214,190
19154,38362,299,213,189
19155,38364,288,211,190
19156,38366,275,214,189
19157,38368,286,213,189
19158,38370,295,214,188
19159,38372,303,213,187
19160,38374,300,214,190
19161,38376,295,214,189
19162,38378,316,213,190
19163,38380,318,214,191
19164,38382,301,212,189
19165,38384,296,214,189
19166,38386,269,213,187
19167,38388,286,213,188
19168,38390,296,213,188
19169,38392,301,214,190
19170,38394,305,213,188
19171,38396,295,213,190
19172,38398,329,213,190
19173,38400,320,212,189
19174,38402,302,214,189
19175,38404,290,213,189
19176,38406,277,213,188
19177,38408,283,213,191
19178,38410,296,212,188
19179,38412,296,213,189
19180,38414,299,213,187
19181,38416,293,213,190
19182,38418,321,213,189
19183,38420,333,214,188
19184,38422,298,213,188
19185,38424,299,213,189
19186,38426,279,213,188
19187,38428,287,212,188
19188,38430,298,213,189
19189,38432,297,212,188
19190,38434,297,212,187
19191,38436,293,213,189
19192,38438,314,212,188
19193,38440,313,213,192
19194,38442,298,212,190
19195,38444,291,211,190
19196,38446,267,211,189
19197,38448,281,212,189
19198,38450,295,212,190
19199,38452,295,212,189
19200,38454,296,212,187
19201,38456,294,212,191
19202,38458,308,211,189
19203,38460,314,211,190
19204,38462,301,211,188
19205,38464,287,211,189
19206,38466,272,212,188
19207,38468,279,212,189
19208,38470,294,212,187
19209,38472,306,212,189
19210,38474,297,211,189
19211,38476,299,212,190
19212,38478,321,212,189
19213,38480,316,212,187
19214,38482,299,212,188
19215,38484,292,211,191
19216,38486,269,212,187
19217,38488,287,212,189
19218,38490,295,213,188
19219,38492,299,212,189
19220,38494,299,211,186
19221,38496,298,213,188
19222,38498,327,212,189
19223,38500,322,211,189
19224,38502,301,211,189
19225,38504,288,212,189
19226,38506,275,211,190
19227,38508,282,211,189
19228,38510,298,211,191
19229,38512,297,212,189
19230,38514,298,212,189
19231,38516,302,212,186
19232,38518,309,211,189
19233,38520,320,212,191
19234,38522,305,211,189
19235,38524,293,212,190
19236,38526,271,212,189
19237,38528,284,212,188
19238,38530,291,212,190
19239,38532,298,212,189
19240,38534,300,212,192
19241,38536,298,212,190
19242,38538,323,212,190
19243,38540,318,212,191
19244,38542,304,212,191
19245,38544,292,211,190
19246,38546,270,211,190
19247,38548,283,211,189
19248,38550,293,213,191
19249,38552,292,212,190
19250,38554,298,212,190
19251,38556,296,212,190
19252,38558,322,212,191
19253,38560,322,211,189
19254,38562,304,212,191
19255,38564,291,212,187
19256,38566,271,211,189
19257,38568,282,212,189
19258,38570,297,211,192
19259,38572,291,212,189
19260,38574,294,212,191
19261,38576,296,212,190
19262,38578,325,212,191
19263,38580,321,212,190
19264,38582,306,212,191
19265,38584,298,211,189
19266,38586,276,210,188
19267,38588,286,211,188
19268,38590,299,211,191
19269,38592,291,212,190
19270,38594,303,212,187
19271,38596,298,212,190
19272,38598,322,212,189
19273,38600,311,212,189
19274,38602,302,212,189
19275,38604,298,212,189
19276,38606,270,212,189
19277,38608,287,212,188
19278,38610,299,212,189
19279,38612,303,211,190
19280,38614,314,212,191
19281,38616,303,212,189
19282,38618,325,212,188
19283,38620,322,212,189
19284,38622,309,212,189
19285,38624,279,212,190
19286,38626,276,213,188
19287,38628,289,212,189
19288,38630,302,213,190
19289,38632,302,213,190
19290,38634,301,212,189
19291,38636,307,212,189
19292,38638,326,212,190
19293,38640,321,212,189
19294,38642,304,211,188
19295,38644,304,212,189
19296,38646,277,211,189
19297,38648,284,212,189
19298,38650,295,211,188
19299,38652,303,212,189
19300,38654,302,212,188
19301,38656,307,211,189
19302,38658,325,212,189
19303,38660,316,212,190
19304,38662,306,212,188
19305,38664,302,211,188
19306,38666,279,211,188
19307,38668,287,212,189
19308,38670,304,212,188
19309,38672,296,212,188
19310,38674,312,213,188
19311,38676,308,212,189
19312,38678,328,211,189
19313,38680,315,213,189
19314,38682,306,212,188
19315,38684,299,211,189
19316,38686,275,211,190
19317,38688,284,211,187
19318,38690,301,212,186
19319,38692,311,211,190
19320,38694,302,211,191
19321,38696,299,209,190
19322,38698,334,211,190
19323,38700,322,210,190
19324,38702,304,210,189
19325,38704,294,211,190
19326,38706,280,210,189
19327,38708,287,210,190
19328,38710,303,211,189
19329,38712,299,211,191
19330,38714,301,210,189
19331,38716,304,209,190
19332,38718,324,210,190
19333,38720,325,209,191
19334,38722,307,210,190
19335,38724,306,211,188
19336,38726,277,210,189
19337,38728,287,210,190
19338,38730,303,210,187
19339,38732,301,210,190
19340,38734,305,210,191
19341,38736,294,210,190
19342,38738,328,209,189
19343,38740,324,210,190
19344,38742,310,211,190
19345,38744,303,209,189
19346,38746,273,210,189
19347,38748,284,210,191
19348,38750,287,209,189
19349,38752,303,210,190
19350,38754,301,210,190
19351,38756,298,209,191
19352,38758,324,210,193
19353,38760,315,210,190
19354,38762,310,209,191
19355,38764,300,210,189
19356,38766,276,210,189
19357,38768,288,210,190
19358,38770,302,210,189
19359,38772,296,209,190
19360,38774,302,210,189
19361,38776,301,210,193
19362,38778,324,210,189
19363,38780,318,209,190
19364,38782,306,210,190
19365,38784,295,209,189
19366,38786,266,210,189
19367,38788,284,209,188
19368,38790,296,209,187
19369,38792,295,209,188
19370,38794,300,209,188
19371,38796,307,209,188
19372,38798,321,209,189
19373,38800,318,209,189
19374,38802,305,210,189
19375,38804,301,209,189
19376,38806,272,210,189
19377,38808,288,209,190
19378,38810,298,209,190
19379,38812,298,209,188
19380,38814,296,209,189
19381,38816,298,209,187
19382,38818,321,209,189
19383,38820,315,210,190
19384,38822,292,209,189
19385,38824,295,210,190
19386,38826,276,209,189
19387,38828,286,210,190
19388,38830,294,209,189
19389,38832,299,209,188
19390,38834,307,210,190
19391,38836,296,210,189
19392,38838,319,210,192
19393,38840,310,209,189
19394,38842,294,209,190
19395,38844,293,210,190
19396,38846,275,209,188
19397,38848,289,210,191
19398,38850,301,209,188
19399,38852,299,210,189
19400,38854,293,209,188
19401,38856,301,209,188
19402,38858,324,210,190
19403,38860,323,210,190
19404,38862,299,210,189
19405,38864,297,210,188
19406,38866,282,210,189
19407,38868,289,209,188
19408,38870,305,210,189
19409,38872,295,209,188
19410,38874,299,209,189
19411,38876,302,211,189
19412,38878,322,210,189
19413,38880,322,211,190
19414,38882,305,211,188
19415,38884,301,210,189
19416,38886,277,210,186
19417,38888,286,211,188
19418,38890,295,210,188
19419,38892,298,210,185
19420,38894,301,210,187
19421,38896,304,210,190
19422,38898,323,210,187
19423,38900,318,210,188
19424,38902,297,211,188
19425,38904,295,210,185
19426,38906,274,210,188
19427,38908,286,211,189
19428,38910,301,210,188
19429,38912,302,210,188
19430,38914,300,211,189
19431,38916,294,211,191
19432,38918,321,211,190
19433,38920,317,211,189
19434,38922,304,210,188
19435,38924,292,210,188
19436,38926,282,210,188
19437,38928,288,210,189
19438,38930,302,210,186
19439,38932,312,209,187
19440,38934,302,209,188
19441,38936,296,210,187
19442,38938,330,210,188
19443,38940,324,210,188
19444,38942,300,210,189
19445,38944,301,210,186
19446,38946,284,209,186
19447,38948,298,210,187
19448,38950,307,210,187
19449,38952,310,209,186
19450,38954,305,210,186
19451,38956,299,210,186
19452,38958,326,212,187
19453,38960,324,210,186
19454,38962,303,208,187
19455,38964,300,210,186
19456,38966,281,209,184
19457,38968,286,210,185
19458,38970,299,208,184
19459,38972,301,210,186
19460,38974,302,211,186
19461,38976,291,210,187
19462,38978,320,210,185
19463,38980,321,209,190
19464,38982,296,210,188
19465,38984,296,210,187
19466,38986,281,209,188
19467,38988,289,210,188
19468,38990,296,210,187
19469,38992,301,210,187
19470,38994,302,210,184
19471,38996,298,209,188
19472,38998,325,211,187
19473,39000,314,210,181
19474,39002,299,211,184
19475,39004,287,210,186
19476,39006,281,211,183
19477,39008,282,211,180
19478,39010,294,211,180
19479,39012,292,211,181
19480,39014,297,211,179
19481,39016,301,212,178
19482,39018,306,211,175
19483,39020,316,212,181
19484,39022,297,212,175
19485,39024,288,210,174
19486,39026,281,214,170
19487,39028,285,213,172
19488,39030,303,213,170
19489,39032,288,213,169
19490,39034,301,213,166
19491,39036,298,212,163
19492,39038,308,213,163
19493,39040,306,213,164
19494,39042,300,212,160
19495,39044,289,212,158
19496,39046,272,212,153
19497,39048,295,214,153
19498,39050,300,213,153
19499,39052,300,213,152
19500,39054,297,213,148
19501,39056,309,217,148
19502,39058,327,213,148
19503,39060,319,213,149
19504,39062,304,212,151
19505,39064,294,213,149
19506,39066,283,211,148
19507,39068,295,213,148
19508,39070,303,212,147
19509,39072,307,211,144
19510,39074,300,212,147
19511,39076,292,212,146
19512,39078,326,211,147
19513,39080,330,213,144
19514,39082,309,212,144
19515,39084,298,211,143
19516,39086,290,212,141
19517,39088,293,211,144
19518,39090,304,212,142
19519,39092,307,213,144
19520,39094,308,211,145
19521,39096,291,211,143
19522,39098,326,213,145
19523,39100,328,213,143
19524,39102,307,212,143
19525,39104,293,213,146
19526,39106,282,213,141
19527,39108,293,212,141
19528,39110,305,213,142
19529,39112,295,212,144
19530,39114,308,213,142
19531,39116,305,213,144
19532,39118,326,213,144
19533,39120,321,212,142
19534,39122,304,212,145
19535,39124,301,213,143
19536,39126,283,213,144
19537,39128,292,211,144
19538,39130,300,212,143
19539,39132,306,213,145
19540,39134,302,213,146
19541,39136,304,213,144
19542,39138,323,213,145
19543,39140,326,212,145
19544,39142,308,213,144
19545,39144,297,212,145
19546,39146,285,213,143
19547,39148,295,213,145
19548,39150,301,213,145
19549,39152,300,213,145
19550,39154,306,213,144
19551,39156,303,213,144
19552,39158,330,213,146
19553,39160,324,213,146
19554,39162,310,212,146
19555,39164,299,212,147
19556,39166,289,213,147
19557,39168,292,212,148
19558,39170,306,214,146
19559,39172,308,213,147
19560,39174,309,213,146
19561,39176,302,214,148
19562,39178,324,213,146
19563,39180,324,213,149
19564,39182,308,213,148
19565,39184,293,213,148
19566,39186,280,213,148
19567,39188,288,213,146
19568,39190,304,214,146
19569,39192,303,214,148
19570,39194,304,213,148
19571,39196,300,213,148
19572,39198,326,213,149
19573,39200,324,213,150
19574,39202,302,213,148
19575,39204,295,213,149
19576,39206,282,213,150
19577,39208,292,212,149
19578,39210,300,213,151
19579,39212,298,213,153
19580,39214,304,212,153
19581,39216,305,212,153
19582,39218,327,212,154
19583,39220,324,213,156
19584,39222,311,213,156
19585,39224,290,212,154
19586,39226,279,213,155
19587,39228,295,213,156
19588,39230,313,213,155
19589,39232,302,213,155
19590,39234,305,212,157
19591,39236,300,212,155
19592,39238,328,213,157
19593,39240,331,213,157
19594,39242,311,212,157
19595,39244,301,212,158
19596,39246,293,212,156
19597,39248,294,212,157
19598,39250,306,213,156
19599,39252,300,214,159
19600,39254,310,213,159
19601,39256,309,213,159
19602,39258,330,212,159
19603,39260,332,212,159
19604,39262,316,213,162
19605,39264,296,213,162
19606,39266,280,214,165
19607,39268,292,212,172
19608,39270,310,214,174
19609,39272,312,211,175
19610,39274,306,214,174
19611,39276,312,214,174
19612,39278,337,213,174
19613,39280,326,215,176
19614,39282,316,215,178
19615,39284,302,214,178
19616,39286,282,213,177
19617,39288,293,213,177
19618,39290,315,214,179
19619,39292,308,214,182
19620,39294,312,214,181
19621,39296,312,214,180
19622,39298,341,214,183
19623,39300,338,215,184
19624,39302,320,214,183
19625,39304,298,214,185
19626,39306,286,214,185
19627,39308,298,214,187
19628,39310,307,214,185
19629,39312,304,212,187
19630,39314,310,214,186
19631,39316,305,214,190
19632,39318,333,215,190
19633,39320,333,214,189
19634,39322,314,214,190
19635,39324,294,214,189
19636,39326,288,213,189
19637,39328,293,213,193
19638,39330,308,214,191
19639,39332,303,214,191
19640,39334,317,213,190
19641,39336,300,213,192
19642,39338,335,213,191
19643,39340,336,214,191
19644,39342,316,214,190
19645,39344,298,213,191
19646,39346,291,214,193
19647,39348,295,214,193
19648,39350,309,214,194
19649,39352,304,214,194
19650,39354,308,214,194
19651,39356,312,214,195
19652,39358,338,214,193
19653,39360,342,215,195
19654,39362,319,214,195
19655,39364,298,213,193
19656,39366,290,214,195
19657,39368,292,214,194
19658,39370,308,214,192
19659,39372,324,214,193
19660,39374,308,214,193
19661,39376,314,214,193
19662,39378,340,214,195
19663,39380,343,214,190
19664,39382,319,215,192
19665,39384,294,214,194
19666,39386,285,213,192
19667,39388,298,214,194
19668,39390,309,215,194
19669,39392,308,214,194
19670,39394,306,214,193
19671,39396,316,213,193
19672,39398,338,214,194
19673,39400,336,214,190
19674,39402,318,214,193
19675,39404,294,214,193
19676,39406,288,214,193
19677,39408,304,215,195
19678,39410,301,214,193
19679,39412,302,214,193
19680,39414,301,214,193
19681,39416,315,215,195
19682,39418,337,214,194
19683,39420,328,213,194
19684,39422,315,214,194
19685,39424,294,214,194
19686,39426,280,214,195
19687,39428,308,214,194
19688,39430,310,214,194
19689,39432,302,215,195
19690,39434,309,215,194
19691,39436,302,215,195
19692,39438,331,214,194
19693,39440,325,215,196
19694,39442,311,214,194
19695,39444,293,214,194
19696,39446,286,215,195
19697,39448,305,214,193
19698,39450,307,214,194
19699,39452,308,214,195
19700,39454,307,214,195
19701,39456,308,214,194
19702,39458,338,214,194
19703,39460,334,214,194
19704,39462,313,214,194
19705,39464,283,214,194
19706,39466,280,213,195
19707,39468,307,214,194
19708,39470,310,214,195
19709,39472,307,214,194
19710,39474,309,215,197
19711,39476,313,214,195
19712,39478,336,215,196
19713,39480,320,214,195
19714,39482,313,214,197
19715,39484,293,214,196
19716,39486,286,214,196
19717,39488,308,214,196
19718,39490,306,214,195
19719,39492,310,214,195
19720,39494,317,214,195
19721,39496,318,214,194
19722,39498,337,214,194
19723,39500,333,214,195
19724,39502,322,213,194
19725,39504,309,214,195
19726,39506,291,215,194
19727,39508,308,214,194
19728,39510,323,214,194
19729,39512,317,213,194
19730,39514,311,214,192
19731,39516,316,214,193
19732,39518,338,213,193
19733,39520,333,214,196
19734,39522,315,214,194
19735,39524,300,214,194
19736,39526,290,213,193
19737,39528,308,214,195
19738,39530,311,214,194
19739,39532,306,214,195
19740,39534,312,214,195
19741,39536,310,214,194
19742,39538,337,215,195
19743,39540,331,215,196
19744,39542,300,214,195
19745,39544,291,214,195
19746,39546,287,214,195
19747,39548,299,214,194
19748,39550,313,213,197
19749,39552,315,214,195
19750,39554,304,214,195
19751,39556,309,214,197
19752,39558,341,214,197
19753,39560,333,214,195
19754,39562,310,214,196
19755,39564,293,215,196
19756,39566,291,214,194
19757,39568,308,214,198
19758,39570,295,214,196
19759,39572,309,215,195
19760,39574,304,213,195
19761,39576,313,215,195
19762,39578,344,216,195
19763,39580,331,214,195
19764,39582,300,215,194
19765,39584,294,214,196
19766,39586,290,214,193
19767,39588,311,215,196
19768,39590,315,215,196
19769,39592,312,214,196
19770,39594,307,215,195
19771,39596,311,214,197
19772,39598,331,215,198
19773,39600,336,214,196
19774,39602,310,215,195
19775,39604,295,215,195
19776,39606,291,214,194
19777,39608,309,215,197
19778,39610,302,215,197
19779,39612,314,214,197
19780,39614,305,214,195
19781,39616,311,215,195
19782,39618,333,215,197
19783,39620,333,214,196
19784,39622,305,215,194
19785,39624,298,216,195
19786,39626,284,215,196
19787,39628,306,215,195
19788,39630,310,214,196
19789,39632,316,215,196
19790,39634,303,215,197
19791,39636,310,215,198
19792,39638,331,215,197
19793,39640,325,214,197
19794,39642,311,214,195
19795,39644,296,215,194
19796,39646,291,216,196
19797,39648,305,214,195
19798,39650,310,216,196
19799,39652,308,215,196
19800,39654,312,216,196
19801,39656,314,215,197
19802,39658,339,217,195
19803,39660,320,216,197
19804,39662,313,217,194
19805,39664,293,215,196
19806,39666,289,215,195
19807,39668,308,215,198
19808,39670,313,215,196
19809,39672,316,216,197
19810,39674,310,215,196
19811,39676,312,216,197
19812,39678,328,215,195
19813,39680,335,215,196
19814,39682,304,215,195
19815,39684,291,215,196
19816,39686,286,215,197
19817,39688,308,215,198
19818,39690,310,214,196
19819,39692,313,216,196
19820,39694,308,215,196
19821,39696,309,215,195
19822,39698,332,215,197
19823,39700,333,215,196
19824,39702,307,215,198
19825,39704,293,216,199
19826,39706,291,215,196
19827,39708,315,214,196
19828,39710,308,215,196
19829,39712,311,216,195
19830,39714,316,215,195
19831,39716,314,214,197
19832,39718,339,215,196
19833,39720,332,216,198
19834,39722,311,215,196
19835,39724,292,215,196
19836,39726,296,215,196
19837,39728,313,214,196
19838,39730,308,215,196
19839,39732,315,214,196
19840,39734,313,216,197
19841,39736,312,216,198
19842,39738,333,213,196
19843,39740,326,214,198
19844,39742,311,215,196
19845,39744,294,215,197
19846,39746,297,215,196
19847,39748,322,215,198
19848,39750,316,216,199
19849,39752,308,215,197
19850,39754,311,215,198
19851,39756,313,215,197
19852,39758,338,215,196
19853,39760,330,215,197
19854,39762,316,216,197
19855,39764,293,215,196
19856,39766,289,215,197
19857,39768,308,215,197
19858,39770,309,216,197
19859,39772,313,216,197
19860,39774,312,216,196
19861,39776,306,215,194
19862,39778,335,216,196
19863,39780,329,216,196
19864,39782,310,216,196
19865,39784,291,216,196
19866,39786,298,216,196
19867,39788,315,216,196
19868,39790,313,214,195
19869,39792,319,215,196
19870,39794,314,215,196
19871,39796,309,216,196
19872,39798,341,215,196
19873,39800,336,216,197
19874,39802,316,216,196
19875,39804,295,215,195
19876,39806,292,216,195
19877,39808,317,215,195
19878,39810,319,216,196
19879,39812,330,216,196
19880,39814,313,216,197
19881,39816,322,216,195
19882,39818,337,216,193
19883,39820,331,216,197
19884,39822,317,216,196
19885,39824,297,214,193
19886,39826,290,215,195
19887,39828,313,216,197
19888,39830,317,216,195
19889,39832,318,216,195
19890,39834,317,216,195
19891,39836,311,216,195
19892,39838,340,215,197
19893,39840,329,216,195
19894,39842,323,216,196
19895,39844,295,215,195
19896,39846,291,216,193
19897,39848,312,217,195
19898,39850,313,216,193
19899,39852,314,216,196
19900,39854,319,216,196
19901,39856,320,217,196
19902,39858,341,216,195
19903,39860,323,217,197
19904,39862,323,216,196
19905,39864,297,216,195
19906,39866,292,216,194
19907,39868,313,216,195
19908,39870,314,216,194
19909,39872,320,217,197
19910,39874,321,216,194
19911,39876,321,216,195
19912,39878,345,217,196
19913,39880,337,216,196
19914,39882,325,217,197
19915,39884,292,216,197
19916,39886,296,217,197
19917,39888,317,217,198
19918,39890,315,216,195
19919,39892,322,216,198
19920,39894,319,217,196
19921,39896,317,216,198
19922,39898,346,216,196
19923,39900,332,216,198
19924,39902,319,217,196
19925,39904,293,216,197
19926,39906,298,216,197
19927,39908,311,216,196
19928,39910,314,216,197
19929,39912,313,215,197
19930,39914,318,216,197
19931,39916,320,217,197
19932,39918,337,218,196
19933,39920,334,217,197
19934,39922,323,216,199
19935,39924,294,216,197
19936,39926,293,214,196
19937,39928,318,217,198
19938,39930,314,217,198
19939,39932,316,216,197
19940,39934,312,217,197
19941,39936,320,216,198
19942,39938,345,216,199
19943,39940,329,216,197
19944,39942,317,216,196
19945,39944,295,215,196
19946,39946,298,217,197
19947,39948,317,217,196
19948,39950,314,217,197
19949,39952,312,217,200
19950,39954,316,216,196
19951,39956,319,217,197
19952,39958,340,217,198
19953,39960,333,217,198
19954,39962,324,216,197
19955,39964,299,216,197
19956,39966,301,216,198
19957,39968,322,216,198
19958,39970,309,216,196
19959,39972,321,216,197
19960,39974,321,216,198
19961,39976,315,217,198
19962,39978,338,216,197
19963,39980,341,215,199
19964,39982,328,216,197
19965,39984,295,216,198
19966,39986,293,217,197
19967,39988,316,217,201
19968,39990,311,216,197
19969,39992,312,216,197
19970,39994,315,216,197
19971,39996,310,217,198
19972,39998,343,216,197
19973,40000,324,216,198
19974,40002,325,216,197
19975,40004,294,216,198
19976,40006,305,217,198
19977,40008,314,216,198
19978,40010,312,217,196
19979,40012,315,216,197
19980,40014,318,217,198
19981,40016,312,216,197
19982,40018,343,216,198
19983,40020,334,216,198
19984,40022,319,217,198
19985,40024,296,216,197
19986,40026,294,216,197
19987,40028,314,216,199
19988,40030,313,215,197
19989,40032,316,217,198
19990,40034,314,216,197
19991,40036,321,216,197
19992,40038,339,217,197
19993,40040,332,217,197
19994,40042,321,216,198
19995,40044,288,216,198
19996,40046,297,217,198
19997,40048,312,217,198
19998,40050,311,216,198
19999,40052,319,216,198
20000,40054,313,216,199
20001,40056,308,216,198
20002,40058,336,217,199
20003,40060,334,217,198
20004,40062,321,216,198
20005,40064,287,216,198
20006,40066,290,216,198
20007,40068,310,216,198
20008,40070,307,217,199
20009,40072,315,216,199
20010,40074,311,216,199
20011,40076,312,216,197
20012,40078,334,216,198
20013,40080,322,216,198
20014,40082,316,216,198
20015,40084,286,217,197
20016,40086,287,216,197
20017,40088,311,217,199
20018,40090,314,217,197
20019,40092,313,216,197
20020,40094,311,217,198
20021,40096,311,216,198
20022,40098,334,217,198
20023,40100,328,216,198
20024,40102,313,217,197
20025,40104,298,216,197
20026,40106,286,216,198
20027,40108,296,215,196
20028,40110,311,217,197
20029,40112,304,217,199
20030,40114,305,216,197
20031,40116,312,216,197
20032,40118,340,217,198
20033,40120,329,216,196
20034,40122,306,216,200
20035,40124,288,216,195
20036,40126,294,216,198
20037,40128,306,216,197
20038,40130,310,216,198
20039,40132,311,216,198
20040,40134,310,217,198
20041,40136,313,216,195
20042,40138,335,217,198
20043,40140,335,216,199
20044,40142,312,216,199
20045,40144,290,215,196
20046,40146,281,217,198
20047,40148,307,216,196
20048,40150,313,216,199
20049,40152,304,216,197
20050,40154,313,216,198
20051,40156,317,217,199
20052,40158,334,217,197
20053,40160,317,217,199
20054,40162,317,217,195
20055,40164,299,216,198
20056,40166,280,217,197
20057,40168,318,216,198
20058,40170,312,217,200
20059,40172,311,217,197
20060,40174,304,216,199
20061,40176,310,217,198
20062,40178,336,216,197
20063,40180,326,217,199
20064,40182,307,217,198
20065,40184,292,217,194
20066,40186,289,216,196
20067,40188,312,216,196
20068,40190,311,216,196
20069,40192,307,217,198
20070,40194,298,215,196
20071,40196,308,216,198
20072,40198,338,217,197
20073,40200,323,217,196
20074,40202,300,216,199
20075,40204,293,216,197
20076,40206,295,215,198
20077,40208,307,215,196
20078,40210,310,214,201
20079,40212,309,216,196
20080,40214,300,216,197
20081,40216,303,215,195
20082,40218,336,215,197
20083,40220,322,214,196
20084,40222,300,215,197
20085,40224,283,215,197
20086,40226,290,214,196
20087,40228,299,215,197
20088,40230,306,214,197
20089,40232,304,214,196
20090,40234,299,214,196
20091,40236,298,215,198
20092,40238,341,215,198
20093,40240,321,215,197
20094,40242,305,215,195
20095,40244,292,214,197
20096,40246,294,215,198
20097,40248,295,214,196
20098,40250,308,213,197
20099,40252,306,215,197
20100,40254,307,215,196
20101,40256,306,215,198
20102,40258,311,216,199
20103,40260,318,215,198
20104,40262,305,214,198
20105,40264,286,215,197
20106,40266,289,214,197
20107,40268,309,216,198
20108,40270,302,214,196
20109,40272,312,215,196
20110,40274,310,215,197
20111,40276,292,214,194
20112,40278,339,215,196
20113,40280,318,215,200
20114,40282,317,215,198
20115,40284,287,215,195
20116,40286,289,214,196
20117,40288,302,214,195
20118,40290,302,214,195
20119,40292,310,216,196
20120,40294,303,214,193
20121,40296,303,215,195
20122,40298,331,215,196
20123,40300,327,214,194
20124,40302,303,215,195
20125,40304,287,215,195
20126,40306,289,214,195
20127,40308,317,215,196
20128,40310,314,214,194
20129,40312,306,215,196
20130,40314,302,215,195
20131,40316,305,216,195
20132,40318,337,215,194
20133,40320,326,215,195
20134,40322,311,215,196
20135,40324,292,214,195
20136,40326,288,215,197
20137,40328,316,214,195
20138,40330,309,215,197
20139,40332,310,215,196
20140,40334,308,214,196
20141,40336,305,213,195
20142,40338,335,215,199
20143,40340,322,215,196
20144,40342,311,216,197
20145,40344,295,215,197
20146,40346,294,214,195
20147,40348,313,216,199
20148,40350,313,213,198
20149,40352,305,215,199
20150,40354,315,215,198
20151,40356,317,215,199
20152,40358,335,214,200
20153,40360,327,215,199
20154,40362,316,215,198
20155,40364,293,215,198
20156,40366,293,214,197
20157,40368,310,214,200
20158,40370,309,215,198
20159,40372,314,215,197
20160,40374,308,215,198
20161,40376,302,216,200
20162,40378,335,215,198
20163,40380,321,215,198
20164,40382,320,215,198
20165,40384,286,215,196
20166,40386,291,215,197
20167,40388,316,215,198
20168,40390,312,215,197
20169,40392,314,215,198
20170,40394,305,216,197
20171,40396,314,216,195
20172,40398,335,216,196
20173,40400,324,214,198
20174,40402,311,214,197
20175,40404,296,215,197
20176,40406,290,215,197
20177,40408,317,213,198
20178,40410,314,215,197
20179,40412,310,215,197
20180,40414,313,215,197
20181,40416,311,215,195
20182,40418,337,214,197
20183,40420,321,214,197
20184,40422,319,214,197
20185,40424,294,214,195
20186,40426,294,215,197
20187,40428,316,216,198
20188,40430,311,215,197
20189,40432,314,215,197
20190,40434,311,214,196
20191,40436,310,215,197
20192,40438,333,215,198
20193,40440,318,214,196
20194,40442,342,215,197
20195,40444,300,215,196
20196,40446,297,214,195
20197,40448,314,215,197
20198,40450,308,216,196
20199,40452,313,216,198
20200,40454,309,216,199
20201,40456,311,214,196
20202,40458,346,216,197
20203,40460,331,215,198
20204,40462,317,215,199
20205,40464,296,214,197
20206,40466,297,216,196
20207,40468,323,214,199
20208,40470,313,215,196
20209,40472,313,215,197
20210,40474,312,215,198
20211,40476,318,215,199
20212,40478,343,215,197
20213,40480,334,216,199
20214,40482,321,216,199
20215,40484,294,216,198
20216,40486,293,217,198
20217,40488,317,216,198
20218,40490,314,217,197
20219,40492,312,216,199
20220,40494,315,215,197
20221,40496,310,215,197
20222,40498,337,217,198
20223,40500,329,217,198
20224,40502,316,216,197
20225,40504,288,216,195
20226,40506,288,216,196
20227,40508,316,216,194
20228,40510,309,215,194
20229,40512,310,217,195
20230,40514,312,217,196
20231,40516,308,217,196
20232,40518,340,217,196
20233,40520,327,216,195
20234,40522,313,216,195
20235,40524,294,217,192
20236,40526,293,216,195
20237,40528,312,217,195
20238,40530,316,216,196
20239,40532,313,216,195
20240,40534,316,217,197
20241,40536,309,217,195
20242,40538,340,216,195
20243,40540,322,217,196
20244,40542,317,216,195
20245,40544,302,216,196
20246,40546,296,216,195
20247,40548,315,215,195
20248,40550,306,215,195
20249,40552,310,216,196
20250,40554,311,218,195
20251,40556,313,215,194
20252,40558,343,217,193
20253,40560,326,217,195
20254,40562,326,217,194
20255,40564,297,217,195
20256,40566,293,217,194
20257,40568,325,216,195
20258,40570,313,216,194
20259,40572,316,217,193
20260,40574,313,216,193
20261,40576,319,217,196
20262,40578,342,218,195
20263,40580,334,217,194
20264,40582,325,216,193
20265,40584,300,217,193
20266,40586,293,217,195
20267,40588,318,217,194
20268,40590,316,218,194
20269,40592,309,217,194
20270,40594,323,218,195
20271,40596,318,217,196
20272,40598,340,217,196
20273,40600,325,217,195
20274,40602,315,217,192
20275,40604,292,217,195
20276,40606,297,217,195
20277,40608,315,216,195
20278,40610,310,216,194
20279,40612,312,217,194
20280,40614,318,216,193
20281,40616,315,216,194
20282,40618,342,217,196
20283,40620,332,216,194
20284,40622,320,217,194
20285,40624,296,217,196
20286,40626,299,217,196
20287,40628,313,217,195
20288,40630,310,217,197
20289,40632,312,216,197
20290,40634,313,217,195
20291,40636,318,215,194
20292,40638,347,216,196
20293,40640,330,217,196
20294,40642,326,218,193
20295,40644,297,216,196
20296,40646,294,216,194
20297,40648,309,217,197
20298,40650,307,217,195
20299,40652,312,215,196
20300,40654,311,216,196
20301,40656,314,217,195
20302,40658,340,216,199
20303,40660,334,217,195
20304,40662,322,216,195
20305,40664,295,217,195
20306,40666,293,217,195
20307,40668,313,217,195
20308,40670,310,217,196
20309,40672,308,217,195
20310,40674,312,217,196
20311,40676,313,217,196
20312,40678,337,218,197
20313,40680,323,216,196
20314,40682,321,217,196
20315,40684,291,217,193
20316,40686,297,217,196
20317,40688,310,217,193
20318,40690,313,216,195
20319,40692,314,217,195
20320,40694,311,217,196
20321,40696,314,217,195
20322,40698,341,217,195
20323,40700,316,217,197
20324,40702,312,217,196
20325,40704,296,217,196
20326,40706,290,216,195
20327,40708,314,217,197
20328,40710,311,217,196
20329,40712,317,215,196
20330,40714,307,217,195
20331,40716,311,217,196
20332,40718,331,217,197
20333,40720,325,217,198
20334,40722,312,216,195
20335,40724,294,217,196
20336,40726,291,217,196
20337,40728,310,216,196
20338,40730,310,217,195
20339,40732,315,217,198
20340,40734,308,216,196
20341,40736,312,215,195
20342,40738,340,217,196
20343,40740,323,216,196
20344,40742,309,216,196
20345,40744,289,217,198
20346,40746,288,217,195
20347,40748,312,217,197
20348,40750,312,217,196
20349,40752,307,216,196
20350,40754,308,217,195
20351,40756,314,217,196
20352,40758,341,217,197
20353,40760,322,216,198
20354,40762,314,217,197
20355,40764,289,218,197
20356,40766,294,216,195
20357,40768,313,217,197
20358,40770,310,217,197
20359,40772,320,217,195
20360,40774,306,217,196
20361,40776,313,217,196
20362,40778,338,217,198
20363,40780,330,217,196
20364,40782,314,216,197
20365,40784,299,217,197
20366,40786,293,216,196
20367,40788,311,216,196
20368,40790,315,217,196
20369,40792,311,218,193
20370,40794,316,217,196
20371,40796,313,216,196
20372,40798,342,216,196
20373,40800,326,216,199
20374,40802,314,218,196
20375,40804,295,217,197
20376,40806,299,217,196
20377,40808,309,217,196
20378,40810,316,217,196
20379,40812,312,217,195
20380,40814,310,217,195
20381,40816,313,216,195
20382,40818,345,217,196
20383,40820,320,216,196
20384,40822,317,216,196
20385,40824,297,217,194
20386,40826,299,216,195
20387,40828,315,218,195
20388,40830,322,217,195
20389,40832,319,217,195
20390,40834,309,216,195
20391,40836,312,217,195
20392,40838,340,216,196
20393,40840,327,217,197
20394,40842,312,216,196
20395,40844,301,216,195
20396,40846,294,217,196
20397,40848,321,216,195
20398,40850,316,217,195
20399,40852,321,217,197
20400,40854,318,216,196
20401,40856,313,216,195
20402,40858,338,216,195
20403,40860,325,216,199
20404,40862,313,216,194
20405,40864,300,216,195
20406,40866,300,217,197
20407,40868,311,217,196
20408,40870,311,217,197
20409,40872,310,217,196
20410,40874,312,217,196
20411,40876,313,216,197
20412,40878,329,217,196
20413,40880,327,217,196
20414,40882,316,216,195
20415,40884,298,216,193
20416,40886,303,216,196
20417,40888,310,217,197
20418,40890,311,217,196
20419,40892,314,216,196
20420,40894,306,217,196
20421,40896,310,217,195
20422,40898,342,217,196
20423,40900,325,216,197
20424,40902,316,216,195
20425,40904,303,217,198
20426,40906,306,216,196
20427,40908,314,217,196
20428,40910,318,217,196
20429,40912,323,217,197
20430,40914,313,216,196
20431,40916,311,217,196
20432,40918,333,217,197
20433,40920,330,217,196
20434,40922,326,216,196
20435,40924,298,216,196
20436,40926,298,217,196
20437,40928,317,216,196
20438,40930,319,217,196
20439,40932,316,217,195
20440,40934,313,217,197
20441,40936,306,217,197
20442,40938,343,217,197
20443,40940,327,216,197
20444,40942,314,218,194
20445,40944,298,218,197
20446,40946,302,216,195
20447,40948,315,216,195
20448,40950,315,216,195
20449,40952,312,216,196
20450,40954,315,217,197
20451,40956,312,216,196
20452,40958,341,217,196
20453,40960,327,217,196
20454,40962,311,217,195
20455,40964,303,217,196
20456,40966,306,217,196
20457,40968,313,217,197
20458,40970,316,217,195
20459,40972,309,217,195
20460,40974,316,216,200
20461,40976,308,217,195
20462,40978,344,216,195
20463,40980,326,217,198
20464,40982,316,217,197
20465,40984,303,217,196
20466,40986,304,218,196
20467,40988,320,216,195
20468,40990,318,217,196
20469,40992,317,217,195
20470,40994,325,216,196
20471,40996,306,216,195
20472,40998,348,218,197
20473,41000,329,216,196
20474,41002,326,218,199
20475,41004,296,216,195
20476,41006,296,217,196
20477,41008,319,216,196
20478,41010,314,217,196
20479,41012,317,217,196
20480,41014,317,217,197
20481,41016,311,216,196
20482,41018,345,216,195
20483,41020,327,216,197
20484,41022,323,216,196
20485,41024,301,215,195
20486,41026,301,216,194
20487,41028,314,216,195
20488,41030,314,216,195
20489,41032,319,216,196
20490,41034,319,216,195
20491,41036,313,216,196
20492,41038,341,217,197
20493,41040,323,217,196
20494,41042,319,217,196
20495,41044,298,216,196
20496,41046,299,216,196
20497,41048,322,216,196
20498,41050,321,216,196
20499,41052,318,216,196
20500,41054,319,216,195
20501,41056,311,216,195
20502,41058,346,216,196
20503,41060,327,216,194
20504,41062,319,216,194
20505,41064,309,216,195
20506,41066,300,216,194
20507,41068,308,216,195
20508,41070,326,216,193
20509,41072,326,216,196
20510,41074,320,216,196
20511,41076,315,216,195
20512,41078,342,216,195
20513,41080,336,216,199
20514,41082,319,216,197
20515,41084,308,216,194
20516,41086,298,216,195
20517,41088,315,216,194
20518,41090,315,216,195
20519,41092,318,216,195
20520,41094,322,216,195
20521,41096,311,216,196
20522,41098,341,216,196
20523,41100,321,216,195
20524,41102,314,216,194
20525,41104,297,215,195
20526,41106,303,216,195
20527,41108,315,215,195
20528,41110,309,216,194
20529,41112,314,216,194
20530,41114,317,216,196
20531,41116,310,216,197
20532,41118,337,216,196
20533,41120,322,216,196
20534,41122,317,217,195
20535,41124,298,216,193
20536,41126,299,216,194
20537,41128,308,216,196
20538,41130,310,216,194
20539,41132,311,216,196
20540,41134,308,216,195
20541,41136,310,216,192
20542,41138,339,216,195
20543,41140,328,216,193
20544,41142,318,216,193
20545,41144,297,216,194
20546,41146,301,216,193
20547,41148,315,215,194
20548,41150,315,216,195
20549,41152,316,215,195
20550,41154,313,215,195
20551,41156,314,216,193
20552,41158,340,216,196
20553,41160,328,216,197
20554,41162,319,217,196
20555,41164,285,216,195
20556,41166,298,216,194
20557,41168,317,216,196
20558,41170,317,216,196
20559,41172,319,215,194
20560,41174,314,215,195
20561,41176,318,215,194
20562,41178,338,215,195
20563,41180,324,216,197
20564,41182,320,216,195
20565,41184,296,216,194
20566,41186,302,217,196
20567,41188,316,216,195
20568,41190,312,217,196
20569,41192,311,216,194
20570,41194,318,217,195
20571,41196,311,217,196
20572,41198,339,216,195
20573,41200,324,216,196
20574,41202,323,217,195
20575,41204,302,217,196
20576,41206,293,217,195
20577,41208,309,217,196
20578,41210,314,217,195
20579,41212,330,217,196
20580,41214,317,217,194
20581,41216,312,216,195
20582,41218,329,217,198
20583,41220,326,217,197
20584,41222,320,217,195
20585,41224,288,217,196
20586,41226,294,216,195
20587,41228,306,217,194
20588,41230,312,217,195
20589,41232,320,218,196
20590,41234,325,217,197
20591,41236,309,217,195
20592,41238,339,216,195
20593,41240,329,216,195
20594,41242,315,216,196
20595,41244,288,218,197
20596,41246,294,216,194
20597,41248,315,216,195
20598,41250,307,217,194
20599,41252,307,217,194
20600,41254,309,217,196
20601,41256,315,217,196
20602,41258,340,217,197
20603,41260,333,217,197
20604,41262,314,216,198
20605,41264,292,217,197
20606,41266,295,217,196
20607,41268,311,218,198
20608,41270,305,216,198
20609,41272,307,219,197
20610,41274,320,217,196
20611,41276,311,218,195
20612,41278,335,217,196
20613,41280,328,218,199
20614,41282,317,217,195
20615,41284,295,217,197
20616,41286,291,217,196
20617,41288,313,218,196
20618,41290,309,217,195
20619,41292,309,216,198
20620,41294,316,217,196
20621,41296,314,217,197
20622,41298,332,218,198
20623,41300,328,217,198
20624,41302,325,217,198
20625,41304,294,217,196
20626,41306,292,217,194
20627,41308,313,218,198
20628,41310,301,217,197
20629,41312,305,217,198
20630,41314,307,216,196
20631,41316,313,218,197
20632,41318,327,217,196
20633,41320,315,217,197
20634,41322,313,217,196
20635,41324,291,216,196
20636,41326,298,218,199
20637,41328,313,218,198
20638,41330,306,218,198
20639,41332,308,217,196
20640,41334,313,216,197
20641,41336,307,218,198
20642,41338,335,217,197
20643,41340,325,216,198
20644,41342,308,218,198
20645,41344,295,217,199
20646,41346,291,217,198
20647,41348,309,218,199
20648,41350,309,217,200
20649,41352,322,217,198
20650,41354,310,217,197
20651,41356,303,217,197
20652,41358,331,217,197
20653,41360,316,218,199
20654,41362,311,218,196
20655,41364,293,218,198
20656,41366,294,217,197
20657,41368,312,217,197
20658,41370,311,217,196
20659,41372,306,217,197
20660,41374,315,217,197
20661,41376,306,217,198
20662,41378,333,218,198
20663,41380,326,218,198
20664,41382,308,217,198
20665,41384,287,217,198
20666,41386,291,217,197
20667,41388,298,217,198
20668,41390,309,217,197
20669,41392,308,217,198
20670,41394,308,217,198
20671,41396,304,218,199
20672,41398,330,218,198
20673,41400,317,217,199
20674,41402,311,218,199
20675,41404,285,217,198
20676,41406,292,217,196
20677,41408,311,216,199
20678,41410,315,217,198
20679,41412,312,218,198
20680,41414,309,217,199
20681,41416,309,217,198
20682,41418,334,216,196
20683,41420,325,217,198
20684,41422,308,217,198
20685,41424,289,216,198
20686,41426,294,216,198
20687,41428,306,216,200
20688,41430,311,217,198
20689,41432,316,217,197
20690,41434,307,217,197
20691,41436,306,216,198
20692,41438,339,216,197
20693,41440,322,217,199
20694,41442,312,216,198
20695,41444,297,217,197
20696,41446,294,217,197
20697,41448,302,217,200
20698,41450,316,217,198
20699,41452,314,217,197
20700,41454,313,217,196
20701,41456,311,217,199
20702,41458,330,217,198
20703,41460,323,216,198
20704,41462,325,217,197
20705,41464,286,216,197
20706,41466,301,216,199
20707,41468,325,216,197
20708,41470,318,217,198
20709,41472,313,217,198
20710,41474,315,217,197
20711,41476,304,217,199
20712,41478,337,217,199
20713,41480,312,217,199
20714,41482,306,217,197
20715,41484,283,218,197
20716,41486,298,217,197
20717,41488,309,217,199
20718,41490,309,217,198
20719,41492,313,216,196
20720,41494,312,217,195
20721,41496,313,217,197
20722,41498,334,217,199
20723,41500,319,217,198
20724,41502,300,217,198
20725,41504,297,217,197
20726,41506,300,217,196
20727,41508,311,216,197
20728,41510,317,217,196
20729,41512,319,215,197
20730,41514,316,216,197
20731,41516,313,217,199
20732,41518,335,217,197
20733,41520,321,216,197
20734,41522,313,219,198
20735,41524,296,217,198
20736,41526,301,216,199
20737,41528,315,218,195
20738,41530,309,217,196
20739,41532,315,218,197
20740,41534,314,216,196
20741,41536,312,217,198
20742,41538,332,217,197
20743,41540,324,216,198
20744,41542,312,217,197
20745,41544,294,219,198
20746,41546,298,217,197
20747,41548,324,217,197
20748,41550,319,216,195
20749,41552,324,217,197
20750,41554,312,217,197
20751,41556,312,218,197
20752,41558,333,216,198
20753,41560,327,216,195
20754,41562,316,217,198
20755,41564,298,216,196
20756,41566,298,217,195
20757,41568,316,217,197
20758,41570,315,217,197
20759,41572,315,217,197
20760,41574,311,217,197
20761,41576,306,217,196
20762,41578,335,216,198
20763,41580,318,216,197
20764,41582,310,217,197
20765,41584,291,217,198
20766,41586,304,216,197
20767,41588,316,217,199
20768,41590,317,217,197
20769,41592,317,217,197
20770,41594,319,218,196
20771,41596,313,217,198
20772,41598,335,216,196
20773,41600,324,217,197
20774,41602,310,217,197
20775,41604,296,217,198
20776,41606,303,217,197
20777,41608,315,217,199
20778,41610,314,217,198
20779,41612,325,218,198
20780,41614,304,217,196
20781,41616,308,217,199
20782,41618,341,217,198
20783,41620,318,218,198
20784,41622,312,216,198
20785,41624,296,217,199
20786,41626,305,217,198
20787,41628,310,217,197
20788,41630,312,217,197
20789,41632,320,217,195
20790,41634,317,217,197
20791,41636,308,217,198
20792,41638,339,217,199
20793,41640,318,217,197
20794,41642,311,217,197
20795,41644,288,217,197
20796,41646,301,217,197
20797,41648,317,218,198
20798,41650,311,217,197
20799,41652,319,217,197
20800,41654,315,217,199
20801,41656,314,217,197
20802,41658,326,216,197
20803,41660,314,217,197
20804,41662,310,217,197
20805,41664,290,218,197
20806,41666,301,217,197
20807,41668,318,218,200
20808,41670,325,218,196
20809,41672,322,217,197
20810,41674,312,217,200
20811,41676,311,218,198
20812,41678,334,217,198
20813,41680,326,219,198
20814,41682,314,218,198
20815,41684,292,217,198
20816,41686,305,218,197
20817,41688,315,218,198
20818,41690,323,217,197
20819,41692,320,218,198
20820,41694,309,216,199
20821,41696,309,217,198
20822,41698,334,217,197
20823,41700,318,217,199
20824,41702,306,217,198
20825,41704,290,218,198
20826,41706,306,218,197
20827,41708,308,218,197
20828,41710,317,218,198
20829,41712,313,217,198
20830,41714,317,218,200
20831,41716,313,217,197
20832,41718,340,218,197
20833,41720,321,217,197
20834,41722,315,217,199
20835,41724,297,217,197
20836,41726,303,217,197
20837,41728,313,216,197
20838,41730,323,217,197
20839,41732,317,217,197
20840,41734,316,218,197
20841,41736,310,217,199
20842,41738,338,217,198
20843,41740,329,217,197
20844,41742,321,217,198
20845,41744,302,217,196
20846,41746,308,217,197
20847,41748,321,217,198
20848,41750,314,217,197
20849,41752,323,217,196
20850,41754,313,217,195
20851,41756,311,217,195
20852,41758,337,217,197
20853,41760,323,217,196
20854,41762,322,216,195
20855,41764,297,217,196
20856,41766,305,216,196
20857,41768,318,217,197
20858,41770,314,216,196
20859,41772,312,217,197
20860,41774,314,216,196
20861,41776,307,217,196
20862,41778,329,216,195
20863,41780,309,216,196
20864,41782,314,215,195
20865,41784,289,216,195
20866,41786,304,216,196
20867,41788,317,215,194
20868,41790,311,216,197
20869,41792,316,216,196
20870,41794,312,216,195
20871,41796,314,215,197
20872,41798,328,215,195
20873,41800,320,214,196
20874,41802,310,215,194
20875,41804,291,215,194
20876,41806,303,214,194
20877,41808,310,214,194
20878,41810,315,214,194
20879,41812,318,214,194
20880,41814,309,214,194
20881,41816,312,214,196
20882,41818,334,214,194
20883,41820,320,214,195
20884,41822,315,214,195
20885,41824,294,213,195
20886,41826,300,214,196
20887,41828,310,214,195
20888,41830,315,212,195
20889,41832,312,214,196
20890,41834,322,215,196
20891,41836,312,214,198
20892,41838,334,215,199
20893,41840,320,215,198
20894,41842,303,214,196
20895,41844,290,214,196
20896,41846,301,215,197
20897,41848,314,215,198
20898,41850,311,215,198
20899,41852,311,215,198
20900,41854,307,214,197
20901,41856,312,214,198
20902,41858,335,215,197
20903,41860,330,214,196
20904,41862,313,214,196
20905,41864,291,214,197
20906,41866,300,214,195
20907,41868,313,215,196
20908,41870,310,214,197
20909,41872,309,215,198
20910,41874,314,214,197
20911,41876,312,215,197
20912,41878,329,215,197
20913,41880,319,215,197
20914,41882,313,216,196
20915,41884,292,215,199
20916,41886,298,216,197
20917,41888,306,216,197
20918,41890,303,215,197
20919,41892,316,216,199
20920,41894,312,216,197
20921,41896,314,216,197
20922,41898,329,215,197
20923,41900,326,216,198
20924,41902,318,216,198
20925,41904,293,218,198
20926,41906,297,216,196
20927,41908,306,216,198
20928,41910,304,216,198
20929,41912,314,216,197
20930,41914,307,216,197
20931,41916,315,216,198
20932,41918,338,217,199
20933,41920,325,217,198
20934,41922,312,216,198
20935,41924,295,216,196
20936,41926,300,216,197
20937,41928,317,216,198
20938,41930,305,217,198
20939,41932,315,217,199
20940,41934,315,217,197
20941,41936,314,216,198
20942,41938,335,217,198
20943,41940,324,216,198
20944,41942,319,217,198
20945,41944,287,216,197
20946,41946,298,216,198
20947,41948,312,216,198
20948,41950,312,216,198
20949,41952,304,215,197
20950,41954,307,216,196
20951,41956,317,216,198
20952,41958,332,217,197
20953,41960,321,216,197
20954,41962,322,216,196
20955,41964,285,215,197
20956,41966,299,217,197
20957,41968,308,216,196
20958,41970,303,216,197
20959,41972,315,216,196
20960,41974,313,217,196
20961,41976,313,216,196
20962,41978,330,217,197
20963,41980,325,218,198
20964,41982,313,217,197
20965,41984,291,216,196
20966,41986,300,217,197
20967,41988,304,217,195
20968,41990,304,216,196
20969,41992,309,216,197
20970,41994,307,217,195
20971,41996,314,216,195
20972,41998,335,217,197
20973,42000,318,216,197
20974,42002,311,215,196
20975,42004,288,216,195
20976,42006,303,216,195
20977,42008,305,217,195
20978,42010,300,217,197
20979,42012,306,216,196
20980,42014,310,216,194
20981,42016,320,215,194
20982,42018,334,215,194
20983,42020,331,216,195
20984,42022,312,217,196
20985,42024,294,216,194
20986,42026,296,216,195
20987,42028,308,216,195
20988,42030,311,216,194
20989,42032,306,216,195
20990,42034,317,216,194
20991,42036,317,216,195
20992,42038,337,216,196
20993,42040,317,216,196
20994,42042,310,216,195
20995,42044,287,216,195
20996,42046,301,216,195
20997,42048,315,216,194
20998,42050,310,216,197
20999,42052,311,215,195
21000,42054,314,216,194
21001,42056,317,216,195
21002,42058,326,216,195
21003,42060,324,216,195
21004,42062,309,216,193
21005,42064,287,215,195
21006,42066,297,215,194
21007,42068,307,216,194
21008,42070,315,216,195
21009,42072,306,216,195
21010,42074,305,216,195
21011,42076,314,216,195
21012,42078,328,216,192
21013,42080,313,216,195
21014,42082,306,216,194
21015,42084,289,216,195
21016,42086,300,216,195
21017,42088,304,216,194
21018,42090,308,215,196
21019,42092,306,216,194
21020,42094,308,215,195
21021,42096,314,216,194
21022,42098,335,216,195
21023,42100,316,215,194
21024,42102,313,215,196
21025,42104,292,216,194
21026,42106,300,215,194
21027,42108,312,215,196
21028,42110,310,216,194
21029,42112,306,215,195
21030,42114,306,215,193
21031,42116,314,216,195
21032,42118,336,216,195
21033,42120,321,216,195
21034,42122,314,214,194
21035,42124,292,215,194
21036,42126,298,215,193
21037,42128,314,216,196
21038,42130,314,216,196
21039,42132,311,216,195
21040,42134,308,215,194
21041,42136,315,216,196
21042,42138,338,216,196
21043,42140,312,216,195
21044,42142,316,216,196
21045,42144,293,216,195
21046,42146,299,216,195
21047,42148,309,217,196
21048,42150,314,215,194
21049,42152,306,216,195
21050,42154,309,215,200
21051,42156,312,215,195
21052,42158,328,215,195
21053,42160,312,216,195
21054,42162,308,216,194
21055,42164,291,215,195
21056,42166,302,216,195
21057,42168,316,215,194
21058,42170,309,215,195
21059,42172,310,216,195
21060,42174,307,215,192
21061,42176,318,215,196
21062,42178,338,216,194
21063,42180,315,215,196
21064,42182,306,216,195
21065,42184,300,215,195
21066,42186,310,215,194
21067,42188,320,215,197
21068,42190,318,215,197
21069,42192,331,215,196
21070,42194,310,215,194
21071,42196,315,215,196
21072,42198,340,216,194
21073,42200,326,216,197
21074,42202,313,216,195
21075,42204,291,215,194
21076,42206,306,215,194
21077,42208,316,215,195
21078,42210,313,216,195
21079,42212,311,215,194
21080,42214,316,216,195
21081,42216,311,215,195
21082,42218,330,217,198
21083,42220,311,215,197
21084,42222,308,215,196
21085,42224,294,216,196
21086,42226,302,216,197
21087,42228,311,216,196
21088,42230,321,216,195
21089,42232,311,215,196
21090,42234,315,216,196
21091,42236,312,215,197
21092,42238,334,216,197
21093,42240,312,215,196
21094,42242,309,215,195
21095,42244,289,216,196
21096,42246,301,215,195
21097,42248,312,216,196
21098,42250,309,216,196
21099,42252,311,215,195
21100,42254,310,216,196
21101,42256,315,216,195
21102,42258,335,215,197
21103,42260,313,215,197
21104,42262,312,216,197
21105,42264,295,216,195
21106,42266,306,216,196
21107,42268,311,216,198
21108,42270,319,216,196
21109,42272,311,215,198
21110,42274,312,216,197
21111,42276,319,216,198
21112,42278,338,217,196
21113,42280,319,216,198
21114,42282,318,215,197
21115,42284,296,215,199
21116,42286,302,215,197
21117,42288,313,215,198
21118,42290,318,214,198
21119,42292,317,214,199
21120,42294,306,215,195
21121,42296,318,215,193
21122,42298,333,215,191
21123,42300,309,215,191
21124,42302,311,215,190
21125,42304,289,215,190
21126,42306,304,214,188
21127,42308,315,216,190
21128,42310,315,215,190
21129,42312,316,215,189
21130,42314,308,215,190
21131,42316,326,215,189
21132,42318,338,215,191
21133,42320,314,214,190
21134,42322,308,215,188
21135,42324,290,215,189
21136,42326,305,214,189
21137,42328,313,215,190
21138,42330,307,216,190
21139,42332,312,214,189
21140,42334,314,214,189
21141,42336,330,215,189
21142,42338,332,214,188
21143,42340,312,216,194
21144,42342,314,215,192
21145,42344,291,217,191
21146,42346,302,214,190
21147,42348,311,215,193
21148,42350,314,215,192
21149,42352,315,214,191
21150,42354,313,214,191
21151,42356,335,216,192
21152,42358,332,215,189
21153,42360,318,215,190
21154,42362,315,215,192
21155,42364,291,214,192
21156,42366,302,215,192
21157,42368,312,215,192
21158,42370,317,214,191
21159,42372,319,214,191
21160,42374,308,215,192
21161,42376,334,215,193
21162,42378,334,215,190
21163,42380,316,215,192
21164,42382,303,215,194
21165,42384,292,214,192
21166,42386,301,214,192
21167,42388,314,215,194
21168,42390,310,215,194
21169,42392,315,215,192
21170,42394,311,214,194
21171,42396,334,215,194
21172,42398,329,217,194
21173,42400,320,215,194
21174,42402,312,215,193
21175,42404,290,215,192
21176,42406,301,215,193
21177,42408,316,216,193
21178,42410,319,216,193
21179,42412,317,215,194
21180,42414,316,216,194
21181,42416,332,215,194
21182,42418,334,215,195
21183,42420,325,216,194
21184,42422,317,215,193
21185,42424,292,216,194
21186,42426,300,214,192
21187,42428,312,216,195
21188,42430,316,216,193
21189,42432,311,216,196
21190,42434,318,216,193
21191,42436,338,216,194
21192,42438,336,215,195
21193,42440,315,216,195
21194,42442,318,215,192
21195,42444,288,217,192
21196,42446,275,215,194
21197,42448,315,213,195
21198,42450,313,216,193
21199,42452,311,218,193
21200,42454,315,215,192
21201,42456,332,214,194
21202,42458,327,217,195
21203,42460,323,216,195
21204,42462,307,216,194
21205,42464,290,214,196
21206,42466,294,216,193
21207,42468,316,216,194
21208,42470,309,215,195
21209,42472,327,216,195
21210,42474,301,215,194
21211,42476,333,216,193
21212,42478,335,217,195
21213,42480,325,211,195
21214,42482,314,216,193
21215,42484,290,216,197
21216,42486,298,216,193
21217,42488,304,215,194
21218,42490,315,215,193
21219,42492,308,216,193
21220,42494,318,216,194
21221,42496,336,216,194
21222,42498,337,216,194
21223,42500,324,216,195
21224,42502,314,215,193
21225,42504,296,216,194
21226,42506,301,215,194
21227,42508,310,215,193
21228,42510,313,216,195
21229,42512,320,215,194
21230,42514,323,216,195
21231,42516,336,216,194
21232,42518,334,216,195
21233,42520,312,217,193
21234,42522,314,216,193
21235,42524,285,215,193
21236,42526,302,216,196
21237,42528,312,215,195
21238,42530,308,216,196
21239,42532,315,216,193
21240,42534,318,215,192
21241,42536,332,216,196
21242,42538,337,215,197
21243,42540,320,216,195
21244,42542,308,216,194
21245,42544,288,216,195
21246,42546,296,216,192
21247,42548,310,216,195
21248,42550,303,215,194
21249,42552,312,216,194
21250,42554,313,216,194
21251,42556,340,216,194
21252,42558,334,217,197
21253,42560,319,216,195
21254,42562,309,216,192
21255,42564,283,216,194
21256,42566,298,216,193
21257,42568,309,216,194
21258,42570,305,216,195
21259,42572,319,216,197
21260,42574,320,216,194
21261,42576,335,216,199
21262,42578,336,217,195
21263,42580,318,217,196
21264,42582,309,217,199
21265,42584,282,217,199
21266,42586,295,217,200
21267,42588,303,217,201
21268,42590,307,217,199
21269,42592,312,217,200
21270,42594,311,217,199
21271,42596,335,218,200
21272,42598,332,217,200
21273,42600,318,217,201
21274,42602,314,217,200
21275,42604,278,216,199
21276,42606,294,217,200
21277,42608,307,217,198
21278,42610,312,217,199
21279,42612,311,217,201
21280,42614,311,218,201
21281,42616,333,217,199
21282,42618,332,218,199
21283,42620,314,217,198
21284,42622,310,217,198
21285,42624,290,217,198
21286,42626,298,217,198
21287,42628,314,218,199
21288,42630,310,217,198
21289,42632,312,218,196
21290,42634,313,216,195
21291,42636,336,217,197
21292,42638,335,218,197
21293,42640,316,217,196
21294,42642,314,216,201
21295,42644,290,216,202
21296,42646,299,217,202
21297,42648,320,217,200
21298,42650,313,217,203
21299,42652,314,218,202
21300,42654,325,217,201
21301,42656,343,217,207
21302,42658,338,217,207
21303,42660,322,216,208
21304,42662,318,217,205
21305,42664,290,216,207
21306,42666,298,216,205
21307,42668,312,216,206
21308,42670,312,217,206
21309,42672,313,217,208
21310,42674,325,217,207
21311,42676,342,217,208
21312,42678,334,217,206
21313,42680,315,216,207
21314,42682,314,217,205
21315,42684,292,217,206
21316,42686,302,217,208
21317,42688,312,216,208
21318,42690,313,217,208
21319,42692,310,217,211
21320,42694,312,217,210
21321,42696,352,217,212
21322,42698,340,217,212
21323,42700,321,217,211
21324,42702,316,217,213
21325,42704,298,216,211
21326,42706,306,216,211
21327,42708,312,217,213
21328,42710,308,217,214
21329,42712,319,216,215
21330,42714,312,216,218
21331,42716,340,217,216
21332,42718,339,216,217
21333,42720,324,217,217
21334,42722,315,216,216
21335,42724,292,216,217
21336,42726,302,217,218
21337,42728,318,217,216
21338,42730,310,217,218
21339,42732,323,217,219
21340,42734,321,218,221
21341,42736,350,217,219
21342,42738,339,217,220
21343,42740,325,217,219
21344,42742,336,218,221
21345,42744,295,217,219
21346,42746,305,217,220
21347,42748,313,217,221
21348,42750,316,218,221
21349,42752,320,218,221
21350,42754,318,217,219
21351,42756,342,217,219
21352,42758,339,217,219
21353,42760,326,217,220
21354,42762,313,216,220
21355,42764,296,217,221
21356,42766,307,217,221
21357,42768,319,218,222
21358,42770,315,217,222
21359,42772,317,217,221
21360,42774,317,217,221
21361,42776,345,217,223
21362,42778,345,215,221
21363,42780,322,216,222
21364,42782,323,216,222
21365,42784,297,216,222
21366,42786,305,216,220
21367,42788,319,216,222
21368,42790,331,217,221
21369,42792,328,217,222
21370,42794,312,217,223
21371,42796,350,217,223
21372,42798,343,217,222
21373,42800,326,217,222
21374,42802,319,216,222
21375,42804,298,215,221
21376,42806,312,216,223
21377,42808,319,215,222
21378,42810,325,217,224
21379,42812,322,217,224
21380,42814,318,217,223
21381,42816,332,216,224
21382,42818,337,217,225
21383,42820,326,216,224
21384,42822,315,216,224
21385,42824,290,217,225
21386,42826,304,216,224
21387,42828,317,217,223
21388,42830,320,217,225
21389,42832,324,217,225
21390,42834,321,217,225
21391,42836,348,217,226
21392,42838,331,216,226
21393,42840,320,217,225
21394,42842,314,216,225
21395,42844,296,216,225
21396,42846,302,217,221
21397,42848,320,217,226
21398,42850,317,217,226
21399,42852,325,217,226
21400,42854,312,217,224
21401,42856,336,216,226
21402,42858,344,216,225
21403,42860,312,216,225
21404,42862,314,216,226
21405,42864,298,216,224
21406,42866,303,216,225
21407,42868,316,216,225
21408,42870,319,217,224
21409,42872,320,217,225
21410,42874,327,217,226
21411,42876,345,217,227
21412,42878,339,219,226
21413,42880,322,217,226
21414,42882,316,217,226
21415,42884,295,217,225
21416,42886,304,217,226
21417,42888,316,216,225
21418,42890,318,217,226
21419,42892,317,217,226
21420,42894,316,217,226
21421,42896,343,217,226
21422,42898,339,217,227
21423,42900,315,217,226
21424,42902,310,217,227
21425,42904,297,217,227
21426,42906,300,216,226
21427,42908,318,216,226
21428,42910,318,217,227
21429,42912,317,217,227
21430,42914,305,217,225
21431,42916,338,217,226
21432,42918,343,217,225
21433,42920,323,217,226
21434,42922,311,217,226
21435,42924,295,217,226
21436,42926,303,217,226
21437,42928,319,217,228
21438,42930,321,217,225
21439,42932,320,217,227
21440,42934,318,217,226
21441,42936,338,217,226
21442,42938,334,217,227
21443,42940,320,217,227
21444,42942,307,217,227
21445,42944,287,218,227
21446,42946,300,217,223
21447,42948,320,218,227
21448,42950,321,217,226
21449,42952,314,218,224
21450,42954,319,217,224
21451,42956,340,216,226
21452,42958,337,217,225
21453,42960,319,217,226
21454,42962,308,217,225
21455,42964,291,217,225
21456,42966,300,217,225
21457,42968,316,218,224
21458,42970,306,217,224
21459,42972,312,217,224
21460,42974,314,217,224
21461,42976,336,217,224
21462,42978,336,217,225
21463,42980,316,218,226
21464,42982,309,217,226
21465,42984,289,217,225
21466,42986,303,217,225
21467,42988,318,218,226
21468,42990,319,218,225
21469,42992,313,217,226
21470,42994,311,218,227
21471,42996,340,217,226
21472,42998,340,217,225
21473,43000,310,217,223
21474,43002,312,218,225
21475,43004,292,217,225
21476,43006,300,217,225
21477,43008,314,218,227
21478,43010,310,217,226
21479,43012,321,217,228
21480,43014,315,218,225
21481,43016,336,217,226
21482,43018,337,218,226
21483,43020,315,218,226
21484,43022,319,217,225
21485,43024,296,216,226
21486,43026,300,217,224
21487,43028,317,217,225
21488,43030,315,217,226
21489,43032,315,218,225
21490,43034,308,218,226
21491,43036,339,217,224
21492,43038,335,217,225
21493,43040,316,216,225
21494,43042,313,217,227
21495,43044,304,218,226
21496,43046,302,217,225
21497,43048,309,216,225
21498,43050,317,218,227
21499,43052,321,217,226
21500,43054,311,217,226
21501,43056,339,219,227
21502,43058,337,218,224
21503,43060,318,217,225
21504,43062,309,217,227
21505,43064,302,217,226
21506,43066,299,217,225
21507,43068,311,215,225
21508,43070,310,215,226
21509,43072,317,217,226
21510,43074,312,218,224
21511,43076,339,217,226
21512,43078,345,217,226
21513,43080,319,216,226
21514,43082,315,217,226
21515,43084,303,218,227
21516,43086,303,219,225
21517,43088,318,218,226
21518,43090,319,217,226
21519,43092,324,218,225
21520,43094,318,220,225
21521,43096,339,218,224
21522,43098,333,217,225
21523,43100,330,218,226
21524,43102,313,217,225
21525,43104,292,217,222
21526,43106,299,217,222
21527,43108,311,217,224
21528,43110,316,217,225
21529,43112,316,218,225
21530,43114,318,217,223
21531,43116,344,218,227
21532,43118,338,218,227
21533,43120,331,218,227
21534,43122,312,218,226
21535,43124,295,218,226
21536,43126,299,218,225
21537,43128,316,217,226
21538,43130,319,218,225
21539,43132,316,217,226
21540,43134,319,218,227
21541,43136,338,220,225
21542,43138,338,218,227
21543,43140,320,218,229
21544,43142,312,217,227
21545,43144,296,218,224
21546,43146,300,217,224
21547,43148,312,215,224
21548,43150,315,219,225
21549,43152,313,220,226
21550,43154,317,218,226
21551,43156,337,218,226
21552,43158,340,218,225
21553,43160,327,218,225
21554,43162,307,218,225
21555,43164,299,218,226
21556,43166,299,219,225
21557,43168,313,219,226
21558,43170,308,218,226
21559,43172,323,219,225
21560,43174,322,218,226
21561,43176,338,218,226
21562,43178,338,218,227
21563,43180,326,219,227
21564,43182,313,218,226
21565,43184,296,220,228
21566,43186,300,218,227
21567,43188,313,219,227
21568,43190,318,219,227
21569,43192,317,218,226
21570,43194,320,218,226
21571,43196,348,219,228
21572,43198,337,218,227
21573,43200,318,218,227
21574,43202,315,218,227
21575,43204,292,217,227
21576,43206,300,218,227
21577,43208,318,219,228
21578,43210,313,218,227
21579,43212,305,217,227
21580,43214,319,218,226
21581,43216,339,218,226
21582,43218,340,218,228
21583,43220,323,219,229
21584,43222,308,218,226
21585,43224,296,218,230
21586,43226,299,218,225
21587,43228,318,219,229
21588,43230,313,218,228
21589,43232,321,217,226
21590,43234,321,218,227
21591,43236,343,217,226
21592,43238,337,218,228
21593,43240,317,218,229
21594,43242,307,219,227
21595,43244,298,219,230
21596,43246,307,218,228
21597,43248,314,218,229
21598,43250,311,218,229
21599,43252,320,218,229
21600,43254,324,219,229
21601,43256,343,218,229
21602,43258,335,219,229
21603,43260,324,218,228
21604,43262,306,218,226
21605,43264,294,218,225
21606,43266,297,218,226
21607,43268,309,218,227
21608,43270,309,219,227
21609,43272,317,219,226
21610,43274,318,219,229
21611,43276,339,219,227
21612,43278,332,218,229
21613,43280,321,218,226
21614,43282,306,218,226
21615,43284,295,218,227
21616,43286,302,219,228
21617,43288,320,219,228
21618,43290,317,218,228
21619,43292,311,219,228
21620,43294,313,219,227
21621,43296,348,219,229
21622,43298,345,219,228
21623,43300,325,219,227
21624,43302,302,219,229
21625,43304,297,219,230
21626,43306,304,219,230
21627,43308,325,219,231
21628,43310,316,219,228
21629,43312,323,219,229
21630,43314,322,218,227
21631,43316,344,219,230
21632,43318,342,218,230
21633,43320,323,218,229
21634,43322,309,218,229
21635,43324,292,219,229
21636,43326,302,219,229
21637,43328,320,220,228
21638,43330,313,217,228
21639,43332,318,219,229
21640,43334,317,219,230
21641,43336,343,219,229
21642,43338,334,219,230
21643,43340,319,219,229
21644,43342,301,217,229
21645,43344,291,219,229
21646,43346,305,219,231
21647,43348,316,218,229
21648,43350,317,219,228
21649,43352,315,219,229
21650,43354,315,219,230
21651,43356,334,219,230
21652,43358,336,219,231
21653,43360,317,219,230
21654,43362,304,219,230
21655,43364,295,219,229
21656,43366,302,218,229
21657,43368,315,219,229
21658,43370,314,219,229
21659,43372,313,219,227
21660,43374,320,220,228
21661,43376,341,219,229
21662,43378,339,219,229
21663,43380,317,219,228
21664,43382,318,220,230
21665,43384,292,219,228
21666,43386,300,218,228
21667,43388,315,219,228
21668,43390,308,219,229
21669,43392,315,219,227
21670,43394,316,219,227
21671,43396,332,219,229
21672,43398,334,219,229
21673,43400,320,219,229
21674,43402,305,219,229
21675,43404,292,219,228
21676,43406,304,219,228
21677,43408,317,219,231
21678,43410,317,219,229
21679,43412,333,219,230
21680,43414,325,219,229
21681,43416,343,219,228
21682,43418,336,219,229
21683,43420,331,220,229
21684,43422,305,219,228
21685,43424,301,219,230
21686,43426,300,219,228
21687,43428,314,219,231
21688,43430,328,219,228
21689,43432,320,219,229
21690,43434,312,219,228
21691,43436,343,219,228
21692,43438,333,219,229
21693,43440,322,219,229
21694,43442,301,218,229
21695,43444,298,219,227
21696,43446,303,218,230
21697,43448,321,219,229
21698,43450,317,219,227
21699,43452,318,219,228
21700,43454,312,218,226
21701,43456,338,219,228
21702,43458,340,219,226
21703,43460,318,219,227
21704,43462,305,219,227
21705,43464,296,219,228
21706,43466,301,220,227
21707,43468,317,218,227
21708,43470,317,219,226
21709,43472,320,219,226
21710,43474,316,219,226
21711,43476,341,218,225
21712,43478,340,219,225
21713,43480,319,218,225
21714,43482,300,219,225
21715,43484,291,219,225
21716,43486,304,219,222
21717,43488,307,219,225
21718,43490,313,219,224
21719,43492,318,218,224
21720,43494,308,219,222
21721,43496,336,219,225
21722,43498,334,218,225
21723,43500,311,218,225
21724,43502,299,219,225
21725,43504,294,218,225
21726,43506,304,218,225
21727,43508,308,218,224
21728,43510,313,219,225
21729,43512,312,219,225
21730,43514,307,218,224
21731,43516,331,219,225
21732,43518,333,218,224
21733,43520,315,218,224
21734,43522,294,218,224
21735,43524,290,218,226
21736,43526,306,218,223
21737,43528,312,218,223
21738,43530,320,218,225
21739,43532,312,218,223
21740,43534,315,218,224
21741,43536,334,218,225
21742,43538,325,219,225
21743,43540,311,219,224
21744,43542,298,218,225
21745,43544,288,218,224
21746,43546,311,218,222
21747,43548,313,219,224
21748,43550,308,218,223
21749,43552,313,219,223
21750,43554,312,220,225
21751,43556,341,219,226
21752,43558,331,218,225
21753,43560,313,219,226
21754,43562,297,218,226
21755,43564,292,218,226
21756,43566,310,218,223
21757,43568,313,219,225
21758,43570,311,218,225
21759,43572,315,218,225
21760,43574,301,219,224
21761,43576,334,219,227
21762,43578,335,218,225
21763,43580,306,218,224
21764,43582,298,219,223
21765,43584,292,219,223
21766,43586,312,219,224
21767,43588,316,219,226
21768,43590,316,219,225
21769,43592,313,218,223
21770,43594,304,218,223
21771,43596,326,219,226
21772,43598,339,219,223
21773,43600,308,220,226
21774,43602,294,219,224
21775,43604,288,219,225
21776,43606,309,219,223
21777,43608,313,218,226
21778,43610,321,219,224
21779,43612,322,219,224
21780,43614,316,219,225
21781,43616,335,219,225
21782,43618,331,218,228
21783,43620,315,219,227
21784,43622,300,218,225
21785,43624,286,218,225
21786,43626,303,219,225
21787,43628,316,220,226
21788,43630,317,219,225
21789,43632,314,219,227
21790,43634,311,219,224
21791,43636,339,219,224
21792,43638,329,219,226
21793,43640,319,219,227
21794,43642,297,219,226
21795,43644,297,219,227
21796,43646,320,219,227
21797,43648,323,219,226
21798,43650,315,220,225
21799,43652,314,219,226
21800,43654,310,218,224
21801,43656,338,219,227
21802,43658,332,220,229
21803,43660,308,219,225
21804,43662,300,219,225
21805,43664,289,219,225
21806,43666,312,219,226
21807,43668,317,219,226
21808,43670,329,219,225
21809,43672,316,218,225
21810,43674,320,219,226
21811,43676,333,219,225
21812,43678,333,220,226
21813,43680,314,219,226
21814,43682,299,219,224
21815,43684,294,219,226
21816,43686,313,220,226
21817,43688,319,218,226
21818,43690,317,219,223
21819,43692,309,219,225
21820,43694,308,219,227
21821,43696,333,219,226
21822,43698,330,219,226
21823,43700,307,219,227
21824,43702,298,219,226
21825,43704,290,219,227
21826,43706,312,220,225
21827,43708,308,220,226
21828,43710,311,220,228
21829,43712,313,219,225
21830,43714,311,219,227
21831,43716,335,220,227
21832,43718,327,220,226
21833,43720,311,219,225
21834,43722,296,219,226
21835,43724,295,219,228
21836,43726,309,220,226
21837,43728,309,219,226
21838,43730,305,219,226
21839,43732,309,220,226
21840,43734,312,220,227
21841,43736,335,219,226
21842,43738,328,219,226
21843,43740,313,219,226
21844,43742,293,219,226
21845,43744,288,220,226
21846,43746,308,220,227
21847,43748,309,220,226
21848,43750,313,220,226
21849,43752,309,221,229
21850,43754,310,220,226
21851,43756,330,219,226
21852,43758,331,221,228
21853,43760,317,220,227
21854,43762,299,219,227
21855,43764,293,220,227
21856,43766,325,219,225
21857,43768,315,220,226
21858,43770,312,220,227
21859,43772,309,220,226
21860,43774,315,220,227
21861,43776,339,219,226
21862,43778,333,220,226
21863,43780,312,220,226
21864,43782,294,219,226
21865,43784,290,218,230
21866,43786,315,221,225
21867,43788,312,220,229
21868,43790,312,219,226
21869,43792,312,219,226
21870,43794,312,220,226
21871,43796,337,219,226
21872,43798,327,219,229
21873,43800,312,219,226
21874,43802,295,219,226
21875,43804,293,219,227
21876,43806,308,219,226
21877,43808,312,219,226
21878,43810,310,219,225
21879,43812,311,220,228
21880,43814,312,219,227
21881,43816,339,220,229
21882,43818,329,219,227
21883,43820,312,219,228
21884,43822,297,219,228
21885,43824,292,221,227
21886,43826,307,219,229
21887,43828,307,219,229
21888,43830,314,220,227
21889,43832,312,219,228
21890,43834,313,219,227
21891,43836,340,219,229
21892,43838,337,219,228
21893,43840,322,219,229
21894,43842,297,219,227
21895,43844,291,218,227
21896,43846,309,219,228
21897,43848,311,218,226
21898,43850,313,219,226
21899,43852,315,219,228
21900,43854,317,219,228
21901,43856,340,219,226
21902,43858,339,220,227
21903,43860,326,219,227
21904,43862,303,219,226
21905,43864,293,219,228
21906,43866,310,218,227
21907,43868,315,219,226
21908,43870,315,219,229
21909,43872,315,224,228
21910,43874,317,219,228
21911,43876,338,222,228
21912,43878,335,218,229
21913,43880,321,219,229
21914,43882,299,219,230
21915,43884,290,218,228
21916,43886,304,219,232
21917,43888,312,220,229
21918,43890,314,219,230
21919,43892,307,220,230
21920,43894,321,219,232
21921,43896,343,219,230
21922,43898,338,219,231
21923,43900,322,218,231
21924,43902,301,219,231
21925,43904,298,218,230
21926,43906,316,218,229
21927,43908,314,219,230
21928,43910,306,219,230
21929,43912,313,219,228
21930,43914,318,218,228
21931,43916,340,219,230
21932,43918,338,219,231
21933,43920,325,219,231
21934,43922,303,218,232
21935,43924,291,219,231
21936,43926,317,218,231
21937,43928,308,219,230
21938,43930,313,219,230
21939,43932,311,218,230
21940,43934,321,218,229
21941,43936,341,219,231
21942,43938,332,218,228
21943,43940,321,218,230
21944,43942,296,218,230
21945,43944,291,218,229
21946,43946,315,218,229
21947,43948,303,218,230
21948,43950,312,219,230
21949,43952,313,219,230
21950,43954,311,218,231
21951,43956,341,218,229
21952,43958,321,218,230
21953,43960,315,218,229
21954,43962,295,218,228
21955,43964,292,218,228
21956,43966,321,218,227
21957,43968,312,218,229
21958,43970,308,218,229
21959,43972,304,218,229
21960,43974,311,218,227
21961,43976,336,218,229
21962,43978,323,219,230
21963,43980,323,218,229
21964,43982,297,218,228
21965,43984,293,218,229
21966,43986,314,218,231
21967,43988,309,218,229
21968,43990,311,216,228
21969,43992,313,218,229
21970,43994,307,218,228
21971,43996,342,218,230
21972,43998,334,218,230
21973,44000,324,218,231
21974,44002,292,218,230
21975,44004,290,218,231
21976,44006,317,218,233
21977,44008,313,218,232
21978,44010,314,218,232
21979,44012,313,218,232
21980,44014,317,218,231
21981,44016,332,217,232
21982,44018,343,218,231
21983,44020,323,219,232
21984,44022,302,218,229
21985,44024,299,218,232
21986,44026,315,218,234
21987,44028,311,218,233
21988,44030,311,219,233
21989,44032,313,218,233
21990,44034,311,219,232
21991,44036,334,219,233
21992,44038,326,219,235
21993,44040,320,218,234
21994,44042,297,218,233
21995,44044,295,219,233
21996,44046,297,219,235
21997,44048,309,219,234
21998,44050,308,219,236
21999,44052,312,218,239
22000,44054,309,219,238
22001,44056,339,219,240
22002,44058,331,219,239
22003,44060,320,219,238
22004,44062,296,219,238
22005,44064,296,218,237
22006,44066,317,220,239
22007,44068,304,219,237
22008,44070,308,219,238
22009,44072,306,219,239
22010,44074,312,219,240
22011,44076,341,219,238
22012,44078,330,220,240
22013,44080,317,219,239
22014,44082,297,219,238
22015,44084,294,219,237
22016,44086,316,219,237
22017,44088,312,219,238
22018,44090,311,219,238
22019,44092,308,219,239
22020,44094,309,219,237
22021,44096,334,219,237
22022,44098,340,219,237
22023,44100,314,219,237
22024,44102,295,219,237
22025,44104,287,219,237
22026,44106,313,220,237
22027,44108,308,219,237
22028,44110,307,219,236
22029,44112,312,219,236
22030,44114,317,219,234
22031,44116,336,219,234
22032,44118,327,218,235
22033,44120,316,219,236
22034,44122,296,220,235
22035,44124,295,220,236
22036,44126,309,220,236
22037,44128,307,219,235
22038,44130,308,220,235
22039,44132,315,219,235
22040,44134,307,220,237
22041,44136,338,219,235
22042,44138,328,220,235
22043,44140,308,220,236
22044,44142,287,219,234
22045,44144,295,219,233
22046,44146,316,219,233
22047,44148,311,219,233
22048,44150,308,219,234
22049,44152,307,219,235
22050,44154,311,220,233
22051,44156,336,220,232
22052,44158,330,220,234
22053,44160,317,220,233
22054,44162,289,218,233
22055,44164,289,219,233
22056,44166,312,219,232
22057,44168,303,220,236
22058,44170,304,219,233
22059,44172,304,220,234
22060,44174,313,220,235
22061,44176,337,221,235
22062,44178,323,219,229
22063,44180,311,220,230
22064,44182,288,220,229
22065,44184,291,219,229
22066,44186,308,219,229
22067,44188,307,219,230
22068,44190,313,220,230
22069,44192,310,220,230
22070,44194,305,219,228
22071,44196,333,219,229
22072,44198,324,220,228
22073,44200,306,219,229
22074,44202,290,219,228
22075,44204,291,219,230
22076,44206,307,220,228
22077,44208,307,221,228
22078,44210,309,220,227
22079,44212,318,219,229
22080,44214,308,219,228
22081,44216,340,219,228
22082,44218,327,220,229
22083,44220,312,220,228
22084,44222,293,219,228
22085,44224,297,219,228
22086,44226,315,220,228
22087,44228,314,220,228
22088,44230,310,220,228
22089,44232,307,220,229
22090,44234,310,219,229
22091,44236,339,220,230
22092,44238,334,219,229
22093,44240,304,219,229
22094,44242,288,220,229
22095,44244,289,219,230
22096,44246,314,219,228
22097,44248,308,220,230
22098,44250,314,220,229
22099,44252,310,220,229
22100,44254,313,219,229
22101,44256,346,221,231
22102,44258,329,219,227
22103,44260,314,220,229
22104,44262,297,220,228
22105,44264,292,219,228
22106,44266,315,219,228
22107,44268,309,219,229
22108,44270,312,219,227
22109,44272,315,219,228
22110,44274,314,219,228
22111,44276,341,220,230
22112,44278,320,220,229
22113,44280,314,220,229
22114,44282,293,220,228
22115,44284,292,218,228
22116,44286,315,220,230
22117,44288,314,220,228
22118,44290,311,220,229
22119,44292,301,219,228
22120,44294,305,220,229
22121,44296,346,220,227
22122,44298,330,220,229
22123,44300,313,220,227
22124,44302,290,219,226
22125,44304,291,220,228
22126,44306,312,219,228
22127,44308,314,219,229
22128,44310,310,220,229
22129,44312,307,219,229
22130,44314,313,219,228
22131,44316,342,220,229
22132,44318,330,220,228
22133,44320,316,219,229
22134,44322,293,220,229
22135,44324,285,219,228
22136,44326,312,219,228
22137,44328,311,220,229
22138,44330,311,220,228
22139,44332,300,219,228
22140,44334,312,220,230
22141,44336,342,220,229
22142,44338,328,220,230
22143,44340,319,220,230
22144,44342,293,219,229
22145,44344,294,219,229
22146,44346,312,219,230
22147,44348,308,220,230
22148,44350,312,220,229
22149,44352,310,220,230
22150,44354,306,218,230
22151,44356,342,220,231
22152,44358,319,220,230
22153,44360,310,220,229
22154,44362,289,219,229
22155,44364,296,220,230
22156,44366,311,219,231
22157,44368,310,219,230
22158,44370,309,219,229
22159,44372,313,219,229
22160,44374,314,219,228
22161,44376,339,220,230
22162,44378,319,220,229
22163,44380,316,219,229
22164,44382,296,219,229
22165,44384,292,220,228
22166,44386,316,219,230
22167,44388,307,219,229
22168,44390,313,220,230
22169,44392,310,219,228
22170,44394,308,219,232
22171,44396,342,220,231
22172,44398,335,219,230
22173,44400,315,219,230
22174,44402,297,219,229
22175,44404,295,220,230
22176,44406,317,219,230
22177,44408,305,219,231
22178,44410,318,219,230
22179,44412,312,219,232
22180,44414,318,219,230
22181,44416,339,220,232
22182,44418,328,220,233
22183,44420,317,219,231
22184,44422,296,219,229
22185,44424,293,220,232
22186,44426,316,220,231
22187,44428,312,220,231
22188,44430,318,219,231
22189,44432,311,220,230
22190,44434,313,219,231
22191,44436,337,220,228
22192,44438,326,220,232
22193,44440,315,220,229
22194,44442,298,220,233
22195,44444,294,220,232
22196,44446,309,223,232
22197,44448,308,219,232
22198,44450,310,220,232
22199,44452,310,219,233
22200,44454,314,220,233
22201,44456,341,220,232
22202,44458,332,220,234
22203,44460,320,219,232
22204,44462,292,219,233
22205,44464,294,219,234
22206,44466,316,220,232
22207,44468,307,220,232
22208,44470,318,218,231
22209,44472,309,221,234
22210,44474,315,219,232
22211,44476,344,219,232
22212,44478,329,220,232
22213,44480,317,219,233
22214,44482,292,219,231
22215,44484,290,219,233
22216,44486,314,220,230
22217,44488,305,219,233
22218,44490,312,219,232
22219,44492,311,219,233
22220,44494,319,219,233
22221,44496,335,219,232
22222,44498,335,219,232
22223,44500,317,219,233
22224,44502,294,218,233
22225,44504,288,220,234
22226,44506,308,219,234
22227,44508,310,219,233
22228,44510,312,219,233
22229,44512,316,221,233
22230,44514,314,219,234
22231,44516,344,218,234
22232,44518,337,217,234
22233,44520,318,217,235
22234,44522,294,217,234
22235,44524,289,216,233
22236,44526,308,216,233
22237,44528,300,220,234
22238,44530,305,218,234
22239,44532,312,217,234
22240,44534,315,218,234
22241,44536,340,218,234
22242,44538,331,217,233
22243,44540,316,218,231
22244,44542,292,217,232
22245,44544,287,218,234
22246,44546,310,217,232
22247,44548,308,218,232
22248,44550,305,218,233
22249,44552,312,220,233
22250,44554,314,217,232
22251,44556,334,217,233
22252,44558,327,218,234
22253,44560,313,220,235
22254,44562,300,218,232
22255,44564,290,218,233
22256,44566,320,217,232
22257,44568,312,217,232
22258,44570,318,218,234
22259,44572,314,218,237
22260,44574,318,219,234
22261,44576,336,218,235
22262,44578,328,218,233
22263,44580,324,219,233
22264,44582,295,218,234
22265,44584,285,218,234
22266,44586,315,217,235
22267,44588,313,219,232
22268,44590,323,218,234
22269,44592,316,218,234
22270,44594,320,218,234
22271,44596,339,217,232
22272,44598,327,217,234
22273,44600,318,218,232
22274,44602,292,218,235
22275,44604,290,220,237
22276,44606,311,217,234
22277,44608,308,218,236
22278,44610,312,218,234
22279,44612,313,217,234
22280,44614,317,217,233
22281,44616,343,218,235
22282,44618,321,218,233
22283,44620,315,218,235
22284,44622,288,218,233
22285,44624,296,217,233
22286,44626,308,215,232
22287,44628,307,217,234
22288,44630,308,218,233
22289,44632,313,217,230
22290,44634,311,217,233
22291,44636,343,218,235
22292,44638,327,217,233
22293,44640,316,217,235
22294,44642,297,217,233
22295,44644,291,218,234
22296,44646,310,217,232
22297,44648,309,218,233
22298,44650,318,217,229
22299,44652,311,217,233
22300,44654,309,217,233
22301,44656,336,217,234
22302,44658,336,216,231
22303,44660,314,217,232
22304,44662,293,217,233
22305,44664,289,218,234
22306,44666,315,216,232
22307,44668,313,216,232
22308,44670,316,217,233
22309,44672,310,217,233
22310,44674,322,217,233
22311,44676,344,217,232
22312,44678,330,218,236
22313,44680,317,217,233
22314,44682,296,218,233
22315,44684,290,217,232
22316,44686,322,217,230
22317,44688,311,217,232
22318,44690,312,217,232
22319,44692,315,217,234
22320,44694,316,217,234
22321,44696,342,217,234
22322,44698,326,217,233
22323,44700,315,217,233
22324,44702,289,217,232
22325,44704,292,217,233
22326,44706,308,216,232
22327,44708,314,217,233
22328,44710,311,217,231
22329,44712,318,217,232
22330,44714,315,217,235
22331,44716,339,217,234
22332,44718,317,217,232
22333,44720,311,216,236
22334,44722,284,217,234
22335,44724,290,217,233
22336,44726,313,216,231
22337,44728,315,217,233
22338,44730,315,217,235
22339,44732,311,217,236
22340,44734,313,218,234
22341,44736,346,217,234
22342,44738,330,217,233
22343,44740,317,217,233
22344,44742,296,217,231
22345,44744,295,217,233
22346,44746,309,217,235
22347,44748,316,217,234
22348,44750,320,218,234
22349,44752,307,217,233
22350,44754,324,217,231
22351,44756,340,218,235
22352,44758,325,217,233
22353,44760,315,218,232
22354,44762,298,217,233
22355,44764,289,218,233
22356,44766,313,217,233
22357,44768,317,218,233
22358,44770,327,217,233
22359,44772,311,218,233
22360,44774,323,217,233
22361,44776,334,216,235
22362,44778,322,217,233
22363,44780,313,219,234
22364,44782,302,217,234
22365,44784,293,218,232
22366,44786,322,217,234
22367,44788,316,217,233
22368,44790,315,217,233
22369,44792,309,217,232
22370,44794,311,217,232
22371,44796,340,217,235
22372,44798,323,217,233
22373,44800,311,217,236
22374,44802,295,218,234
22375,44804,290,216,234
22376,44806,319,217,235
22377,44808,316,217,234
22378,44810,320,219,234
22379,44812,317,217,234
22380,44814,317,217,234
22381,44816,330,218,234
22382,44818,330,217,235
22383,44820,315,217,234
22384,44822,290,214,235
22385,44824,291,217,233
22386,44826,315,217,236
22387,44828,318,218,234
22388,44830,315,217,233
22389,44832,313,217,233
22390,44834,320,218,234
22391,44836,326,217,236
22392,44838,327,218,234
22393,44840,314,217,233
22394,44842,289,217,234
22395,44844,292,217,233
22396,44846,321,218,235
22397,44848,314,216,236
22398,44850,326,218,235
22399,44852,315,218,235
22400,44854,313,217,234
22401,44856,336,218,235
22402,44858,327,217,234
22403,44860,307,217,235
22404,44862,294,217,234
22405,44864,297,219,235
22406,44866,316,216,235
22407,44868,321,218,234
22408,44870,318,217,235
22409,44872,320,218,235
22410,44874,312,218,235
22411,44876,338,218,235
22412,44878,323,218,235
22413,44880,313,218,234
22414,44882,298,218,235
22415,44884,295,218,235
22416,44886,316,218,237
22417,44888,321,218,236
22418,44890,324,217,233
22419,44892,323,218,235
22420,44894,314,218,234
22421,44896,343,217,233
22422,44898,322,218,233
22423,44900,314,218,235
22424,44902,299,217,233
22425,44904,300,217,233
22426,44906,317,217,234
22427,44908,324,217,235
22428,44910,319,218,235
22429,44912,317,218,235
22430,44914,314,218,235
22431,44916,340,218,236
22432,44918,330,218,234
22433,44920,318,218,234
22434,44922,299,217,234
22435,44924,303,217,233
22436,44926,319,218,234
22437,44928,319,218,236
22438,44930,320,218,234
22439,44932,325,217,231
22440,44934,316,218,234
22441,44936,337,218,234
22442,44938,326,219,233
22443,44940,313,218,233
22444,44942,299,217,232
22445,44944,304,218,233
22446,44946,320,218,233
22447,44948,322,218,233
22448,44950,319,218,231
22449,44952,318,218,234
22450,44954,317,219,232
22451,44956,343,217,234
22452,44958,325,218,233
22453,44960,309,218,232
22454,44962,302,218,232
22455,44964,307,218,233
22456,44966,316,217,231
22457,44968,320,219,232
22458,44970,316,218,231
22459,44972,313,219,233
22460,44974,314,219,231
22461,44976,345,219,232
22462,44978,326,218,234
22463,44980,319,219,230
22464,44982,303,218,232
22465,44984,302,219,231
22466,44986,316,218,233
22467,44988,319,219,230
22468,44990,322,219,231
22469,44992,317,219,232
22470,44994,313,219,230
22471,44996,342,219,231
22472,44998,326,219,231
22473,45000,318,219,230
22474,45002,303,219,233
22475,45004,296,219,231
22476,45006,316,219,231
22477,45008,315,219,232
22478,45010,315,219,232
22479,45012,314,219,233
22480,45014,312,219,232
22481,45016,336,218,231
22482,45018,328,220,231
22483,45020,315,218,232
22484,45022,295,219,231
22485,45024,296,219,230
22486,45026,321,220,232
22487,45028,320,218,232
22488,45030,325,221,232
22489,45032,323,219,233
22490,45034,315,219,231
22491,45036,338,219,233
22492,45038,324,219,234
22493,45040,319,219,234
22494,45042,301,219,231
22495,45044,305,219,231
22496,45046,317,219,232
22497,45048,319,219,231
22498,45050,314,219,233
22499,45052,314,219,231
22500,45054,312,220,232
22501,45056,339,219,231
22502,45058,328,219,233
22503,45060,315,220,232
22504,45062,290,217,231
22505,45064,300,219,229
22506,45066,316,219,235
22507,45068,316,219,232
22508,45070,319,219,232
22509,45072,310,219,229
22510,45074,310,219,231
22511,45076,341,219,235
22512,45078,329,219,232
22513,45080,323,219,232
22514,45082,293,218,231
22515,45084,296,219,232
22516,45086,314,219,232
22517,45088,315,219,233
22518,45090,316,219,231
22519,45092,313,219,232
22520,45094,318,219,231
22521,45096,335,219,232
22522,45098,328,218,232
22523,45100,320,219,233
22524,45102,297,218,233
22525,45104,296,217,234
22526,45106,319,218,231
22527,45108,312,219,231
22528,45110,325,219,232
22529,45112,319,219,233
22530,45114,316,219,232
22531,45116,342,219,232
22532,45118,324,219,232
22533,45120,318,218,233
22534,45122,295,218,231
22535,45124,298,219,229
22536,45126,315,219,233
22537,45128,313,219,229
22538,45130,311,218,231
22539,45132,315,219,232
22540,45134,311,216,230
22541,45136,339,218,230
22542,45138,326,219,230
22543,45140,322,218,231
22544,45142,294,218,231
22545,45144,294,218,230
22546,45146,312,218,230
22547,45148,314,220,230
22548,45150,322,218,231
22549,45152,321,219,230
22550,45154,316,218,231
22551,45156,346,218,231
22552,45158,328,217,231
22553,45160,317,218,232
22554,45162,293,219,230
22555,45164,295,218,229
22556,45166,312,218,231
22557,45168,307,218,231
22558,45170,306,219,231
22559,45172,315,219,232
22560,45174,322,217,231
22561,45176,343,218,235
22562,45178,333,219,232
22563,45180,318,219,232
22564,45182,296,218,231
22565,45184,298,218,231
22566,45186,322,219,231
22567,45188,313,219,231
22568,45190,307,218,231
22569,45192,322,218,230
22570,45194,317,219,234
22571,45196,337,217,232
22572,45198,323,218,232
22573,45200,319,219,231
22574,45202,294,218,232
22575,45204,295,219,232
22576,45206,316,219,233
22577,45208,321,218,231
22578,45210,315,219,234
22579,45212,318,219,232
22580,45214,315,219,231
22581,45216,338,218,231
22582,45218,326,219,231
22583,45220,319,217,232
22584,45222,293,219,231
22585,45224,296,219,232
22586,45226,313,219,232
22587,45228,314,217,234
22588,45230,311,219,231
22589,45232,311,217,231
22590,45234,315,219,231
22591,45236,336,219,231
22592,45238,326,218,231
22593,45240,317,219,230
22594,45242,292,219,231
22595,45244,299,219,231
22596,45246,316,219,231
22597,45248,315,214,229
22598,45250,316,218,230
22599,45252,313,218,231
22600,45254,315,218,230
22601,45256,334,218,230
22602,45258,335,220,229
22603,45260,322,219,231
22604,45262,296,219,230
22605,45264,295,218,229
22606,45266,319,218,230
22607,45268,311,219,232
22608,45270,315,218,233
22609,45272,316,219,230
22610,45274,314,218,230
22611,45276,336,219,230
22612,45278,327,218,231
22613,45280,322,218,232
22614,45282,294,219,231
22615,45284,297,218,231
22616,45286,316,220,232
22617,45288,309,219,232
22618,45290,309,219,231
22619,45292,310,219,232
22620,45294,312,220,229
22621,45296,341,219,232
22622,45298,327,219,231
22623,45300,316,219,230
22624,45302,295,220,231
22625,45304,301,218,231
22626,45306,312,219,231
22627,45308,312,218,231
22628,45310,309,219,230
22629,45312,312,219,230
22630,45314,312,219,230
22631,45316,350,218,230
22632,45318,325,219,232
22633,45320,316,219,231
22634,45322,311,219,230
22635,45324,296,219,230
22636,45326,312,219,232
22637,45328,321,219,231
22638,45330,324,218,231
22639,45332,319,219,230
22640,45334,314,219,230
22641,45336,340,220,230
22642,45338,333,219,229
22643,45340,321,219,233
22644,45342,302,219,230
22645,45344,298,219,231
22646,45346,318,219,232
22647,45348,310,219,230
22648,45350,321,219,230
22649,45352,319,219,229
22650,45354,308,218,231
22651,45356,339,220,231
22652,45358,336,220,231
22653,45360,314,219,231
22654,45362,298,217,230
22655,45364,298,219,231
22656,45366,311,220,232
22657,45368,312,219,227
22658,45370,306,219,231
22659,45372,307,219,229
22660,45374,310,219,229
22661,45376,337,219,232
22662,45378,325,219,230
22663,45380,315,219,231
22664,45382,290,219,230
22665,45384,300,219,231
22666,45386,312,219,232
22667,45388,306,219,231
22668,45390,305,219,231
22669,45392,307,220,231
22670,45394,309,219,230
22671,45396,335,220,233
22672,45398,323,219,233
22673,45400,318,219,232
22674,45402,302,218,232
22675,45404,297,219,231
22676,45406,318,219,231
22677,45408,315,219,230
22678,45410,317,220,231
22679,45412,314,220,231
22680,45414,311,219,232
22681,45416,338,219,231
22682,45418,328,219,231
22683,45420,318,219,230
22684,45422,301,219,230
22685,45424,298,219,231
22686,45426,316,220,231
22687,45428,318,219,231
22688,45430,315,219,230
22689,45432,312,220,232
22690,45434,314,219,231
22691,45436,337,219,231
22692,45438,324,219,231
22693,45440,306,219,231
22694,45442,301,219,231
22695,45444,296,219,230
22696,45446,303,218,230
22697,45448,316,219,231
22698,45450,316,219,231
22699,45452,308,219,233
22700,45454,307,219,229
22701,45456,332,219,231
22702,45458,328,219,231
22703,45460,313,219,230
22704,45462,298,219,230
22705,45464,299,218,230
22706,45466,310,219,231
22707,45468,317,218,230
22708,45470,312,218,230
22709,45472,302,218,229
22710,45474,306,218,231
22711,45476,267,216,230
22712,45478,324,219,230
22713,45480,319,219,230
22714,45482,298,218,230
22715,45484,298,219,231
22716,45486,313,218,230
22717,45488,315,218,231
22718,45490,314,218,232
22719,45492,312,219,232
22720,45494,308,218,231
22721,45496,337,219,232
22722,45498,323,218,231
22723,45500,313,218,230
22724,45502,305,218,230
22725,45504,298,218,230
22726,45506,316,218,231
22727,45508,314,218,230
22728,45510,307,219,229
22729,45512,312,219,229
22730,45514,312,218,230
22731,45516,334,219,230
22732,45518,324,218,230
22733,45520,313,218,230
22734,45522,297,218,230
22735,45524,301,218,230
22736,45526,316,218,230
22737,45528,319,219,230
22738,45530,310,218,230
22739,45532,313,219,231
22740,45534,304,218,229
22741,45536,335,217,230
22742,45538,318,219,230
22743,45540,308,219,229
22744,45542,293,219,228
22745,45544,303,219,230
22746,45546,320,218,230
22747,45548,306,218,229
22748,45550,311,219,229
22749,45552,307,219,229
22750,45554,305,218,227
22751,45556,337,219,228
22752,45558,327,219,228
22753,45560,314,218,227
22754,45562,284,219,227
22755,45564,301,220,228
22756,45566,314,218,229
22757,45568,323,219,229
22758,45570,311,218,228
22759,45572,314,218,228
22760,45574,309,219,228
22761,45576,326,218,229
22762,45578,322,219,228
22763,45580,313,219,227
22764,45582,298,218,227
22765,45584,303,218,228
22766,45586,314,219,228
22767,45588,316,219,228
22768,45590,316,219,227
22769,45592,316,218,227
22770,45594,308,218,228
22771,45596,337,219,228
22772,45598,319,219,227
22773,45600,315,218,228
22774,45602,296,218,228
22775,45604,303,218,228
22776,45606,318,218,227
22777,45608,319,218,228
22778,45610,318,218,227
22779,45612,318,218,227
22780,45614,313,219,228
22781,45616,334,218,226
22782,45618,317,218,228
22783,45620,313,219,227
22784,45622,307,217,228
22785,45624,303,218,227
22786,45626,316,219,228
22787,45628,312,219,228
22788,45630,310,218,228
22789,45632,309,219,228
22790,45634,313,219,228
22791,45636,342,220,229
22792,45638,329,219,227
22793,45640,314,219,224
22794,45642,299,219,227
22795,45644,303,219,227
22796,45646,313,218,226
22797,45648,316,219,227
22798,45650,311,218,227
22799,45652,311,218,226
22800,45654,312,218,227
22801,45656,337,218,227
22802,45658,324,218,226
22803,45660,319,218,227
22804,45662,295,218,227
22805,45664,305,219,227
22806,45666,316,217,230
22807,45668,312,219,229
22808,45670,311,219,227
22809,45672,313,218,227
22810,45674,313,219,227
22811,45676,334,219,228
22812,45678,328,219,228
22813,45680,311,219,227
22814,45682,298,218,228
22815,45684,299,218,226
22816,45686,316,217,226
22817,45688,318,218,228
22818,45690,317,219,228
22819,45692,318,218,227
22820,45694,311,218,225
22821,45696,332,220,229
22822,45698,328,219,226
22823,45700,316,219,228
22824,45702,295,219,228
22825,45704,305,219,228
22826,45706,322,218,227
22827,45708,316,219,228
22828,45710,321,219,227
22829,45712,315,218,227
22830,45714,317,219,228
22831,45716,324,219,226
22832,45718,324,219,228
22833,45720,316,220,228
22834,45722,295,219,229
22835,45724,302,219,226
22836,45726,308,217,225
22837,45728,319,218,228
22838,45730,316,219,229
22839,45732,315,219,227
22840,45734,316,219,227
22841,45736,337,219,228
22842,45738,330,219,231
22843,45740,316,220,229
22844,45742,303,220,228
22845,45744,300,221,229
22846,45746,318,219,228
22847,45748,306,218,227
22848,45750,313,219,226
22849,45752,321,219,227
22850,45754,317,220,227
22851,45756,336,220,227
22852,45758,329,220,225
22853,45760,315,219,224
22854,45762,291,219,228
22855,45764,301,220,229
22856,45766,316,219,228
22857,45768,320,220,229
22858,45770,308,219,228
22859,45772,308,219,228
22860,45774,313,220,229
22861,45776,331,219,227
22862,45778,323,219,230
22863,45780,318,219,229
22864,45782,291,219,227
22865,45784,298,219,228
22866,45786,317,219,227
22867,45788,313,219,225
22868,45790,311,220,228
22869,45792,310,220,228
22870,45794,310,220,229
22871,45796,338,220,229
22872,45798,332,220,231
22873,45800,311,220,228
22874,45802,292,219,227
22875,45804,303,219,229
22876,45806,309,220,229
22877,45808,309,219,230
22878,45810,313,220,228
22879,45812,316,219,233
22880,45814,309,219,227
22881,45816,335,220,227
22882,45818,321,220,224
22883,45820,305,220,225
22884,45822,295,221,225
22885,45824,301,219,225
22886,45826,306,220,226
22887,45828,308,219,227
22888,45830,315,220,227
22889,45832,315,219,226
22890,45834,312,220,224
22891,45836,324,219,225
22892,45838,322,218,226
22893,45840,314,219,225
22894,45842,293,219,225
22895,45844,304,220,226
22896,45846,318,218,224
22897,45848,309,219,226
22898,45850,313,219,223
22899,45852,304,219,226
22900,45854,314,219,225
22901,45856,339,219,227
22902,45858,325,219,227
22903,45860,321,219,226
22904,45862,297,218,226
22905,45864,300,220,227
22906,45866,316,219,226
22907,45868,303,219,226
22908,45870,320,219,227
22909,45872,318,220,226
22910,45874,317,219,226
22911,45876,337,220,229
22912,45878,326,220,226
22913,45880,312,220,226
22914,45882,300,219,225
22915,45884,299,219,227
22916,45886,313,219,226
22917,45888,310,220,228
22918,45890,325,219,226
22919,45892,310,219,228
22920,45894,315,220,226
22921,45896,326,219,226
22922,45898,326,219,226
22923,45900,313,219,226
22924,45902,285,219,226
22925,45904,300,222,226
22926,45906,306,220,229
22927,45908,304,220,226
22928,45910,316,219,226
22929,45912,305,218,224
22930,45914,314,220,227
22931,45916,339,220,227
22932,45918,325,219,227
22933,45920,317,220,226
22934,45922,293,221,225
22935,45924,299,219,226
22936,45926,313,219,225
22937,45928,313,222,228
22938,45930,310,219,228
22939,45932,319,221,228
22940,45934,318,220,225
22941,45936,333,218,224
22942,45938,317,220,225
22943,45940,315,221,226
22944,45942,294,219,226
22945,45944,302,220,226
22946,45946,313,220,227
22947,45948,308,219,224
22948,45950,312,220,225
22949,45952,320,220,227
22950,45954,311,219,226
22951,45956,332,220,228
22952,45958,323,220,226
22953,45960,319,219,225
22954,45962,293,219,224
22955,45964,302,220,225
22956,45966,313,219,227
22957,45968,317,220,225
22958,45970,316,219,226
22959,45972,312,220,227
22960,45974,310,220,225
22961,45976,337,219,226
22962,45978,314,220,225
22963,45980,315,220,225
22964,45982,294,219,226
22965,45984,302,219,227
22966,45986,311,219,226
22967,45988,309,220,227
22968,45990,312,219,225
22969,45992,315,219,225
22970,45994,315,220,226
22971,45996,338,220,227
22972,45998,322,220,227
22973,46000,315,220,226
22974,46002,302,220,229
22975,46004,306,219,225
22976,46006,313,220,222
22977,46008,309,219,224
22978,46010,312,220,226
22979,46012,315,219,224
22980,46014,310,219,224
22981,46016,336,220,223
22982,46018,323,220,222
22983,46020,318,219,224
22984,46022,297,219,226
22985,46024,309,219,225
22986,46026,315,220,229
22987,46028,315,220,226
22988,46030,315,220,223
22989,46032,318,219,226
22990,46034,315,219,226
22991,46036,332,219,226
22992,46038,326,219,227
22993,46040,315,219,225
22994,46042,296,219,224
22995,46044,301,219,225
22996,46046,314,219,223
22997,46048,308,219,225
22998,46050,310,219,225
22999,46052,313,219,225
23000,46054,312,219,225
23001,46056,330,219,226
23002,46058,322,219,225
23003,46060,313,219,226
23004,46062,294,219,226
23005,46064,309,219,225
23006,46066,315,219,223
23007,46068,311,220,227
23008,46070,317,219,225
23009,46072,311,218,224
23010,46074,310,219,226
23011,46076,333,218,228
23012,46078,322,219,226
23013,46080,313,219,227
23014,46082,298,218,225
23015,46084,301,219,226
23016,46086,317,219,228
23017,46088,318,218,226
23018,46090,315,219,226
23019,46092,309,219,226
23020,46094,318,219,228
23021,46096,334,219,227
23022,46098,319,219,229
23023,46100,317,219,227
23024,46102,300,218,226
23025,46104,306,219,227
23026,46106,316,219,228
23027,46108,313,219,229
23028,46110,333,219,227
23029,46112,315,219,228
23030,46114,312,219,225
23031,46116,331,219,228
23032,46118,325,219,225
23033,46120,317,219,226
23034,46122,297,218,226
23035,46124,302,219,228
23036,46126,309,218,227
23037,46128,322,219,226
23038,46130,319,217,226
23039,46132,316,219,226
23040,46134,311,219,228
23041,46136,330,219,226
23042,46138,320,219,228
23043,46140,312,217,226
23044,46142,300,219,225
23045,46144,302,219,227
23046,46146,315,219,224
23047,46148,318,219,225
23048,46150,313,219,226
23049,46152,319,219,227
23050,46154,316,219,228
23051,46156,331,218,226
23052,46158,318,219,226
23053,46160,314,219,227
23054,46162,302,219,227
23055,46164,304,219,227
23056,46166,314,218,228
23057,46168,319,219,226
23058,46170,313,219,227
23059,46172,312,218,227
23060,46174,313,218,226
23061,46176,335,219,227
23062,46178,313,219,228
23063,46180,312,219,227
23064,46182,294,219,229
23065,46184,310,218,227
23066,46186,308,219,227
23067,46188,317,218,226
23068,46190,309,220,226
23069,46192,314,219,229
23070,46194,316,219,227
23071,46196,336,219,226
23072,46198,317,218,225
23073,46200,311,218,228
23074,46202,302,219,227
23075,46204,304,219,229
23076,46206,323,217,226
23077,46208,319,218,230
23078,46210,312,219,228
23079,46212,323,220,229
23080,46214,309,219,229
23081,46216,334,219,229
23082,46218,319,219,228
23083,46220,312,218,229
23084,46222,293,220,229
23085,46224,307,220,229
23086,46226,315,219,229
23087,46228,320,219,228
23088,46230,312,219,230
23089,46232,313,219,229
23090,46234,314,218,228
23091,46236,328,218,228
23092,46238,324,219,229
23093,46240,314,219,229
23094,46242,293,219,228
23095,46244,305,219,228
23096,46246,316,218,228
23097,46248,321,219,228
23098,46250,316,219,229
23099,46252,317,219,227
23100,46254,310,218,228
23101,46256,336,219,229
23102,46258,318,219,228
23103,46260,310,219,229
23104,46262,291,219,227
23105,46264,304,218,228
23106,46266,311,219,229
23107,46268,311,219,228
23108,46270,318,219,227
23109,46272,312,219,228
23110,46274,312,218,228
23111,46276,334,218,232
23112,46278,325,219,229
23113,46280,315,219,227
23114,46282,294,218,227
23115,46284,303,219,230
23116,46286,310,219,230
23117,46288,316,218,226
23118,46290,316,219,225
23119,46292,308,218,228
23120,46294,312,219,228
23121,46296,335,219,230
23122,46298,319,218,229
23123,46300,315,218,229
23124,46302,293,219,230
23125,46304,302,219,229
23126,46306,315,219,229
23127,46308,319,218,230
23128,46310,319,219,227
23129,46312,307,219,228
23130,46314,315,219,228
23131,46316,328,219,229
23132,46318,317,219,227
23133,46320,315,219,230
23134,46322,290,219,229
23135,46324,304,219,227
23136,46326,313,218,230
23137,46328,311,218,230
23138,46330,308,219,231
23139,46332,313,219,230
23140,46334,314,219,229
23141,46336,331,219,230
23142,46338,317,219,229
23143,46340,311,219,230
23144,46342,290,218,231
23145,46344,302,219,230
23146,46346,312,219,231
23147,46348,312,218,230
23148,46350,307,220,230
23149,46352,311,219,230
23150,46354,311,219,230
23151,46356,332,219,233
23152,46358,313,219,230
23153,46360,308,218,231
23154,46362,293,218,230
23155,46364,299,219,231
23156,46366,305,219,230
23157,46368,307,219,231
23158,46370,303,219,232
23159,46372,311,218,233
23160,46374,318,219,233
23161,46376,339,219,232
23162,46378,320,219,231
23163,46380,312,219,232
23164,46382,291,218,231
23165,46384,309,218,231
23166,46386,314,218,231
23167,46388,311,219,232
23168,46390,307,220,233
23169,46392,313,219,234
23170,46394,316,218,231
23171,46396,334,219,232
23172,46398,322,219,231
23173,46400,331,219,232
23174,46402,295,219,230
23175,46404,302,219,231
23176,46406,315,218,230
23177,46408,315,219,230
23178,46410,317,219,230
23179,46412,314,219,231
23180,46414,320,219,232
23181,46416,336,219,231
23182,46418,321,219,232
23183,46420,311,219,231
23184,46422,293,219,228
23185,46424,301,219,232
23186,46426,307,219,234
23187,46428,309,219,231
23188,46430,314,219,231
23189,46432,319,219,231
23190,46434,319,218,232
23191,46436,330,219,230
23192,46438,320,220,232
23193,46440,322,220,232
23194,46442,289,219,231
23195,46444,299,219,233
23196,46446,311,219,231
23197,46448,313,219,233
23198,46450,309,219,231
23199,46452,315,219,230
23200,46454,321,219,232
23201,46456,336,219,232
23202,46458,319,218,233
23203,46460,310,219,232
23204,46462,283,219,234
23205,46464,303,219,232
23206,46466,314,219,234
23207,46468,312,220,232
23208,46470,307,219,232
23209,46472,307,218,232
23210,46474,318,219,233
23211,46476,338,219,234
23212,46478,317,219,232
23213,46480,316,219,232
23214,46482,300,218,231
23215,46484,303,219,232
23216,46486,319,218,230
23217,46488,305,219,232
23218,46490,313,219,232
23219,46492,319,219,231
23220,46494,322,219,231
23221,46496,335,218,233
23222,46498,325,218,232
23223,46500,320,219,230
23224,46502,296,219,232
23225,46504,301,219,233
23226,46506,309,218,232
23227,46508,307,219,232
23228,46510,310,217,231
23229,46512,320,219,233
23230,46514,320,218,231
23231,46516,338,219,230
23232,46518,320,219,231
23233,46520,315,219,234
23234,46522,296,219,233
23235,46524,308,219,234
23236,46526,311,219,233
23237,46528,315,218,232
23238,46530,314,221,232
23239,46532,316,219,231
23240,46534,324,219,233
23241,46536,338,219,232
23242,46538,325,219,232
23243,46540,321,219,231
23244,46542,294,218,231
23245,46544,305,218,231
23246,46546,330,218,231
23247,46548,314,219,232
23248,46550,312,219,231
23249,46552,320,219,230
23250,46554,325,219,231
23251,46556,343,219,233
23252,46558,329,218,232
23253,46560,321,219,233
23254,46562,300,219,231
23255,46564,306,219,231
23256,46566,324,218,231
23257,46568,310,219,232
23258,46570,320,219,234
23259,46572,324,219,233
23260,46574,326,219,232
23261,46576,339,219,233
23262,46578,331,219,232
23263,46580,320,218,230
23264,46582,297,219,233
23265,46584,300,218,232
23266,46586,319,219,232
23267,46588,307,220,232
23268,46590,321,219,232
23269,46592,318,219,231
23270,46594,327,220,234
23271,46596,338,217,234
23272,46598,320,219,231
23273,46600,317,219,232
23274,46602,290,219,232
23275,46604,302,219,231
23276,46606,315,219,231
23277,46608,309,219,232
23278,46610,316,225,230
23279,46612,310,219,232
23280,46614,332,220,232
23281,46616,340,219,232
23282,46618,320,218,232
23283,46620,307,219,232
23284,46622,295,218,232
23285,46624,303,219,232
23286,46626,316,219,233
23287,46628,318,219,233
23288,46630,319,219,233
23289,46632,314,219,234
23290,46634,342,219,234
23291,46636,342,218,232
23292,46638,320,219,233
23293,46640,314,219,231
23294,46642,301,220,233
23295,46644,305,219,232
23296,46646,320,219,233
23297,46648,310,219,235
23298,46650,315,219,234
23299,46652,310,218,234
23300,46654,336,220,235
23301,46656,341,219,235
23302,46658,313,218,233
23303,46660,317,219,234
23304,46662,295,219,232
23305,46664,303,219,235
23306,46666,314,219,233
23307,46668,321,219,238
23308,46670,321,220,235
23309,46672,321,219,235
23310,46674,340,219,235
23311,46676,339,219,236
23312,46678,316,219,236
23313,46680,313,219,237
23314,46682,296,219,234
23315,46684,308,219,236
23316,46686,321,219,236
23317,46688,327,218,233
23318,46690,318,219,237
23319,46692,323,219,238
23320,46694,338,220,238
23321,46696,337,219,237
23322,46698,321,217,237
23323,46700,319,219,237
23324,46702,297,219,236
23325,46704,310,219,236
23326,46706,318,219,238
23327,46708,311,219,239
23328,46710,316,220,237
23329,46712,316,219,237
23330,46714,340,220,237
23331,46716,344,219,238
23332,46718,318,218,238
23333,46720,314,219,239
23334,46722,300,219,237
23335,46724,305,219,237
23336,46726,308,219,238
23337,46728,314,219,238
23338,46730,316,219,239
23339,46732,317,219,238
23340,46734,334,219,239
23341,46736,340,219,238
23342,46738,311,219,238
23343,46740,312,219,238
23344,46742,296,218,236
23345,46744,306,219,237
23346,46746,320,216,237
23347,46748,321,219,236
23348,46750,316,219,236
23349,46752,318,220,235
23350,46754,339,219,235
23351,46756,339,220,237
23352,46758,317,220,237
23353,46760,312,219,236
23354,46762,299,220,236
23355,46764,304,218,236
23356,46766,314,219,236
23357,46768,327,219,236
23358,46770,333,220,236
23359,46772,315,219,237
23360,46774,343,219,235
23361,46776,346,222,238
23362,46778,318,219,236
23363,46780,318,219,237
23364,46782,297,219,235
23365,46784,306,219,236
23366,46786,316,218,235
23367,46788,327,218,235
23368,46790,317,219,234
23369,46792,310,220,236
23370,46794,340,219,235
23371,46796,341,219,235
23372,46798,321,219,236
23373,46800,313,219,236
23374,46802,298,219,236
23375,46804,306,218,235
23376,46806,312,219,237
23377,46808,323,219,236
23378,46810,322,219,234
23379,46812,311,220,235
23380,46814,342,219,236
23381,46816,341,220,235
23382,46818,320,219,235
23383,46820,316,219,234
23384,46822,298,219,232
23385,46824,303,219,233
23386,46826,316,220,233
23387,46828,316,219,232
23388,46830,321,219,234
23389,46832,318,219,234
23390,46834,345,220,236
23391,46836,336,219,237
23392,46838,327,219,234
23393,46840,311,219,235
23394,46842,296,219,233
23395,46844,305,219,235
23396,46846,320,219,236
23397,46848,324,219,234
23398,46850,322,219,234
23399,46852,307,220,235
23400,46854,342,219,234
23401,46856,338,219,235
23402,46858,318,220,235
23403,46860,311,220,235
23404,46862,297,219,234
23405,46864,307,219,233
23406,46866,322,219,234
23407,46868,327,220,237
23408,46870,318,219,234
23409,46872,318,220,235
23410,46874,344,220,234
23411,46876,340,220,236
23412,46878,321,220,235
23413,46880,314,218,235
23414,46882,298,219,232
23415,46884,306,218,232
23416,46886,315,219,230
23417,46888,324,220,233
23418,46890,312,220,234
23419,46892,316,220,234
23420,46894,336,220,235
23421,46896,341,219,235
23422,46898,319,219,233
23423,46900,316,219,233
23424,46902,298,219,232
23425,46904,309,219,233
23426,46906,312,220,234
23427,46908,319,219,236
23428,46910,317,220,233
23429,46912,313,219,234
23430,46914,334,219,234
23431,46916,320,219,234
23432,46918,319,220,234
23433,46920,307,219,235
23434,46922,291,219,233
23435,46924,305,219,233
23436,46926,311,219,232
23437,46928,316,219,233
23438,46930,321,219,234
23439,46932,328,220,235
23440,46934,338,219,234
23441,46936,334,220,236
23442,46938,320,218,234
23443,46940,310,219,236
23444,46942,295,219,235
23445,46944,304,219,234
23446,46946,315,220,234
23447,46948,316,219,236
23448,46950,313,219,235
23449,46952,311,219,237
23450,46954,335,221,237
23451,46956,336,220,235
23452,46958,315,219,235
23453,46960,306,219,234
23454,46962,300,219,233
23455,46964,297,220,236
23456,46966,315,220,234
23457,46968,320,220,234
23458,46970,315,219,234
23459,46972,317,219,234
23460,46974,334,220,235
23461,46976,330,220,235
23462,46978,319,220,234
23463,46980,306,220,234
23464,46982,294,219,230
23465,46984,297,219,234
23466,46986,308,219,233
23467,46988,314,220,234
23468,46990,310,219,233
23469,46992,307,220,235
23470,46994,332,220,234
23471,46996,327,220,235
23472,46998,317,221,233
23473,47000,310,220,234
23474,47002,291,219,233
23475,47004,301,220,232
23476,47006,313,218,233
23477,47008,319,219,233
23478,47010,308,219,234
23479,47012,309,220,235
23480,47014,338,220,234
23481,47016,334,220,233
23482,47018,319,219,233
23483,47020,313,219,234
23484,47022,294,220,233
23485,47024,298,219,233
23486,47026,321,219,234
23487,47028,312,220,233
23488,47030,318,219,232
23489,47032,311,220,233
23490,47034,337,220,234
23491,47036,327,220,235
23492,47038,327,220,235
23493,47040,313,221,235
23494,47042,286,219,234
23495,47044,298,219,235
23496,47046,309,218,234
23497,47048,303,219,232
23498,47050,313,219,235
23499,47052,320,219,234
23500,47054,336,220,235
23501,47056,329,219,236
23502,47058,316,219,234
23503,47060,309,219,233
23504,47062,293,219,235
23505,47064,299,219,233
23506,47066,308,218,231
23507,47068,316,219,234
23508,47070,315,219,235
23509,47072,311,219,236
23510,47074,339,219,235
23511,47076,340,220,234
23512,47078,316,219,233
23513,47080,312,220,235
23514,47082,292,219,233
23515,47084,300,219,233
23516,47086,315,219,233
23517,47088,312,217,233
23518,47090,313,219,235
23519,47092,323,220,234
23520,47094,343,219,233
23521,47096,336,220,236
23522,47098,326,219,234
23523,47100,313,219,234
23524,47102,291,218,230
23525,47104,303,219,233
23526,47106,316,219,231
23527,47108,312,218,236
23528,47110,311,219,235
23529,47112,319,219,233
23530,47114,342,219,235
23531,47116,325,219,233
23532,47118,315,218,234
23533,47120,322,220,235
23534,47122,284,219,232
23535,47124,297,219,235
23536,47126,309,219,234
23537,47128,316,220,234
23538,47130,316,219,237
23539,47132,311,219,234
23540,47134,343,219,233
23541,47136,335,219,233
23542,47138,320,219,235
23543,47140,310,220,236
23544,47142,290,219,234
23545,47144,305,219,235
23546,47146,316,218,235
23547,47148,312,219,236
23548,47150,310,219,236
23549,47152,315,219,235
23550,47154,338,219,235
23551,47156,338,219,236
23552,47158,323,219,236
23553,47160,312,219,236
23554,47162,300,219,235
23555,47164,305,224,238
23556,47166,315,219,235
23557,47168,315,219,234
23558,47170,317,221,234
23559,47172,319,219,235
23560,47174,342,219,236
23561,47176,336,219,235
23562,47178,325,219,233
23563,47180,315,219,235
23564,47182,294,219,235
23565,47184,304,219,235
23566,47186,310,220,235
23567,47188,314,219,233
23568,47190,321,218,236
23569,47192,321,219,235
23570,47194,340,217,235
23571,47196,322,219,235
23572,47198,311,222,237
23573,47200,309,220,236
23574,47202,294,219,235
23575,47204,304,219,238
23576,47206,316,219,234
23577,47208,326,219,236
23578,47210,318,219,236
23579,47212,323,219,235
23580,47214,342,218,235
23581,47216,338,220,237
23582,47218,323,219,234
23583,47220,319,218,237
23584,47222,295,219,236
23585,47224,302,219,236
23586,47226,317,219,235
23587,47228,316,219,234
23588,47230,317,219,236
23589,47232,326,219,236
23590,47234,343,219,236
23591,47236,341,219,235
23592,47238,324,219,235
23593,47240,315,219,235
23594,47242,297,220,235
23595,47244,304,219,236
23596,47246,322,219,235
23597,47248,311,219,236
23598,47250,318,219,233
23599,47252,326,220,235
23600,47254,344,221,234
23601,47256,338,219,235
23602,47258,325,218,236
23603,47260,310,219,236
23604,47262,292,219,236
23605,47264,301,220,236
23606,47266,311,219,235
23607,47268,316,219,236
23608,47270,313,219,235
23609,47272,314,219,234
23610,47274,342,219,235
23611,47276,330,218,232
23612,47278,314,219,234
23613,47280,309,220,235
23614,47282,298,219,234
23615,47284,298,219,231
23616,47286,309,219,234
23617,47288,319,219,234
23618,47290,312,219,234
23619,47292,301,219,233
23620,47294,336,220,234
23621,47296,340,219,234
23622,47298,323,219,233
23623,47300,310,219,233
23624,47302,306,219,234
23625,47304,303,219,236
23626,47306,318,221,236
23627,47308,329,219,235
23628,47310,316,219,236
23629,47312,320,219,237
23630,47314,338,220,237
23631,47316,336,220,237
23632,47318,320,220,236
23633,47320,312,218,236
23634,47322,297,219,236
23635,47324,305,219,235
23636,47326,304,219,235
23637,47328,314,219,235
23638,47330,322,219,234
23639,47332,308,218,236
23640,47334,340,218,236
23641,47336,330,219,235
23642,47338,310,218,235
23643,47340,308,220,238
23644,47342,294,219,236
23645,47344,294,219,237
23646,47346,303,218,236
23647,47348,315,219,237
23648,47350,317,219,238
23649,47352,319,220,236
23650,47354,338,219,237
23651,47356,332,218,238
23652,47358,312,219,238
23653,47360,310,219,238
23654,47362,289,219,239
23655,47364,296,219,239
23656,47366,310,219,238
23657,47368,312,219,239
23658,47370,316,220,239
23659,47372,319,220,241
23660,47374,340,219,238
23661,47376,344,220,239
23662,47378,317,220,238
23663,47380,311,220,237
23664,47382,290,221,238
23665,47384,302,220,240
23666,47386,312,222,238
23667,47388,317,221,240
23668,47390,318,221,239
23669,47392,318,221,241
23670,47394,340,221,237
23671,47396,330,221,239
23672,47398,318,221,239
23673,47400,309,221,240
23674,47402,295,221,240
23675,47404,306,221,239
23676,47406,308,221,239
23677,47408,311,221,240
23678,47410,312,221,239
23679,47412,312,221,238
23680,47414,336,222,240
23681,47416,326,221,238
23682,47418,314,221,239
23683,47420,307,222,239
23684,47422,298,221,239
23685,47424,305,221,239
23686,47426,316,221,239
23687,47428,331,221,241
23688,47430,317,221,240
23689,47432,316,221,242
23690,47434,336,222,241
23691,47436,338,221,238
23692,47438,318,221,239
23693,47440,315,221,241
23694,47442,294,220,239
23695,47444,303,221,240
23696,47446,319,221,240
23697,47448,329,221,241
23698,47450,320,221,240
23699,47452,320,221,239
23700,47454,334,222,240
23701,47456,330,222,242
23702,47458,317,221,241
23703,47460,308,222,240
23704,47462,292,222,242
23705,47464,308,222,242
23706,47466,329,221,241
23707,47468,322,221,243
23708,47470,321,222,241
23709,47472,317,222,241
23710,47474,338,221,240
23711,47476,332,221,240
23712,47478,317,221,241
23713,47480,308,221,242
23714,47482,295,222,239
23715,47484,303,221,243
23716,47486,318,221,245
23717,47488,326,222,245
23718,47490,313,221,246
23719,47492,311,221,246
23720,47494,335,221,247
23721,47496,334,222,247
23722,47498,317,222,246
23723,47500,307,220,245
23724,47502,295,221,244
23725,47504,302,221,245
23726,47506,319,221,245
23727,47508,321,221,244
23728,47510,330,221,247
23729,47512,313,221,245
23730,47514,335,222,246
23731,47516,328,221,245
23732,47518,317,221,244
23733,47520,303,221,244
23734,47522,292,221,243
23735,47524,297,221,243
23736,47526,310,221,243
23737,47528,320,221,245
23738,47530,323,221,243
23739,47532,313,221,243
23740,47534,332,221,245
23741,47536,326,221,243
23742,47538,314,214,241
23743,47540,304,221,241
23744,47542,291,221,242
23745,47544,301,221,242
23746,47546,308,221,243
23747,47548,316,220,243
23748,47550,314,221,243
23749,47552,308,221,245
23750,47554,332,221,243
23751,47556,326,221,244
23752,47558,312,221,243
23753,47560,301,221,243
23754,47562,291,222,242
23755,47564,293,221,243
23756,47566,314,221,245
23757,47568,314,221,241
23758,47570,309,221,242
23759,47572,304,221,243
23760,47574,333,221,242
23761,47576,334,222,245
23762,47578,308,221,243
23763,47580,301,220,243
23764,47582,293,220,244
23765,47584,296,221,243
23766,47586,308,221,244
23767,47588,318,221,243
23768,47590,312,221,244
23769,47592,314,221,243
23770,47594,332,222,245
23771,47596,331,220,246
23772,47598,317,221,242
23773,47600,301,221,244
23774,47602,286,222,245
23775,47604,303,221,244
23776,47606,320,222,245
23777,47608,311,221,244
23778,47610,310,221,243
23779,47612,306,221,244
23780,47614,332,221,245
23781,47616,327,224,245
23782,47618,313,221,243
23783,47620,302,221,244
23784,47622,291,221,244
23785,47624,301,221,243
23786,47626,311,222,243
23787,47628,314,221,244
23788,47630,307,220,243
23789,47632,311,220,242
23790,47634,336,221,244
23791,47636,333,221,244
23792,47638,315,221,246
23793,47640,303,222,242
23794,47642,295,220,243
23795,47644,302,221,244
23796,47646,317,221,241
23797,47648,312,219,242
23798,47650,309,220,244
23799,47652,310,219,243
23800,47654,332,220,245
23801,47656,333,221,245
23802,47658,318,220,244
23803,47660,303,219,244
23804,47662,287,220,244
23805,47664,302,219,243
23806,47666,309,219,243
23807,47668,315,220,241
23808,47670,316,220,244
23809,47672,307,220,245
23810,47674,334,220,244
23811,47676,332,218,244
23812,47678,315,220,243
23813,47680,306,219,243
23814,47682,298,219,243
23815,47684,300,220,245
23816,47686,318,219,243
23817,47688,315,219,242
23818,47690,317,220,243
23819,47692,309,220,245
23820,47694,339,220,243
23821,47696,337,219,243
23822,47698,312,219,244
23823,47700,308,220,243
23824,47702,294,219,244
23825,47704,300,219,244
23826,47706,317,219,242
23827,47708,318,220,242
23828,47710,323,220,243
23829,47712,315,219,243
23830,47714,338,220,244
23831,47716,337,219,243
23832,47718,315,220,244
23833,47720,310,220,243
23834,47722,300,219,244
23835,47724,299,219,239
23836,47726,317,219,241
23837,47728,310,219,238
23838,47730,317,219,237
23839,47732,318,220,239
23840,47734,338,219,237
23841,47736,333,219,239
23842,47738,319,219,237
23843,47740,306,219,237
23844,47742,296,219,238
23845,47744,297,219,237
23846,47746,314,219,236
23847,47748,315,219,238
23848,47750,329,219,238
23849,47752,312,219,241
23850,47754,341,219,237
23851,47756,335,219,238
23852,47758,323,219,237
23853,47760,310,219,239
23854,47762,293,219,238
23855,47764,304,219,238
23856,47766,315,219,237
23857,47768,309,219,238
23858,47770,322,219,238
23859,47772,322,219,237
23860,47774,340,219,241
23861,47776,341,220,239
23862,47778,324,220,236
23863,47780,309,219,238
23864,47782,311,219,238
23865,47784,303,219,237
23866,47786,320,219,236
23867,47788,313,219,238
23868,47790,319,219,237
23869,47792,321,220,237
23870,47794,341,220,237
23871,47796,337,219,239
23872,47798,326,219,239
23873,47800,309,219,238
23874,47802,290,219,234
23875,47804,303,220,232
23876,47806,317,219,235
23877,47808,312,219,236
23878,47810,312,219,234
23879,47812,316,219,234
23880,47814,339,218,234
23881,47816,333,219,236
23882,47818,327,220,237
23883,47820,306,219,237
23884,47822,295,218,235
23885,47824,297,219,235
23886,47826,318,219,235
23887,47828,311,219,235
23888,47830,317,219,233
23889,47832,299,219,235
23890,47834,342,219,235
23891,47836,339,219,236
23892,47838,325,220,233
23893,47840,309,219,233
23894,47842,294,219,236
23895,47844,296,219,236
23896,47846,316,220,235
23897,47848,315,219,234
23898,47850,313,219,235
23899,47852,316,219,234
23900,47854,340,219,235
23901,47856,338,219,233
23902,47858,329,219,235
23903,47860,306,219,234
23904,47862,292,219,235
23905,47864,304,219,236
23906,47866,319,219,235
23907,47868,322,220,234
23908,47870,316,219,234
23909,47872,317,219,235
23910,47874,336,218,236
23911,47876,323,221,232
23912,47878,319,219,235
23913,47880,307,220,235
23914,47882,290,218,234
23915,47884,294,219,236
23916,47886,306,222,236
23917,47888,307,220,238
23918,47890,314,219,236
23919,47892,315,219,236
23920,47894,342,219,236
23921,47896,339,219,236
23922,47898,320,220,235
23923,47900,301,219,236
23924,47902,286,221,234
23925,47904,295,219,236
23926,47906,310,219,236
23927,47908,311,219,235
23928,47910,313,219,235
23929,47912,316,220,236
23930,47914,340,219,234
23931,47916,335,219,235
23932,47918,322,219,235
23933,47920,308,219,234
23934,47922,292,220,235
23935,47924,297,218,235
23936,47926,312,219,232
23937,47928,316,219,233
23938,47930,312,219,233
23939,47932,313,219,234
23940,47934,341,219,234
23941,47936,336,218,234
23942,47938,321,219,230
23943,47940,315,219,233
23944,47942,290,218,231
23945,47944,298,219,234
23946,47946,317,219,234
23947,47948,305,218,234
23948,47950,309,219,233
23949,47952,314,221,234
23950,47954,341,218,234
23951,47956,330,219,235
23952,47958,316,219,235
23953,47960,300,219,235
23954,47962,287,219,236
23955,47964,301,218,236
23956,47966,312,218,234
23957,47968,312,218,235
23958,47970,311,219,234
23959,47972,308,220,234
23960,47974,339,218,233
23961,47976,339,218,234
23962,47978,316,219,234
23963,47980,301,218,234
23964,47982,293,219,234
23965,47984,306,218,232
23966,47986,318,217,233
23967,47988,313,217,233
23968,47990,307,219,233
23969,47992,312,218,234
23970,47994,343,219,234
23971,47996,336,219,234
23972,47998,317,219,234
23973,48000,302,218,234
23974,48002,293,218,234
23975,48004,311,219,234
23976,48006,319,220,235
23977,48008,314,219,236
23978,48010,318,218,236
23979,48012,319,218,234
23980,48014,337,219,233
23981,48016,335,218,235
23982,48018,319,218,234
23983,48020,305,219,234
23984,48022,294,218,234
23985,48024,314,218,234
23986,48026,325,219,235
23987,48028,328,219,234
23988,48030,317,218,234
23989,48032,314,218,235
23990,48034,337,219,234
23991,48036,332,218,235
23992,48038,316,218,235
23993,48040,304,218,235
23994,48042,293,219,234
23995,48044,308,218,236
23996,48046,314,218,233
23997,48048,314,219,233
23998,48050,313,217,233
23999,48052,307,219,235
24000,48054,336,218,234
24001,48056,344,218,234
24002,48058,319,218,234
24003,48060,306,219,236
24004,48062,300,218,236
24005,48064,318,219,236
24006,48066,313,219,236
24007,48068,316,219,236
24008,48070,310,219,234
24009,48072,305,218,235
24010,48074,334,219,235
24011,48076,338,219,235
24012,48078,319,218,235
24013,48080,297,218,234
24014,48082,293,218,234
24015,48084,313,219,234
24016,48086,311,218,234
24017,48088,313,218,235
24018,48090,316,218,236
24019,48092,308,219,235
24020,48094,337,218,235
24021,48096,325,219,236
24022,48098,314,218,235
24023,48100,312,218,235
24024,48102,295,218,234
24025,48104,312,218,235
24026,48106,309,218,237
24027,48108,313,219,238
24028,48110,312,219,236
24029,48112,307,216,235
24030,48114,336,218,235
24031,48116,329,218,237
24032,48118,315,219,236
24033,48120,298,220,237
24034,48122,296,219,236
24035,48124,308,219,236
24036,48126,318,218,236
24037,48128,321,219,235
24038,48130,314,219,236
24039,48132,311,218,236
24040,48134,335,220,236
24041,48136,330,218,236
24042,48138,319,219,235
24043,48140,302,219,236
24044,48142,293,218,235
24045,48144,317,219,237
24046,48146,312,219,235
24047,48148,308,217,237
24048,48150,310,219,236
24049,48152,316,218,235
24050,48154,336,218,235
24051,48156,330,219,237
24052,48158,321,218,237
24053,48160,298,219,236
24054,48162,293,218,237
24055,48164,312,219,237
24056,48166,311,219,237
24057,48168,319,218,237
24058,48170,313,219,235
24059,48172,311,218,234
24060,48174,336,218,236
24061,48176,326,220,237
24062,48178,310,218,236
24063,48180,300,218,235
24064,48182,296,218,235
24065,48184,305,219,236
24066,48186,313,218,233
24067,48188,316,220,237
24068,48190,306,218,236
24069,48192,305,218,237
24070,48194,342,218,236
24071,48196,333,218,237
24072,48198,315,218,238
24073,48200,297,219,235
24074,48202,294,218,234
24075,48204,309,217,236
24076,48206,310,219,235
24077,48208,316,218,237
24078,48210,312,219,237
24079,48212,308,219,238
24080,48214,320,218,236
24081,48216,328,219,237
24082,48218,307,219,237
24083,48220,299,219,240
24084,48222,290,219,235
24085,48224,308,219,235
24086,48226,309,219,236
24087,48228,320,220,236
24088,48230,309,219,236
24089,48232,310,220,237
24090,48234,331,219,235
24091,48236,324,220,237
24092,48238,311,220,236
24093,48240,294,219,237
24094,48242,294,220,237
24095,48244,316,220,238
24096,48246,303,220,239
24097,48248,310,218,239
24098,48250,323,219,236
24099,48252,299,220,240
24100,48254,337,219,238
24101,48256,319,219,238
24102,48258,307,220,238
24103,48260,311,220,238
24104,48262,301,220,239
24105,48264,313,221,241
24106,48266,304,220,241
24107,48268,315,220,241
24108,48270,309,219,242
24109,48272,306,220,241
24110,48274,326,221,244
24111,48276,331,219,241
24112,48278,315,220,242
24113,48280,302,220,243
24114,48282,296,220,242
24115,48284,316,219,242
24116,48286,318,219,245
24117,48288,308,220,243
24118,48290,312,220,243
24119,48292,319,219,242
24120,48294,339,218,243
24121,48296,330,219,244
24122,48298,320,219,243
24123,48300,299,219,243
24124,48302,290,219,243
24125,48304,316,220,243
24126,48306,318,220,243
24127,48308,318,220,244
24128,48310,313,220,243
24129,48312,314,219,243
24130,48314,337,219,245
24131,48316,331,220,243
24132,48318,320,221,242
24133,48320,301,219,244
24134,48322,292,218,242
24135,48324,318,219,243
24136,48326,315,220,243
24137,48328,310,220,244
24138,48330,320,219,242
24139,48332,313,219,243
24140,48334,340,220,244
24141,48336,327,220,245
24142,48338,322,220,243
24143,48340,297,220,243
24144,48342,295,220,241
24145,48344,311,219,244
24146,48346,320,220,240
24147,48348,317,221,244
24148,48350,314,219,244
24149,48352,308,220,245
24150,48354,341,219,243
24151,48356,342,220,246
24152,48358,314,219,245
24153,48360,302,221,245
24154,48362,296,219,244
24155,48364,317,219,244
24156,48366,313,220,244
24157,48368,318,219,242
24158,48370,314,220,244
24159,48372,318,220,245
24160,48374,341,220,244
24161,48376,336,218,243
24162,48378,327,219,243
24163,48380,307,219,243
24164,48382,300,220,244
24165,48384,318,219,242
24166,48386,320,219,245
24167,48388,309,219,244
24168,48390,314,219,244
24169,48392,321,219,244
24170,48394,337,220,245
24171,48396,333,219,244
24172,48398,320,220,245
24173,48400,304,219,245
24174,48402,295,219,243
24175,48404,315,220,244
24176,48406,314,219,244
24177,48408,317,220,244
24178,48410,316,219,243
24179,48412,318,220,243
24180,48414,338,219,245
24181,48416,331,219,245
24182,48418,320,219,247
24183,48420,304,219,245
24184,48422,289,218,243
24185,48424,310,220,246
24186,48426,315,219,244
24187,48428,311,219,244
24188,48430,313,220,244
24189,48432,314,218,245
24190,48434,346,219,245
24191,48436,325,219,245
24192,48438,318,219,246
24193,48440,307,219,245
24194,48442,297,219,246
24195,48444,317,219,247
24196,48446,323,219,246
24197,48448,316,219,246
24198,48450,316,219,243
24199,48452,320,219,246
24200,48454,346,219,243
24201,48456,335,219,246
24202,48458,329,219,245
24203,48460,302,219,246
24204,48462,300,219,244
24205,48464,321,220,247
24206,48466,312,218,243
24207,48468,308,219,245
24208,48470,316,219,246
24209,48472,319,220,247
24210,48474,340,218,244
24211,48476,332,220,247
24212,48478,322,219,247
24213,48480,302,220,245
24214,48482,294,219,243
24215,48484,321,221,246
24216,48486,312,219,247
24217,48488,313,220,245
24218,48490,314,219,245
24219,48492,317,219,247
24220,48494,342,219,241
24221,48496,328,219,244
24222,48498,321,220,244
24223,48500,294,218,244
24224,48502,288,217,237
24225,48504,306,220,245
24226,48506,318,219,243
24227,48508,308,219,244
24228,48510,317,220,243
24229,48512,316,219,244
24230,48514,347,218,242
24231,48516,332,220,244
24232,48518,323,218,242
24233,48520,302,219,244
24234,48522,296,219,242
24235,48524,317,219,243
24236,48526,315,218,243
24237,48528,317,219,243
24238,48530,310,219,244
24239,48532,317,219,243
24240,48534,343,219,243
24241,48536,335,220,245
24242,48538,325,220,241
24243,48540,299,219,242
24244,48542,290,219,241
24245,48544,322,219,241
24246,48546,313,219,241
24247,48548,314,219,239
24248,48550,320,219,240
24249,48552,315,218,240
24250,48554,340,220,242
24251,48556,328,219,239
24252,48558,320,219,241
24253,48560,299,219,241
24254,48562,291,219,241
24255,48564,312,219,244
24256,48566,308,220,241
24257,48568,314,219,243
24258,48570,317,219,239
24259,48572,316,219,241
24260,48574,342,219,241
24261,48576,323,219,241
24262,48578,316,219,241
24263,48580,295,219,240
24264,48582,291,219,240
24265,48584,311,220,238
24266,48586,313,219,240
24267,48588,312,219,239
24268,48590,312,219,240
24269,48592,312,219,240
24270,48594,341,220,242
24271,48596,326,218,241
24272,48598,304,220,241
24273,48600,298,219,241
24274,48602,295,219,241
24275,48604,314,220,242
24276,48606,310,219,240
24277,48608,309,219,242
24278,48610,308,219,240
24279,48612,313,219,241
24280,48614,341,221,241
24281,48616,325,220,241
24282,48618,317,219,240
24283,48620,303,218,241
24284,48622,297,219,240
24285,48624,318,219,239
24286,48626,308,215,239
24287,48628,315,219,241
24288,48630,311,220,241
24289,48632,311,219,242
24290,48634,335,219,241
24291,48636,326,219,242
24292,48638,318,219,242
24293,48640,292,220,243
24294,48642,294,219,242
24295,48644,316,220,241
24296,48646,315,219,239
24297,48648,312,220,240
24298,48650,311,219,239
24299,48652,312,219,240
24300,48654,342,219,238
24301,48656,324,219,238
24302,48658,314,219,238
24303,48660,300,219,238
24304,48662,294,219,238
24305,48664,315,219,240
24306,48666,313,219,238
24307,48668,310,218,238
24308,48670,309,219,236
24309,48672,304,219,236
24310,48674,337,219,237
24311,48676,324,219,237
24312,48678,316,219,238
24313,48680,295,218,237
24314,48682,294,219,238
24315,48684,315,218,240
24316,48686,317,219,240
24317,48688,312,219,238
24318,48690,307,220,240
24319,48692,311,219,237
24320,48694,330,219,237
24321,48696,326,220,240
24322,48698,315,218,236
24323,48700,298,219,237
24324,48702,298,219,235
24325,48704,309,218,236
24326,48706,312,218,234
24327,48708,315,219,231
24328,48710,308,219,230
24329,48712,312,219,231
24330,48714,345,219,232
24331,48716,329,218,231
24332,48718,309,219,228
24333,48720,297,219,229
24334,48722,293,219,228
24335,48724,310,219,229
24336,48726,307,219,229
24337,48728,310,219,228
24338,48730,313,219,229
24339,48732,309,219,228
24340,48734,336,219,227
24341,48736,319,219,227
24342,48738,315,219,227
24343,48740,299,219,227
24344,48742,300,218,225
24345,48744,316,218,227
24346,48746,304,219,227
24347,48748,311,220,228
24348,48750,312,220,228
24349,48752,311,219,226
24350,48754,342,219,227
24351,48756,329,219,226
24352,48758,313,219,227
24353,48760,300,220,228
24354,48762,297,219,227
24355,48764,318,219,228
24356,48766,310,219,229
24357,48768,312,219,229
24358,48770,304,219,229
24359,48772,312,219,228
24360,48774,341,219,228
24361,48776,332,219,229
24362,48778,317,219,229
24363,48780,304,219,227
24364,48782,297,219,227
24365,48784,323,219,229
24366,48786,315,219,228
24367,48788,318,219,228
24368,48790,315,220,228
24369,48792,311,219,230
24370,48794,335,219,228
24371,48796,328,219,229
24372,48798,320,219,228
24373,48800,292,219,229
24374,48802,292,219,227
24375,48804,313,219,228
24376,48806,312,219,227
24377,48808,315,219,228
24378,48810,308,219,228
24379,48812,315,219,227
24380,48814,345,219,228
24381,48816,328,219,229
24382,48818,312,219,231
24383,48820,300,219,229
24384,48822,298,219,228
24385,48824,316,220,230
24386,48826,307,220,229
24387,48828,322,220,230
24388,48830,314,219,232
24389,48832,305,219,231
24390,48834,344,220,231
24391,48836,331,219,229
24392,48838,321,219,230
24393,48840,300,220,230
24394,48842,299,218,230
24395,48844,321,219,232
24396,48846,312,218,232
24397,48848,318,219,232
24398,48850,312,220,232
24399,48852,316,219,231
24400,48854,344,220,235
24401,48856,329,220,233
24402,48858,321,219,232
24403,48860,306,219,232
24404,48862,301,219,231
24405,48864,323,219,233
24406,48866,318,219,231
24407,48868,321,219,231
24408,48870,316,219,231
24409,48872,316,220,232
24410,48874,340,220,232
24411,48876,321,220,232
24412,48878,315,219,232
24413,48880,303,219,231
24414,48882,301,219,230
24415,48884,315,220,232
24416,48886,329,219,231
24417,48888,319,219,230
24418,48890,317,219,231
24419,48892,311,219,232
24420,48894,341,220,228
24421,48896,328,220,232
24422,48898,318,218,232
24423,48900,302,219,229
24424,48902,306,219,230
24425,48904,319,219,232
24426,48906,314,219,231
24427,48908,314,219,230
24428,48910,312,220,231
24429,48912,311,220,233
24430,48914,345,219,230
24431,48916,336,219,230
24432,48918,324,219,229
24433,48920,306,220,231
24434,48922,299,219,229
24435,48924,329,219,233
24436,48926,321,217,230
24437,48928,317,219,230
24438,48930,317,218,230
24439,48932,314,219,230
24440,48934,340,220,229
24441,48936,323,219,230
24442,48938,324,220,229
24443,48940,310,219,230
24444,48942,302,219,228
24445,48944,318,220,232
24446,48946,309,219,229
24447,48948,319,218,229
24448,48950,319,220,228
24449,48952,312,219,229
24450,48954,343,219,229
24451,48956,328,219,229
24452,48958,321,220,229
24453,48960,304,218,229
24454,48962,298,219,230
24455,48964,318,219,229
24456,48966,309,219,229
24457,48968,310,219,228
24458,48970,311,219,229
24459,48972,311,219,229
24460,48974,345,219,229
24461,48976,331,219,229
24462,48978,316,219,230
24463,48980,302,219,230
24464,48982,301,219,228
24465,48984,321,220,231
24466,48986,323,219,230
24467,48988,317,219,227
24468,48990,311,219,228
24469,48992,314,219,228
24470,48994,341,220,227
24471,48996,332,219,229
24472,48998,322,220,228
24473,49000,297,219,228
24474,49002,295,219,227
24475,49004,317,219,228
24476,49006,318,219,228
24477,49008,311,219,228
24478,49010,316,219,228
24479,49012,313,219,229
24480,49014,345,219,227
24481,49016,329,219,228
24482,49018,320,219,229
24483,49020,295,219,228
24484,49022,300,219,224
24485,49024,317,219,227
24486,49026,314,220,229
24487,49028,314,219,230
24488,49030,308,219,229
24489,49032,310,220,230
24490,49034,341,219,228
24491,49036,325,219,228
24492,49038,319,219,228
24493,49040,295,219,227
24494,49042,294,219,227
24495,49044,317,219,229
24496,49046,312,218,228
24497,49048,310,219,228
24498,49050,309,219,228
24499,49052,303,220,229
24500,49054,328,219,228
24501,49056,331,219,230
24502,49058,318,220,229
24503,49060,292,219,229
24504,49062,290,219,229
24505,49064,322,219,229
24506,49066,311,219,228
24507,49068,309,219,228
24508,49070,313,219,228
24509,49072,312,219,228
24510,49074,338,219,226
24511,49076,329,219,226
24512,49078,314,219,227
24513,49080,297,219,227
24514,49082,291,219,228
24515,49084,314,219,228
24516,49086,316,219,229
24517,49088,315,219,228
24518,49090,311,220,225
24519,49092,320,219,231
24520,49094,337,220,227
24521,49096,332,219,228
24522,49098,322,219,229
24523,49100,293,220,228
24524,49102,291,219,228
24525,49104,319,220,229
24526,49106,308,220,228
24527,49108,309,221,228
24528,49110,317,220,229
24529,49112,317,221,229
24530,49114,339,221,231
24531,49116,334,220,231
24532,49118,321,220,230
24533,49120,304,220,229
24534,49122,290,220,229
24535,49124,321,220,228
24536,49126,312,220,228
24537,49128,313,221,230
24538,49130,311,221,230
24539,49132,318,221,231
24540,49134,341,221,228
24541,49136,335,221,231
24542,49138,319,220,234
24543,49140,295,221,234
24544,49142,291,221,233
24545,49144,320,221,235
24546,49146,312,221,234
24547,49148,305,221,234
24548,49150,312,222,232
24549,49152,322,221,233
24550,49154,338,222,236
24551,49156,346,222,233
24552,49158,316,222,232
24553,49160,296,221,231
24554,49162,292,221,232
24555,49164,320,222,233
24556,49166,313,222,235
24557,49168,314,222,232
24558,49170,320,222,232
24559,49172,317,222,232
24560,49174,344,221,231
24561,49176,333,222,232
24562,49178,312,222,231
24563,49180,295,221,232
24564,49182,292,222,232
24565,49184,318,222,231
24566,49186,306,223,231
24567,49188,312,221,232
24568,49190,319,221,231
24569,49192,322,222,232
24570,49194,340,222,232
24571,49196,325,221,232
24572,49198,318,221,231
24573,49200,296,221,231
24574,49202,295,221,231
24575,49204,316,221,231
24576,49206,314,221,232
24577,49208,310,221,232
24578,49210,313,221,232
24579,49212,316,221,234
24580,49214,342,221,232
24581,49216,326,220,232
24582,49218,314,221,232
24583,49220,298,221,231
24584,49222,296,221,231
24585,49224,318,221,231
24586,49226,311,221,231
24587,49228,324,221,233
24588,49230,309,221,233
24589,49232,318,222,233
24590,49234,338,222,231
24591,49236,340,221,233
24592,49238,314,221,231
24593,49240,295,221,231
24594,49242,285,221,232
24595,49244,316,222,234
24596,49246,310,221,233
24597,49248,312,221,231
24598,49250,307,221,231
24599,49252,312,222,238
24600,49254,336,222,233
24601,49256,327,221,237
24602,49258,316,220,233
24603,49260,288,221,233
24604,49262,285,219,233
24605,49264,309,222,233
24606,49266,315,221,233
24607,49268,312,221,232
24608,49270,310,222,233
24609,49272,310,222,233
24610,49274,337,221,234
24611,49276,318,221,232
24612,49278,318,222,233
24613,49280,291,221,233
24614,49282,298,220,234
24615,49284,308,221,235
24616,49286,305,221,233
24617,49288,312,221,230
24618,49290,314,221,232
24619,49292,313,221,233
24620,49294,337,221,234
24621,49296,333,221,233
24622,49298,320,221,234
24623,49300,293,219,233
24624,49302,299,221,235
24625,49304,319,222,234
24626,49306,314,219,233
24627,49308,309,221,234
24628,49310,314,219,232
24629,49312,321,220,232
24630,49314,339,219,233
24631,49316,329,221,232
24632,49318,317,221,231
24633,49320,300,221,234
24634,49322,301,221,233
24635,49324,318,223,234
24636,49326,320,220,233
24637,49328,315,222,234
24638,49330,309,221,233
24639,49332,320,221,234
24640,49334,338,223,234
24641,49336,318,221,234
24642,49338,311,219,233
24643,49340,294,221,233
24644,49342,295,221,232
24645,49344,308,221,232
24646,49346,304,220,232
24647,49348,309,222,233
24648,49350,316,221,234
24649,49352,311,220,233
24650,49354,340,220,235
24651,49356,322,220,234
24652,49358,314,221,231
24653,49360,297,221,237
24654,49362,294,220,234
24655,49364,318,221,232
24656,49366,304,220,233
24657,49368,316,221,234
24658,49370,312,219,234
24659,49372,323,220,235
24660,49374,347,221,233
24661,49376,332,220,233
24662,49378,317,220,236
24663,49380,293,220,234
24664,49382,299,221,233
24665,49384,312,221,234
24666,49386,306,221,234
24667,49388,310,220,234
24668,49390,305,221,234
24669,49392,316,221,234
24670,49394,342,220,234
24671,49396,327,222,236
24672,49398,320,220,236
24673,49400,289,220,237
24674,49402,287,221,234
24675,49404,314,221,235
24676,49406,319,221,234
24677,49408,310,221,234
24678,49410,308,221,233
24679,49412,310,219,234
24680,49414,331,222,235
24681,49416,309,220,236
24682,49418,312,221,237
24683,49420,294,221,237
24684,49422,299,221,234
24685,49424,314,221,235
24686,49426,313,220,236
24687,49428,314,220,236
24688,49430,320,221,235
24689,49432,309,220,237
24690,49434,342,221,235
24691,49436,323,221,237
24692,49438,306,221,235
24693,49440,294,221,233
24694,49442,295,221,235
24695,49444,310,220,235
24696,49446,301,220,234
24697,49448,319,221,236
24698,49450,310,220,234
24699,49452,308,220,234
24700,49454,335,220,235
24701,49456,322,221,236
24702,49458,309,220,235
24703,49460,300,220,232
24704,49462,301,220,233
24705,49464,314,220,234
24706,49466,314,220,235
24707,49468,315,220,236
24708,49470,322,220,234
24709,49472,317,221,234
24710,49474,342,220,232
24711,49476,327,220,234
24712,49478,312,220,233
24713,49480,301,220,234
24714,49482,299,220,231
24715,49484,318,220,234
24716,49486,314,220,233
24717,49488,316,219,235
24718,49490,311,220,234
24719,49492,304,220,234
24720,49494,333,219,234
24721,49496,323,221,234
24722,49498,312,220,233
24723,49500,295,220,235
24724,49502,294,221,234
24725,49504,320,220,236
24726,49506,314,219,235
24727,49508,313,221,236
24728,49510,310,220,236
24729,49512,311,220,235
24730,49514,338,220,234
24731,49516,326,221,235
24732,49518,319,220,234
24733,49520,296,220,234
24734,49522,298,219,234
24735,49524,313,221,236
24736,49526,310,220,235
24737,49528,314,219,234
24738,49530,310,221,235
24739,49532,310,220,234
24740,49534,342,220,235
24741,49536,330,220,235
24742,49538,317,220,234
24743,49540,294,220,234
24744,49542,304,220,235
24745,49544,322,221,234
24746,49546,320,219,232
24747,49548,318,219,235
24748,49550,306,220,234
24749,49552,325,220,234
24750,49554,333,219,234
24751,49556,333,221,234
24752,49558,318,220,234
24753,49560,301,220,237
24754,49562,302,220,233
24755,49564,327,220,233
24756,49566,309,220,234
24757,49568,325,220,234
24758,49570,318,220,234
24759,49572,313,220,235
24760,49574,340,218,237
24761,49576,327,220,234
24762,49578,323,221,235
24763,49580,303,220,236
24764,49582,294,220,234
24765,49584,317,220,236
24766,49586,313,220,232
24767,49588,323,219,235
24768,49590,318,220,235
24769,49592,315,220,235
24770,49594,343,220,235
24771,49596,332,220,235
24772,49598,321,221,234
24773,49600,300,219,236
24774,49602,303,221,235
24775,49604,318,219,234
24776,49606,315,221,236
24777,49608,316,220,236
24778,49610,317,221,234
24779,49612,317,220,234
24780,49614,342,220,233
24781,49616,335,221,235
24782,49618,324,220,232
24783,49620,300,220,235
24784,49622,302,220,234
24785,49624,324,220,233
24786,49626,315,220,233
24787,49628,321,220,234
24788,49630,316,219,236
24789,49632,317,220,234
24790,49634,344,221,234
24791,49636,326,221,233
24792,49638,318,221,232
24793,49640,305,221,233
24794,49642,297,220,232
24795,49644,317,220,230
24796,49646,314,220,232
24797,49648,314,220,233
24798,49650,324,221,234
24799,49652,310,221,235
24800,49654,336,220,233
24801,49656,333,220,234
24802,49658,319,220,233
24803,49660,293,221,233
24804,49662,301,220,234
24805,49664,319,221,235
24806,49666,319,220,232
24807,49668,314,220,235
24808,49670,320,221,235
24809,49672,326,220,234
24810,49674,331,220,235
24811,49676,328,220,238
24812,49678,321,220,235
24813,49680,296,220,235
24814,49682,300,220,235
24815,49684,306,221,236
24816,49686,315,220,236
24817,49688,311,220,236
24818,49690,310,221,235
24819,49692,312,221,234
24820,49694,348,221,236
24821,49696,337,220,239
24822,49698,318,221,236
24823,49700,295,220,235
24824,49702,303,221,235
24825,49704,313,221,233
24826,49706,312,221,235
24827,49708,310,221,235
24828,49710,311,220,236
24829,49712,314,221,236
24830,49714,341,220,235
24831,49716,334,221,235
24832,49718,320,220,235
24833,49720,295,220,238
24834,49722,299,221,235
24835,49724,316,222,235
24836,49726,309,221,234
24837,49728,305,220,235
24838,49730,314,221,235
24839,49732,313,220,235
24840,49734,345,220,235
24841,49736,329,221,235
24842,49738,333,221,234
24843,49740,295,220,234
24844,49742,295,220,234
24845,49744,316,219,233
24846,49746,310,221,234
24847,49748,311,222,234
24848,49750,313,221,234
24849,49752,317,221,236
24850,49754,341,221,235
24851,49756,323,220,235
24852,49758,325,220,235
24853,49760,297,220,237
24854,49762,297,220,233
24855,49764,316,221,234
24856,49766,318,220,234
24857,49768,314,220,234
24858,49770,319,220,232
24859,49772,313,221,234
24860,49774,343,221,235
24861,49776,337,222,234
24862,49778,319,220,234
24863,49780,295,219,235
24864,49782,293,220,233
24865,49784,313,220,234
24866,49786,309,220,235
24867,49788,314,220,235
24868,49790,307,220,233
24869,49792,310,221,235
24870,49794,336,221,233
24871,49796,335,220,234
24872,49798,313,220,234
24873,49800,299,219,234
24874,49802,297,220,233
24875,49804,310,220,235
24876,49806,302,220,234
24877,49808,311,220,234
24878,49810,309,222,233
24879,49812,313,220,234
24880,49814,330,221,235
24881,49816,330,220,235
24882,49818,314,220,235
24883,49820,295,220,233
24884,49822,295,220,233
24885,49824,312,220,235
24886,49826,304,219,231
24887,49828,307,220,237
24888,49830,319,220,232
24889,49832,313,220,233
24890,49834,331,220,234
24891,49836,324,220,236
24892,49838,323,220,236
24893,49840,289,219,234
24894,49842,300,220,236
24895,49844,306,221,235
24896,49846,302,221,237
24897,49848,313,220,235
24898,49850,323,220,233
24899,49852,311,220,235
24900,49854,337,221,234
24901,49856,331,219,235
24902,49858,321,220,233
24903,49860,293,219,233
24904,49862,303,220,233
24905,49864,313,220,233
24906,49866,304,220,235
24907,49868,310,220,235
24908,49870,315,220,233
24909,49872,311,219,233
24910,49874,340,219,235
24911,49876,328,221,235
24912,49878,312,220,233
24913,49880,307,220,232
24914,49882,295,220,234
24915,49884,309,220,231
24916,49886,315,220,233
24917,49888,309,220,235
24918,49890,307,219,233
24919,49892,317,220,234
24920,49894,338,220,233
24921,49896,328,220,236
24922,49898,314,220,233
24923,49900,300,220,235
24924,49902,290,220,233
24925,49904,308,220,232
24926,49906,314,220,234
24927,49908,320,220,234
24928,49910,316,220,233
24929,49912,315,220,235
24930,49914,341,220,234
24931,49916,332,220,233
24932,49918,320,219,234
24933,49920,289,220,233
24934,49922,296,219,233
24935,49924,310,220,232
24936,49926,308,220,234
24937,49928,315,220,237
24938,49930,312,220,234
24939,49932,315,219,234
24940,49934,332,220,234
24941,49936,322,220,233
24942,49938,316,220,234
24943,49940,294,220,237
24944,49942,292,221,235
24945,49944,311,221,239
24946,49946,305,220,235
24947,49948,313,220,235
24948,49950,309,221,235
24949,49952,310,221,236
24950,49954,343,220,234
24951,49956,336,220,236
24952,49958,308,221,234
24953,49960,302,221,233
24954,49962,298,221,234
24955,49964,308,221,235
24956,49966,312,221,234
24957,49968,311,221,234
24958,49970,307,221,235
24959,49972,307,222,237
24960,49974,326,221,234
24961,49976,327,221,234
24962,49978,321,221,237
24963,49980,296,221,237
24964,49982,300,221,236
24965,49984,314,221,234
24966,49986,317,222,237
24967,49988,316,220,237
24968,49990,310,221,237
24969,49992,322,221,236
24970,49994,350,220,235
24971,49996,331,221,241
24972,49998,312,223,235
24973,50000,297,222,236
24974,50002,299,216,235
24975,50004,312,221,235
24976,50006,320,221,236
24977,50008,314,221,236
24978,50010,320,221,238
24979,50012,311,221,235
24980,50014,339,221,237
24981,50016,335,222,236
24982,50018,311,221,236
24983,50020,301,222,237
24984,50022,306,222,238
24985,50024,317,220,238
24986,50026,321,221,237
24987,50028,308,221,236
24988,50030,309,222,237
24989,50032,314,222,236
24990,50034,345,222,238
24991,50036,332,223,237
24992,50038,315,221,237
24993,50040,301,221,236
24994,50042,306,221,237
24995,50044,317,221,236
24996,50046,318,221,236
24997,50048,315,221,239
24998,50050,309,221,237
24999,50052,315,221,235
25000,50054,341,224,237
25001,50056,330,221,237
25002,50058,321,221,236
25003,50060,298,221,237
25004,50062,306,221,236
25005,50064,320,221,236
25006,50066,324,220,237
25007,50068,320,220,236
25008,50070,322,222,236
25009,50072,313,221,237
25010,50074,339,221,237
25011,50076,325,222,237
25012,50078,316,221,236
25013,50080,303,220,237
25014,50082,305,220,236
25015,50084,315,221,235
25016,50086,318,221,237
25017,50088,315,220,236
25018,50090,311,221,235
25019,50092,310,220,239
25020,50094,342,221,238
25021,50096,326,221,237
25022,50098,318,222,236
25023,50100,301,221,237
25024,50102,307,220,236
25025,50104,317,221,237
25026,50106,325,220,235
25027,50108,319,220,236
25028,50110,316,221,235
25029,50112,311,220,234
25030,50114,347,221,237
25031,50116,337,220,237
25032,50118,319,221,236
25033,50120,305,220,237
25034,50122,303,220,234
25035,50124,320,221,232
25036,50126,323,220,235
25037,50128,289,220,235
25038,50130,309,220,236
25039,50132,310,221,235
25040,50134,339,221,234
25041,50136,327,220,236
25042,50138,314,220,234
25043,50140,304,220,234
25044,50142,306,221,236
25045,50144,317,221,234
25046,50146,317,221,233
25047,50148,319,220,233
25048,50150,316,220,232
25049,50152,317,221,236
25050,50154,344,221,236
25051,50156,331,220,233
25052,50158,313,220,234
25053,50160,302,220,234
25054,50162,305,220,234
25055,50164,305,220,234
25056,50166,322,221,235
25057,50168,313,221,235
25058,50170,319,220,234
25059,50172,317,220,235
25060,50174,343,220,235
25061,50176,323,221,236
25062,50178,314,220,234
25063,50180,296,220,236
25064,50182,307,220,234
25065,50184,316,220,235
25066,50186,315,221,235
25067,50188,309,220,235
25068,50190,313,220,236
25069,50192,312,221,236
25070,50194,339,220,237
25071,50196,327,221,237
25072,50198,311,220,236
25073,50200,300,220,236
25074,50202,304,220,235
25075,50204,301,219,235
25076,50206,316,220,236
25077,50208,314,221,236
25078,50210,310,221,236
25079,50212,308,220,236
25080,50214,336,220,236
25081,50216,322,220,236
25082,50218,319,220,238
25083,50220,299,220,236
25084,50222,302,220,235
25085,50224,313,220,235
25086,50226,315,221,235
25087,50228,313,220,237
25088,50230,316,222,237
25089,50232,307,221,238
25090,50234,333,220,237
25091,50236,330,222,238
25092,50238,315,221,237
25093,50240,295,220,236
25094,50242,303,220,235
25095,50244,309,221,237
25096,50246,311,222,236
25097,50248,311,221,236
25098,50250,311,221,237
25099,50252,302,221,235
25100,50254,335,221,238
25101,50256,321,220,237
25102,50258,314,220,236
25103,50260,298,220,237
25104,50262,300,220,236
25105,50264,310,220,237
25106,50266,311,220,235
25107,50268,315,220,237
25108,50270,302,221,237
25109,50272,308,220,237
25110,50274,334,221,237
25111,50276,324,221,237
25112,50278,317,220,237
25113,50280,278,220,237
25114,50282,298,220,237
25115,50284,316,220,236
25116,50286,301,220,236
25117,50288,313,221,238
25118,50290,314,219,236
25119,50292,306,221,236
25120,50294,336,220,237
25121,50296,323,220,237
25122,50298,315,222,236
25123,50300,292,220,237
25124,50302,295,220,236
25125,50304,313,219,236
25126,50306,308,220,236
25127,50308,309,220,238
25128,50310,309,219,236
25129,50312,304,220,238
25130,50314,330,220,239
25131,50316,321,220,237
25132,50318,305,220,238
25133,50320,288,220,234
25134,50322,295,219,235
25135,50324,305,220,238
25136,50326,299,220,236
25137,50328,306,220,237
25138,50330,315,220,236
25139,50332,304,220,237
25140,50334,337,220,236
25141,50336,323,220,236
25142,50338,310,220,236
25143,50340,297,220,236
25144,50342,299,220,236
25145,50344,302,220,233
25146,50346,303,220,236
25147,50348,309,220,236
25148,50350,313,220,235
25149,50352,306,220,236
25150,50354,336,220,237
25151,50356,324,220,238
25152,50358,311,221,237
25153,50360,294,220,235
25154,50362,294,220,236
25155,50364,306,220,237
25156,50366,303,220,236
25157,50368,307,220,238
25158,50370,318,220,236
25159,50372,312,220,235
25160,50374,336,220,235
25161,50376,329,220,237
25162,50378,317,219,237
25163,50380,283,220,236
25164,50382,293,220,236
25165,50384,308,219,236
25166,50386,303,220,236
25167,50388,307,219,237
25168,50390,316,220,238
25169,50392,305,220,237
25170,50394,330,220,235
25171,50396,317,220,238
25172,50398,308,220,236
25173,50400,286,220,237
25174,50402,295,219,236
25175,50404,304,220,237
25176,50406,295,219,239
25177,50408,311,220,238
25178,50410,312,220,236
25179,50412,313,220,237
25180,50414,328,220,237
25181,50416,322,220,237
25182,50418,315,220,236
25183,50420,289,220,236
25184,50422,295,220,236
25185,50424,299,219,236
25186,50426,304,221,238
25187,50428,309,220,237
25188,50430,313,220,238
25189,50432,313,221,238
25190,50434,337,221,239
25191,50436,330,221,237
25192,50438,312,221,236
25193,50440,288,221,237
25194,50442,297,220,236
25195,50444,316,220,237
25196,50446,311,220,236
25197,50448,311,221,238
25198,50450,313,220,237
25199,50452,312,221,237
25200,50454,336,220,237
25201,50456,327,221,237
25202,50458,311,216,237
25203,50460,295,220,236
25204,50462,294,220,236
25205,50464,313,220,237
25206,50466,307,220,236
25207,50468,315,220,241
25208,50470,312,220,237
25209,50472,314,220,237
25210,50474,328,220,234
25211,50476,326,219,237
25212,50478,311,221,236
25213,50480,287,220,236
25214,50482,295,220,237
25215,50484,310,221,238
25216,50486,303,220,237
25217,50488,312,219,237
25218,50490,313,218,237
25219,50492,318,220,238
25220,50494,333,220,236
25221,50496,329,220,238
25222,50498,318,220,239
25223,50500,292,219,235
25224,50502,300,220,238
25225,50504,314,219,236
25226,50506,306,220,236
25227,50508,313,220,236
25228,50510,321,220,237
25229,50512,307,220,234
25230,50514,332,221,236
25231,50516,316,221,235
25232,50518,313,221,234
25233,50520,293,219,236
25234,50522,298,220,236
25235,50524,311,219,237
25236,50526,314,220,235
25237,50528,305,221,235
25238,50530,315,220,234
25239,50532,318,220,235
25240,50534,342,220,233
25241,50536,328,220,237
25242,50538,318,220,233
25243,50540,284,220,232
25244,50542,300,220,236
25245,50544,315,220,232
25246,50546,306,220,230
25247,50548,317,220,231
25248,50550,317,219,233
25249,50552,321,220,235
25250,50554,330,220,231
25251,50556,321,221,232
25252,50558,310,220,232
25253,50560,282,220,233
25254,50562,303,220,234
25255,50564,312,221,234
25256,50566,310,221,239
25257,50568,313,221,235
25258,50570,318,220,233
25259,50572,314,220,233
25260,50574,334,221,234
25261,50576,319,220,234
25262,50578,316,220,233
25263,50580,296,220,233
25264,50582,312,221,233
25265,50584,311,220,232
25266,50586,317,220,233
25267,50588,310,223,232
25268,50590,315,221,232
25269,50592,314,220,232
25270,50594,335,222,232
25271,50596,328,221,231
25272,50598,317,221,231
25273,50600,295,221,234
25274,50602,305,222,232
25275,50604,317,222,232
25276,50606,321,222,230
25277,50608,315,221,227
25278,50610,306,221,230
25279,50612,321,221,229
25280,50614,341,221,229
25281,50616,327,221,230
25282,50618,316,221,229
25283,50620,302,221,229
25284,50622,302,221,229
25285,50624,313,222,229
25286,50626,312,222,230
25287,50628,325,221,230
25288,50630,315,221,229
25289,50632,315,221,229
25290,50634,335,222,227
25291,50636,325,221,227
25292,50638,322,221,229
25293,50640,296,221,227
25294,50642,304,222,227
25295,50644,317,221,227
25296,50646,318,222,228
25297,50648,319,221,228
25298,50650,319,222,227
25299,50652,321,221,226
25300,50654,336,220,228
25301,50656,325,222,225
25302,50658,320,220,227
25303,50660,294,222,226
25304,50662,304,221,225
25305,50664,314,221,226
25306,50666,317,222,227
25307,50668,315,223,228
25308,50670,322,222,227
25309,50672,318,221,228
25310,50674,337,222,227
25311,50676,326,222,227
25312,50678,316,223,227
25313,50680,287,222,228
25314,50682,307,220,227
25315,50684,315,223,228
25316,50686,320,222,229
25317,50688,317,222,228
25318,50690,303,222,229
25319,50692,323,221,226
25320,50694,326,221,227
25321,50696,325,221,228
25322,50698,313,222,228
25323,50700,299,221,226
25324,50702,306,222,226
25325,50704,321,222,225
25326,50706,313,222,228
25327,50708,318,221,228
25328,50710,317,221,227
25329,50712,316,222,226
25330,50714,339,221,227
25331,50716,320,224,227
25332,50718,317,221,225
25333,50720,299,221,226
25334,50722,309,221,225
25335,50724,314,221,223
25336,50726,315,222,224
25337,50728,323,222,224
25338,50730,321,222,225
25339,50732,318,222,224
25340,50734,338,221,224
25341,50736,327,221,224
25342,50738,317,223,225
25343,50740,296,221,226
25344,50742,309,222,225
25345,50744,318,222,225
25346,50746,322,222,226
25347,50748,312,221,225
25348,50750,319,222,227
25349,50752,323,222,228
25350,50754,339,222,227
25351,50756,321,222,227
25352,50758,315,222,227
25353,50760,296,222,228
25354,50762,308,222,227
25355,50764,312,223,229
25356,50766,317,223,228
25357,50768,321,223,229
25358,50770,318,224,231
25359,50772,315,224,229
25360,50774,339,224,228
25361,50776,315,225,229
25362,50778,311,224,229
25363,50780,298,223,228
25364,50782,306,225,230
25365,50784,313,225,231
25366,50786,324,224,231
25367,50788,313,224,231
25368,50790,313,224,231
25369,50792,317,224,230
25370,50794,341,224,231
25371,50796,315,223,231
25372,50798,316,225,230
25373,50800,293,225,231
25374,50802,303,225,231
25375,50804,312,224,229
25376,50806,322,225,231
25377,50808,319,225,230
25378,50810,323,225,230
25379,50812,314,225,231
25380,50814,336,225,230
25381,50816,317,224,232
25382,50818,313,225,231
25383,50820,293,225,231
25384,50822,308,225,231
25385,50824,311,225,233
25386,50826,322,225,229
25387,50828,316,225,232
25388,50830,322,225,230
25389,50832,320,225,231
25390,50834,337,224,232
25391,50836,316,225,230
25392,50838,314,225,231
25393,50840,296,224,228
25394,50842,304,225,232
25395,50844,311,225,231
25396,50846,317,225,231
25397,50848,314,224,230
25398,50850,313,225,230
25399,50852,320,225,231
25400,50854,339,225,231
25401,50856,316,225,233
25402,50858,313,224,231
25403,50860,299,225,230
25404,50862,303,225,231
25405,50864,313,225,230
25406,50866,308,225,231
25407,50868,321,225,232
25408,50870,313,225,232
25409,50872,317,225,233
25410,50874,334,225,232
25411,50876,315,226,231
25412,50878,318,226,230
25413,50880,290,226,230
25414,50882,304,226,229
25415,50884,315,227,228
25416,50886,317,227,229
25417,50888,311,227,229
25418,50890,317,227,228
25419,50892,316,227,228
25420,50894,337,227,227
25421,50896,316,227,228
25422,50898,318,227,229
25423,50900,292,226,227
25424,50902,303,227,228
25425,50904,319,227,227
25426,50906,307,227,228
25427,50908,315,227,229
25428,50910,316,227,228
25429,50912,316,227,228
25430,50914,336,227,228
25431,50916,312,227,227
25432,50918,317,227,228
25433,50920,296,225,226
25434,50922,303,227,228
25435,50924,317,228,227
25436,50926,318,227,228
25437,50928,318,227,228
25438,50930,313,227,228
25439,50932,321,227,227
25440,50934,335,228,229
25441,50936,317,225,228
25442,50938,314,226,228
25443,50940,294,225,226
25444,50942,303,225,228
25445,50944,316,225,227
25446,50946,315,225,227
25447,50948,308,226,226
25448,50950,305,224,225
25449,50952,317,225,226
25450,50954,334,225,227
25451,50956,316,225,225
25452,50958,312,225,225
25453,50960,289,225,224
25454,50962,302,225,223
25455,50964,312,225,224
25456,50966,313,225,221
25457,50968,314,225,223
25458,50970,317,225,222
25459,50972,317,225,222
25460,50974,340,225,223
25461,50976,324,225,223
25462,50978,311,225,221
25463,50980,289,224,222
25464,50982,301,226,221
25465,50984,312,225,223
25466,50986,308,225,222
25467,50988,313,225,223
25468,50990,318,224,221
25469,50992,321,225,224
25470,50994,337,226,225
25471,50996,319,226,224
25472,50998,322,226,225
25473,51000,288,226,225
25474,51002,301,225,225
25475,51004,312,225,230
25476,51006,310,226,230
25477,51008,330,225,230
25478,51010,316,225,229
25479,51012,319,226,231
25480,51014,333,226,229
25481,51016,322,226,231
25482,51018,315,226,228
25483,51020,296,225,228
25484,51022,299,225,230
25485,51024,310,225,230
25486,51026,313,226,229
25487,51028,313,225,230
25488,51030,317,227,229
25489,51032,324,225,232
25490,51034,337,226,234
25491,51036,320,226,232
25492,51038,314,226,232
25493,51040,296,225,229
25494,51042,300,226,233
25495,51044,309,226,231
25496,51046,311,224,231
25497,51048,318,226,233
25498,51050,316,225,231
25499,51052,321,225,231
25500,51054,339,226,233
25501,51056,329,226,232
25502,51058,316,226,231
25503,51060,285,227,230
25504,51062,298,225,231
25505,51064,319,226,233
25506,51066,311,227,232
25507,51068,313,227,232
25508,51070,321,227,232
25509,51072,324,226,231
25510,51074,340,226,232
25511,51076,323,226,231
25512,51078,316,226,231
25513,51080,293,226,230
25514,51082,306,227,232
25515,51084,311,226,231
25516,51086,312,227,232
25517,51088,317,226,230
25518,51090,323,227,231
25519,51092,339,227,233
25520,51094,331,226,232
25521,51096,317,227,231
25522,51098,311,226,231
25523,51100,294,226,229
25524,51102,295,226,231
25525,51104,307,226,233
25526,51106,303,227,232
25527,51108,312,226,231
25528,51110,314,227,229
25529,51112,333,226,234
25530,51114,331,226,231
25531,51116,312,226,231
25532,51118,304,226,229
25533,51120,296,227,231
25534,51122,300,227,230
25535,51124,302,226,229
25536,51126,315,227,229
25537,51128,311,226,230
25538,51130,312,226,229
25539,51132,339,227,233
25540,51134,333,227,228
25541,51136,325,227,229
25542,51138,315,228,228
25543,51140,290,228,228
25544,51142,298,228,227
25545,51144,323,228,227
25546,51146,321,228,227
25547,51148,313,228,224
25548,51150,324,228,226
25549,51152,346,228,226
25550,51154,344,228,224
25551,51156,325,229,224
25552,51158,317,229,225
25553,51160,290,228,225
25554,51162,305,228,224
25555,51164,315,229,224
25556,51166,333,227,223
25557,51168,321,228,224
25558,51170,323,229,224
25559,51172,339,229,224
25560,51174,341,228,224
25561,51176,322,230,223
25562,51178,321,228,220
25563,51180,290,228,219
25564,51182,303,228,219
25565,51184,316,228,220
25566,51186,314,228,220
25567,51188,325,228,220
25568,51190,323,228,217
25569,51192,345,228,216
25570,51194,334,229,217
25571,51196,319,229,217
25572,51198,321,229,218
25573,51200,298,229,218
25574,51202,301,228,218
25575,51204,319,228,219
25576,51206,322,229,221
25577,51208,339,228,219
25578,51210,325,229,219
25579,51212,343,228,219
25580,51214,328,228,218
25581,51216,320,229,218
25582,51218,326,228,220
25583,51220,307,229,218
25584,51222,309,228,216
25585,51224,316,229,217
25586,51226,320,229,220
25587,51228,323,228,222
25588,51230,317,228,219
25589,51232,335,229,220
25590,51234,341,229,221
25591,51236,319,228,218
25592,51238,315,229,220
25593,51240,300,228,220
25594,51242,302,228,220
25595,51244,314,227,219
25596,51246,323,228,221
25597,51248,319,229,220
25598,51250,321,229,222
25599,51252,340,229,222
25600,51254,337,229,224
25601,51256,318,229,221
25602,51258,322,228,222
25603,51260,293,229,221
25604,51262,305,229,221
25605,51264,314,229,222
25606,51266,327,228,222
25607,51268,319,229,222
25608,51270,318,229,220
25609,51272,337,229,221
25610,51274,337,229,223
25611,51276,317,229,220
25612,51278,310,230,218
25613,51280,294,229,218
25614,51282,299,229,221
25615,51284,320,229,223
25616,51286,324,229,221
25617,51288,322,229,219
25618,51290,321,230,219
25619,51292,340,229,223
25620,51294,338,230,222
25621,51296,319,229,221
25622,51298,311,229,224
25623,51300,293,229,221
25624,51302,303,228,221
25625,51304,319,228,221
25626,51306,321,228,221
25627,51308,321,229,222
25628,51310,319,229,222
25629,51312,342,229,222
25630,51314,340,229,223
25631,51316,316,234,221
25632,51318,308,234,223
25633,51320,297,236,222
25634,51322,301,236,224
25635,51324,315,235,222
25636,51326,321,237,225
25637,51328,315,236,224
25638,51330,319,236,223
25639,51332,336,237,223
25640,51334,334,236,220
25641,51336,314,236,220
25642,51338,313,236,219
25643,51340,291,235,219
25644,51342,306,236,219
25645,51344,309,235,218
25646,51346,320,234,219
25647,51348,317,236,221
25648,51350,320,233,219
25649,51352,334,235,219
25650,51354,330,234,219
25651,51356,314,233,220
25652,51358,302,234,220
25653,51360,297,233,219
25654,51362,302,234,219
25655,51364,315,233,218
25656,51366,314,229,218
25657,51368,320,229,222
25658,51370,307,229,220
25659,51372,333,230,221
25660,51374,333,236,218
25661,51376,308,233,220
25662,51378,311,233,220
25663,51380,289,234,221
25664,51382,301,232,220
25665,51384,310,235,220
25666,51386,313,234,220
25667,51388,311,234,221
25668,51390,313,233,220
25669,51392,338,234,221
25670,51394,332,234,222
25671,51396,313,237,220
25672,51398,310,236,220
25673,51400,295,236,219
25674,51402,305,236,221
25675,51404,307,237,222
25676,51406,311,236,220
25677,51408,318,237,221
25678,51410,304,237,222
25679,51412,329,236,221
25680,51414,325,237,220
25681,51416,306,237,221
25682,51418,307,238,220
25683,51420,292,238,221
25684,51422,299,238,220
25685,51424,310,238,219
25686,51426,311,238,219
25687,51428,296,238,219
25688,51430,295,238,219
25689,51432,314,236,217
25690,51434,316,238,219
25691,51436,298,238,222
25692,51438,299,238,219
25693,51440,279,238,218
25694,51442,288,238,218
25695,51444,302,238,219
25696,51446,299,238,219
25697,51448,287,238,219
25698,51450,283,237,219
25699,51452,313,239,220
25700,51454,311,238,219
25701,51456,294,238,219
25702,51458,291,238,219
25703,51460,261,237,218
25704,51462,286,238,219
25705,51464,295,237,220
25706,51466,300,239,219
25707,51468,302,238,219
25708,51470,299,239,219
25709,51472,320,237,217
25710,51474,321,238,218
25711,51476,300,238,218
25712,51478,293,238,218
25713,51480,277,240,219
25714,51482,290,238,217
25715,51484,302,238,218
25716,51486,307,238,219
25717,51488,304,238,218
25718,51490,307,238,218
25719,51492,327,239,217
25720,51494,318,237,219
25721,51496,303,238,217
25722,51498,297,238,216
25723,51500,284,239,216
25724,51502,288,238,215
25725,51504,299,238,217
25726,51506,311,238,217
25727,51508,309,238,216
25728,51510,296,238,214
25729,51512,326,238,216
25730,51514,322,239,216
25731,51516,309,238,217
25732,51518,298,238,215
25733,51520,283,238,215
25734,51522,289,238,213
25735,51524,305,238,214
25736,51526,307,239,216
25737,51528,315,238,215
25738,51530,299,238,216
25739,51532,325,233,216
25740,51534,325,234,216
25741,51536,303,233,214
25742,51538,297,232,216
25743,51540,282,233,216
25744,51542,291,233,216
25745,51544,298,235,216
25746,51546,304,239,217
25747,51548,302,237,217
25748,51550,304,238,215
25749,51552,325,238,215
25750,51554,323,239,215
25751,51556,306,238,215
25752,51558,301,238,215
25753,51560,279,239,212
25754,51562,290,239,214
25755,51564,303,239,213
25756,51566,307,239,213
25757,51568,304,239,214
25758,51570,308,238,216
25759,51572,322,238,215
25760,51574,320,239,214
25761,51576,308,238,216
25762,51578,309,239,215
25763,51580,280,239,216
25764,51582,295,239,214
25765,51584,306,239,216
25766,51586,311,238,216
25767,51588,302,239,215
25768,51590,298,239,216
25769,51592,333,238,215
25770,51594,319,238,218
25771,51596,307,238,217
25772,51598,302,240,217
25773,51600,275,244,218
25774,51602,295,244,220
25775,51604,307,240,219
25776,51606,301,240,218
25777,51608,301,240,220
25778,51610,303,237,219
25779,51612,327,237,221
25780,51614,324,237,222
25781,51616,303,237,219
25782,51618,300,237,220
25783,51620,284,238,220
25784,51622,292,238,220
25785,51624,299,238,223
25786,51626,302,237,221
25787,51628,303,238,220
25788,51630,306,239,219
25789,51632,321,239,220
25790,51634,329,239,222
25791,51636,304,240,220
25792,51638,296,240,221
25793,51640,282,240,222
25794,51642,291,240,220
25795,51644,300,242,223
25796,51646,303,242,221
25797,51648,301,242,221
25798,51650,308,245,221
25799,51652,321,245,223
25800,51654,326,245,223
25801,51656,316,245,224
25802,51658,306,246,222
25803,51660,282,245,222
25804,51662,297,245,221
25805,51664,296,244,221
25806,51666,305,247,221
25807,51668,311,246,220
25808,51670,318,244,222
25809,51672,324,247,222
25810,51674,326,245,225
25811,51676,308,246,222
25812,51678,303,247,220
25813,51680,280,247,223
25814,51682,308,246,221
25815,51684,311,248,219
25816,51686,306,247,221
25817,51688,302,247,222
25818,51690,315,247,219
25819,51692,316,247,222
25820,51694,322,247,221
25821,51696,316,248,222
25822,51698,295,247,221
25823,51700,291,248,222
25824,51702,305,247,222
25825,51704,309,248,219
25826,51706,313,247,221
25827,51708,310,247,221
25828,51710,304,247,219
25829,51712,332,248,222
25830,51714,325,247,222
25831,51716,312,248,221
25832,51718,309,247,220
25833,51720,293,247,220
25834,51722,300,247,220
25835,51724,311,247,220
25836,51726,302,247,220
25837,51728,313,247,220
25838,51730,315,247,220
25839,51732,330,253,220
25840,51734,329,256,220
25841,51736,315,257,221
25842,51738,304,257,219
25843,51740,288,256,220
25844,51742,297,257,219
25845,51744,312,257,220
25846,51746,312,256,218
25847,51748,311,256,219
25848,51750,317,256,219
25849,51752,333,257,219
25850,51754,321,257,220
25851,51756,314,257,218
25852,51758,307,256,219
25853,51760,294,257,218
25854,51762,299,256,218
25855,51764,313,256,218
25856,51766,308,256,218
25857,51768,313,257,219
25858,51770,314,256,218
25859,51772,336,257,218
25860,51774,330,257,218
25861,51776,316,257,218
25862,51778,308,256,218
25863,51780,293,256,216
25864,51782,300,256,217
25865,51784,310,257,216
25866,51786,317,257,217
25867,51788,315,257,218
25868,51790,311,257,217
25869,51792,333,257,217
25870,51794,337,256,217
25871,51796,321,257,216
25872,51798,309,257,216
25873,51800,290,258,217
25874,51802,301,259,219
25875,51804,314,260,216
25876,51806,311,260,216
25877,51808,314,260,215
25878,51810,313,260,215
25879,51812,340,261,212
25880,51814,336,261,212
25881,51816,323,261,215
25882,51818,311,262,216
25883,51820,287,260,214
25884,51822,296,258,214
25885,51824,321,255,213
25886,51826,309,255,212
25887,51828,312,250,210
25888,51830,310,251,211
25889,51832,321,251,210
25890,51834,328,253,210
25891,51836,320,253,211
25892,51838,304,253,212
25893,51840,286,253,209
25894,51842,295,254,210
25895,51844,310,254,211
25896,51846,308,255,209
25897,51848,311,255,211
25898,51850,314,255,208
25899,51852,346,256,210
25900,51854,334,255,210
25901,51856,322,255,209
25902,51858,308,254,209
25903,51860,290,254,207
25904,51862,296,254,210
25905,51864,315,254,212
25906,51866,303,254,208
25907,51868,311,254,210
25908,51870,318,255,208
25909,51872,335,255,211
25910,51874,336,255,211
25911,51876,320,255,211
25912,51878,310,255,210
25913,51880,293,255,210
25914,51882,295,255,209
25915,51884,313,254,211
25916,51886,308,255,209
25917,51888,314,254,209
25918,51890,309,255,209
25919,51892,335,254,211
25920,51894,335,255,213
25921,51896,320,254,211
25922,51898,311,254,210
25923,51900,291,255,210
25924,51902,299,255,211
25925,51904,312,254,212
25926,51906,309,254,212
25927,51908,313,254,212
25928,51910,311,254,210
25929,51912,336,254,211
25930,51914,327,256,215
25931,51916,319,256,212
25932,51918,307,256,215
25933,51920,290,255,212
25934,51922,298,255,209
25935,51924,314,254,212
25936,51926,320,255,213
25937,51928,317,255,211
25938,51930,314,254,212
25939,51932,336,255,212
25940,51934,331,254,215
25941,51936,320,255,216
25942,51938,306,254,211
25943,51940,296,254,213
25944,51942,300,254,214
25945,51944,313,254,216
25946,51946,317,255,214
25947,51948,318,254,215
25948,51950,313,254,216
25949,51952,339,253,215
25950,51954,338,253,213
25951,51956,321,254,214
25952,51958,314,253,217
25953,51960,300,253,218
25954,51962,302,253,217
25955,51964,321,253,218
25956,51966,320,253,217
25957,51968,317,253,217
25958,51970,313,251,219
25959,51972,342,250,217
25960,51974,335,252,218
25961,51976,314,251,218
25962,51978,311,251,219
25963,51980,299,251,217
25964,51982,299,251,219
25965,51984,319,251,219
25966,51986,314,250,219
25967,51988,318,249,218
25968,51990,314,250,221
25969,51992,340,250,220
25970,51994,337,251,221
25971,51996,324,250,225
25972,51998,313,249,222
25973,52000,296,249,221
25974,52002,302,250,222
25975,52004,317,249,224
25976,52006,320,248,223
25977,52008,321,249,224
25978,52010,307,249,225
25979,52012,338,249,226
25980,52014,332,247,228
25981,52016,324,248,229
25982,52018,312,248,227
25983,52020,300,248,227
25984,52022,302,250,228
25985,52024,313,249,227
25986,52026,319,250,228
25987,52028,315,249,227
25988,52030,314,249,227
25989,52032,342,248,229
25990,52034,342,251,228
25991,52036,320,250,230
25992,52038,308,248,229
25993,52040,301,249,229
25994,52042,303,251,231
25995,52044,318,251,230
25996,52046,323,248,229
25997,52048,314,251,231
25998,52050,312,252,230
25999,52052,338,251,229
26000,52054,341,250,228
26001,52056,318,249,227
26002,52058,307,251,227
26003,52060,309,250,227
26004,52062,301,249,223
26005,52064,319,249,223
26006,52066,317,248,224
26007,52068,324,249,223
26008,52070,312,246,221
26009,52072,337,250,225
26010,52074,338,250,223
26011,52076,321,249,222
26012,52078,309,251,223
26013,52080,297,250,223
26014,52082,307,249,222
26015,52084,319,249,219
26016,52086,316,249,224
26017,52088,319,250,224
26018,52090,314,249,226
26019,52092,338,250,224
26020,52094,337,250,227
26021,52096,318,249,225
26022,52098,307,250,225
26023,52100,300,250,225
26024,52102,305,249,222
26025,52104,318,250,224
26026,52106,320,249,225
26027,52108,319,251,227
26028,52110,314,249,225
26029,52112,340,251,228
26030,52114,333,251,227
26031,52116,313,250,226
26032,52118,307,250,226
26033,52120,299,250,228
26034,52122,304,250,225
26035,52124,316,250,229
26036,52126,327,249,227
26037,52128,318,249,227
26038,52130,311,250,227
26039,52132,338,249,227
26040,52134,338,249,227
26041,52136,317,249,228
26042,52138,308,250,227
26043,52140,310,250,227
26044,52142,301,250,228
26045,52144,321,249,227
26046,52146,322,250,228
26047,52148,319,249,228
26048,52150,317,250,229
26049,52152,339,250,229
26050,52154,340,250,229
26051,52156,326,250,230
26052,52158,308,250,229
26053,52160,294,249,227
26054,52162,303,249,228
26055,52164,321,249,228
26056,52166,310,249,229
26057,52168,321,250,229
26058,52170,317,249,231
26059,52172,341,250,231
26060,52174,334,249,234
26061,52176,319,249,234
26062,52178,311,251,233
26063,52180,304,251,233
26064,52182,307,250,232
26065,52184,319,250,233
26066,52186,323,250,234
26067,52188,322,251,234
26068,52190,314,250,232
26069,52192,343,250,234
26070,52194,337,250,234
26071,52196,320,249,233
26072,52198,313,249,232
26073,52200,294,249,231
26074,52202,302,249,232
26075,52204,318,250,232
26076,52206,315,250,229
26077,52208,316,249,229
26078,52210,318,249,230
26079,52212,339,250,232
26080,52214,333,250,230
26081,52216,317,249,229
26082,52218,305,250,232
26083,52220,295,249,228
26084,52222,306,250,231
26085,52224,310,250,231
26086,52226,319,250,229
26087,52228,314,250,231
26088,52230,313,250,231
26089,52232,337,250,228
26090,52234,338,250,227
26091,52236,325,248,227
26092,52238,315,249,227
26093,52240,295,250,226
26094,52242,306,250,229
26095,52244,318,250,228
26096,52246,321,249,228
26097,52248,315,248,227
26098,52250,315,250,225
26099,52252,339,250,228
26100,52254,340,249,228
26101,52256,323,250,230
26102,52258,311,250,231
26103,52260,300,249,232
26104,52262,310,250,231
26105,52264,318,250,233
26106,52266,317,249,232
26107,52268,322,250,231
26108,52270,325,250,232
26109,52272,342,250,233
26110,52274,334,250,232
26111,52276,319,250,234
26112,52278,308,249,233
26113,52280,297,250,234
26114,52282,316,250,233
26115,52284,314,249,234
26116,52286,318,249,233
26117,52288,318,248,233
26118,52290,325,250,233
26119,52292,341,250,232
26120,52294,338,249,231
26121,52296,323,250,234
26122,52298,309,250,235
26123,52300,290,250,232
26124,52302,313,250,233
26125,52304,316,250,231
26126,52306,326,249,231
26127,52308,316,250,233
26128,52310,326,250,229
26129,52312,345,250,233
26130,52314,341,250,231
26131,52316,323,250,231
26132,52318,308,250,232
26133,52320,300,249,232
26134,52322,315,250,229
26135,52324,318,250,233
26136,52326,313,249,230
26137,52328,321,249,232
26138,52330,326,250,230
26139,52332,345,250,232
26140,52334,347,250,235
26141,52336,335,250,235
26142,52338,308,250,233
26143,52340,296,249,233
26144,52342,320,250,235
26145,52344,317,250,235
26146,52346,311,250,236
26147,52348,321,250,235
26148,52350,320,250,234
26149,52352,343,250,234
26150,52354,341,250,235
26151,52356,328,249,238
26152,52358,307,249,235
26153,52360,301,250,236
26154,52362,324,250,236
26155,52364,317,250,236
26156,52366,320,250,235
26157,52368,317,250,236
26158,52370,340,250,236
26159,52372,349,249,237
26160,52374,346,250,235
26161,52376,334,249,236
26162,52378,308,250,234
26163,52380,294,250,235
26164,52382,316,249,235
26165,52384,321,250,235
26166,52386,319,250,236
26167,52388,318,250,238
26168,52390,326,249,234
26169,52392,343,250,237
26170,52394,344,251,235
26171,52396,325,250,234
26172,52398,310,250,234
26173,52400,301,250,233
26174,52402,317,250,235
26175,52404,317,250,233
26176,52406,319,250,229
26177,52408,319,249,229
26178,52410,320,250,230
26179,52412,344,250,231
26180,52414,337,251,231
26181,52416,323,250,231
26182,52418,311,250,230
26183,52420,304,250,232
26184,52422,316,250,232
26185,52424,315,250,232
26186,52426,311,250,232
26187,52428,313,251,233
26188,52430,319,250,232
26189,52432,344,250,233
26190,52434,341,250,232
26191,52436,324,251,232
26192,52438,306,250,232
26193,52440,297,249,230
26194,52442,316,249,231
26195,52444,318,250,233
26196,52446,314,250,233
26197,52448,311,250,233
26198,52450,316,250,233
26199,52452,347,251,234
26200,52454,343,250,231
26201,52456,327,249,233
26202,52458,300,250,233
26203,52460,293,250,234
26204,52462,314,250,233
26205,52464,314,250,233
26206,52466,309,250,233
26207,52468,311,251,234
26208,52470,320,251,234
26209,52472,339,250,233
26210,52474,339,250,233
26211,52476,320,250,233
26212,52478,301,250,233
26213,52480,288,249,233
26214,52482,315,251,235
26215,52484,316,250,235
26216,52486,316,251,234
26217,52488,316,251,234
26218,52490,319,250,234
26219,52492,342,250,234
26220,52494,334,250,235
26221,52496,323,250,234
26222,52498,301,250,235
26223,52500,294,249,237
26224,52502,311,250,238
26225,52504,310,249,238
26226,52506,319,250,240
26227,52508,319,250,240
26228,52510,317,251,238
26229,52512,349,251,240
26230,52514,338,253,241
26231,52516,321,251,242
26232,52518,306,250,239
26233,52520,295,251,240
26234,52522,314,251,239
26235,52524,315,252,241
26236,52526,310,251,240
26237,52528,317,250,240
26238,52530,316,252,241
26239,52532,345,252,238
26240,52534,333,253,241
26241,52536,322,251,240
26242,52538,305,252,239
26243,52540,288,251,239
26244,52542,319,252,241
26245,52544,327,251,241
26246,52546,321,251,239
26247,52548,317,252,240
26248,52550,319,252,241
26249,52552,342,252,242
26250,52554,335,252,241
26251,52556,318,252,243
26252,52558,308,252,240
26253,52560,300,252,241
26254,52562,324,251,240
26255,52564,315,252,243
26256,52566,317,252,241
26257,52568,316,252,243
26258,52570,319,252,241
26259,52572,338,252,241
26260,52574,329,251,244
26261,52576,321,251,241
26262,52578,304,252,241
26263,52580,293,252,244
26264,52582,311,252,241
26265,52584,312,252,243
26266,52586,322,251,242
26267,52588,316,252,238
26268,52590,315,253,242
26269,52592,340,253,243
26270,52594,328,252,243
26271,52596,314,252,243
26272,52598,306,252,242
26273,52600,298,251,242
26274,52602,312,252,242
26275,52604,313,252,243
26276,52606,323,252,245
26277,52608,318,251,244
26278,52610,316,252,241
26279,52612,345,252,245
26280,52614,337,252,246
26281,52616,317,252,243
26282,52618,303,252,243
26283,52620,294,252,241
26284,52622,317,252,242
26285,52624,317,252,244
26286,52626,320,252,246
26287,52628,320,252,245
26288,52630,320,252,244
26289,52632,344,251,244
26290,52634,333,252,245
26291,52636,317,252,245
26292,52638,304,251,244
26293,52640,299,252,245
26294,52642,317,251,247
26295,52644,315,251,244
26296,52646,320,251,244
26297,52648,322,252,243
26298,52650,320,251,243
26299,52652,349,251,242
26300,52654,328,252,246
26301,52656,314,252,245
26302,52658,300,252,245
26303,52660,290,252,245
26304,52662,320,252,245
26305,52664,313,252,243
26306,52666,322,252,245
26307,52668,311,251,245
26308,52670,314,251,246
26309,52672,343,252,245
26310,52674,334,252,246
26311,52676,324,252,249
26312,52678,304,252,245
26313,52680,299,251,246
26314,52682,318,251,245
26315,52684,325,251,244
26316,52686,330,252,245
26317,52688,318,251,245
26318,52690,318,251,245
26319,52692,348,252,249
26320,52694,335,252,246
26321,52696,324,252,245
26322,52698,307,252,246
26323,52700,304,250,246
26324,52702,325,252,246
26325,52704,324,251,245
26326,52706,327,251,245
26327,52708,317,252,247
26328,52710,320,251,247
26329,52712,344,252,246
26330,52714,347,251,246
26331,52716,325,252,247
26332,52718,304,250,246
26333,52720,304,252,246
26334,52722,315,250,246
26335,52724,322,250,247
26336,52726,323,251,246
26337,52728,321,252,247
26338,52730,324,250,246
26339,52732,343,252,248
26340,52734,332,252,246
26341,52736,318,253,248
26342,52738,305,251,247
26343,52740,299,251,246
26344,52742,321,252,246
26345,52744,318,251,246
26346,52746,325,250,246
26347,52748,323,251,247
26348,52750,323,251,244
26349,52752,345,252,243
26350,52754,332,252,245
26351,52756,325,251,245
26352,52758,306,251,245
26353,52760,306,251,244
26354,52762,317,251,244
26355,52764,318,251,244
26356,52766,321,251,245
26357,52768,321,251,246
26358,52770,318,251,244
26359,52772,347,252,246
26360,52774,333,252,245
26361,52776,324,251,244
26362,52778,304,251,245
26363,52780,304,251,246
26364,52782,320,252,245
26365,52784,319,251,246
26366,52786,322,252,244
26367,52788,318,250,245
26368,52790,317,252,246
26369,52792,342,253,245
26370,52794,336,252,245
26371,52796,320,252,246
26372,52798,305,251,245
26373,52800,300,253,246
26374,52802,321,252,246
26375,52804,317,251,246
26376,52806,313,251,246
26377,52808,324,251,246
26378,52810,318,250,244
26379,52812,339,251,247
26380,52814,328,251,245
26381,52816,314,255,246
26382,52818,308,252,247
26383,52820,300,251,245
26384,52822,316,251,245
26385,52824,313,252,246
26386,52826,324,250,246
26387,52828,326,252,246
26388,52830,319,251,245
26389,52832,349,251,245
26390,52834,326,251,247
26391,52836,317,251,244
26392,52838,301,252,247
26393,52840,304,252,243
26394,52842,320,251,243
26395,52844,320,253,243
26396,52846,320,252,241
26397,52848,326,251,241
26398,52850,315,253,240
26399,52852,342,252,242
26400,52854,336,251,241
26401,52856,310,252,240
26402,52858,306,250,241
26403,52860,294,251,241
26404,52862,316,250,241
26405,52864,312,251,242
26406,52866,316,251,242
26407,52868,316,252,245
26408,52870,316,251,242
26409,52872,338,251,241
26410,52874,337,251,242
26411,52876,319,251,242
26412,52878,303,251,241
26413,52880,303,251,240
26414,52882,319,250,238
26415,52884,311,252,241
26416,52886,316,252,241
26417,52888,319,251,243
26418,52890,320,251,241
26419,52892,344,252,243
26420,52894,333,250,242
26421,52896,312,251,242
26422,52898,303,251,242
26423,52900,294,251,243
26424,52902,317,251,243
26425,52904,314,251,244
26426,52906,319,251,244
26427,52908,324,251,243
26428,52910,320,251,244
26429,52912,344,251,245
26430,52914,333,252,244
26431,52916,321,251,242
26432,52918,306,251,245
26433,52920,305,250,244
26434,52922,322,252,245
26435,52924,316,251,244
26436,52926,314,250,245
26437,52928,324,251,244
26438,52930,320,251,245
26439,52932,344,252,246
26440,52934,325,251,245
26441,52936,321,251,244
26442,52938,303,251,244
26443,52940,302,252,244
26444,52942,316,252,242
26445,52944,319,249,246
26446,52946,322,251,243
26447,52948,309,250,242
26448,52950,313,249,242
26449,52952,349,250,243
26450,52954,335,249,242
26451,52956,321,250,242
26452,52958,301,249,242
26453,52960,298,250,241
26454,52962,324,250,241
26455,52964,313,250,241
26456,52966,316,250,242
26457,52968,324,250,244
26458,52970,327,251,242
26459,52972,347,251,244
26460,52974,337,251,243
26461,52976,328,251,243
26462,52978,303,251,240
26463,52980,299,251,243
26464,52982,323,252,245
26465,52984,307,252,243
26466,52986,318,251,242
26467,52988,323,251,243
26468,52990,316,251,241
26469,52992,359,251,242
26470,52994,333,252,241
26471,52996,327,251,245
26472,52998,301,251,242
26473,53000,299,252,242
26474,53002,317,251,240
26475,53004,321,251,243
26476,53006,318,252,242
26477,53008,319,251,243
26478,53010,324,251,241
26479,53012,350,252,244
26480,53014,334,251,242
26481,53016,328,252,243
26482,53018,299,251,240
26483,53020,298,251,242
26484,53022,318,251,243
26485,53024,315,252,242
26486,53026,315,252,239
26487,53028,316,250,240
26488,53030,321,250,241
26489,53032,347,249,241
26490,53034,331,251,241
26491,53036,320,251,242
26492,53038,305,251,243
26493,53040,298,251,242
26494,53042,318,251,241
26495,53044,314,251,242
26496,53046,316,251,242
26497,53048,322,251,242
26498,53050,323,251,240
26499,53052,347,251,240
26500,53054,335,251,240
26501,53056,326,251,241
26502,53058,301,251,241
26503,53060,297,250,239
26504,53062,320,250,239
26505,53064,313,251,240
26506,53066,327,251,239
26507,53068,323,249,240
26508,53070,321,249,239
26509,53072,347,249,239
26510,53074,328,250,240
26511,53076,324,249,239
26512,53078,296,250,240
26513,53080,294,249,240
26514,53082,316,250,241
26515,53084,316,249,241
26516,53086,323,250,240
26517,53088,317,250,241
26518,53090,321,250,240
26519,53092,343,249,240
26520,53094,333,250,242
26521,53096,330,250,239
26522,53098,302,249,238
26523,53100,298,250,239
26524,53102,320,250,236
26525,53104,317,250,242
26526,53106,317,250,240
26527,53108,326,250,239
26528,53110,317,250,238
26529,53112,345,250,239
26530,53114,335,251,238
26531,53116,322,251,238
26532,53118,302,251,238
26533,53120,298,251,238
26534,53122,322,251,236
26535,53124,317,251,238
26536,53126,318,251,236
26537,53128,320,251,233
26538,53130,324,251,235
26539,53132,343,251,236
26540,53134,329,251,237
26541,53136,323,249,236
26542,53138,298,250,235
26543,53140,295,250,235
26544,53142,321,249,234
26545,53144,307,250,233
26546,53146,316,251,233
26547,53148,322,250,232
26548,53150,322,250,234
26549,53152,348,251,235
26550,53154,329,249,234
26551,53156,307,249,235
26552,53158,295,250,234
26553,53160,294,249,234
26554,53162,313,249,233
26555,53164,314,250,235
26556,53166,318,249,234
26557,53168,317,249,235
26558,53170,320,249,235
26559,53172,350,249,236
26560,53174,321,249,234
26561,53176,317,250,235
26562,53178,302,250,234
26563,53180,304,250,235
26564,53182,314,250,235
26565,53184,312,251,234
26566,53186,315,250,233
26567,53188,315,250,235
26568,53190,317,249,234
26569,53192,341,251,235
26570,53194,327,250,235
26571,53196,316,250,233
26572,53198,310,250,234
26573,53200,290,250,235
26574,53202,317,250,232
26575,53204,321,250,234
26576,53206,317,250,234
26577,53208,316,250,234
26578,53210,319,249,237
26579,53212,338,250,236
26580,53214,326,250,237
26581,53216,316,250,236
26582,53218,296,250,235
26583,53220,292,249,235
26584,53222,313,250,236
26585,53224,319,249,236
26586,53226,321,250,236
26587,53228,309,250,235
26588,53230,313,250,235
26589,53232,329,250,236
26590,53234,326,249,236
26591,53236,317,250,237
26592,53238,293,250,236
26593,53240,290,249,235
26594,53242,310,250,236
26595,53244,311,249,235
26596,53246,304,249,236
26597,53248,308,250,237
26598,53250,310,250,235
26599,53252,339,250,235
26600,53254,322,249,235
26601,53256,308,250,234
26602,53258,295,250,231
26603,53260,299,249,231
26604,53262,313,250,232
26605,53264,303,249,232
26606,53266,323,249,232
26607,53268,312,249,233
26608,53270,328,249,232
26609,53272,336,251,232
26610,53274,330,250,232
26611,53276,318,250,232
26612,53278,304,249,232
26613,53280,291,249,232
26614,53282,313,250,232
26615,53284,312,251,234
26616,53286,320,250,232
26617,53288,320,250,233
26618,53290,315,250,231
26619,53292,336,249,234
26620,53294,315,250,234
26621,53296,313,249,237
26622,53298,292,249,235
26623,53300,298,250,237
26624,53302,314,249,236
26625,53304,308,249,238
26626,53306,310,250,238
26627,53308,317,250,238
26628,53310,311,250,237
26629,53312,332,249,237
26630,53314,321,249,236
26631,53316,311,251,238
26632,53318,296,249,238
26633,53320,295,250,235
26634,53322,317,250,236
26635,53324,313,249,240
26636,53326,317,249,236
26637,53328,310,250,231
26638,53330,309,250,236
26639,53332,342,250,235
26640,53334,329,250,238
26641,53336,317,250,238
26642,53338,295,250,238
26643,53340,297,250,238
26644,53342,318,249,239
26645,53344,310,250,239
26646,53346,317,250,239
26647,53348,311,249,239
26648,53350,319,250,239
26649,53352,341,250,241
26650,53354,324,249,237
26651,53356,319,250,237
26652,53358,300,249,238
26653,53360,296,248,238
26654,53362,320,248,242
26655,53364,316,249,240
26656,53366,316,249,241
26657,53368,311,249,239
26658,53370,312,249,241
26659,53372,336,249,242
26660,53374,327,249,240
26661,53376,305,247,234
26662,53378,296,249,240
26663,53380,295,250,241
26664,53382,322,250,240
26665,53384,312,249,241
26666,53386,318,249,240
26667,53388,310,250,241
26668,53390,310,249,241
26669,53392,333,249,240
26670,53394,325,250,242
26671,53396,312,250,241
26672,53398,292,249,241
26673,53400,293,249,240
26674,53402,311,249,241
26675,53404,316,249,242
26676,53406,315,247,241
26677,53408,310,250,242
26678,53410,308,251,242
26679,53412,339,249,242
26680,53414,328,250,242
26681,53416,313,250,242
26682,53418,296,250,242
26683,53420,301,250,242
26684,53422,312,249,241
26685,53424,319,250,242
26686,53426,319,253,244
26687,53428,317,250,242
26688,53430,312,250,241
26689,53432,337,250,243
26690,53434,329,250,241
26691,53436,315,251,243
26692,53438,305,250,242
26693,53440,296,249,242
26694,53442,321,250,241
26695,53444,318,250,242
26696,53446,314,250,240
26697,53448,316,250,241
26698,53450,311,250,241
26699,53452,336,250,242
26700,53454,325,250,242
26701,53456,320,249,242
26702,53458,294,250,241
26703,53460,297,250,242
26704,53462,324,249,241
26705,53464,312,250,242
26706,53466,315,250,242
26707,53468,318,249,242
26708,53470,308,250,241
26709,53472,343,249,241
26710,53474,324,249,243
26711,53476,313,250,242
26712,53478,294,250,242
26713,53480,300,250,242
26714,53482,322,250,243
26715,53484,316,249,242
26716,53486,316,250,242
26717,53488,314,248,245
26718,53490,312,249,242
26719,53492,337,249,242
26720,53494,325,249,241
26721,53496,306,249,241
26722,53498,293,249,244
26723,53500,304,248,242
26724,53502,312,250,242
26725,53504,305,249,242
26726,53506,316,249,242
26727,53508,313,249,243
26728,53510,309,248,242
26729,53512,343,249,242
26730,53514,326,248,242
26731,53516,318,247,241
26732,53518,294,247,241
26733,53520,302,247,241
26734,53522,319,248,242
26735,53524,311,247,241
26736,53526,323,247,241
26737,53528,315,247,242
26738,53530,313,247,242
26739,53532,350,245,241
26740,53534,332,245,244
26741,53536,319,245,243
26742,53538,298,243,241
26743,53540,297,244,242
26744,53542,323,243,241
26745,53544,317,243,241
26746,53546,313,243,241
26747,53548,311,243,244
26748,53550,319,242,242
26749,53552,341,242,243
26750,53554,332,243,243
26751,53556,319,242,240
26752,53558,300,242,241
26753,53560,302,239,243
26754,53562,322,239,242
26755,53564,318,239,243
26756,53566,318,241,245
26757,53568,319,239,242
26758,53570,320,238,242
26759,53572,343,238,243
26760,53574,333,238,243
26761,53576,318,238,242
26762,53578,301,238,240
26763,53580,302,238,240
26764,53582,317,238,241
26765,53584,318,238,241
26766,53586,324,238,239
26767,53588,318,238,239
26768,53590,318,238,239
26769,53592,340,237,240
26770,53594,333,234,239
26771,53596,324,236,239
26772,53598,303,233,239
26773,53600,301,235,240
26774,53602,317,234,239
26775,53604,324,233,239
26776,53606,322,230,243
26777,53608,318,230,242
26778,53610,321,231,242
26779,53612,329,229,239
26780,53614,332,230,242
26781,53616,321,229,241
26782,53618,298,229,240
26783,53620,301,229,241
26784,53622,313,229,241
26785,53624,317,229,242
26786,53626,319,229,241
26787,53628,321,229,240
26788,53630,317,229,241
26789,53632,341,230,242
26790,53634,328,229,240
26791,53636,318,229,240
26792,53638,298,229,241
26793,53640,302,229,239
26794,53642,320,230,240
26795,53644,315,229,241
26796,53646,320,229,240
26797,53648,333,229,240
26798,53650,319,229,242
26799,53652,340,230,240
26800,53654,337,230,240
26801,53656,323,230,241
26802,53658,311,229,240
26803,53660,303,229,241
26804,53662,317,229,242
26805,53664,317,229,242
26806,53666,320,229,241
26807,53668,317,229,242
26808,53670,322,229,243
26809,53672,346,230,242
26810,53674,338,230,242
26811,53676,323,230,243
26812,53678,308,230,241
26813,53680,302,229,242
26814,53682,319,229,242
26815,53684,320,230,242
26816,53686,319,229,242
26817,53688,319,229,240
26818,53690,328,230,246
26819,53692,345,230,242
26820,53694,341,230,242
26821,53696,325,230,242
26822,53698,304,229,242
26823,53700,298,230,243
26824,53702,320,229,241
26825,53704,313,229,243
26826,53706,315,228,242
26827,53708,328,229,243
26828,53710,322,229,241
26829,53712,342,230,243
26830,53714,332,230,243
26831,53716,320,229,242
26832,53718,302,229,241
26833,53720,300,229,241
26834,53722,321,229,242
26835,53724,312,229,243
26836,53726,316,229,242
26837,53728,313,229,244
26838,53730,317,230,242
26839,53732,342,229,242
26840,53734,330,229,242
26841,53736,309,229,244
26842,53738,289,229,244
26843,53740,302,229,243
26844,53742,312,229,243
26845,53744,309,230,243
26846,53746,309,228,243
26847,53748,307,228,243
26848,53750,313,229,244
26849,53752,336,229,242
26850,53754,329,229,242
26851,53756,311,229,242
26852,53758,292,229,241
26853,53760,293,229,239
26854,53762,310,229,241
26855,53764,313,229,243
26856,53766,310,230,242
26857,53768,303,229,242
26858,53770,305,229,242
26859,53772,337,230,244
26860,53774,326,230,242
26861,53776,311,229,242
26862,53778,294,229,242
26863,53780,298,230,243
26864,53782,306,230,243
26865,53784,308,230,244
26866,53786,316,229,243
26867,53788,311,229,242
26868,53790,316,230,242
26869,53792,335,231,244
26870,53794,335,230,242
26871,53796,319,230,243
26872,53798,298,229,243
26873,53800,298,229,243
26874,53802,316,230,245
26875,53804,320,229,243
26876,53806,318,230,243
26877,53808,316,230,242
26878,53810,319,230,242
26879,53812,337,230,245
26880,53814,319,229,244
26881,53816,316,230,245
26882,53818,296,230,242
26883,53820,293,229,243
26884,53822,320,230,244
26885,53824,310,230,244
26886,53826,316,229,244
26887,53828,315,230,244
26888,53830,310,230,242
26889,53832,341,231,244
26890,53834,324,231,244
26891,53836,320,230,243
26892,53838,298,230,242
26893,53840,294,230,244
26894,53842,312,230,245
26895,53844,304,231,244
26896,53846,318,231,243
26897,53848,311,229,243
26898,53850,311,229,244
26899,53852,349,230,243
26900,53854,331,229,243
26901,53856,318,228,243
26902,53858,309,229,242
26903,53860,296,230,243
26904,53862,320,230,243
26905,53864,312,230,244
26906,53866,312,229,244
26907,53868,312,230,244
26908,53870,317,230,243
26909,53872,341,230,243
26910,53874,334,230,244
26911,53876,323,230,244
26912,53878,303,230,246
26913,53880,300,230,242
26914,53882,321,230,245
26915,53884,312,230,245
26916,53886,321,230,243
26917,53888,309,230,245
26918,53890,316,230,242
26919,53892,334,231,242
26920,53894,327,232,243
26921,53896,315,231,243
26922,53898,296,231,242
26923,53900,299,232,242
26924,53902,325,231,241
26925,53904,318,231,242
26926,53906,310,233,243
26927,53908,311,232,242
26928,53910,306,231,241
26929,53912,340,232,242
26930,53914,334,232,242
26931,53916,319,231,242
26932,53918,289,231,242
26933,53920,299,232,242
26934,53922,314,232,241
26935,53924,314,232,241
26936,53926,315,232,242
26937,53928,314,232,242
26938,53930,311,232,241
26939,53932,344,232,242
26940,53934,335,232,241
26941,53936,321,232,241
26942,53938,300,232,241
26943,53940,307,232,239
26944,53942,315,232,240
26945,53944,316,232,242
26946,53946,316,232,241
26947,53948,312,232,239
26948,53950,314,232,241
26949,53952,346,232,240
26950,53954,331,233,241
26951,53956,313,231,241
26952,53958,304,232,242
26953,53960,300,233,240
26954,53962,318,232,241
26955,53964,314,232,240
26956,53966,315,232,239
26957,53968,317,232,241
26958,53970,317,232,240
26959,53972,336,232,239
26960,53974,330,232,240
26961,53976,319,232,241
26962,53978,303,232,241
26963,53980,298,232,242
26964,53982,318,232,241
26965,53984,319,232,241
26966,53986,319,232,241
26967,53988,314,232,242
26968,53990,319,233,240
26969,53992,345,234,240
26970,53994,331,232,241
26971,53996,320,233,241
26972,53998,299,232,240
26973,54000,308,233,240
26974,54002,326,232,240
26975,54004,341,232,240
26976,54006,313,232,243
26977,54008,304,233,241
26978,54010,306,232,241
26979,54012,349,233,240
26980,54014,328,233,240
26981,54016,318,233,241
26982,54018,311,230,239
26983,54020,306,232,241
26984,54022,326,232,241
26985,54024,326,232,240
26986,54026,313,232,240
26987,54028,319,233,240
26988,54030,320,233,241
26989,54032,348,232,242
26990,54034,324,234,242
26991,54036,316,233,242
26992,54038,309,231,239
26993,54040,299,232,241
26994,54042,318,232,241
26995,54044,318,232,242
26996,54046,313,232,242
26997,54048,322,230,243
26998,54050,304,230,240
26999,54052,343,231,242
27000,54054,327,230,242
27001,54056,319,234,241
27002,54058,303,234,240
27003,54060,310,234,241
27004,54062,326,235,242
27005,54064,324,233,241
27006,54066,322,234,239
27007,54068,320,234,243
27008,54070,316,234,241
27009,54072,344,234,242
27010,54074,338,233,241
27011,54076,314,234,242
27012,54078,300,234,240
27013,54080,312,234,241
27014,54082,331,234,239
27015,54084,325,233,240
27016,54086,323,233,239
27017,54088,322,233,239
27018,54090,315,234,241
27019,54092,347,233,240
27020,54094,335,232,241
27021,54096,322,233,240
27022,54098,302,232,240
27023,54100,320,232,238
27024,54102,324,234,238
27025,54104,331,232,239
27026,54106,327,232,238
27027,54108,316,233,240
27028,54110,317,232,237
27029,54112,349,232,237
27030,54114,337,233,237
27031,54116,325,232,237
27032,54118,307,232,238
27033,54120,305,232,237
27034,54122,320,232,238
27035,54124,327,234,238
27036,54126,321,233,236
27037,54128,320,232,236
27038,54130,319,233,235
27039,54132,339,233,236
27040,54134,333,233,236
27041,54136,321,233,237
27042,54138,311,232,237
27043,54140,303,231,237
27044,54142,316,233,237
27045,54144,328,232,238
27046,54146,324,232,237
27047,54148,319,232,238
27048,54150,322,233,238
27049,54152,335,233,238
27050,54154,335,233,237
27051,54156,324,234,237
27052,54158,308,234,237
27053,54160,306,234,237
27054,54162,323,234,238
27055,54164,318,235,241
27056,54166,328,235,239
27057,54168,326,234,239
27058,54170,314,235,239
27059,54172,343,233,238
27060,54174,331,233,239
27061,54176,318,233,240
27062,54178,304,232,241
27063,54180,309,232,240
27064,54182,317,233,239
27065,54184,329,232,240
27066,54186,313,233,242
27067,54188,317,237,244
27068,54190,313,232,243
27069,54192,344,228,242
27070,54194,336,230,242
27071,54196,320,230,244
27072,54198,304,230,243
27073,54200,308,231,245
27074,54202,323,230,243
27075,54204,312,230,242
27076,54206,323,232,239
27077,54208,320,233,245
27078,54210,322,233,245
27079,54212,346,232,242
27080,54214,336,232,243
27081,54216,322,233,245
27082,54218,301,233,241
27083,54220,304,233,242
27084,54222,324,232,242
27085,54224,320,233,244
27086,54226,316,233,243
27087,54228,319,233,244
27088,54230,322,233,244
27089,54232,350,232,242
27090,54234,333,236,243
27091,54236,316,236,243
27092,54238,295,237,243
27093,54240,301,237,243
27094,54242,322,238,244
27095,54244,312,239,244
27096,54246,322,239,242
27097,54248,323,239,242
27098,54250,320,238,243
27099,54252,339,237,243
27100,54254,323,240,244
27101,54256,316,239,241
27102,54258,293,238,242
27103,54260,306,238,241
27104,54262,314,239,240
27105,54264,313,238,241
27106,54266,321,239,239
27107,54268,317,239,240
27108,54270,317,238,240
27109,54272,343,239,242
27110,54274,330,237,242
27111,54276,318,237,243
27112,54278,297,238,241
27113,54280,300,237,241
27114,54282,318,237,240
27115,54284,323,236,241
27116,54286,310,237,241
27117,54288,311,237,241
27118,54290,319,237,240
27119,54292,345,237,245
27120,54294,336,238,242
27121,54296,315,237,244
27122,54298,298,237,241
27123,54300,296,237,242
27124,54302,318,238,241
27125,54304,309,237,244
27126,54306,316,238,243
27127,54308,325,237,242
27128,54310,312,239,242
27129,54312,343,239,243
27130,54314,330,239,244
27131,54316,321,237,243
27132,54318,298,239,243
27133,54320,297,238,242
27134,54322,318,239,244
27135,54324,314,239,242
27136,54326,314,240,242
27137,54328,314,238,243
27138,54330,319,239,242
27139,54332,343,240,242
27140,54334,331,237,244
27141,54336,311,237,244
27142,54338,293,236,242
27143,54340,296,237,243
27144,54342,306,237,241
27145,54344,303,233,243
27146,54346,320,233,241
27147,54348,315,233,243
27148,54350,310,233,241
27149,54352,337,233,243
27150,54354,330,234,243
27151,54356,317,233,243
27152,54358,297,233,242
27153,54360,303,233,243
27154,54362,312,233,244
27155,54364,310,233,243
27156,54366,313,233,244
27157,54368,316,233,244
27158,54370,321,233,243
27159,54372,339,233,244
27160,54374,332,233,242
27161,54376,322,233,241
27162,54378,292,233,244
27163,54380,297,234,245
27164,54382,319,233,243
27165,54384,313,233,243
27166,54386,313,233,243
27167,54388,313,233,243
27168,54390,315,233,242
27169,54392,340,234,246
27170,54394,322,233,243
27171,54396,307,233,244
27172,54398,295,233,241
27173,54400,299,233,245
27174,54402,319,233,244
27175,54404,308,234,244
27176,54406,316,233,243
27177,54408,318,233,244
27178,54410,316,234,244
27179,54412,343,233,244
27180,54414,339,233,243
27181,54416,310,233,244
27182,54418,294,233,243
27183,54420,296,233,243
27184,54422,312,232,245
27185,54424,306,233,244
27186,54426,310,233,243
27187,54428,311,233,245
27188,54430,312,233,244
27189,54432,337,234,246
27190,54434,328,233,244
27191,54436,317,233,243
27192,54438,297,232,244
27193,54440,296,233,244
27194,54442,315,232,244
27195,54444,310,234,246
27196,54446,313,233,245
27197,54448,311,233,244
27198,54450,319,232,243
27199,54452,341,233,246
27200,54454,336,231,244
27201,54456,327,233,245
27202,54458,297,232,244
27203,54460,299,235,244
27204,54462,317,233,244
27205,54464,308,232,244
27206,54466,321,233,243
27207,54468,324,232,243
27208,54470,319,233,243
27209,54472,348,234,245
27210,54474,332,233,245
27211,54476,321,233,243
27212,54478,297,233,243
27213,54480,302,233,245
27214,54482,313,233,243
27215,54484,314,233,245
27216,54486,314,233,243
27217,54488,317,233,244
27218,54490,319,233,243
27219,54492,343,234,242
27220,54494,331,233,245
27221,54496,314,233,245
27222,54498,301,233,243
27223,54500,305,233,244
27224,54502,315,237,245
27225,54504,317,237,245
27226,54506,328,237,244
27227,54508,323,237,242
27228,54510,317,237,243
27229,54512,343,238,244
27230,54514,336,238,243
27231,54516,318,240,243
27232,54518,301,237,242
27233,54520,302,239,243
27234,54522,317,238,242
27235,54524,321,239,245
27236,54526,315,239,242
27237,54528,321,238,242
27238,54530,322,238,242
27239,54532,341,239,244
27240,54534,323,239,243
27241,54536,316,239,244
27242,54538,301,239,244
27243,54540,309,238,243
27244,54542,318,237,244
27245,54544,312,237,244
27246,54546,319,238,243
27247,54548,313,237,243
27248,54550,313,237,243
27249,54552,344,237,244
27250,54554,333,236,245
27251,54556,313,239,243
27252,54558,297,236,242
27253,54560,306,236,242
27254,54562,312,237,242
27255,54564,309,237,243
27256,54566,321,237,240
27257,54568,318,237,241
27258,54570,315,237,242
27259,54572,338,237,241
27260,54574,317,237,240
27261,54576,312,237,242
27262,54578,305,236,240
27263,54580,303,238,243
27264,54582,320,237,242
27265,54584,319,237,242
27266,54586,323,237,241
27267,54588,318,237,241
27268,54590,316,237,242
27269,54592,337,237,242
27270,54594,330,238,242
27271,54596,316,239,240
27272,54598,296,239,241
27273,54600,307,239,242
27274,54602,323,239,242
27275,54604,319,239,241
27276,54606,316,239,242
27277,54608,319,239,242
27278,54610,315,239,241
27279,54612,338,240,244
27280,54614,326,241,242
27281,54616,326,242,242
27282,54618,297,242,239
27283,54620,303,242,242
27284,54622,314,242,242
27285,54624,317,242,243
27286,54626,320,242,242
27287,54628,313,242,242
27288,54630,314,242,242
27289,54632,336,242,242
27290,54634,335,243,242
27291,54636,314,243,243
27292,54638,297,241,238
27293,54640,302,242,243
27294,54642,323,242,239
27295,54644,320,242,241
27296,54646,318,242,243
27297,54648,308,243,245
27298,54650,312,242,240
27299,54652,340,243,244
27300,54654,327,242,243
27301,54656,317,242,241
27302,54658,305,243,244
27303,54660,304,243,243
27304,54662,314,243,243
27305,54664,325,242,241
27306,54666,320,243,242
27307,54668,317,242,242
27308,54670,312,242,241
27309,54672,336,243,245
27310,54674,323,242,243
27311,54676,316,243,244
27312,54678,298,242,242
27313,54680,304,243,243
27314,54682,328,242,240
27315,54684,319,243,242
27316,54686,319,243,242
27317,54688,312,242,242
27318,54690,311,243,243
27319,54692,333,243,242
27320,54694,318,243,243
27321,54696,316,243,243
27322,54698,293,242,242
27323,54700,305,243,242
27324,54702,313,243,242
27325,54704,317,242,242
27326,54706,321,242,242
27327,54708,306,243,241
27328,54710,309,242,242
27329,54712,336,242,243
27330,54714,321,243,242
27331,54716,309,243,242
27332,54718,302,243,242
27333,54720,306,243,240
27334,54722,314,242,240
27335,54724,320,243,241
27336,54726,309,243,241
27337,54728,314,243,244
27338,54730,312,243,241
27339,54732,337,242,240
27340,54734,325,241,241
27341,54736,316,242,241
27342,54738,293,242,242
27343,54740,306,242,240
27344,54742,317,242,241
27345,54744,323,241,242
27346,54746,314,242,242
27347,54748,319,242,240
27348,54750,316,241,242
27349,54752,330,241,242
27350,54754,320,243,243
27351,54756,313,243,245
27352,54758,299,242,243
27353,54760,305,243,243
27354,54762,314,243,243
27355,54764,316,243,243
27356,54766,323,244,243
27357,54768,319,243,243
27358,54770,315,242,243
27359,54772,333,242,243
27360,54774,312,242,244
27361,54776,312,243,243
27362,54778,294,241,242
27363,54780,310,243,243
27364,54782,316,244,242
27365,54784,319,243,243
27366,54786,317,242,243
27367,54788,316,243,242
27368,54790,319,243,244
27369,54792,341,243,244
27370,54794,326,243,243
27371,54796,308,243,243
27372,54798,296,243,242
27373,54800,305,243,242
27374,54802,312,242,240
27375,54804,314,243,243
27376,54806,322,242,240
27377,54808,317,243,242
27378,54810,315,244,241
27379,54812,337,241,243
27380,54814,331,243,239
27381,54816,320,240,242
27382,54818,302,243,241
27383,54820,305,242,241
27384,54822,323,242,241
27385,54824,316,242,242
27386,54826,320,241,240
27387,54828,313,241,240
27388,54830,319,241,241
27389,54832,334,242,243
27390,54834,323,241,241
27391,54836,319,242,242
27392,54838,299,240,240
27393,54840,308,240,241
27394,54842,317,240,240
27395,54844,325,240,243
27396,54846,315,241,241
27397,54848,316,240,241
27398,54850,320,241,240
27399,54852,335,242,242
27400,54854,331,242,242
27401,54856,310,241,242
27402,54858,303,241,240
27403,54860,310,241,241
27404,54862,317,241,243
27405,54864,321,241,241
27406,54866,325,240,240
27407,54868,318,241,238
27408,54870,315,240,240
27409,54872,339,240,241
27410,54874,324,241,240
27411,54876,323,240,241
27412,54878,304,241,238
27413,54880,306,237,240
27414,54882,316,240,239
27415,54884,317,241,238
27416,54886,327,240,240
27417,54888,323,240,240
27418,54890,323,240,239
27419,54892,336,241,239
27420,54894,325,240,238
27421,54896,320,241,239
27422,54898,299,238,238
27423,54900,307,237,239
27424,54902,314,238,238
27425,54904,319,237,237
27426,54906,320,237,239
27427,54908,315,238,240
27428,54910,318,238,240
27429,54912,333,237,241
27430,54914,328,237,240
27431,54916,316,235,240
27432,54918,294,236,237
27433,54920,306,236,240
27434,54922,315,235,239
27435,54924,312,231,240
27436,54926,319,231,240
27437,54928,316,231,240
27438,54930,322,232,240
27439,54932,335,232,239
27440,54934,326,231,240
27441,54936,314,231,239
27442,54938,305,232,239
27443,54940,305,231,239
27444,54942,312,231,240
27445,54944,313,231,239
27446,54946,314,231,239
27447,54948,316,231,240
27448,54950,319,231,239
27449,54952,341,231,241
27450,54954,323,231,240
27451,54956,316,232,237
27452,54958,305,231,239
27453,54960,303,231,240
27454,54962,320,231,241
27455,54964,313,231,242
27456,54966,318,235,242
27457,54968,313,235,240
27458,54970,322,236,238
27459,54972,339,236,238
27460,54974,326,236,238
27461,54976,315,236,236
27462,54978,296,236,237
27463,54980,298,236,236
27464,54982,322,236,237
27465,54984,314,237,237
27466,54986,316,237,238
27467,54988,322,236,237
27468,54990,322,237,238
27469,54992,333,237,240
27470,54994,323,236,238
27471,54996,311,237,240
27472,54998,286,236,239
27473,55000,299,236,239
27474,55002,313,236,237
27475,55004,310,236,238
27476,55006,317,236,239
27477,55008,315,236,238
27478,55010,319,236,239
27479,55012,334,237,239
27480,55014,325,237,238
27481,55016,319,236,239
27482,55018,293,236,237
27483,55020,297,236,238
27484,55022,314,236,240
27485,55024,311,237,241
27486,55026,310,237,239
27487,55028,317,236,238
27488,55030,324,236,239
27489,55032,336,237,240
27490,55034,321,236,239
27491,55036,322,236,239
27492,55038,292,236,239
27493,55040,305,236,239
27494,55042,318,235,237
27495,55044,312,236,239
27496,55046,317,233,237
27497,55048,322,234,240
27498,55050,321,234,240
27499,55052,340,234,240
27500,55054,323,234,241
27501,55056,315,234,241
27502,55058,287,234,242
27503,55060,303,235,243
27504,55062,310,235,240
27505,55064,314,235,242
27506,55066,318,235,241
27507,55068,308,235,243
27508,55070,319,235,241
27509,55072,338,234,242
27510,55074,320,235,241
27511,55076,312,235,241
27512,55078,297,235,243
27513,55080,298,236,242
27514,55082,314,236,241
27515,55084,311,235,240
27516,55086,314,237,242
27517,55088,312,234,244
27518,55090,322,234,244
27519,55092,341,234,245
27520,55094,330,234,247
27521,55096,319,233,245
27522,55098,296,233,244
27523,55100,306,234,246
27524,55102,316,234,241
27525,55104,323,233,246
27526,55106,321,234,246
27527,55108,326,234,246
27528,55110,322,234,245
27529,55112,340,235,247
27530,55114,317,233,245
27531,55116,319,235,245
27532,55118,298,234,245
27533,55120,306,234,245
27534,55122,326,235,247
27535,55124,321,233,243
27536,55126,318,233,244
27537,55128,322,234,245
27538,55130,325,234,245
27539,55132,351,234,245
27540,55134,318,234,244
27541,55136,315,234,244
27542,55138,293,234,244
27543,55140,300,234,246
27544,55142,322,233,247
27545,55144,334,233,244
27546,55146,316,234,245
27547,55148,314,234,247
27548,55150,323,234,244
27549,55152,354,234,243
27550,55154,333,233,244
27551,55156,315,234,246
27552,55158,299,233,246
27553,55160,306,234,248
27554,55162,322,233,247
27555,55164,314,233,247
27556,55166,318,233,246
27557,55168,313,234,244
27558,55170,322,234,245
27559,55172,353,234,244
27560,55174,323,234,246
27561,55176,327,233,246
27562,55178,303,234,246
27563,55180,304,233,246
27564,55182,327,234,247
27565,55184,326,233,244
27566,55186,330,233,244
27567,55188,324,234,246
27568,55190,326,233,244
27569,55192,338,232,246
27570,55194,326,233,245
27571,55196,328,234,246
27572,55198,300,233,245
27573,55200,309,233,242
27574,55202,320,233,244
27575,55204,323,233,243
27576,55206,320,233,244
27577,55208,324,233,244
27578,55210,332,233,244
27579,55212,351,232,243
27580,55214,326,233,244
27581,55216,315,233,244
27582,55218,301,233,243
27583,55220,308,234,246
27584,55222,318,234,245
27585,55224,319,234,245
27586,55226,327,234,245
27587,55228,321,233,245
27588,55230,323,233,244
27589,55232,345,234,246
27590,55234,318,233,247
27591,55236,324,235,246
27592,55238,295,233,245
27593,55240,310,234,246
27594,55242,325,234,247
27595,55244,323,235,247
27596,55246,318,234,247
27597,55248,325,238,248
27598,55250,326,237,247
27599,55252,336,238,248
27600,55254,321,237,249
27601,55256,317,237,248
27602,55258,296,237,246
27603,55260,309,237,248
27604,55262,319,237,246
27605,55264,321,237,248
27606,55266,324,237,248
27607,55268,318,236,248
27608,55270,329,237,248
27609,55272,340,237,250
27610,55274,325,237,248
27611,55276,317,237,248
27612,55278,291,237,247
27613,55280,311,237,247
27614,55282,315,237,244
27615,55284,320,236,246
27616,55286,324,237,247
27617,55288,319,238,246
27618,55290,318,237,247
27619,55292,335,237,246
27620,55294,316,237,247
27621,55296,317,237,246
27622,55298,298,236,246
27623,55300,306,236,246
27624,55302,315,237,248
27625,55304,322,236,246
27626,55306,316,236,246
27627,55308,310,235,245
27628,55310,324,237,246
27629,55312,330,237,246
27630,55314,321,237,245
27631,55316,311,236,242
27632,55318,294,236,245
27633,55320,311,236,242
27634,55322,321,235,243
27635,55324,320,236,243
27636,55326,320,236,244
27637,55328,319,236,243
27638,55330,324,236,245
27639,55332,330,236,246
27640,55334,319,236,245
27641,55336,313,236,245
27642,55338,297,235,244
27643,55340,305,236,244
27644,55342,310,236,247
27645,55344,318,236,246
27646,55346,324,236,244
27647,55348,310,237,244
27648,55350,331,237,245
27649,55352,341,236,246
27650,55354,313,235,246
27651,55356,316,236,245
27652,55358,297,236,245
27653,55360,304,236,245
27654,55362,316,237,244
27655,55364,316,236,245
27656,55366,326,236,245
27657,55368,318,236,247
27658,55370,330,237,245
27659,55372,336,236,244
27660,55374,321,236,248
27661,55376,322,236,243
27662,55378,294,236,244
27663,55380,307,236,244
27664,55382,321,235,242
27665,55384,324,236,243
27666,55386,319,236,244
27667,55388,313,236,245
27668,55390,337,236,245
27669,55392,339,237,246
27670,55394,317,236,243
27671,55396,312,236,245
27672,55398,297,238,243
27673,55400,307,236,242
27674,55402,316,236,244
27675,55404,323,237,243
27676,55406,313,236,244
27677,55408,318,236,247
27678,55410,340,236,247
27679,55412,347,236,245
27680,55414,310,236,245
27681,55416,312,236,244
27682,55418,298,236,244
27683,55420,309,236,247
27684,55422,321,236,246
27685,55424,320,237,246
27686,55426,317,236,246
27687,55428,317,237,246
27688,55430,337,237,246
27689,55432,337,236,245
27690,55434,316,237,246
27691,55436,315,237,250
27692,55438,294,235,248
27693,55440,305,236,247
27694,55442,320,236,244
27695,55444,317,236,246
27696,55446,320,236,248
27697,55448,316,236,248
27698,55450,338,237,246
27699,55452,333,237,245
27700,55454,318,237,247
27701,55456,315,237,246
27702,55458,287,237,249
27703,55460,305,237,245
27704,55462,314,237,245
27705,55464,317,237,246
27706,55466,317,237,246
27707,55468,315,237,247
27708,55470,338,236,247
27709,55472,336,237,247
27710,55474,312,238,246
27711,55476,314,237,246
27712,55478,288,239,247
27713,55480,306,237,246
27714,55482,316,237,245
27715,55484,316,238,246
27716,55486,313,238,246
27717,55488,315,238,246
27718,55490,339,238,246
27719,55492,331,237,246
27720,55494,318,237,247
27721,55496,309,237,247
27722,55498,292,238,246
27723,55500,302,237,246
27724,55502,309,237,246
27725,55504,321,238,244
27726,55506,316,233,246
27727,55508,310,239,247
27728,55510,331,240,247
27729,55512,334,239,249
27730,55514,319,239,247
27731,55516,312,241,249
27732,55518,289,240,250
27733,55520,298,239,247
27734,55522,310,240,248
27735,55524,310,240,249
27736,55526,321,239,246
27737,55528,317,239,249
27738,55530,330,240,250
27739,55532,332,240,250
27740,55534,321,239,249
27741,55536,314,241,249
27742,55538,290,240,249
27743,55540,301,238,248
27744,55542,313,239,247
27745,55544,317,242,248
27746,55546,309,239,249
27747,55548,317,242,249
27748,55550,338,239,247
27749,55552,334,239,248
27750,55554,319,241,249
27751,55556,314,240,248
27752,55558,294,239,247
27753,55560,301,237,248
27754,55562,314,240,247
27755,55564,312,239,248
27756,55566,321,239,250
27757,55568,311,239,248
27758,55570,340,240,248
27759,55572,328,240,249
27760,55574,319,240,247
27761,55576,312,240,248
27762,55578,281,239,247
27763,55580,296,239,246
27764,55582,324,238,247
27765,55584,308,240,249
27766,55586,311,239,248
27767,55588,312,239,247
27768,55590,336,240,248
27769,55592,331,240,248
27770,55594,317,239,245
27771,55596,311,240,247
27772,55598,286,239,247
27773,55600,296,240,247
27774,55602,308,240,248
27775,55604,315,240,248
27776,55606,310,240,247
27777,55608,309,239,247
27778,55610,338,239,247
27779,55612,338,240,248
27780,55614,308,238,247
27781,55616,304,240,248
27782,55618,292,240,247
27783,55620,300,240,249
27784,55622,314,239,247
27785,55624,313,240,248
27786,55626,310,239,249
27787,55628,314,239,247
27788,55630,332,240,248
27789,55632,337,240,249
27790,55634,317,239,248
27791,55636,315,240,248
27792,55638,288,240,248
27793,55640,304,239,246
27794,55642,317,238,246
27795,55644,315,240,247
27796,55646,315,240,244
27797,55648,317,239,245
27798,55650,343,239,246
27799,55652,329,240,247
27800,55654,320,239,246
27801,55656,313,238,246
27802,55658,286,239,244
27803,55660,302,239,246
27804,55662,314,238,245
27805,55664,308,238,245
27806,55666,310,238,245
27807,55668,312,238,247
27808,55670,341,239,247
27809,55672,335,239,247
27810,55674,310,238,247
27811,55676,310,239,247
27812,55678,291,238,245
27813,55680,302,238,246
27814,55682,315,239,245
27815,55684,319,240,245
27816,55686,314,238,244
27817,55688,317,238,245
27818,55690,342,239,246
27819,55692,335,239,244
27820,55694,328,238,244
27821,55696,320,239,245
27822,55698,294,239,244
27823,55700,301,238,244
27824,55702,315,239,244
27825,55704,318,239,244
27826,55706,318,239,244
27827,55708,317,239,245
27828,55710,341,238,244
27829,55712,334,238,244
27830,55714,326,239,245
27831,55716,318,239,245
27832,55718,287,239,244
27833,55720,304,238,244
27834,55722,314,238,245
27835,55724,319,239,247
27836,55726,318,239,244
27837,55728,321,234,243
27838,55730,339,234,243
27839,55732,338,235,244
27840,55734,326,234,243
27841,55736,308,235,244
27842,55738,294,234,243
27843,55740,302,234,245
27844,55742,320,235,242
27845,55744,316,234,241
27846,55746,318,235,242
27847,55748,319,235,242
27848,55750,337,235,242
27849,55752,344,235,243
27850,55754,323,235,244
27851,55756,317,235,243
27852,55758,301,235,244
27853,55760,308,235,245
27854,55762,318,236,244
27855,55764,316,235,245
27856,55766,321,235,243
27857,55768,323,235,245
27858,55770,342,235,246
27859,55772,337,235,245
27860,55774,323,235,245
27861,55776,319,235,241
27862,55778,298,235,245
27863,55780,306,235,246
27864,55782,321,234,243
27865,55784,314,235,241
27866,55786,327,235,243
27867,55788,327,238,244
27868,55790,341,239,246
27869,55792,338,239,243
27870,55794,312,239,245
27871,55796,318,239,242
27872,55798,298,239,242
27873,55800,306,239,245
27874,55802,320,239,242
27875,55804,314,239,245
27876,55806,319,237,243
27877,55808,318,238,244
27878,55810,339,238,242
27879,55812,346,238,244
27880,55814,317,239,245
27881,55816,319,240,244
27882,55818,297,242,244
27883,55820,305,242,243
27884,55822,315,242,244
27885,55824,323,242,244
27886,55826,314,242,242
27887,55828,320,242,243
27888,55830,337,242,244
27889,55832,324,242,243
27890,55834,324,243,245
27891,55836,317,241,244
27892,55838,303,243,244
27893,55840,304,242,242
27894,55842,319,242,244
27895,55844,314,242,243
27896,55846,317,244,243
27897,55848,320,242,245
27898,55850,339,242,243
27899,55852,331,243,244
27900,55854,326,244,245
27901,55856,315,243,245
27902,55858,299,243,242
27903,55860,302,243,243
27904,55862,317,245,243
27905,55864,325,243,243
27906,55866,317,243,242
27907,55868,314,243,243
27908,55870,337,243,243
27909,55872,345,244,242
27910,55874,322,243,243
27911,55876,319,243,243
27912,55878,300,242,243
27913,55880,304,243,243
27914,55882,319,244,243
27915,55884,316,243,244
27916,55886,325,244,243
27917,55888,317,244,245
27918,55890,340,244,244
27919,55892,334,244,244
27920,55894,320,244,245
27921,55896,314,244,245
27922,55898,297,244,243
27923,55900,310,244,245
27924,55902,322,243,244
27925,55904,335,244,245
27926,55906,325,242,245
27927,55908,324,243,245
27928,55910,344,242,244
27929,55912,342,241,244
27930,55914,324,238,243
27931,55916,321,238,244
27932,55918,299,237,243
27933,55920,310,239,245
27934,55922,322,239,243
27935,55924,328,242,244
27936,55926,326,244,244
27937,55928,321,243,244
27938,55930,344,243,245
27939,55932,334,240,246
27940,55934,322,240,246
27941,55936,320,240,247
27942,55938,306,241,248
27943,55940,307,241,247
27944,55942,322,245,247
27945,55944,326,246,248
27946,55946,328,246,247
27947,55948,325,246,250
27948,55950,346,247,249
27949,55952,336,246,249
27950,55954,323,247,247
27951,55956,318,246,247
27952,55958,302,246,245
27953,55960,310,247,248
27954,55962,324,249,247
27955,55964,328,249,245
27956,55966,324,253,247
27957,55968,316,252,247
27958,55970,345,253,246
27959,55972,341,252,247
27960,55974,320,255,246
27961,55976,316,254,247
27962,55978,304,253,246
27963,55980,313,254,245
27964,55982,323,254,243
27965,55984,320,255,244
27966,55986,317,254,245
27967,55988,315,254,242
27968,55990,342,254,242
27969,55992,339,254,244
27970,55994,325,254,245
27971,55996,319,253,244
27972,55998,304,254,243
27973,56000,314,255,244
27974,56002,315,254,245
27975,56004,321,254,245
27976,56006,326,255,244
27977,56008,317,255,244
27978,56010,337,254,247
27979,56012,332,254,244
27980,56014,331,254,244
27981,56016,312,255,245
27982,56018,300,254,244
27983,56020,309,254,244
27984,56022,313,254,242
27985,56024,321,254,245
27986,56026,321,253,244
27987,56028,317,254,245
27988,56030,334,253,244
27989,56032,333,255,247
27990,56034,321,253,244
27991,56036,311,254,244
27992,56038,301,254,245
27993,56040,304,253,241
27994,56042,319,254,244
27995,56044,324,254,245
27996,56046,320,253,246
27997,56048,317,253,246
27998,56050,335,253,246
27999,56052,337,254,246
28000,56054,318,253,246
28001,56056,313,253,245
28002,56058,299,253,244
28003,56060,309,252,244
28004,56062,318,254,245
28005,56064,321,252,244
28006,56066,321,252,244
28007,56068,312,253,245
28008,56070,338,252,244
28009,56072,339,252,242
28010,56074,320,252,244
28011,56076,309,253,245
28012,56078,296,252,245
28013,56080,305,252,243
28014,56082,323,252,243
28015,56084,323,248,247
28016,56086,323,248,244
28017,56088,313,247,241
28018,56090,334,247,244
28019,56092,331,246,244
28020,56094,320,246,245
28021,56096,311,246,244
28022,56098,299,246,244
28023,56100,303,246,244
28024,56102,314,246,243
28025,56104,314,246,243
28026,56106,315,244,243
28027,56108,310,244,243
28028,56110,339,243,242
28029,56112,337,244,243
28030,56114,316,244,242
28031,56116,311,243,244
28032,56118,298,243,240
28033,56120,303,244,242
28034,56122,319,243,241
28035,56124,323,244,241
28036,56126,315,244,240
28037,56128,321,243,242
28038,56130,338,243,242
28039,56132,340,243,237
28040,56134,324,243,238
28041,56136,310,243,239
28042,56138,300,239,239
28043,56140,310,238,239
28044,56142,317,237,238
28045,56144,323,237,239
28046,56146,316,237,238
28047,56148,320,237,239
28048,56150,337,237,240
28049,56152,333,236,240
28050,56154,322,238,239
28051,56156,311,237,240
28052,56158,287,231,238
28053,56160,307,233,240
28054,56162,318,232,238
28055,56164,319,233,239
28056,56166,318,232,239
28057,56168,309,233,238
28058,56170,340,234,237
28059,56172,334,232,239
28060,56174,325,234,240
28061,56176,310,233,240
28062,56178,298,233,239
28063,56180,307,233,238
28064,56182,319,232,238
28065,56184,322,233,239
28066,56186,321,232,239
28067,56188,315,233,240
28068,56190,339,233,238
28069,56192,344,233,240
28070,56194,324,233,239
28071,56196,309,233,240
28072,56198,298,232,238
28073,56200,308,233,238
28074,56202,317,233,238
28075,56204,322,233,238
28076,56206,325,233,239
28077,56208,323,233,241
28078,56210,343,233,239
28079,56212,338,233,240
28080,56214,334,233,239
28081,56216,311,233,239
28082,56218,300,233,237
28083,56220,310,232,237
28084,56222,318,232,237
28085,56224,316,231,240
28086,56226,314,234,238
28087,56228,316,234,239
28088,56230,341,233,240
28089,56232,335,233,242
28090,56234,332,233,237
28091,56236,317,233,239
28092,56238,300,233,239
28093,56240,311,233,238
28094,56242,319,232,238
28095,56244,319,233,240
28096,56246,319,233,238
28097,56248,320,227,238
28098,56250,341,232,239
28099,56252,340,233,239
28100,56254,329,233,240
28101,56256,309,233,240
28102,56258,307,232,238
28103,56260,306,233,240
28104,56262,319,233,239
28105,56264,319,233,240
28106,56266,320,233,240
28107,56268,321,233,240
28108,56270,340,233,240
28109,56272,341,233,241
28110,56274,325,234,238
28111,56276,318,233,241
28112,56278,297,233,240
28113,56280,309,233,240
28114,56282,317,233,240
28115,56284,315,234,241
28116,56286,318,233,240
28117,56288,318,233,241
28118,56290,343,233,240
28119,56292,342,234,241
28120,56294,326,233,240
28121,56296,315,233,239
28122,56298,298,233,241
28123,56300,304,233,240
28124,56302,314,233,240
28125,56304,310,233,239
28126,56306,317,233,240
28127,56308,317,233,240
28128,56310,343,233,241
28129,56312,338,233,241
28130,56314,316,234,239
28131,56316,307,233,239
28132,56318,303,233,236
28133,56320,320,232,239
28134,56322,319,233,238
28135,56324,313,233,237
28136,56326,317,232,236
28137,56328,312,233,240
28138,56330,345,233,235
28139,56332,344,233,236
28140,56334,327,233,235
28141,56336,322,233,234
28142,56338,303,231,233
28143,56340,321,233,235
28144,56342,318,233,235
28145,56344,314,234,236
28146,56346,325,234,232
28147,56348,308,233,236
28148,56350,339,233,234
28149,56352,339,233,235
28150,56354,333,233,232
28151,56356,307,233,234
28152,56358,298,233,235
28153,56360,317,234,233
28154,56362,317,233,231
28155,56364,330,233,234
28156,56366,316,233,235
28157,56368,317,233,235
28158,56370,343,233,236
28159,56372,337,233,236
28160,56374,322,232,235
28161,56376,303,233,237
28162,56378,286,233,235
28163,56380,295,233,235
28164,56382,316,233,233
28165,56384,312,233,233
28166,56386,313,233,233
28167,56388,311,233,234
28168,56390,340,233,233
28169,56392,336,233,235
28170,56394,320,234,234
28171,56396,307,231,233
28172,56398,292,233,233
28173,56400,301,234,233
28174,56402,317,233,231
28175,56404,305,233,233
28176,56406,310,233,233
28177,56408,317,234,234
28178,56410,329,233,231
28179,56412,341,234,233
28180,56414,320,233,233
28181,56416,306,233,233
28182,56418,297,234,234
28183,56420,302,234,234
28184,56422,324,233,233
28185,56424,313,234,233
28186,56426,313,233,230
28187,56428,321,233,232
28188,56430,338,234,234
28189,56432,338,232,233
28190,56434,325,233,234
28191,56436,312,233,234
28192,56438,296,233,231
28193,56440,303,233,233
28194,56442,313,233,231
28195,56444,315,233,232
28196,56446,308,233,230
28197,56448,318,233,232
28198,56450,341,233,232
28199,56452,339,234,234
28200,56454,322,233,231
28201,56456,305,233,232
28202,56458,298,234,232
28203,56460,313,233,232
28204,56462,317,233,231
28205,56464,315,233,232
28206,56466,317,233,231
28207,56468,316,233,229
28208,56470,340,234,231
28209,56472,345,233,232
28210,56474,315,233,232
28211,56476,310,233,233
28212,56478,307,233,231
28213,56480,313,234,230
28214,56482,318,233,229
28215,56484,320,233,232
28216,56486,315,232,230
28217,56488,319,233,232
28218,56490,343,233,230
28219,56492,328,234,231
28220,56494,320,234,233
28221,56496,311,233,230
28222,56498,298,233,230
28223,56500,315,233,230
28224,56502,317,234,231
28225,56504,320,233,230
28226,56506,314,233,230
28227,56508,315,234,231
28228,56510,344,233,230
28229,56512,334,233,231
28230,56514,321,233,228
28231,56516,304,233,229
28232,56518,300,233,231
28233,56520,315,233,230
28234,56522,312,233,231
28235,56524,315,233,231
28236,56526,315,233,231
28237,56528,315,233,228
28238,56530,335,233,231
28239,56532,336,233,229
28240,56534,320,233,229
28241,56536,299,233,226
28242,56538,294,233,229
28243,56540,314,233,229
28244,56542,314,234,230
28245,56544,312,233,229
28246,56546,307,233,231
28247,56548,319,233,228
28248,56550,337,234,229
28249,56552,333,232,228
28250,56554,320,233,229
28251,56556,298,233,228
28252,56558,296,233,227
28253,56560,313,233,225
28254,56562,316,233,225
28255,56564,316,233,226
28256,56566,314,232,224
28257,56568,312,233,226
28258,56570,336,233,226
28259,56572,334,233,225
28260,56574,318,233,225
28261,56576,303,232,226
28262,56578,295,233,225
28263,56580,312,233,225
28264,56582,312,232,226
28265,56584,319,233,225
28266,56586,316,233,226
28267,56588,310,233,226
28268,56590,337,233,225
28269,56592,329,233,226
28270,56594,315,233,228
28271,56596,304,233,224
28272,56598,290,233,226
28273,56600,312,233,224
28274,56602,308,233,225
28275,56604,313,235,227
28276,56606,314,233,224
28277,56608,313,232,225
28278,56610,336,233,224
28279,56612,334,233,226
28280,56614,318,234,227
28281,56616,304,233,226
28282,56618,298,232,226
28283,56620,311,233,227
28284,56622,312,232,224
28285,56624,318,231,225
28286,56626,310,233,225
28287,56628,318,231,226
28288,56630,337,233,225
28289,56632,335,233,227
28290,56634,318,233,227
28291,56636,303,233,226
28292,56638,299,233,226
28293,56640,314,232,221
28294,56642,308,232,225
28295,56644,315,232,225
28296,56646,306,232,222
28297,56648,310,231,221
28298,56650,345,232,221
28299,56652,326,232,224
28300,56654,307,231,219
28301,56656,298,232,220
28302,56658,289,232,221
28303,56660,298,232,220
28304,56662,318,232,217
28305,56664,314,232,220
28306,56666,309,234,221
28307,56668,310,232,220
28308,56670,334,233,221
28309,56672,327,232,220
28310,56674,310,232,219
28311,56676,294,231,217
28312,56678,290,230,219
28313,56680,309,230,218
28314,56682,309,231,218
28315,56684,306,231,219
28316,56686,310,231,218
28317,56688,306,231,218
28318,56690,336,231,218
28319,56692,337,230,219
28320,56694,316,231,219
28321,56696,302,231,220
28322,56698,297,230,222
28323,56700,313,230,218
28324,56702,309,232,219
28325,56704,313,233,219
28326,56706,312,233,219
28327,56708,316,232,218
28328,56710,341,232,219
28329,56712,333,233,220
28330,56714,316,231,219
28331,56716,294,233,220
28332,56718,298,233,220
28333,56720,311,233,222
28334,56722,312,233,221
28335,56724,317,233,221
28336,56726,317,233,224
28337,56728,312,234,220
28338,56730,337,233,224
28339,56732,338,233,224
28340,56734,320,233,220
28341,56736,304,232,221
28342,56738,296,232,220
28343,56740,311,233,221
28344,56742,316,233,221
28345,56744,315,233,222
28346,56746,314,233,222
28347,56748,306,233,223
28348,56750,338,233,223
28349,56752,339,234,224
28350,56754,317,236,223
28351,56756,308,233,222
28352,56758,299,233,222
28353,56760,317,234,220
28354,56762,306,233,223
28355,56764,321,233,219
28356,56766,314,234,224
28357,56768,318,233,226
28358,56770,343,233,225
28359,56772,340,233,226
28360,56774,316,233,226
28361,56776,305,233,225
28362,56778,298,233,225
28363,56780,317,233,225
28364,56782,316,233,225
28365,56784,318,233,226
28366,56786,315,234,226
28367,56788,322,233,226
28368,56790,347,232,226
28369,56792,335,234,226
28370,56794,326,233,225
28371,56796,308,234,225
28372,56798,301,233,224
28373,56800,320,233,225
28374,56802,318,233,224
28375,56804,320,233,224
28376,56806,317,233,225
28377,56808,319,233,225
28378,56810,342,233,227
28379,56812,336,233,219
28380,56814,325,233,223
28381,56816,306,233,224
28382,56818,302,233,224
28383,56820,316,233,224
28384,56822,320,233,223
28385,56824,319,233,228
28386,56826,310,233,225
28387,56828,312,234,226
28388,56830,329,233,225
28389,56832,331,232,224
28390,56834,313,233,226
28391,56836,305,232,223
28392,56838,298,231,224
28393,56840,311,233,225
28394,56842,315,232,223
28395,56844,310,233,224
28396,56846,316,232,224
28397,56848,318,233,225
28398,56850,338,232,223
28399,56852,338,232,224
28400,56854,328,232,223
28401,56856,305,233,222
28402,56858,297,232,219
28403,56860,318,233,221
28404,56862,314,232,222
28405,56864,312,232,221
28406,56866,319,232,220
28407,56868,321,232,222
28408,56870,344,233,222
28409,56872,334,232,222
28410,56874,328,232,221
28411,56876,301,232,221
28412,56878,300,232,222
28413,56880,319,232,221
28414,56882,317,232,221
28415,56884,319,232,222
28416,56886,321,232,222
28417,56888,319,232,221
28418,56890,345,231,223
28419,56892,337,232,224
28420,56894,326,231,223
28421,56896,308,232,223
28422,56898,294,232,223
28423,56900,320,231,224
28424,56902,322,231,222
28425,56904,319,234,225
28426,56906,321,232,225
28427,56908,324,232,224
28428,56910,351,232,226
28429,56912,342,232,225
28430,56914,330,232,225
28431,56916,312,232,225
28432,56918,308,232,226
28433,56920,323,232,226
28434,56922,319,232,227
28435,56924,313,232,226
28436,56926,334,231,227
28437,56928,324,232,227
28438,56930,343,232,227
28439,56932,335,232,228
28440,56934,328,232,226
28441,56936,307,232,227
28442,56938,298,232,226
28443,56940,319,234,229
28444,56942,315,232,229
28445,56944,317,233,225
28446,56946,319,232,226
28447,56948,307,231,226
28448,56950,341,231,226
28449,56952,331,232,226
28450,56954,328,232,226
28451,56956,310,232,226
28452,56958,302,232,225
28453,56960,320,232,225
28454,56962,314,232,225
28455,56964,314,233,224
28456,56966,325,230,227
28457,56968,320,231,226
28458,56970,350,231,225
28459,56972,338,231,226
28460,56974,332,231,226
28461,56976,305,230,225
28462,56978,303,233,225
28463,56980,322,232,226
28464,56982,321,232,223
28465,56984,320,231,224
28466,56986,325,231,223
28467,56988,329,231,223
28468,56990,348,232,224
28469,56992,340,232,224
28470,56994,328,231,224
28471,56996,309,231,224
28472,56998,301,232,225
28473,57000,324,230,223
28474,57002,320,232,225
28475,57004,316,231,225
28476,57006,327,231,224
28477,57008,329,231,225
28478,57010,352,231,226
28479,57012,343,231,227
28480,57014,330,231,224
28481,57016,308,231,226
28482,57018,299,231,224
28483,57020,322,230,226
28484,57022,317,230,227
28485,57024,314,231,226
28486,57026,322,230,225
28487,57028,320,231,225
28488,57030,354,230,225
28489,57032,339,229,227
28490,57034,330,228,225
28491,57036,311,228,225
28492,57038,301,229,225
28493,57040,320,228,223
28494,57042,319,229,225
28495,57044,317,229,225
28496,57046,322,229,225
28497,57048,325,229,226
28498,57050,351,228,224
28499,57052,340,229,226
28500,57054,324,228,224
28501,57056,314,229,225
28502,57058,303,228,224
28503,57060,322,230,225
28504,57062,328,229,223
28505,57064,326,229,224
28506,57066,322,230,225
28507,57068,328,228,224
28508,57070,349,230,224
28509,57072,338,229,227
28510,57074,326,229,225
28511,57076,310,229,226
28512,57078,304,229,225
28513,57080,324,229,226
28514,57082,323,228,223
28515,57084,321,229,224
28516,57086,326,229,226
28517,57088,327,227,225
28518,57090,348,228,223
28519,57092,344,228,224
28520,57094,331,228,225
28521,57096,307,229,224
28522,57098,308,228,224
28523,57100,323,228,224
28524,57102,325,228,224
28525,57104,318,228,224
28526,57106,326,228,225
28527,57108,327,228,225
28528,57110,354,228,225
28529,57112,337,228,226
28530,57114,324,229,225
28531,57116,310,228,224
28532,57118,305,228,225
28533,57120,313,228,224
28534,57122,321,228,223
28535,57124,329,228,226
28536,57126,327,228,223
28537,57128,323,228,225
28538,57130,348,227,225
28539,57132,338,228,223
28540,57134,328,228,225
28541,57136,308,226,223
28542,57138,301,228,223
28543,57140,316,228,223
28544,57142,317,229,225
28545,57144,319,228,224
28546,57146,320,228,223
28547,57148,316,229,224
28548,57150,348,229,225
28549,57152,336,228,226
28550,57154,333,228,226
28551,57156,301,228,226
28552,57158,301,228,224
28553,57160,323,228,223
28554,57162,324,227,224
28555,57164,319,228,223
28556,57166,325,228,224
28557,57168,326,228,224
28558,57170,347,227,223
28559,57172,333,228,223
28560,57174,327,228,223
28561,57176,311,228,223
28562,57178,305,228,221
28563,57180,321,228,224
28564,57182,320,228,222
28565,57184,318,227,223
28566,57186,321,228,224
28567,57188,320,228,222
28568,57190,347,228,223
28569,57192,334,228,223
28570,57194,334,227,222
28571,57196,304,229,224
28572,57198,306,228,221
28573,57200,318,227,221
28574,57202,320,228,222
28575,57204,321,228,221
28576,57206,315,228,219
28577,57208,317,227,218
28578,57210,348,227,217
28579,57212,335,227,218
28580,57214,322,227,219
28581,57216,302,227,218
28582,57218,298,227,218
28583,57220,328,227,219
28584,57222,318,226,217
28585,57224,323,227,218
28586,57226,308,226,216
28587,57228,312,227,218
28588,57230,348,227,218
28589,57232,333,227,220
28590,57234,324,227,218
28591,57236,299,227,219
28592,57238,300,227,218
28593,57240,316,228,219
28594,57242,321,227,218
28595,57244,317,228,219
28596,57246,318,228,219
28597,57248,317,228,219
28598,57250,346,229,218
28599,57252,336,228,219
28600,57254,320,228,220
28601,57256,298,227,220
28602,57258,302,226,220
28603,57260,312,227,221
28604,57262,315,228,224
28605,57264,328,227,221
28606,57266,320,227,220
28607,57268,318,228,221
28608,57270,354,228,224
28609,57272,332,227,221
28610,57274,325,227,221
28611,57276,302,226,222
28612,57278,305,227,222
28613,57280,320,228,223
28614,57282,320,226,223
28615,57284,319,227,224
28616,57286,314,227,222
28617,57288,317,227,223
28618,57290,346,229,224
28619,57292,343,226,223
28620,57294,329,227,223
28621,57296,305,226,224
28622,57298,304,226,222
28623,57300,322,226,222
28624,57302,320,226,221
28625,57304,320,227,216
28626,57306,325,226,215
28627,57308,323,226,216
28628,57310,343,226,216
28629,57312,328,226,217
28630,57314,319,226,216
28631,57316,301,225,215
28632,57318,302,225,215
28633,57320,327,225,215
28634,57322,320,224,215
28635,57324,321,226,217
28636,57326,324,226,216
28637,57328,313,226,217
28638,57330,346,226,216
28639,57332,323,225,217
28640,57334,325,225,216
28641,57336,307,226,217
28642,57338,307,225,215
28643,57340,317,226,218
28644,57342,313,225,216
28645,57344,321,226,217
28646,57346,315,226,217
28647,57348,313,226,217
28648,57350,341,226,218
28649,57352,325,226,218
28650,57354,326,226,217
28651,57356,306,225,218
28652,57358,301,224,217
28653,57360,322,226,219
28654,57362,317,226,218
28655,57364,323,226,219
28656,57366,316,225,218
28657,57368,312,225,219
28658,57370,344,225,219
28659,57372,327,227,220
28660,57374,322,225,222
28661,57376,304,226,218
28662,57378,299,226,221
28663,57380,324,226,221
28664,57382,321,225,219
28665,57384,316,225,219
28666,57386,320,225,218
28667,57388,318,226,219
28668,57390,348,222,218
28669,57392,330,226,219
28670,57394,321,225,220
28671,57396,299,225,220
28672,57398,304,225,218
28673,57400,325,226,220
28674,57402,324,226,217
28675,57404,319,226,219
28676,57406,328,226,217
28677,57408,310,225,218
28678,57410,345,226,219
28679,57412,340,226,220
28680,57414,322,225,216
28681,57416,301,226,218
28682,57418,300,227,218
28683,57420,330,225,216
28684,57422,321,226,215
28685,57424,324,225,215
28686,57426,323,225,214
28687,57428,319,226,217
28688,57430,345,226,219
28689,57432,343,225,217
28690,57434,322,225,215
28691,57436,304,227,216
28692,57438,307,225,216
28693,57440,329,226,214
28694,57442,317,226,220
28695,57444,319,225,217
28696,57446,316,226,216
28697,57448,324,225,216
28698,57450,343,225,218
28699,57452,329,226,218
28700,57454,322,226,217
28701,57456,292,225,217
28702,57458,304,225,217
28703,57460,327,226,216
28704,57462,319,226,217
28705,57464,316,225,216
28706,57466,325,225,216
28707,57468,308,225,215
28708,57470,342,226,216
28709,57472,317,226,217
28710,57474,315,225,216
28711,57476,301,225,213
28712,57478,295,225,217
28713,57480,303,226,215
28714,57482,316,225,215
28715,57484,316,225,214
28716,57486,319,225,217
28717,57488,315,226,215
28718,57490,341,226,215
28719,57492,328,226,214
28720,57494,319,226,217
28721,57496,301,226,217
28722,57498,294,226,216
28723,57500,320,225,218
28724,57502,325,226,216
28725,57504,321,226,215
28726,57506,313,226,215
28727,57508,320,226,218
28728,57510,339,223,217
28729,57512,326,225,216
28730,57514,324,224,215
28731,57516,299,225,214
28732,57518,295,226,215
28733,57520,320,226,217
28734,57522,314,225,215
28735,57524,310,225,215
28736,57526,324,225,216
28737,57528,316,226,218
28738,57530,342,226,216
28739,57532,327,226,217
28740,57534,322,226,214
28741,57536,290,224,216
28742,57538,295,224,216
28743,57540,315,225,216
28744,57542,311,226,216
28745,57544,316,226,216
28746,57546,320,226,217
28747,57548,317,226,218
28748,57550,345,226,217
28749,57552,333,225,217
28750,57554,320,226,217
28751,57556,289,226,216
28752,57558,297,228,217
28753,57560,315,227,216
28754,57562,313,223,217
28755,57564,311,227,216
28756,57566,320,227,217
28757,57568,323,226,216
28758,57570,348,227,216
28759,57572,340,227,216
28760,57574,328,227,216
28761,57576,299,228,216
28762,57578,296,227,215
28763,57580,323,228,216
28764,57582,318,228,216
28765,57584,321,228,217
28766,57586,323,229,217
28767,57588,317,229,216
28768,57590,342,229,216
28769,57592,325,228,217
28770,57594,321,228,215
28771,57596,302,230,216
28772,57598,293,228,216
28773,57600,320,228,217
28774,57602,317,230,217
28775,57604,324,227,215
28776,57606,329,228,216
28777,57608,317,231,214
28778,57610,344,229,218
28779,57612,335,229,216
28780,57614,326,229,215
28781,57616,297,230,218
28782,57618,298,230,214
28783,57620,317,229,216
28784,57622,318,230,215
28785,57624,323,229,215
28786,57626,326,229,216
28787,57628,322,228,213
28788,57630,344,229,215
28789,57632,330,230,216
28790,57634,324,229,216
28791,57636,305,229,215
28792,57638,308,229,216
28793,57640,315,229,216
28794,57642,320,229,216
28795,57644,314,229,216
28796,57646,317,229,215
28797,57648,317,229,212
28798,57650,341,229,213
28799,57652,330,228,214
28800,57654,324,229,214
28801,57656,294,229,214
28802,57658,291,229,214
28803,57660,316,229,215
28804,57662,307,229,213
28805,57664,325,229,216
28806,57666,317,228,217
28807,57668,319,229,217
28808,57670,336,229,215
28809,57672,327,229,216
28810,57674,317,229,216
28811,57676,295,229,215
28812,57678,289,229,216
28813,57680,314,229,213
28814,57682,314,229,217
28815,57684,316,230,219
28816,57686,315,229,218
28817,57688,315,229,216
28818,57690,337,229,215
28819,57692,326,229,218
28820,57694,314,228,217
28821,57696,291,228,216
28822,57698,297,227,216
28823,57700,314,228,217
28824,57702,314,228,216
28825,57704,318,229,216
28826,57706,326,229,215
28827,57708,319,229,218
28828,57710,345,227,218
28829,57712,336,227,216
28830,57714,318,227,216
28831,57716,303,226,217
28832,57718,304,227,217
28833,57720,323,227,216
28834,57722,324,227,218
28835,57724,323,227,217
28836,57726,319,227,218
28837,57728,322,227,215
28838,57730,348,227,219
28839,57732,337,226,217
28840,57734,314,227,217
28841,57736,299,227,216
28842,57738,296,228,218
28843,57740,324,227,218
28844,57742,323,227,217
28845,57744,320,226,217
28846,57746,314,226,218
28847,57748,320,227,216
28848,57750,339,227,217
28849,57752,335,227,216
28850,57754,321,227,217
28851,57756,299,227,218
28852,57758,304,227,217
28853,57760,327,228,218
28854,57762,322,227,217
28855,57764,319,227,216
28856,57766,316,227,215
28857,57768,318,227,217
28858,57770,348,227,217
28859,57772,334,227,217
28860,57774,321,227,217
28861,57776,293,227,217
28862,57778,296,227,216
28863,57780,315,227,215
28864,57782,313,227,217
28865,57784,315,228,217
28866,57786,315,227,215
28867,57788,315,226,216
28868,57790,338,227,216
28869,57792,334,227,217
28870,57794,320,228,218
28871,57796,288,227,215
28872,57798,299,227,216
28873,57800,316,227,217
28874,57802,312,227,213
28875,57804,322,227,215
28876,57806,312,227,216
28877,57808,316,227,217
28878,57810,346,227,217
28879,57812,332,227,216
28880,57814,328,227,216
28881,57816,306,227,216
28882,57818,306,226,216
28883,57820,327,226,216
28884,57822,316,226,217
28885,57824,326,227,217
28886,57826,324,227,218
28887,57828,323,226,216
28888,57830,342,228,217
28889,57832,328,227,218
28890,57834,320,226,214
28891,57836,298,227,216
28892,57838,300,226,218
28893,57840,309,226,215
28894,57842,312,226,215
28895,57844,316,225,216
28896,57846,316,226,216
28897,57848,315,226,219
28898,57850,342,226,218
28899,57852,321,226,217
28900,57854,318,226,216
28901,57856,298,225,216
28902,57858,301,226,217
28903,57860,320,225,215
28904,57862,319,225,216
28905,57864,319,225,216
28906,57866,318,225,216
28907,57868,317,226,217
28908,57870,340,225,217
28909,57872,329,225,216
28910,57874,320,225,217
28911,57876,299,225,218
28912,57878,305,225,216
28913,57880,317,226,218
28914,57882,320,225,217
28915,57884,326,227,215
28916,57886,307,225,216
28917,57888,315,225,216
28918,57890,343,226,217
28919,57892,328,225,217
28920,57894,317,224,216
28921,57896,301,225,214
28922,57898,304,225,217
28923,57900,318,225,216
28924,57902,324,224,216
28925,57904,314,225,217
28926,57906,318,225,217
28927,57908,315,225,217
28928,57910,338,225,217
28929,57912,333,226,217
28930,57914,318,226,219
28931,57916,302,225,217
28932,57918,304,225,216
28933,57920,322,226,218
28934,57922,326,225,219
28935,57924,319,225,217
28936,57926,321,225,216
28937,57928,314,225,216
28938,57930,339,225,216
28939,57932,323,225,218
28940,57934,316,224,217
28941,57936,307,225,217
28942,57938,309,225,218
28943,57940,321,225,218
28944,57942,323,225,217
28945,57944,322,225,217
28946,57946,330,225,218
28947,57948,318,226,218
28948,57950,345,226,218
28949,57952,329,226,217
28950,57954,326,226,215
28951,57956,313,225,216
28952,57958,309,226,216
28953,57960,323,225,217
28954,57962,322,225,216
28955,57964,320,226,214
28956,57966,321,225,215
28957,57968,325,225,216
28958,57970,350,225,215
28959,57972,337,225,215
28960,57974,332,225,215
28961,57976,309,225,214
28962,57978,317,226,214
28963,57980,331,225,214
28964,57982,333,226,213
28965,57984,323,225,213
28966,57986,329,225,215
28967,57988,322,224,213
28968,57990,344,226,215
28969,57992,323,226,215
28970,57994,327,226,215
28971,57996,308,226,215
28972,57998,314,226,213
28973,58000,324,226,212
28974,58002,331,225,213
28975,58004,326,226,216
28976,58006,328,226,217
28977,58008,320,226,214
28978,58010,346,226,215
28979,58012,330,226,215
28980,58014,325,225,214
28981,58016,309,226,214
28982,58018,316,226,215
28983,58020,329,225,215
28984,58022,335,225,214
28985,58024,325,226,215
28986,58026,326,226,215
28987,58028,320,225,214
28988,58030,349,226,215
28989,58032,341,226,215
28990,58034,329,225,214
28991,58036,309,225,214
28992,58038,313,225,214
28993,58040,325,226,215
28994,58042,325,225,213
28995,58044,328,226,214
28996,58046,320,226,213
28997,58048,318,225,215
28998,58050,348,226,215
28999,58052,334,226,218
29000,58054,330,225,214
29001,58056,308,226,215
29002,58058,312,226,215
29003,58060,330,226,217
29004,58062,330,225,215
29005,58064,325,227,215
29006,58066,328,226,215
29007,58068,327,226,215
29008,58070,348,226,215
29009,58072,333,226,214
29010,58074,319,225,213
29011,58076,308,226,215
29012,58078,318,225,216
29013,58080,331,226,217
29014,58082,328,225,214
29015,58084,322,226,215
29016,58086,324,226,215
29017,58088,319,228,217
29018,58090,351,226,212
29019,58092,335,226,216
29020,58094,328,226,214
29021,58096,313,226,216
29022,58098,317,226,215
29023,58100,326,226,213
29024,58102,324,226,214
29025,58104,323,225,215
29026,58106,321,225,213
29027,58108,314,225,213
29028,58110,353,226,214
29029,58112,336,227,215
29030,58114,320,225,215
29031,58116,307,226,216
29032,58118,312,226,214
29033,58120,331,226,215
29034,58122,323,225,214
29035,58124,320,225,218
29036,58126,322,225,213
29037,58128,319,226,216
29038,58130,341,227,216
29039,58132,338,226,216
29040,58134,329,226,216
29041,58136,298,226,215
29042,58138,306,225,215
29043,58140,325,226,218
29044,58142,326,225,217
29045,58144,325,225,216
29046,58146,322,226,216
29047,58148,315,225,217
29048,58150,348,226,218
29049,58152,335,225,218
29050,58154,322,226,217
29051,58156,304,226,220
29052,58158,308,226,216
29053,58160,323,226,217
29054,58162,318,226,217
29055,58164,327,225,219
29056,58166,329,224,215
29057,58168,324,226,219
29058,58170,352,225,218
29059,58172,346,226,217
29060,58174,325,225,216
29061,58176,310,225,217
29062,58178,308,225,216
29063,58180,321,226,218
29064,58182,316,226,216
29065,58184,325,226,217
29066,58186,335,226,218
29067,58188,328,226,218
29068,58190,344,226,218
29069,58192,334,226,218
29070,58194,331,225,216
29071,58196,305,226,217
29072,58198,313,225,217
29073,58200,329,225,218
29074,58202,327,225,216
29075,58204,326,225,218
29076,58206,325,226,218
29077,58208,327,226,217
29078,58210,341,227,215
29079,58212,339,226,217
29080,58214,328,225,219
29081,58216,308,226,218
29082,58218,313,225,218
29083,58220,325,227,219
29084,58222,323,229,217
29085,58224,324,226,219
29086,58226,330,225,216
29087,58228,321,227,219
29088,58230,350,226,218
29089,58232,332,227,219
29090,58234,325,227,221
29091,58236,311,225,217
29092,58238,314,226,218
29093,58240,333,226,219
29094,58242,325,228,218
29095,58244,321,227,219
29096,58246,327,227,220
29097,58248,325,226,220
29098,58250,350,226,221
29099,58252,339,227,220
29100,58254,329,225,220
29101,58256,314,226,221
29102,58258,313,227,224
29103,58260,334,226,221
29104,58262,327,226,221
29105,58264,319,226,223
29106,58266,324,226,222
29107,58268,328,227,221
29108,58270,349,226,221
29109,58272,351,226,221
29110,58274,332,226,222
29111,58276,307,228,222
29112,58278,311,227,222
29113,58280,316,227,221
29114,58282,323,226,224
29115,58284,318,226,222
29116,58286,320,225,220
29117,58288,319,226,222
29118,58290,339,226,220
29119,58292,339,226,223
29120,58294,327,227,222
29121,58296,295,226,222
29122,58298,303,226,224
29123,58300,318,226,221
29124,58302,320,226,222
29125,58304,314,225,221
29126,58306,311,227,220
29127,58308,320,225,223
29128,58310,344,226,221
29129,58312,332,226,224
29130,58314,319,225,222
29131,58316,300,225,222
29132,58318,313,225,222
29133,58320,317,225,224
29134,58322,319,225,222
29135,58324,318,225,223
29136,58326,316,226,223
29137,58328,315,224,221
29138,58330,339,224,223
29139,58332,342,224,223
29140,58334,327,225,222
29141,58336,306,224,220
29142,58338,304,225,224
29143,58340,317,225,223
29144,58342,312,224,222
29145,58344,316,225,225
29146,58346,324,224,223
29147,58348,323,224,223
29148,58350,343,225,222
29149,58352,331,224,225
29150,58354,315,224,223
29151,58356,305,225,223
29152,58358,305,225,222
29153,58360,314,225,224
29154,58362,305,225,225
29155,58364,308,225,224
29156,58366,322,225,222
29157,58368,314,225,224
29158,58370,343,225,224
29159,58372,329,225,224
29160,58374,313,225,223
29161,58376,300,224,224
29162,58378,304,224,223
29163,58380,310,224,223
29164,58382,312,225,223
29165,58384,313,225,224
29166,58386,319,225,222
29167,58388,316,225,224
29168,58390,339,225,224
29169,58392,328,225,221
29170,58394,321,225,221
29171,58396,294,225,221
29172,58398,306,225,222
29173,58400,313,225,222
29174,58402,317,225,223
29175,58404,313,225,223
29176,58406,314,224,221
29177,58408,314,226,223
29178,58410,344,226,224
29179,58412,330,227,222
29180,58414,324,227,223
29181,58416,302,227,223
29182,58418,308,227,222
29183,58420,325,227,223
29184,58422,324,227,223
29185,58424,315,227,223
29186,58426,320,227,222
29187,58428,321,227,223
29188,58430,346,227,222
29189,58432,335,228,224
29190,58434,320,227,223
29191,58436,298,228,222
29192,58438,306,227,222
29193,58440,322,228,222
29194,58442,319,227,221
29195,58444,318,228,222
29196,58446,316,228,222
29197,58448,320,228,222
29198,58450,342,227,223
29199,58452,329,228,222
29200,58454,322,228,221
29201,58456,299,228,221
29202,58458,304,228,222
29203,58460,317,228,221
29204,58462,320,228,222
29205,58464,320,228,222
29206,58466,326,227,220
29207,58468,323,229,220
29208,58470,346,228,221
29209,58472,330,229,224
29210,58474,321,228,222
29211,58476,310,228,222
29212,58478,307,228,223
29213,58480,322,228,223
29214,58482,319,228,223
29215,58484,328,229,223
29216,58486,325,228,223
29217,58488,323,228,223
29218,58490,345,228,222
29219,58492,330,229,225
29220,58494,324,228,222
29221,58496,305,228,222
29222,58498,308,228,221
29223,58500,326,228,223
29224,58502,326,229,222
29225,58504,328,228,223
29226,58506,325,228,224
29227,58508,316,229,223
29228,58510,345,229,224
29229,58512,330,229,225
29230,58514,320,228,222
29231,58516,302,228,224
29232,58518,306,228,222
29233,58520,316,228,222
29234,58522,314,229,222
29235,58524,335,228,222
29236,58526,315,229,221
29237,58528,313,229,222
29238,58530,339,229,222
29239,58532,321,229,222
29240,58534,316,228,219
29241,58536,300,229,220
29242,58538,313,228,219
29243,58540,317,228,220
29244,58542,325,228,222
29245,58544,323,227,220
29246,58546,312,228,218
29247,58548,319,228,220
29248,58550,348,229,220
29249,58552,329,228,221
29250,58554,318,229,220
29251,58556,298,229,222
29252,58558,312,228,219
29253,58560,311,228,220
29254,58562,318,228,220
29255,58564,313,228,220
29256,58566,327,228,221
29257,58568,316,228,220
29258,58570,340,228,220
29259,58572,328,228,221
29260,58574,308,228,220
29261,58576,304,226,219
29262,58578,313,228,220
29263,58580,310,227,222
29264,58582,325,228,219
29265,58584,321,227,221
29266,58586,326,229,218
29267,58588,316,227,219
29268,58590,345,227,220
29269,58592,328,227,221
29270,58594,320,227,218
29271,58596,300,227,219
29272,58598,306,227,217
29273,58600,322,226,222
29274,58602,320,227,219
29275,58604,317,228,220
29276,58606,323,227,222
29277,58608,319,227,218
29278,58610,346,228,221
29279,58612,323,227,223
29280,58614,318,228,221
29281,58616,298,228,223
29282,58618,307,228,222
29283,58620,309,227,223
29284,58622,331,226,222
29285,58624,323,228,222
29286,58626,326,228,220
29287,58628,322,228,222
29288,58630,352,228,222
29289,58632,332,228,223
29290,58634,321,228,221
29291,58636,301,228,223
29292,58638,312,227,222
29293,58640,325,229,223
29294,58642,322,229,221
29295,58644,316,228,219
29296,58646,315,227,221
29297,58648,316,228,222
29298,58650,336,231,220
29299,58652,324,233,221
29300,58654,319,233,221
29301,58656,299,233,220
29302,58658,314,233,220
29303,58660,315,233,219
29304,58662,319,234,220
29305,58664,320,235,218
29306,58666,325,236,219
29307,58668,315,235,218
29308,58670,338,236,220
29309,58672,329,236,220
29310,58674,318,236,219
29311,58676,293,237,219
29312,58678,312,236,219
29313,58680,315,237,218
29314,58682,327,236,218
29315,58684,320,236,218
29316,58686,318,234,215
29317,58688,316,236,218
29318,58690,340,236,218
29319,58692,327,236,218
29320,58694,318,236,219
29321,58696,301,236,219
29322,58698,307,235,217
29323,58700,320,236,222
29324,58702,321,236,219
29325,58704,314,236,221
29326,58706,320,236,220
29327,58708,318,236,219
29328,58710,339,236,220
29329,58712,325,236,220
29330,58714,328,236,220
29331,58716,299,235,217
29332,58718,304,235,217
29333,58720,321,234,221
29334,58722,312,235,219
29335,58724,318,236,220
29336,58726,323,235,221
29337,58728,310,235,221
29338,58730,333,235,219
29339,58732,309,235,219
29340,58734,320,235,220
29341,58736,296,235,219
29342,58738,305,235,219
29343,58740,309,235,220
29344,58742,317,234,219
29345,58744,318,235,220
29346,58746,320,235,220
29347,58748,313,235,219
29348,58750,335,235,219
29349,58752,320,235,221
29350,58754,317,234,220
29351,58756,296,235,219
29352,58758,306,234,219
29353,58760,316,234,219
29354,58762,315,234,219
29355,58764,316,234,219
29356,58766,312,234,219
29357,58768,315,235,219
29358,58770,341,235,219
29359,58772,319,234,220
29360,58774,309,234,219
29361,58776,297,232,219
29362,58778,306,233,219
29363,58780,324,232,218
29364,58782,312,232,221
29365,58784,314,232,218
29366,58786,316,232,219
29367,58788,315,233,219
29368,58790,342,232,223
29369,58792,322,232,221
29370,58794,320,232,220
29371,58796,292,232,222
29372,58798,305,232,219
29373,58800,321,233,221
29374,58802,319,232,220
29375,58804,315,232,220
29376,58806,314,232,220
29377,58808,323,232,220
29378,58810,324,232,220
29379,58812,324,232,219
29380,58814,320,231,219
29381,58816,307,232,218
29382,58818,307,233,220
29383,58820,319,233,217
29384,58822,319,233,220
29385,58824,320,233,220
29386,58826,333,233,220
29387,58828,328,233,222
29388,58830,346,232,219
29389,58832,336,233,220
29390,58834,332,232,219
29391,58836,311,232,222
29392,58838,311,232,218
29393,58840,324,232,219
29394,58842,321,233,220
29395,58844,327,232,221
29396,58846,331,234,219
29397,58848,325,232,220
29398,58850,347,232,220
29399,58852,328,232,221
29400,58854,329,232,219
29401,58856,310,232,221
29402,58858,313,232,220
29403,58860,324,233,220
29404,58862,323,232,220
29405,58864,328,232,220
29406,58866,332,232,221
29407,58868,325,233,220
29408,58870,343,231,220
29409,58872,330,232,219
29410,58874,331,232,220
29411,58876,305,232,220
29412,58878,312,231,219
29413,58880,319,232,221
29414,58882,319,232,221
29415,58884,323,230,221
29416,58886,319,227,220
29417,58888,328,227,221
29418,58890,346,227,220
29419,58892,324,227,222
29420,58894,331,226,220
29421,58896,307,227,219
29422,58898,312,226,219
29423,58900,329,226,220
29424,58902,325,228,221
29425,58904,328,226,222
29426,58906,323,226,221
29427,58908,330,226,222
29428,58910,342,226,221
29429,58912,330,226,220
29430,58914,328,226,219
29431,58916,303,226,218
29432,58918,317,227,221
29433,58920,330,227,220
29434,58922,330,224,221
29435,58924,319,226,221
29436,58926,327,226,219
29437,58928,326,227,221
29438,58930,339,226,222
29439,58932,321,227,220
29440,58934,320,225,219
29441,58936,297,226,219
29442,58938,307,227,220
29443,58940,314,226,222
29444,58942,314,226,220
29445,58944,322,225,223
29446,58946,314,226,221
29447,58948,320,226,220
29448,58950,343,225,221
29449,58952,320,226,221
29450,58954,320,226,220
29451,58956,294,226,220
29452,58958,302,227,221
29453,58960,314,224,220
29454,58962,314,226,220
29455,58964,317,226,221
29456,58966,319,226,220
29457,58968,323,226,220
29458,58970,331,227,222
29459,58972,330,226,222
29460,58974,323,226,220
29461,58976,296,227,221
29462,58978,303,226,221
29463,58980,318,226,221
29464,58982,316,229,220
29465,58984,322,226,222
29466,58986,323,226,222
29467,58988,322,226,221
29468,58990,337,227,221
29469,58992,323,226,221
29470,58994,319,226,221
29471,58996,294,226,221
29472,58998,307,226,221
29473,59000,318,227,221
29474,59002,330,226,222
29475,59004,319,226,222
29476,59006,326,226,220
29477,59008,321,226,222
29478,59010,339,225,222
29479,59012,328,226,222
29480,59014,320,226,222
29481,59016,291,225,221
29482,59018,313,226,221
29483,59020,319,225,223
29484,59022,320,226,221
29485,59024,317,226,220
29486,59026,315,226,221
29487,59028,324,226,223
29488,59030,340,227,219
29489,59032,326,227,223
29490,59034,319,226,221
29491,59036,299,226,222
29492,59038,300,227,222
29493,59040,317,226,222
29494,59042,312,227,222
29495,59044,320,227,223
29496,59046,319,227,223
29497,59048,319,227,223
29498,59050,337,227,223
29499,59052,318,227,222
29500,59054,314,227,222
29501,59056,298,228,223
29502,59058,297,227,221
29503,59060,317,227,221
29504,59062,324,228,222
29505,59064,311,228,221
29506,59066,321,228,223
29507,59068,315,229,222
29508,59070,337,228,221
29509,59072,321,229,219
29510,59074,318,227,221
29511,59076,293,227,221
29512,59078,315,228,222
29513,59080,303,229,222
29514,59082,333,228,224
29515,59084,319,229,212
29516,59086,323,228,223
29517,59088,327,228,223
29518,59090,348,229,224
29519,59092,328,228,224
29520,59094,316,229,223
29521,59096,305,228,222
29522,59098,309,229,223
29523,59100,328,229,225
29524,59102,324,229,226
29525,59104,328,228,224
29526,59106,320,227,224
29527,59108,327,229,223
29528,59110,343,229,226
29529,59112,324,228,226
29530,59114,317,228,224
29531,59116,295,229,224
29532,59118,307,227,223
29533,59120,317,230,225
29534,59122,322,228,224
29535,59124,324,228,222
29536,59126,327,229,225
29537,59128,326,228,224
29538,59130,345,228,226
29539,59132,319,229,225
29540,59134,318,229,222
29541,59136,296,228,226
29542,59138,313,228,225
29543,59140,317,229,224
29544,59142,319,228,224
29545,59144,327,228,223
29546,59146,322,228,224
29547,59148,324,229,225
29548,59150,336,229,225
29549,59152,320,229,224
29550,59154,319,228,221
29551,59156,301,228,222
29552,59158,309,228,225
29553,59160,317,228,223
29554,59162,322,230,224
29555,59164,323,229,224
29556,59166,315,229,223
29557,59168,321,229,223
29558,59170,338,229,225
29559,59172,321,229,225
29560,59174,318,229,226
29561,59176,307,229,223
29562,59178,311,229,223
29563,59180,315,228,222
29564,59182,319,229,224
29565,59184,323,228,223
29566,59186,313,229,223
29567,59188,329,229,226
29568,59190,344,229,222
29569,59192,323,229,224
29570,59194,326,229,222
29571,59196,305,229,221
29572,59198,311,229,222
29573,59200,320,229,223
29574,59202,325,229,224
29575,59204,329,229,226
29576,59206,323,229,224
29577,59208,330,229,223
29578,59210,340,229,224
29579,59212,323,229,225
29580,59214,325,229,224
29581,59216,299,230,224
29582,59218,314,230,225
29583,59220,319,230,226
29584,59222,327,230,226
29585,59224,330,230,226
29586,59226,322,231,225
29587,59228,336,229,223
29588,59230,341,232,227
29589,59232,319,230,227
29590,59234,319,230,226
29591,59236,305,231,225
29592,59238,313,231,225
29593,59240,318,232,225
29594,59242,326,232,226
29595,59244,324,231,225
29596,59246,302,233,225
29597,59248,347,232,225
29598,59250,343,231,225
29599,59252,317,232,227
29600,59254,310,232,225
29601,59256,305,232,226
29602,59258,315,232,226
29603,59260,334,233,226
29604,59262,325,233,225
29605,59264,317,232,225
29606,59266,324,232,224
29607,59268,340,233,227
29608,59270,346,233,225
29609,59272,320,233,225
29610,59274,319,232,224
29611,59276,298,233,224
29612,59278,305,232,224
29613,59280,318,234,224
29614,59282,329,234,228
29615,59284,318,233,225
29616,59286,323,234,224
29617,59288,341,234,225
29618,59290,337,234,226
29619,59292,316,235,226
29620,59294,312,233,224
29621,59296,299,234,225
29622,59298,311,234,223
29623,59300,323,234,224
29624,59302,321,233,221
29625,59304,315,233,225
29626,59306,312,234,225
29627,59308,336,235,225
29628,59310,335,234,224
29629,59312,313,234,223
29630,59314,316,234,223
29631,59316,297,234,223
29632,59318,303,234,226
29633,59320,315,236,225
29634,59322,317,233,223
29635,59324,316,233,223
29636,59326,309,234,221
29637,59328,331,234,224
29638,59330,336,234,224
29639,59332,304,234,223
29640,59334,310,234,222
29641,59336,292,233,221
29642,59338,304,234,222
29643,59340,317,234,222
29644,59342,314,234,221
29645,59344,317,234,223
29646,59346,315,234,220
29647,59348,335,234,225
29648,59350,329,233,221
29649,59352,317,234,222
29650,59354,316,234,221
29651,59356,292,233,222
29652,59358,306,235,223
29653,59360,315,234,225
29654,59362,321,234,223
29655,59364,321,233,222
29656,59366,316,234,223
29657,59368,336,234,222
29658,59370,322,234,223
29659,59372,314,234,223
29660,59374,305,235,223
29661,59376,286,234,222
29662,59378,303,234,222
29663,59380,318,235,222
29664,59382,321,234,222
29665,59384,323,235,222
29666,59386,313,235,222
29667,59388,337,234,222
29668,59390,340,235,222
29669,59392,319,234,221
29670,59394,312,234,221
29671,59396,298,234,220
29672,59398,300,232,220
29673,59400,326,233,222
29674,59402,319,233,221
29675,59404,322,232,221
29676,59406,311,233,223
29677,59408,345,232,223
29678,59410,337,233,223
29679,59412,315,233,222
29680,59414,314,233,220
29681,59416,295,234,221
29682,59418,306,232,221
29683,59420,319,232,222
29684,59422,313,232,222
29685,59424,321,233,222
29686,59426,316,232,221
29687,59428,339,233,221
29688,59430,337,232,222
29689,59432,314,231,222
29690,59434,311,233,220
29691,59436,299,232,222
29692,59438,308,232,221
29693,59440,317,233,222
29694,59442,314,233,223
29695,59444,324,233,223
29696,59446,317,233,223
29697,59448,342,233,223
29698,59450,335,233,223
29699,59452,323,231,223
29700,59454,312,233,224
29701,59456,307,233,224
29702,59458,308,232,224
29703,59460,315,233,224
29704,59462,315,233,224
29705,59464,318,233,224
29706,59466,316,233,223
29707,59468,340,234,225
29708,59470,327,233,225
29709,59472,319,233,224
29710,59474,322,234,227
29711,59476,299,233,225
29712,59478,305,233,224
29713,59480,317,232,224
29714,59482,318,231,223
29715,59484,321,233,224
29716,59486,319,232,222
29717,59488,337,233,224
29718,59490,333,233,222
29719,59492,322,232,225
29720,59494,322,232,224
29721,59496,294,232,226
29722,59498,305,232,223
29723,59500,317,232,226
29724,59502,318,233,226
29725,59504,321,232,225
29726,59506,320,233,226
29727,59508,341,233,221
29728,59510,337,232,224
29729,59512,327,233,222
29730,59514,319,232,225
29731,59516,297,232,225
29732,59518,308,233,224
29733,59520,317,232,224
29734,59522,319,232,227
29735,59524,320,232,227
29736,59526,314,232,225
29737,59528,338,233,223
29738,59530,338,232,225
29739,59532,325,232,223
29740,59534,322,232,222
29741,59536,296,233,227
29742,59538,304,233,224
29743,59540,318,233,225
29744,59542,315,232,224
29745,59544,317,232,224
29746,59546,318,232,223
29747,59548,339,233,224
29748,59550,333,232,225
29749,59552,323,233,224
29750,59554,315,232,224
29751,59556,295,232,223
29752,59558,304,232,225
29753,59560,309,233,221
29754,59562,316,232,224
29755,59564,322,232,225
29756,59566,321,232,224
29757,59568,344,233,225
29758,59570,336,235,224
29759,59572,326,233,224
29760,59574,320,231,223
29761,59576,289,232,224
29762,59578,309,232,224
29763,59580,315,231,225
29764,59582,313,232,226
29765,59584,317,232,225
29766,59586,318,234,226
29767,59588,341,233,227
29768,59590,340,230,226
29769,59592,322,232,225
29770,59594,319,232,225
29771,59596,299,232,223
29772,59598,305,233,224
29773,59600,314,231,224
29774,59602,316,232,224
29775,59604,314,233,225
29776,59606,312,232,224
29777,59608,341,233,225
29778,59610,335,231,224
29779,59612,327,232,227
29780,59614,319,232,223
29781,59616,289,232,224
29782,59618,307,232,225
29783,59620,316,233,226
29784,59622,313,234,225
29785,59624,319,232,223
29786,59626,314,235,224
29787,59628,337,233,226
29788,59630,331,232,224
29789,59632,320,231,225
29790,59634,321,233,224
29791,59636,304,234,225
29792,59638,305,232,224
29793,59640,315,232,225
29794,59642,313,232,225
29795,59644,320,233,225
29796,59646,319,232,224
29797,59648,341,232,223
29798,59650,338,232,225
29799,59652,324,232,224
29800,59654,317,231,224
29801,59656,297,232,225
29802,59658,305,232,225
29803,59660,318,232,225
29804,59662,312,232,224
29805,59664,318,231,225
29806,59666,322,233,225
29807,59668,342,231,226
29808,59670,340,232,228
29809,59672,323,233,224
29810,59674,316,231,226
29811,59676,290,232,225
29812,59678,307,232,225
29813,59680,319,230,225
29814,59682,318,232,224
29815,59684,320,232,226
29816,59686,318,232,225
29817,59688,343,231,225
29818,59690,333,232,227
29819,59692,324,232,226
29820,59694,318,233,225
29821,59696,293,231,225
29822,59698,304,232,225
29823,59700,314,233,225
29824,59702,315,232,224
29825,59704,313,232,225
29826,59706,313,231,228
29827,59708,338,231,224
29828,59710,334,232,223
29829,59712,322,232,226
29830,59714,315,233,225
29831,59716,296,232,226
29832,59718,305,231,224
29833,59720,323,232,225
29834,59722,314,232,223
29835,59724,322,232,226
29836,59726,319,231,228
29837,59728,341,232,227
29838,59730,340,231,226
29839,59732,321,231,226
29840,59734,321,231,226
29841,59736,301,232,227
29842,59738,308,231,225
29843,59740,319,232,228
29844,59742,322,232,226
29845,59744,338,232,226
29846,59746,324,231,226
29847,59748,340,232,227
29848,59750,347,230,226
29849,59752,335,232,226
29850,59754,334,231,224
29851,59756,309,232,226
29852,59758,332,231,226
29853,59760,325,231,227
29854,59762,327,231,229
29855,59764,329,231,225
29856,59766,321,231,227
29857,59768,343,231,226
29858,59770,333,231,226
29859,59772,326,231,227
29860,59774,321,231,226
29861,59776,286,230,225
29862,59778,323,230,227
29863,59780,325,229,227
29864,59782,325,231,228
29865,59784,314,231,228
29866,59786,319,231,227
29867,59788,342,232,227
29868,59790,339,230,226
29869,59792,317,230,223
29870,59794,325,231,226
29871,59796,293,231,230
29872,59798,309,231,226
29873,59800,323,231,228
29874,59802,322,230,225
29875,59804,326,230,226
29876,59806,323,230,226
29877,59808,342,230,226
29878,59810,340,229,226
29879,59812,329,230,224
29880,59814,323,231,227
29881,59816,306,231,226
29882,59818,316,231,227
29883,59820,320,230,227
29884,59822,325,231,224
29885,59824,321,231,227
29886,59826,323,230,226
29887,59828,338,231,227
29888,59830,339,231,226
29889,59832,324,231,227
29890,59834,326,231,226
29891,59836,303,230,226
29892,59838,317,230,226
29893,59840,325,231,227
29894,59842,330,231,227
29895,59844,330,230,226
29896,59846,320,231,226
29897,59848,347,231,229
29898,59850,341,231,228
29899,59852,329,231,225
29900,59854,317,231,226
29901,59856,306,232,225
29902,59858,316,230,225
29903,59860,328,231,229
29904,59862,327,230,226
29905,59864,328,230,227
29906,59866,320,230,226
29907,59868,349,230,225
29908,59870,349,231,227
29909,59872,328,230,229
29910,59874,320,231,227
29911,59876,301,231,226
29912,59878,313,230,228
29913,59880,323,231,227
29914,59882,322,231,227
29915,59884,327,230,227
29916,59886,326,230,224
29917,59888,348,231,228
29918,59890,340,231,227
29919,59892,325,231,227
29920,59894,327,230,226
29921,59896,302,230,225
29922,59898,311,230,227
29923,59900,323,230,227
29924,59902,330,230,227
29925,59904,329,231,227
29926,59906,320,230,226
29927,59908,345,231,227
29928,59910,342,231,228
29929,59912,317,230,226
29930,59914,311,231,226
29931,59916,297,230,227
29932,59918,301,230,226
29933,59920,317,229,226
29934,59922,315,230,228
29935,59924,320,230,225
29936,59926,314,230,227
29937,59928,333,231,228
29938,59930,337,231,227
29939,59932,320,230,226
29940,59934,307,232,227
29941,59936,305,230,229
29942,59938,305,231,225
29943,59940,313,230,228
29944,59942,326,232,226
29945,59944,312,230,225
29946,59946,318,231,227
29947,59948,338,230,227
29948,59950,341,231,226
29949,59952,323,231,227
29950,59954,306,231,226
29951,59956,302,231,227
29952,59958,305,230,227
29953,59960,320,231,227
29954,59962,320,231,226
29955,59964,323,231,228
29956,59966,318,230,227
29957,59968,338,230,228
29958,59970,336,231,227
29959,59972,320,230,228
29960,59974,313,230,227
29961,59976,300,231,228
29962,59978,302,230,226
29963,59980,318,232,227
29964,59982,319,230,226
29965,59984,320,230,227
29966,59986,309,231,228
29967,59988,340,229,227
29968,59990,335,231,227
29969,59992,320,230,228
29970,59994,308,230,227
29971,59996,300,230,226
29972,59998,305,230,227
29973,60000,318,229,227
29974,60002,317,230,227
29975,60004,314,230,228
29976,60006,316,230,227
29977,60008,339,230,228
29978,60010,339,230,227
29979,60012,321,230,227
29980,60014,308,228,229
29981,60016,296,228,228
29982,60018,304,229,226
29983,60020,322,228,228
29984,60022,314,228,228
29985,60024,321,229,229
29986,60026,319,229,230
29987,60028,342,231,230
29988,60030,344,231,228
29989,60032,325,230,230
29990,60034,310,230,228
29991,60036,300,229,227
29992,60038,309,229,227
29993,60040,321,230,230
29994,60042,318,231,227
29995,60044,322,230,227
29996,60046,312,231,230
29997,60048,337,231,230
29998,60050,342,230,229
29999,60052,317,230,228
30000,60054,308,231,228
30001,60056,293,231,229
30002,60058,300,231,228
30003,60060,317,230,226
30004,60062,312,231,229
30005,60064,326,231,228
30006,60066,316,231,230
30007,60068,342,232,230
30008,60070,343,232,230
30009,60072,320,231,228
30010,60074,313,231,229
30011,60076,300,231,227
30012,60078,306,231,226
30013,60080,318,232,228
30014,60082,320,231,230
30015,60084,320,231,228
30016,60086,318,231,229
30017,60088,340,234,230
30018,60090,338,234,232
30019,60092,328,234,230
30020,60094,316,234,229
30021,60096,296,235,231
30022,60098,308,235,229
30023,60100,318,237,232
30024,60102,324,238,230
30025,60104,315,239,230
30026,60106,327,238,229
30027,60108,343,238,230
30028,60110,338,240,232
30029,60112,329,239,230
30030,60114,313,239,231
30031,60116,295,239,229
30032,60118,306,240,231
30033,60120,319,239,229
30034,60122,312,240,230
30035,60124,320,241,230
30036,60126,324,240,231
30037,60128,349,240,232
30038,60130,341,239,229
30039,60132,321,240,231
30040,60134,313,240,227
30041,60136,296,241,229
30042,60138,305,244,228
30043,60140,321,244,232
30044,60142,319,243,230
30045,60144,324,243,228
30046,60146,318,244,231
30047,60148,341,245,232
30048,60150,343,243,230
30049,60152,327,244,231
30050,60154,312,244,233
30051,60156,298,244,232
30052,60158,313,244,231
30053,60160,317,244,231
30054,60162,328,244,232
30055,60164,335,244,231
30056,60166,328,244,230
30057,60168,349,244,231
30058,60170,345,243,231
30059,60172,329,244,231
30060,60174,312,243,232
30061,60176,301,243,231
30062,60178,308,244,231
30063,60180,323,243,233
30064,60182,323,242,232
30065,60184,324,243,233
30066,60186,324,243,230
30067,60188,351,243,232
30068,60190,347,243,235
30069,60192,322,244,234
30070,60194,307,243,233
30071,60196,297,242,233
30072,60198,304,242,232
30073,60200,321,242,233
30074,60202,313,243,232
30075,60204,315,242,233
30076,60206,313,242,234
30077,60208,344,242,233
30078,60210,339,240,233
30079,60212,326,241,232
30080,60214,308,238,234
30081,60216,289,239,233
30082,60218,312,239,235
30083,60220,315,238,230
30084,60222,321,237,233
30085,60224,326,236,231
30086,60226,321,236,232
30087,60228,342,236,232
30088,60230,345,236,231
30089,60232,328,236,232
30090,60234,303,232,231
30091,60236,292,232,233
30092,60238,315,232,228
30093,60240,321,232,234
30094,60242,319,232,234
30095,60244,322,232,232
30096,60246,323,232,231
30097,60248,346,232,233
30098,60250,335,232,234
30099,60252,328,232,232
30100,60254,305,232,231
30101,60256,291,231,233
30102,60258,315,232,233
30103,60260,316,226,233
30104,60262,315,233,233
30105,60264,322,232,234
30106,60266,322,231,232
30107,60268,343,230,232
30108,60270,343,231,231
30109,60272,323,231,233
30110,60274,306,232,230
30111,60276,296,230,229
30112,60278,323,233,231
30113,60280,326,231,228
30114,60282,318,229,230
30115,60284,321,231,230
30116,60286,326,231,231
30117,60288,345,230,230
30118,60290,346,231,231
30119,60292,325,230,230
30120,60294,308,230,230
30121,60296,300,230,229
30122,60298,318,230,229
30123,60300,318,230,229
30124,60302,328,230,231
30125,60304,316,230,231
30126,60306,325,230,230
30127,60308,345,229,230
30128,60310,341,234,231
30129,60312,325,230,231
30130,60314,309,226,230
30131,60316,296,227,228
30132,60318,313,229,232
30133,60320,322,227,232
30134,60322,320,229,231
30135,60324,327,228,231
30136,60326,323,229,230
30137,60328,344,228,231
30138,60330,342,229,230
30139,60332,326,229,230
30140,60334,311,229,230
30141,60336,300,229,230
30142,60338,323,228,231
30143,60340,319,227,229
30144,60342,324,229,231
30145,60344,317,228,232
30146,60346,319,228,232
30147,60348,343,227,230
30148,60350,340,228,229
30149,60352,321,227,231
30150,60354,311,228,231
30151,60356,297,229,232
30152,60358,315,227,231
30153,60360,319,228,230
30154,60362,320,228,232
30155,60364,316,230,231
30156,60366,328,228,230
30157,60368,349,233,233
30158,60370,342,231,234
30159,60372,319,230,232
30160,60374,314,230,231
30161,60376,297,231,232
30162,60378,317,230,231
30163,60380,316,231,232
30164,60382,323,230,233
30165,60384,316,231,232
30166,60386,322,230,233
30167,60388,347,230,230
30168,60390,336,230,234
30169,60392,322,229,233
30170,60394,308,230,230
30171,60396,297,230,230
30172,60398,315,231,232
30173,60400,319,230,228
30174,60402,320,231,231
30175,60404,318,230,230
30176,60406,321,230,232
30177,60408,340,230,234
30178,60410,335,230,232
30179,60412,317,230,230
30180,60414,307,231,231
30181,60416,300,230,231
30182,60418,318,230,230
30183,60420,312,231,231
30184,60422,317,231,231
30185,60424,318,232,230
30186,60426,315,231,231
30187,60428,336,231,232
30188,60430,334,231,231
30189,60432,320,231,231
30190,60434,310,230,231
30191,60436,297,232,231
30192,60438,320,232,229
30193,60440,317,231,232
30194,60442,321,230,232
30195,60444,318,231,230
30196,60446,317,231,231
30197,60448,337,231,232
30198,60450,335,231,231
30199,60452,316,231,233
30200,60454,308,231,231
30201,60456,298,229,231
30202,60458,325,231,232
30203,60460,312,231,232
30204,60462,318,231,231
30205,60464,320,231,233
30206,60466,320,231,232
30207,60468,344,231,231
30208,60470,333,231,232
30209,60472,317,231,231
30210,60474,301,231,231
30211,60476,298,231,232
30212,60478,317,231,232
30213,60480,317,231,231
30214,60482,323,231,232
30215,60484,319,231,231
30216,60486,319,232,233
30217,60488,348,232,232
30218,60490,341,231,232
30219,60492,325,232,233
30220,60494,309,232,232
30221,60496,305,231,232
30222,60498,330,231,230
30223,60500,323,231,232
30224,60502,325,232,231
30225,60504,319,232,231
30226,60506,324,231,230
30227,60508,345,232,231
30228,60510,342,232,232
30229,60512,326,232,232
30230,60514,313,232,231
30231,60516,303,232,230
30232,60518,325,232,234
30233,60520,321,232,232
30234,60522,329,232,228
30235,60524,323,232,228
30236,60526,317,231,228
30237,60528,343,233,229
30238,60530,334,233,227
30239,60532,325,232,229
30240,60534,302,232,228
30241,60536,302,232,228
30242,60538,324,232,227
30243,60540,317,232,229
30244,60542,322,232,227
30245,60544,320,233,228
30246,60546,313,233,229
30247,60548,348,236,229
30248,60550,338,235,230
30249,60552,325,235,229
30250,60554,305,234,230
30251,60556,303,235,228
30252,60558,323,235,229
30253,60560,323,237,229
30254,60562,322,236,228
30255,60564,320,237,228
30256,60566,317,237,227
30257,60568,350,237,227
30258,60570,339,238,227
30259,60572,326,238,228
30260,60574,310,238,228
30261,60576,306,238,227
30262,60578,322,238,226
30263,60580,323,238,227
30264,60582,322,238,227
30265,60584,320,238,226
30266,60586,315,238,227
30267,60588,340,238,228
30268,60590,332,238,228
30269,60592,320,240,227
30270,60594,304,239,228
30271,60596,298,238,229
30272,60598,323,239,228
30273,60600,317,239,228
30274,60602,320,238,229
30275,60604,316,239,229
30276,60606,312,238,228
30277,60608,340,238,228
30278,60610,318,238,229
30279,60612,319,238,229
30280,60614,303,239,228
30281,60616,307,239,228
30282,60618,313,239,229
30283,60620,317,238,228
30284,60622,317,238,227
30285,60624,310,238,228
30286,60626,314,238,229
30287,60628,344,238,230
30288,60630,328,239,231
30289,60632,320,239,230
30290,60634,306,238,230
30291,60636,306,238,231
30292,60638,317,238,230
30293,60640,318,237,230
30294,60642,317,238,230
30295,60644,315,238,229
30296,60646,304,237,227
30297,60648,341,238,233
30298,60650,338,236,230
30299,60652,320,237,229
30300,60654,309,235,228
30301,60656,315,237,228
30302,60658,325,236,228
30303,60660,327,235,227
30304,60662,329,237,229
30305,60664,332,236,228
30306,60666,328,236,228
30307,60668,349,236,228
30308,60670,335,237,229
30309,60672,326,237,228
30310,60674,314,236,227
30311,60676,311,235,228
30312,60678,328,236,226
30313,60680,326,237,227
30314,60682,324,236,228
30315,60684,330,236,228
30316,60686,323,235,227
30317,60688,352,236,228
30318,60690,345,235,226
30319,60692,331,234,228
30320,60694,312,233,227
30321,60696,313,234,227
30322,60698,328,233,225
30323,60700,330,234,226
30324,60702,318,234,225
30325,60704,321,234,227
30326,60706,324,234,228
30327,60708,349,234,226
30328,60710,344,234,226
30329,60712,328,233,227
30330,60714,311,234,225
30331,60716,310,234,226
30332,60718,332,234,226
30333,60720,325,234,226
30334,60722,330,233,226
30335,60724,327,234,226
30336,60726,331,234,224
30337,60728,353,234,225
30338,60730,355,234,227
30339,60732,338,234,226
30340,60734,311,232,226
30341,60736,310,234,226
30342,60738,328,234,227
30343,60740,323,235,226
30344,60742,333,234,225
30345,60744,331,234,226
30346,60746,327,235,225
30347,60748,351,234,225
30348,60750,338,234,226
30349,60752,329,235,227
30350,60754,309,234,226
30351,60756,309,233,225
30352,60758,322,233,226
30353,60760,324,234,227
30354,60762,322,233,225
30355,60764,329,235,227
30356,60766,325,234,226
30357,60768,343,234,227
30358,60770,342,233,226
30359,60772,327,234,225
30360,60774,310,234,225
30361,60776,307,233,226
30362,60778,327,232,225
30363,60780,323,233,226
30364,60782,320,233,228
30365,60784,325,234,226
30366,60786,322,234,227
30367,60788,355,234,228
30368,60790,340,234,227
30369,60792,332,234,227
30370,60794,317,234,226
30371,60796,305,233,225
30372,60798,326,233,228
30373,60800,324,234,227
30374,60802,319,233,226
30375,60804,325,234,227
30376,60806,323,234,225
30377,60808,346,234,228
30378,60810,333,233,228
30379,60812,328,234,227
30380,60814,311,234,226
30381,60816,305,234,226
30382,60818,335,234,227
30383,60820,318,233,225
30384,60822,324,233,226
30385,60824,325,234,227
30386,60826,321,232,226
30387,60828,350,233,228
30388,60830,340,233,227
30389,60832,333,233,228
30390,60834,314,234,228
30391,60836,311,234,226
30392,60838,332,233,230
30393,60840,322,234,229
30394,60842,324,234,228
30395,60844,324,233,229
30396,60846,327,234,233
30397,60848,356,234,230
30398,60850,340,234,232
30399,60852,338,233,230
30400,60854,310,234,229
30401,60856,303,234,229
30402,60858,329,234,231
30403,60860,324,233,229
30404,60862,323,234,228
30405,60864,327,234,229
30406,60866,328,232,227
30407,60868,355,235,228
30408,60870,335,233,226
30409,60872,334,233,229
30410,60874,317,234,228
30411,60876,313,234,228
30412,60878,327,234,230
30413,60880,323,234,228
30414,60882,324,234,227
30415,60884,325,232,228
30416,60886,325,235,229
30417,60888,352,235,229
30418,60890,342,234,230
30419,60892,330,235,232
30420,60894,312,236,229
30421,60896,310,236,227
30422,60898,331,235,229
30423,60900,329,236,230
30424,60902,326,236,232
30425,60904,323,235,235
30426,60906,327,237,233
30427,60908,361,238,233
30428,60910,338,238,233
30429,60912,341,238,233
30430,60914,316,238,234
30431,60916,313,239,234
30432,60918,324,238,233
30433,60920,323,239,235
30434,60922,321,239,235
30435,60924,333,240,234
30436,60926,330,239,236
30437,60928,342,239,234
30438,60930,347,239,237
30439,60932,341,242,239
30440,60934,308,241,236
30441,60936,291,242,238
30442,60938,313,242,237
30443,60940,332,242,232
30444,60942,316,242,235
30445,60944,320,242,234
30446,60946,323,244,235
30447,60948,356,243,233
30448,60950,332,243,234
30449,60952,326,244,234
30450,60954,308,243,232
30451,60956,304,244,232
30452,60958,328,243,235
30453,60960,316,245,233
30454,60962,319,243,233
30455,60964,315,245,232
30456,60966,329,245,230
30457,60968,356,245,233
30458,60970,347,245,234
30459,60972,331,245,232
30460,60974,309,247,232
30461,60976,304,248,230
30462,60978,322,246,232
30463,60980,314,247,232
30464,60982,317,247,232
30465,60984,326,248,232
30466,60986,333,248,233
30467,60988,348,248,234
30468,60990,341,249,232
30469,60992,331,249,234
30470,60994,306,248,231
30471,60996,301,249,233
30472,60998,328,249,232
30473,61000,319,249,233
30474,61002,317,248,231
30475,61004,324,249,232
30476,61006,325,249,232
30477,61008,337,249,233
30478,61010,325,249,232
30479,61012,325,249,233
30480,61014,301,249,231
30481,61016,300,249,232
30482,61018,316,249,232
30483,61020,315,249,233
30484,61022,309,248,232
30485,61024,318,251,233
30486,61026,313,249,234
30487,61028,348,251,234
30488,61030,334,249,234
30489,61032,318,250,234
30490,61034,304,250,233
30491,61036,301,250,232
30492,61038,319,249,233
30493,61040,315,249,233
30494,61042,315,250,234
30495,61044,317,249,234
30496,61046,322,250,234
30497,61048,347,249,234
30498,61050,334,250,232
30499,61052,327,250,233
30500,61054,303,250,235
30501,61056,302,249,234
30502,61058,322,250,235
30503,61060,324,249,236
30504,61062,322,250,236
30505,61064,327,250,237
30506,61066,322,250,235
30507,61068,352,250,237
30508,61070,335,250,236
30509,61072,327,252,236
30510,61074,307,249,234
30511,61076,303,250,236
30512,61078,324,249,235
30513,61080,328,249,235
30514,61082,323,249,235
30515,61084,318,250,238
30516,61086,318,250,236
30517,61088,350,250,237
30518,61090,335,250,237
30519,61092,329,250,235
30520,61094,308,251,235
30521,61096,305,249,236
30522,61098,329,250,236
30523,61100,321,250,237
30524,61102,329,250,235
30525,61104,314,248,235
30526,61106,330,250,236
30527,61108,351,250,235
30528,61110,342,249,235
30529,61112,328,249,236
30530,61114,305,249,236
30531,61116,309,250,236
30532,61118,332,248,234
30533,61120,324,250,236
30534,61122,324,251,237
30535,61124,326,250,241
30536,61126,339,248,236
30537,61128,350,250,238
30538,61130,337,250,237
30539,61132,328,250,237
30540,61134,314,250,236
30541,61136,310,250,236
30542,61138,325,250,238
30543,61140,329,250,237
30544,61142,325,250,236
30545,61144,320,250,236
30546,61146,327,250,237
30547,61148,348,250,236
30548,61150,333,250,238
30549,61152,326,250,237
30550,61154,307,251,236
30551,61156,308,250,236
30552,61158,320,250,237
30553,61160,320,250,237
30554,61162,327,251,236
30555,61164,331,250,238
30556,61166,331,250,236
30557,61168,351,250,237
30558,61170,336,250,236
30559,61172,322,250,237
30560,61174,306,250,236
30561,61176,310,250,238
30562,61178,328,250,237
30563,61180,325,250,237
30564,61182,325,250,237
30565,61184,326,249,236
30566,61186,325,250,237
30567,61188,356,251,238
30568,61190,343,250,237
30569,61192,329,250,243
30570,61194,308,250,238
30571,61196,310,250,237
30572,61198,325,250,236
30573,61200,330,250,236
30574,61202,332,249,237
30575,61204,326,251,237
30576,61206,322,251,237
30577,61208,347,250,237
30578,61210,336,250,237
30579,61212,330,251,238
30580,61214,306,250,236
30581,61216,312,250,237
30582,61218,327,250,236
30583,61220,331,250,236
30584,61222,328,251,237
30585,61224,323,251,237
30586,61226,318,250,236
30587,61228,354,251,238
30588,61230,340,250,238
30589,61232,322,250,237
30590,61234,305,249,235
30591,61236,307,250,235
30592,61238,325,251,238
30593,61240,322,251,237
30594,61242,330,251,235
30595,61244,320,251,237
30596,61246,321,251,237
30597,61248,349,251,237
30598,61250,338,251,236
30599,61252,317,250,236
30600,61254,311,251,235
30601,61256,310,250,235
30602,61258,328,250,235
30603,61260,329,251,235
30604,61262,332,250,235
30605,61264,327,250,234
30606,61266,326,251,234
30607,61268,352,251,235
30608,61270,343,251,234
30609,61272,324,251,233
30610,61274,308,252,233
30611,61276,314,252,235
30612,61278,328,251,235
30613,61280,323,251,231
30614,61282,329,252,232
30615,61284,330,252,234
30616,61286,325,251,233
30617,61288,351,252,234
30618,61290,339,251,233
30619,61292,331,251,233
30620,61294,306,252,232
30621,61296,316,252,233
30622,61298,325,251,233
30623,61300,329,251,233
30624,61302,333,251,233
30625,61304,315,251,233
30626,61306,328,251,233
30627,61308,355,251,234
30628,61310,349,252,234
30629,61312,323,251,234
30630,61314,307,251,232
30631,61316,314,252,234
30632,61318,323,252,235
30633,61320,330,251,232
30634,61322,329,251,233
30635,61324,322,251,234
30636,61326,325,251,234
30637,61328,349,252,237
30638,61330,338,252,235
30639,61332,330,251,234
30640,61334,309,252,234
30641,61336,315,251,233
30642,61338,332,251,233
30643,61340,331,252,233
30644,61342,323,251,232
30645,61344,327,252,233
30646,61346,327,252,233
30647,61348,349,251,233
30648,61350,339,251,233
30649,61352,329,252,232
30650,61354,306,252,232
30651,61356,316,251,234
30652,61358,328,252,234
30653,61360,331,251,233
30654,61362,327,250,232
30655,61364,328,251,233
30656,61366,324,252,234
30657,61368,353,252,234
30658,61370,344,251,234
30659,61372,330,252,231
30660,61374,312,251,232
30661,61376,308,252,234
30662,61378,315,252,235
30663,61380,331,252,234
30664,61382,324,252,233
30665,61384,327,251,235
30666,61386,326,252,233
30667,61388,352,252,234
30668,61390,342,252,233
30669,61392,329,252,234
30670,61394,308,251,233
30671,61396,308,252,233
30672,61398,316,252,232
30673,61400,327,251,232
30674,61402,323,253,234
30675,61404,328,251,233
30676,61406,327,252,233
30677,61408,347,252,233
30678,61410,345,252,234
30679,61412,333,252,233
30680,61414,313,251,231
30681,61416,309,252,230
30682,61418,327,252,233
30683,61420,328,252,233
30684,61422,332,252,231
30685,61424,335,252,233
30686,61426,335,251,232
30687,61428,351,252,233
30688,61430,342,253,233
30689,61432,327,252,233
30690,61434,305,253,232
30691,61436,310,252,232
30692,61438,327,252,232
30693,61440,328,252,230
30694,61442,323,251,232
30695,61444,331,252,231
30696,61446,325,251,231
30697,61448,353,252,231
30698,61450,348,252,232
30699,61452,336,252,231
30700,61454,312,251,231
30701,61456,307,252,231
30702,61458,329,252,231
30703,61460,324,252,231
30704,61462,326,252,231
30705,61464,332,252,232
30706,61466,327,252,231
30707,61468,353,252,233
30708,61470,344,252,232
30709,61472,334,252,232
30710,61474,311,252,231
30711,61476,312,251,233
30712,61478,325,252,231
30713,61480,329,252,230
30714,61482,325,252,231
30715,61484,323,251,231
30716,61486,333,252,231
30717,61488,348,252,232
30718,61490,343,253,231
30719,61492,331,252,231
30720,61494,302,252,230
30721,61496,314,252,231
30722,61498,323,252,228
30723,61500,323,252,231
30724,61502,329,252,232
30725,61504,330,253,233
30726,61506,343,251,231
30727,61508,352,252,233
30728,61510,343,252,233
30729,61512,345,253,231
30730,61514,313,252,231
30731,61516,315,252,231
30732,61518,332,252,231
30733,61520,326,252,228
30734,61522,326,252,229
30735,61524,331,252,230
30736,61526,335,252,229
30737,61528,356,253,231
30738,61530,349,253,232
30739,61532,336,252,230
30740,61534,314,252,231
30741,61536,308,256,230
30742,61538,331,259,231
30743,61540,325,260,230
30744,61542,333,259,231
30745,61544,335,259,231
30746,61546,330,260,229
30747,61548,357,262,232
30748,61550,347,261,230
30749,61552,337,261,230
30750,61554,302,260,230
30751,61556,316,261,230
30752,61558,332,262,230
30753,61560,325,261,230
30754,61562,331,261,229
30755,61564,335,262,229
30756,61566,330,263,229
30757,61568,353,262,227
30758,61570,347,262,230
30759,61572,329,262,229
30760,61574,305,261,229
30761,61576,316,262,232
30762,61578,327,263,232
30763,61580,328,262,231
30764,61582,334,263,230
30765,61584,334,263,235
30766,61586,335,263,232
30767,61588,355,263,235
30768,61590,345,263,232
30769,61592,330,263,231
30770,61594,311,262,231
30771,61596,312,263,231
30772,61598,331,262,231
30773,61600,318,263,231
30774,61602,322,263,232
30775,61604,330,263,233
30776,61606,331,263,232
30777,61608,348,264,232
30778,61610,340,263,231
30779,61612,325,264,230
30780,61614,308,264,231
30781,61616,306,264,231
30782,61618,329,264,227
30783,61620,322,264,231
30784,61622,333,265,231
30785,61624,328,264,230
30786,61626,322,266,229
30787,61628,348,265,231
30788,61630,336,264,227
30789,61632,325,263,229
30790,61634,309,264,229
30791,61636,309,264,228
30792,61638,326,264,230
30793,61640,335,264,231
30794,61642,323,264,232
30795,61644,329,265,232
30796,61646,327,264,231
30797,61648,349,264,231
30798,61650,337,263,231
30799,61652,329,264,231
30800,61654,306,263,233
30801,61656,307,264,231
30802,61658,320,265,231
30803,61660,325,264,233
30804,61662,328,265,233
30805,61664,327,264,234
30806,61666,327,265,233
30807,61668,352,264,233
30808,61670,339,264,234
30809,61672,328,265,233
30810,61674,311,264,232
30811,61676,308,266,233
30812,61678,328,266,232
30813,61680,327,265,232
30814,61682,329,264,231
30815,61684,329,266,231
30816,61686,328,265,231
30817,61688,336,266,232
30818,61690,338,265,234
30819,61692,320,264,232
30820,61694,303,265,232
30821,61696,312,267,233
30822,61698,327,265,232
30823,61700,327,266,234
30824,61702,329,266,233
30825,61704,321,265,232
30826,61706,321,265,233
30827,61708,352,268,235
30828,61710,340,266,232
30829,61712,321,267,234
30830,61714,305,265,232
30831,61716,312,264,234
30832,61718,325,266,234
30833,61720,325,266,233
30834,61722,327,266,233
30835,61724,324,266,234
30836,61726,322,266,233
30837,61728,358,267,235
30838,61730,341,267,230
30839,61732,322,267,234
30840,61734,307,267,234
30841,61736,312,267,235
30842,61738,324,266,234
30843,61740,323,267,235
30844,61742,331,267,235
30845,61744,319,267,235
30846,61746,324,267,233
30847,61748,343,266,236
30848,61750,340,267,235
30849,61752,324,267,235
30850,61754,308,269,234
30851,61756,312,267,235
30852,61758,322,266,234
30853,61760,328,267,233
30854,61762,328,267,234
30855,61764,329,267,236
30856,61766,316,266,234
30857,61768,347,267,235
30858,61770,327,267,233
30859,61772,321,267,235
30860,61774,305,266,236
30861,61776,309,268,234
30862,61778,330,267,238
30863,61780,325,267,235
30864,61782,340,267,236
30865,61784,325,267,234
30866,61786,320,267,234
30867,61788,344,267,234
30868,61790,329,267,234
30869,61792,316,267,232
30870,61794,304,267,233
30871,61796,309,266,233
30872,61798,332,267,234
30873,61800,331,269,234
30874,61802,329,267,234
30875,61804,327,266,234
30876,61806,323,266,234
30877,61808,347,265,230
30878,61810,333,266,234
30879,61812,328,267,234
30880,61814,310,266,233
30881,61816,315,266,233
30882,61818,322,266,232
30883,61820,330,266,234
30884,61822,325,266,234
30885,61824,322,266,238
30886,61826,326,264,236
30887,61828,347,263,234
30888,61830,334,262,233
30889,61832,329,262,232
30890,61834,314,261,232
30891,61836,311,262,230
30892,61838,322,263,231
30893,61840,331,262,229
30894,61842,324,262,227
30895,61844,324,262,228
30896,61846,320,263,227
30897,61848,345,262,226
30898,61850,328,262,227
30899,61852,323,262,225
30900,61854,307,261,223
30901,61856,315,260,223
30902,61858,322,258,223
30903,61860,324,258,223
30904,61862,327,258,225
30905,61864,325,259,225
30906,61866,325,259,225
30907,61868,343,258,224
30908,61870,337,258,224
30909,61872,323,258,225
30910,61874,308,258,223
30911,61876,315,257,223
30912,61878,327,257,222
30913,61880,323,258,222
30914,61882,330,253,222
30915,61884,326,252,222
30916,61886,321,252,222
30917,61888,359,252,220
30918,61890,331,252,221
30919,61892,318,252,218
30920,61894,307,252,217
30921,61896,318,252,216
30922,61898,324,253,218
30923,61900,327,253,219
30924,61902,331,253,218
30925,61904,323,252,217
30926,61906,319,252,218
30927,61908,349,253,220
30928,61910,333,252,219
30929,61912,322,253,219
30930,61914,310,252,217
30931,61916,318,253,218
30932,61918,328,253,220
30933,61920,332,253,218
30934,61922,331,253,218
30935,61924,322,252,218
30936,61926,319,252,217
30937,61928,343,252,218
30938,61930,335,250,218
30939,61932,323,253,217
30940,61934,311,252,218
30941,61936,320,253,219
30942,61938,330,253,219
30943,61940,330,252,217
30944,61942,333,252,220
30945,61944,327,252,218
30946,61946,324,252,217
30947,61948,344,252,217
30948,61950,337,252,218
30949,61952,325,252,216
30950,61954,309,252,216
30951,61956,316,252,217
30952,61958,331,252,217
30953,61960,332,252,218
30954,61962,329,252,218
30955,61964,324,252,217
30956,61966,325,252,217
30957,61968,349,253,220
30958,61970,335,252,219
30959,61972,337,253,217
30960,61974,311,252,216
30961,61976,319,252,216
30962,61978,327,253,217
30963,61980,332,252,216
30964,61982,328,252,219
30965,61984,323,252,218
30966,61986,322,252,217
30967,61988,346,252,216
30968,61990,340,251,217
30969,61992,329,253,218
30970,61994,312,252,216
30971,61996,317,252,216
30972,61998,328,252,215
30973,62000,338,252,215
30974,62002,336,252,215
30975,62004,330,253,216
30976,62006,322,252,217
30977,62008,347,252,216
30978,62010,328,253,216
30979,62012,330,253,216
30980,62014,304,253,215
30981,62016,325,252,215
30982,62018,330,252,215
30983,62020,327,253,214
30984,62022,327,252,215
30985,62024,335,251,216
30986,62026,330,252,218
30987,62028,346,252,215
30988,62030,328,252,218
30989,62032,332,252,218
30990,62034,307,252,215
30991,62036,321,252,214
30992,62038,330,252,215
30993,62040,328,253,214
30994,62042,327,253,215
30995,62044,335,253,214
30996,62046,322,253,215
30997,62048,347,251,215
30998,62050,338,253,214
30999,62052,328,253,214
31000,62054,308,252,214
31001,62056,320,252,216
31002,62058,323,252,213
31003,62060,326,251,213
31004,62062,329,252,214
31005,62064,329,251,214
31006,62066,324,251,215
31007,62068,346,251,214
31008,62070,335,252,215
31009,62072,330,250,216
31010,62074,312,250,213
31011,62076,316,251,213
31012,62078,329,251,212
31013,62080,330,251,214
31014,62082,316,252,214
31015,62084,326,253,215
31016,62086,327,251,213
31017,62088,345,252,215
31018,62090,350,251,211
31019,62092,333,251,216
31020,62094,315,250,211
31021,62096,315,252,213
31022,62098,335,250,210
31023,62100,325,251,212
31024,62102,321,251,216
31025,62104,325,252,215
31026,62106,325,251,214
31027,62108,337,252,214
31028,62110,335,251,214
31029,62112,329,252,216
31030,62114,306,251,213
31031,62116,314,251,214
31032,62118,325,251,214
31033,62120,320,251,213
31034,62122,329,251,214
31035,62124,331,252,216
31036,62126,322,251,215
31037,62128,343,251,216
31038,62130,327,252,215
31039,62132,324,251,214
31040,62134,303,250,214
31041,62136,312,251,215
31042,62138,316,251,213
31043,62140,314,251,214
31044,62142,324,251,214
31045,62144,325,251,215
31046,62146,322,251,214
31047,62148,341,251,214
31048,62150,336,251,214
31049,62152,329,251,214
31050,62154,311,250,216
31051,62156,313,251,216
31052,62158,317,251,215
31053,62160,307,251,216
31054,62162,326,251,217
31055,62164,325,251,216
31056,62166,328,251,216
31057,62168,345,252,218
31058,62170,333,251,216
31059,62172,324,251,219
31060,62174,302,251,216
31061,62176,311,251,217
31062,62178,326,251,219
31063,62180,325,251,217
31064,62182,322,251,217
31065,62184,336,251,218
31066,62186,329,251,217
31067,62188,344,251,217
31068,62190,330,253,216
31069,62192,331,252,219
31070,62194,299,251,213
31071,62196,314,251,217
31072,62198,327,251,215
31073,62200,313,252,218
31074,62202,327,251,220
31075,62204,324,251,218
31076,62206,329,251,216
31077,62208,343,252,218
31078,62210,337,251,218
31079,62212,326,250,218
31080,62214,305,251,218
31081,62216,309,251,217
31082,62218,324,251,221
31083,62220,320,250,219
31084,62222,320,251,220
31085,62224,318,252,219
31086,62226,334,251,217
31087,62228,349,252,219
31088,62230,335,251,219
31089,62232,322,251,217
31090,62234,301,251,218
