sample_id,time_ms,fsr1,fsr2,fsr3
976,2006,180,143,154
977,2008,181,144,155
978,2010,227,143,150
979,2012,215,143,148
980,2014,206,143,148
981,2016,163,143,152
982,2018,164,143,154
983,2020,198,143,154
984,2022,190,143,154
985,2024,186,143,155
986,2026,189,144,154
987,2028,194,144,155
988,2030,224,144,156
989,2032,219,145,157
990,2034,196,143,157
991,2036,196,145,157
992,2038,173,146,162
993,2040,204,145,165
994,2042,192,146,168
995,2044,192,147,169
996,2046,198,147,170
997,2048,199,147,171
998,2050,228,148,171
999,2052,205,150,171
1000,2054,204,147,174
1001,2056,181,148,177
1002,2058,186,148,177
1003,2060,227,148,179
1004,2062,211,148,180
1005,2064,204,149,182
1006,2066,193,149,181
1007,2068,198,148,183
1008,2070,236,149,185
1009,2072,209,149,185
1010,2074,210,150,185
1011,2076,177,150,188
1012,2078,171,151,186
1013,2080,197,155,188
1014,2082,216,156,187
1015,2084,201,156,189
1016,2086,206,157,190
1017,2088,208,157,196
1018,2090,248,159,196
1019,2092,227,160,198
1020,2094,207,159,198
1021,2096,191,159,198
1022,2098,198,160,198
1023,2100,235,160,199
1024,2102,224,161,199
1025,2104,219,161,196
1026,2106,230,160,195
1027,2108,231,162,195
1028,2110,264,160,196
1029,2112,243,161,197
1030,2114,210,159,197
1031,2116,222,188,224
1032,2118,246,188,224
1033,2120,222,188,223
1034,2122,237,189,223
1035,2124,249,189,220
1036,2126,240,189,225
1037,2128,245,189,222
1038,2130,272,189,219
1039,2132,256,190,220
1040,2134,256,190,221
1041,2136,228,189,224
1042,2138,219,190,223
1043,2140,247,191,224
1044,2142,258,190,223
1045,2144,240,190,223
1046,2146,250,189,223
1047,2148,251,190,223
1048,2150,279,190,224
1049,2152,279,190,224
1050,2154,265,191,223
1051,2156,236,190,223
1052,2158,231,191,224
1053,2160,273,191,224
1054,2162,261,191,224
1055,2164,273,192,224
1056,2166,279,192,223
1057,2168,269,192,225
1058,2170,289,191,228
1059,2172,280,192,225
1060,2174,260,191,226
1061,2176,241,192,226
1062,2178,239,192,226
1063,2180,261,192,227
1064,2182,259,193,226
1065,2184,263,192,227
1066,2186,275,192,228
1067,2188,261,192,226
1068,2190,285,192,229
1069,2192,270,192,226
1070,2194,241,192,227
1071,2196,219,191,226
1072,2198,220,191,226
1073,2200,246,190,226
1074,2202,229,192,227
1075,2204,238,192,226
1076,2206,234,191,226
1077,2208,255,191,226
1078,2210,328,192,226
1079,2212,334,193,226
1080,2214,316,194,227
1081,2216,238,192,226
1082,2218,220,193,226
1083,2220,292,192,227
1084,2222,284,193,226
1085,2224,314,192,227
1086,2226,308,193,228
1087,2228,322,193,227
1088,2230,325,193,226
1089,2232,320,193,227
1090,2234,313,193,226
1091,2236,297,193,227
1092,2238,266,192,227
1093,2240,312,192,225
1094,2242,308,194,227
1095,2244,289,194,229
1096,2246,311,193,226
1097,2248,297,193,227
1098,2250,318,194,228
1099,2252,307,193,228
1100,2254,317,193,226
1101,2256,244,193,228
1102,2258,271,193,227
1103,2260,283,192,227
1104,2262,257,194,226
1105,2264,260,194,225
1106,2266,285,194,227
1107,2268,257,194,226
1108,2270,304,194,226
1109,2272,259,193,227
1110,2274,245,194,227
1111,2276,261,194,228
1112,2278,256,194,226
1113,2280,279,194,227
1114,2282,266,194,226
1115,2284,278,194,226
1116,2286,288,194,226
1117,2288,286,192,226
1118,2290,314,193,225
1119,2292,300,193,225
1120,2294,274,190,226
1121,2296,254,190,226
1122,2298,253,190,224
1123,2300,280,188,226
1124,2302,294,187,224
1125,2304,283,182,225
1126,2306,267,183,224
1127,2308,275,183,223
1128,2310,305,183,223
1129,2312,283,182,221
1130,2314,271,183,222
1131,2316,261,183,222
1132,2318,246,183,221
1133,2320,270,183,222
1134,2322,271,183,221
1135,2324,275,183,222
1136,2326,273,182,223
1137,2328,268,184,222
1138,2330,304,183,220
1139,2332,287,183,219
1140,2334,273,182,217
1141,2336,250,181,218
1142,2338,248,180,216
1143,2340,267,181,217
1144,2342,280,180,218
1145,2344,276,179,216
1146,2346,268,179,217
1147,2348,277,178,216
1148,2350,308,179,214
1149,2352,284,178,215
1150,2354,288,177,214
1151,2356,264,177,213
1152,2358,253,178,214
1153,2360,285,177,214
1154,2362,271,177,213
1155,2364,292,177,213
1156,2366,277,176,209
1157,2368,277,176,208
1158,2370,314,175,207
1159,2372,280,175,205
1160,2374,271,174,204
1161,2376,237,173,201
1162,2378,241,173,200
1163,2380,289,174,198
1164,2382,286,173,198
1165,2384,293,172,197
1166,2386,294,172,194
1167,2388,278,169,193
1168,2390,315,163,177
1169,2392,275,163,178
1170,2394,272,163,178
1171,2396,251,161,177
1172,2398,251,161,176
1173,2400,272,162,176
1174,2402,265,161,176
1175,2404,277,162,177
1176,2406,269,161,178
1177,2408,277,161,177
1178,2410,315,161,176
1179,2412,278,161,177
1180,2414,281,161,176
1181,2416,262,161,177
1182,2418,246,161,177
1183,2420,274,160,177
1184,2422,280,162,176
1185,2424,283,161,176
1186,2426,257,162,176
1187,2428,266,161,175
1188,2430,311,161,177
1189,2432,280,160,176
1190,2434,271,160,175
1191,2436,222,159,176
1192,2438,235,158,175
1193,2440,270,159,175
1194,2442,274,159,177
1195,2444,271,159,175
1196,2446,273,158,176
1197,2448,279,159,173
1198,2450,273,159,174
1199,2452,276,159,177
1200,2454,270,158,176
1201,2456,260,158,176
1202,2458,255,157,174
1203,2460,272,158,176
1204,2462,287,157,174
1205,2464,260,157,177
1206,2466,268,157,176
1207,2468,255,157,176
1208,2470,301,157,176
1209,2472,273,157,176
1210,2474,286,156,177
1211,2476,258,156,175
1212,2478,262,156,176
1213,2480,277,156,176
1214,2482,283,155,176
1215,2484,288,156,176
1216,2486,264,155,176
1217,2488,268,155,177
1218,2490,305,155,177
1219,2492,294,156,176
1220,2494,282,155,176
1221,2496,250,156,175
1222,2498,226,156,174
1223,2500,272,155,177
1224,2502,271,154,176
1225,2504,256,155,176
1226,2506,276,155,178
1227,2508,240,155,177
1228,2510,297,155,175
1229,2512,280,154,178
1230,2514,278,154,179
1231,2516,261,154,181
1232,2518,265,153,180
1233,2520,257,153,181
1234,2522,247,154,181
1235,2524,245,154,182
1236,2526,234,154,183
1237,2528,232,155,181
1238,2530,290,155,184
1239,2532,238,154,184
1240,2534,241,154,184
1241,2536,221,154,183
1242,2538,218,153,182
1243,2540,239,151,183
1244,2542,236,151,186
1245,2544,228,153,183
1246,2546,237,153,182
1247,2548,230,154,186
1248,2550,249,153,188
1249,2552,242,154,186
1250,2554,236,154,183
1251,2556,195,154,185
1252,2558,210,154,183
1253,2560,226,154,184
1254,2562,238,154,184
1255,2564,223,155,186
1256,2566,216,155,184
1257,2568,210,155,184
1258,2570,253,154,182
1259,2572,238,155,183
1260,2574,225,154,185
1261,2576,208,154,187
1262,2578,221,154,178
1263,2580,242,154,178
1264,2582,228,154,176
1265,2584,229,153,176
1266,2586,245,153,173
1267,2588,225,152,175
1268,2590,259,153,173
1269,2592,261,152,173
1270,2594,240,151,173
1271,2596,217,151,169
1272,2598,223,152,172
1273,2600,237,152,173
1274,2602,255,152,172
1275,2604,243,153,175
1276,2606,244,153,174
1277,2608,219,153,173
1278,2610,270,152,174
1279,2612,257,155,175
1280,2614,262,153,173
1281,2616,238,151,170
1282,2618,228,152,171
1283,2620,255,150,170
1284,2622,260,151,171
1285,2624,248,151,170
1286,2626,230,150,169
1287,2628,232,151,171
1288,2630,279,149,171
1289,2632,257,151,169
1290,2634,260,154,170
1291,2636,237,151,171
1292,2638,223,151,169
1293,2640,242,151,170
1294,2642,260,152,172
1295,2644,250,150,170
1296,2646,248,151,172
1297,2648,254,151,170
1298,2650,288,150,171
1299,2652,240,151,170
1300,2654,253,150,171
1301,2656,236,149,173
1302,2658,231,151,171
1303,2660,254,149,170
1304,2662,259,149,169
1305,2664,266,150,168
1306,2666,261,149,173
1307,2668,246,149,171
1308,2670,269,150,171
1309,2672,272,147,169
1310,2674,258,149,171
1311,2676,233,146,170
1312,2678,224,148,170
1313,2680,249,148,170
1314,2682,244,149,170
1315,2684,251,149,171
1316,2686,245,148,170
1317,2688,250,148,172
1318,2690,267,149,170
1319,2692,271,148,171
1320,2694,259,149,172
1321,2696,238,148,172
1322,2698,227,149,172
1323,2700,223,150,169
1324,2702,244,149,170
1325,2704,243,149,171
1326,2706,251,149,170
1327,2708,253,149,169
1328,2710,263,149,169
1329,2712,269,150,170
1330,2714,247,149,169
1331,2716,233,150,172
1332,2718,221,149,171
1333,2720,253,148,171
1334,2722,250,150,171
1335,2724,244,149,171
1336,2726,250,149,171
1337,2728,248,148,172
1338,2730,282,150,173
1339,2732,261,150,171
1340,2734,258,149,174
1341,2736,225,149,170
1342,2738,240,149,173
1343,2740,251,150,171
1344,2742,245,150,173
1345,2744,245,150,172
1346,2746,270,149,173
1347,2748,262,150,170
1348,2750,287,150,172
1349,2752,267,150,171
1350,2754,260,151,173
1351,2756,234,149,171
1352,2758,233,150,171
1353,2760,249,150,171
1354,2762,234,149,173
1355,2764,240,150,173
1356,2766,244,150,173
1357,2768,248,150,174
1358,2770,268,150,174
1359,2772,262,150,175
1360,2774,251,150,176
1361,2776,238,150,176
1362,2778,229,151,174
1363,2780,246,150,172
1364,2782,248,151,177
1365,2784,251,152,175
1366,2786,245,150,175
1367,2788,256,151,172
1368,2790,275,150,174
1369,2792,262,150,172
1370,2794,246,150,173
1371,2796,219,150,175
1372,2798,223,150,175
1373,2800,257,151,174
1374,2802,248,150,174
1375,2804,249,150,174
1376,2806,238,150,174
1377,2808,257,149,174
1378,2810,274,148,174
1379,2812,262,148,174
1380,2814,255,150,174
1381,2816,228,151,174
1382,2818,239,149,175
1383,2820,249,150,175
1384,2822,246,149,174
1385,2824,240,149,173
1386,2826,241,148,173
1387,2828,211,149,173
1388,2830,265,148,174
1389,2832,253,148,175
1390,2834,240,148,174
1391,2836,214,148,174
1392,2838,229,148,175
1393,2840,241,148,175
1394,2842,240,147,174
1395,2844,238,147,172
1396,2846,251,148,173
1397,2848,255,148,177
1398,2850,269,147,173
1399,2852,247,148,173
1400,2854,212,147,169
1401,2856,225,148,173
1402,2858,229,147,174
1403,2860,247,148,169
1404,2862,244,147,167
1405,2864,238,147,165
1406,2866,230,148,167
1407,2868,228,147,165
1408,2870,219,147,166
1409,2872,225,149,165
1410,2874,215,147,165
1411,2876,192,148,165
1412,2878,215,148,164
1413,2880,220,148,164
1414,2882,230,148,162
1415,2884,240,148,162
1416,2886,245,148,163
1417,2888,246,148,163
1418,2890,242,147,171
1419,2892,242,149,170
1420,2894,238,149,169
1421,2896,205,148,171
1422,2898,223,148,170
1423,2900,245,149,170
1424,2902,256,149,172
1425,2904,252,149,173
1426,2906,253,149,174
1427,2908,254,148,171
1428,2910,263,148,170
1429,2912,255,149,171
1430,2914,233,149,171
1431,2916,220,148,170
1432,2918,222,149,173
1433,2920,228,148,173
1434,2922,217,149,172
1435,2924,239,149,171
1436,2926,246,149,169
1437,2928,224,148,171
1438,2930,261,148,173
1439,2932,252,149,173
1440,2934,219,149,175
1441,2936,214,147,175
1442,2938,219,148,174
1443,2940,216,147,174
1444,2942,214,147,174
1445,2944,228,148,174
1446,2946,244,147,173
1447,2948,246,148,176
1448,2950,272,148,175
1449,2952,255,147,174
1450,2954,236,146,175
1451,2956,227,147,172
1452,2958,221,147,179
1453,2960,221,147,177
1454,2962,223,149,177
1455,2964,229,149,175
1456,2966,221,147,177
1457,2968,224,149,177
1458,2970,266,148,177
1459,2972,255,149,177
1460,2974,236,148,179
1461,2976,218,149,177
1462,2978,214,149,179
1463,2980,231,148,180
1464,2982,231,150,181
1465,2984,231,150,181
1466,2986,244,150,181
1467,2988,229,149,180
1468,2990,266,149,180
1469,2992,248,149,181
1470,2994,236,149,183
1471,2996,224,149,182
1472,2998,211,149,181
1473,3000,241,149,183
1474,3002,238,151,183
1475,3004,236,149,183
1476,3006,244,149,183
1477,3008,235,150,181
1478,3010,248,149,184
1479,3012,253,150,184
1480,3014,243,149,185
1481,3016,222,150,184
1482,3018,213,149,184
1483,3020,233,150,183
1484,3022,245,149,185
1485,3024,245,150,184
1486,3026,244,150,185
1487,3028,247,149,182
1488,3030,267,149,184
1489,3032,260,149,183
1490,3034,236,149,183
1491,3036,216,149,185
1492,3038,223,149,183
1493,3040,240,150,183
1494,3042,242,149,184
1495,3044,241,148,184
1496,3046,239,149,182
1497,3048,242,149,183
1498,3050,281,148,184
1499,3052,257,149,182
1500,3054,238,149,184
1501,3056,228,150,182
1502,3058,217,150,183
1503,3060,237,150,183
1504,3062,242,150,182
1505,3064,238,149,183
1506,3066,241,149,184
1507,3068,239,149,183
1508,3070,274,148,186
1509,3072,243,149,183
1510,3074,235,149,184
1511,3076,228,148,183
1512,3078,233,149,184
1513,3080,248,150,185
1514,3082,252,149,184
1515,3084,240,148,184
1516,3086,248,148,185
1517,3088,240,149,184
1518,3090,272,150,183
1519,3092,255,150,184
1520,3094,241,151,184
1521,3096,220,148,185
1522,3098,226,150,182
1523,3100,244,149,183
1524,3102,250,148,183
1525,3104,240,147,183
1526,3106,253,148,185
1527,3108,242,146,185
1528,3110,268,146,185
1529,3112,252,148,184
1530,3114,234,147,183
1531,3116,218,147,183
1532,3118,229,148,182
1533,3120,239,148,183
1534,3122,240,147,184
1535,3124,240,148,184
1536,3126,241,147,183
1537,3128,240,147,183
1538,3130,272,148,183
1539,3132,249,148,185
1540,3134,235,149,183
1541,3136,227,148,185
1542,3138,224,147,185
1543,3140,247,147,185
1544,3142,240,147,185
1545,3144,241,147,185
1546,3146,259,147,185
1547,3148,227,147,185
1548,3150,269,146,184
1549,3152,248,147,186
1550,3154,236,147,185
1551,3156,215,147,183
1552,3158,231,147,183
1553,3160,246,146,183
1554,3162,250,147,185
1555,3164,249,146,185
1556,3166,245,146,184
1557,3168,234,146,184
1558,3170,279,147,183
1559,3172,248,147,184
1560,3174,244,147,184
1561,3176,232,146,184
1562,3178,237,146,182
1563,3180,252,146,182
1564,3182,253,146,183
1565,3184,247,145,182
1566,3186,244,146,181
1567,3188,230,146,182
1568,3190,249,144,184
1569,3192,230,145,184
1570,3194,248,145,183
1571,3196,223,144,182
1572,3198,240,144,182
1573,3200,244,144,182
1574,3202,249,143,183
1575,3204,247,143,182
1576,3206,236,144,183
1577,3208,246,144,183
1578,3210,253,144,183
1579,3212,246,144,183
1580,3214,248,146,182
1581,3216,231,143,185
1582,3218,236,144,183
1583,3220,245,143,184
1584,3222,245,144,184
1585,3224,262,143,182
1586,3226,243,143,182
1587,3228,239,143,182
1588,3230,268,142,183
1589,3232,253,143,182
1590,3234,262,144,183
1591,3236,227,143,184
1592,3238,235,143,184
1593,3240,250,144,184
1594,3242,258,143,184
1595,3244,242,142,186
1596,3246,236,143,183
1597,3248,249,143,184
1598,3250,286,143,183
1599,3252,254,144,185
1600,3254,241,144,184
1601,3256,225,144,183
1602,3258,237,143,187
1603,3260,253,142,182
1604,3262,251,143,180
1605,3264,250,143,183
1606,3266,253,143,184
1607,3268,245,142,183
1608,3270,278,142,181
1609,3272,265,143,180
1610,3274,243,142,183
1611,3276,225,142,182
1612,3278,234,142,180
1613,3280,238,142,179
1614,3282,254,143,182
1615,3284,261,142,182
1616,3286,256,143,182
1617,3288,252,142,181
1618,3290,275,143,182
1619,3292,262,142,182
1620,3294,256,142,181
1621,3296,218,141,178
1622,3298,229,141,177
1623,3300,245,139,182
1624,3302,245,140,181
1625,3304,240,140,182
1626,3306,251,139,181
1627,3308,250,140,182
1628,3310,275,141,183
1629,3312,248,140,183
1630,3314,250,139,178
1631,3316,225,139,182
1632,3318,227,140,180
1633,3320,254,139,178
1634,3322,246,138,179
1635,3324,244,139,179
1636,3326,250,139,177
1637,3328,250,139,181
1638,3330,271,138,179
1639,3332,256,139,181
1640,3334,247,139,179
1641,3336,219,139,179
1642,3338,232,139,175
1643,3340,231,139,174
1644,3342,239,139,176
1645,3344,241,137,177
1646,3346,243,139,175
1647,3348,246,139,175
1648,3350,266,136,176
1649,3352,254,138,177
1650,3354,239,138,175
1651,3356,223,138,177
1652,3358,232,138,175
1653,3360,252,138,175
1654,3362,255,136,177
1655,3364,253,137,177
1656,3366,240,137,176
1657,3368,242,138,176
1658,3370,268,137,176
1659,3372,247,137,176
1660,3374,237,139,169
1661,3376,212,137,174
1662,3378,233,137,176
1663,3380,228,136,176
1664,3382,232,136,175
1665,3384,231,135,175
1666,3386,237,135,175
1667,3388,233,137,174
1668,3390,257,137,175
1669,3392,249,137,176
1670,3394,248,137,179
1671,3396,216,137,174
1672,3398,230,137,177
1673,3400,241,137,175
1674,3402,233,136,175
1675,3404,238,136,175
1676,3406,263,135,174
1677,3408,240,136,174
1678,3410,269,135,174
1679,3412,247,135,175
1680,3414,243,135,174
1681,3416,197,136,174
1682,3418,217,135,175
1683,3420,238,135,177
1684,3422,232,135,174
1685,3424,239,136,177
1686,3426,251,135,175
1687,3428,236,135,173
1688,3430,264,135,175
1689,3432,248,135,172
1690,3434,234,136,174
1691,3436,209,136,176
1692,3438,219,135,174
1693,3440,235,134,174
1694,3442,237,136,177
1695,3444,236,135,175
1696,3446,238,135,176
1697,3448,226,135,175
1698,3450,261,136,176
1699,3452,238,136,175
1700,3454,235,135,178
1701,3456,212,135,175
1702,3458,226,136,176
1703,3460,242,136,176
1704,3462,239,137,178
1705,3464,239,136,178
1706,3466,238,136,178
1707,3468,250,136,177
1708,3470,257,136,176
1709,3472,241,136,176
1710,3474,243,136,178
1711,3476,197,135,178
1712,3478,225,136,176
1713,3480,239,136,176
1714,3482,235,136,177
1715,3484,256,136,179
1716,3486,234,136,175
1717,3488,241,136,177
1718,3490,262,137,175
1719,3492,233,137,178
1720,3494,232,136,178
1721,3496,212,137,177
1722,3498,224,137,178
1723,3500,240,137,175
1724,3502,234,137,177
1725,3504,237,137,177
1726,3506,238,137,177
1727,3508,244,137,176
1728,3510,261,138,178
1729,3512,248,137,176
1730,3514,233,137,176
1731,3516,209,138,176
1732,3518,221,137,176
1733,3520,230,138,177
1734,3522,223,136,176
1735,3524,249,137,174
1736,3526,239,137,175
1737,3528,236,138,176
1738,3530,244,136,177
1739,3532,248,136,177
1740,3534,235,137,178
1741,3536,205,138,177
1742,3538,216,137,176
1743,3540,233,136,177
1744,3542,233,138,177
1745,3544,239,137,176
1746,3546,222,136,176
1747,3548,235,137,177
1748,3550,254,137,175
1749,3552,247,137,178
1750,3554,223,138,176
1751,3556,205,136,176
1752,3558,219,137,178
1753,3560,236,137,177
1754,3562,241,139,178
1755,3564,236,136,178
1756,3566,231,138,175
1757,3568,245,137,176
1758,3570,266,138,178
1759,3572,245,137,176
1760,3574,230,137,177
1761,3576,206,138,176
1762,3578,225,137,177
1763,3580,243,135,175
1764,3582,232,137,177
1765,3584,232,137,177
1766,3586,240,136,175
1767,3588,240,137,175
1768,3590,247,137,175
1769,3592,243,137,176
1770,3594,234,136,176
1771,3596,229,137,176
1772,3598,220,137,175
1773,3600,232,136,175
1774,3602,239,138,176
1775,3604,230,137,176
1776,3606,237,137,176
1777,3608,228,137,176
1778,3610,244,137,176
1779,3612,254,137,175
1780,3614,219,137,175
1781,3616,206,137,173
1782,3618,213,137,173
1783,3620,236,137,174
1784,3622,227,136,174
1785,3624,232,137,173
1786,3626,237,136,171
1787,3628,236,136,173
1788,3630,250,136,173
1789,3632,230,136,173
1790,3634,229,136,172
1791,3636,205,136,174
1792,3638,223,136,172
1793,3640,237,136,174
1794,3642,237,136,172
1795,3644,231,135,171
1796,3646,239,135,172
1797,3648,245,136,171
1798,3650,241,135,173
1799,3652,240,135,172
1800,3654,247,136,173
1801,3656,218,136,173
1802,3658,224,136,175
1803,3660,244,136,177
1804,3662,239,136,175
1805,3664,229,136,177
1806,3666,221,137,177
1807,3668,231,137,177
1808,3670,252,137,177
1809,3672,211,137,179
1810,3674,203,137,178
1811,3676,203,136,179
1812,3678,212,137,179
1813,3680,222,138,178
1814,3682,234,138,180
1815,3684,232,138,181
1816,3686,224,138,181
1817,3688,235,138,180
1818,3690,242,138,179
1819,3692,228,136,179
1820,3694,225,138,182
1821,3696,196,138,179
1822,3698,214,138,181
1823,3700,229,138,182
1824,3702,230,137,178
1825,3704,226,138,181
1826,3706,247,138,178
1827,3708,232,138,179
1828,3710,241,137,179
1829,3712,235,139,179
1830,3714,228,137,178
1831,3716,208,138,176
1832,3718,237,137,177
1833,3720,240,139,177
1834,3722,234,138,175
1835,3724,227,138,175
1836,3726,235,138,176
1837,3728,243,138,176
1838,3730,236,138,177
1839,3732,237,138,177
1840,3734,231,138,177
1841,3736,231,138,175
1842,3738,232,138,176
1843,3740,247,138,176
1844,3742,244,139,174
1845,3744,237,138,175
1846,3746,238,138,174
1847,3748,244,139,174
1848,3750,254,139,172
1849,3752,234,138,174
1850,3754,232,138,171
1851,3756,233,138,171
1852,3758,232,139,171
1853,3760,236,139,173
1854,3762,236,138,174
1855,3764,234,138,170
1856,3766,233,139,172
1857,3768,244,138,172
1858,3770,251,138,171
1859,3772,239,139,170
1860,3774,227,138,170
1861,3776,228,138,171
1862,3778,230,138,171
1863,3780,235,138,170
1864,3782,244,139,170
1865,3784,240,138,170
1866,3786,234,138,170
1867,3788,243,139,170
1868,3790,248,138,171
1869,3792,221,138,170
1870,3794,228,139,170
1871,3796,216,139,171
1872,3798,228,139,169
1873,3800,231,139,170
1874,3802,237,139,170
1875,3804,241,139,172
1876,3806,223,140,171
1877,3808,230,139,170
1878,3810,242,140,172
1879,3812,231,138,171
1880,3814,219,139,170
1881,3816,203,139,169
1882,3818,224,138,170
1883,3820,220,139,170
1884,3822,220,138,170
1885,3824,227,138,168
1886,3826,222,139,168
1887,3828,222,138,169
1888,3830,238,139,168
1889,3832,221,138,170
1890,3834,221,139,170
1891,3836,209,139,170
1892,3838,221,138,171
1893,3840,233,138,172
1894,3842,226,138,169
1895,3844,224,140,171
1896,3846,222,140,167
1897,3848,232,139,170
1898,3850,246,140,169
1899,3852,228,139,168
1900,3854,229,140,168
1901,3856,215,140,166
1902,3858,225,139,167
1903,3860,230,139,165
1904,3862,239,139,166
1905,3864,227,139,166
1906,3866,223,139,167
1907,3868,234,139,167
1908,3870,231,139,168
1909,3872,227,139,168
1910,3874,216,139,167
1911,3876,195,139,168
1912,3878,217,139,167
1913,3880,225,140,167
1914,3882,218,139,167
1915,3884,221,140,168
1916,3886,203,139,168
1917,3888,222,139,170
1918,3890,228,139,171
1919,3892,214,139,171
1920,3894,218,140,169
1921,3896,193,139,171
1922,3898,208,139,169
1923,3900,219,140,167
1924,3902,226,139,170
1925,3904,213,139,169
1926,3906,214,139,169
1927,3908,238,139,169
1928,3910,230,139,166
1929,3912,209,140,166
1930,3914,203,138,167
1931,3916,193,138,163
1932,3918,199,138,165
1933,3920,209,139,164
1934,3922,211,139,163
1935,3924,200,140,166
1936,3926,229,139,164
1937,3928,249,139,165
1938,3930,243,139,164
1939,3932,230,140,165
1940,3934,233,139,163
1941,3936,224,139,165
1942,3938,229,140,167
1943,3940,236,139,166
1944,3942,231,139,165
1945,3944,237,139,173
1946,3946,241,140,168
1947,3948,249,139,163
1948,3950,235,140,166
1949,3952,242,140,168
1950,3954,226,140,168
1951,3956,208,140,168
1952,3958,231,139,169
1953,3960,235,140,168
1954,3962,234,139,168
1955,3964,235,140,167
1956,3966,227,139,169
1957,3968,243,140,169
1958,3970,241,140,168
1959,3972,219,139,169
1960,3974,214,140,168
1961,3976,207,140,170
1962,3978,221,139,168
1963,3980,245,140,167
1964,3982,225,140,168
1965,3984,232,140,169
1966,3986,217,140,166
1967,3988,253,141,167
1968,3990,243,140,168
1969,3992,225,139,168
1970,3994,225,140,167
1971,3996,204,140,166
1972,3998,217,140,165
1973,4000,230,141,167
1974,4002,234,140,169
1975,4004,237,141,168
1976,4006,230,139,166
1977,4008,252,141,167
1978,4010,245,140,168
1979,4012,230,141,167
1980,4014,222,140,166
1981,4016,213,140,167
1982,4018,225,140,166
1983,4020,235,141,167
1984,4022,232,140,167
1985,4024,225,140,166
1986,4026,233,140,166
1987,4028,247,141,166
1988,4030,238,141,167
1989,4032,220,140,166
1990,4034,221,140,166
1991,4036,209,138,165
1992,4038,223,142,165
1993,4040,231,140,166
1994,4042,224,138,165
1995,4044,228,140,164
1996,4046,224,140,165
1997,4048,247,141,166
1998,4050,237,140,167
1999,4052,215,139,167
2000,4054,222,140,167
2001,4056,213,140,165
2002,4058,216,140,165
2003,4060,226,143,164
2004,4062,225,141,167
2005,4064,231,139,167
2006,4066,227,139,167
2007,4068,251,142,168
2008,4070,239,140,167
2009,4072,224,136,166
2010,4074,223,139,167
2011,4076,206,140,167
2012,4078,213,140,168
2013,4080,228,140,167
2014,4082,226,140,171
2015,4084,226,140,171
2016,4086,230,140,171
2017,4088,251,141,171
2018,4090,240,140,171
2019,4092,227,140,169
2020,4094,230,141,169
2021,4096,202,140,170
2022,4098,219,140,169
2023,4100,231,140,170
2024,4102,229,140,169
2025,4104,231,139,169
2026,4106,232,139,169
2027,4108,249,140,169
2028,4110,240,139,168
2029,4112,223,139,169
2030,4114,226,140,169
2031,4116,206,140,168
2032,4118,219,139,168
2033,4120,232,139,164
2034,4122,231,140,168
2035,4124,221,140,168
2036,4126,227,138,168
2037,4128,245,139,168
2038,4130,241,139,168
2039,4132,226,139,166
2040,4134,221,139,167
2041,4136,207,138,167
2042,4138,217,138,166
2043,4140,226,138,166
2044,4142,225,138,166
2045,4144,221,138,168
2046,4146,226,137,167
2047,4148,245,137,167
2048,4150,237,137,169
2049,4152,227,137,169
2050,4154,223,137,169
2051,4156,206,137,169
2052,4158,209,136,169
2053,4160,223,136,170
2054,4162,215,135,170
2055,4164,221,135,169
2056,4166,231,135,170
2057,4168,250,135,169
2058,4170,252,135,169
2059,4172,231,135,170
2060,4174,224,135,170
2061,4176,206,135,171
2062,4178,221,135,169
2063,4180,232,135,170
2064,4182,223,135,170
2065,4184,225,134,170
2066,4186,223,134,170
2067,4188,249,135,169
2068,4190,241,135,169
2069,4192,229,135,169
2070,4194,226,135,170
2071,4196,202,135,170
2072,4198,219,135,170
2073,4200,226,134,169
2074,4202,233,136,169
2075,4204,234,135,169
2076,4206,222,134,169
2077,4208,253,136,170
2078,4210,242,136,169
2079,4212,224,136,168
2080,4214,230,136,168
2081,4216,206,135,169
2082,4218,217,136,169
2083,4220,233,135,168
2084,4222,231,136,169
2085,4224,226,135,169
2086,4226,232,135,168
2087,4228,250,136,163
2088,4230,246,135,161
2089,4232,225,136,160
2090,4234,222,136,159
2091,4236,204,135,160
2092,4238,214,135,162
2093,4240,227,135,164
2094,4242,225,135,165
2095,4244,219,134,166
2096,4246,222,135,165
2097,4248,257,136,164
2098,4250,224,135,163
2099,4252,223,136,164
2100,4254,222,136,163
2101,4256,199,136,166
2102,4258,218,136,167
2103,4260,215,135,164
2104,4262,218,136,166
2105,4264,221,136,166
2106,4266,225,136,169
2107,4268,260,136,165
2108,4270,248,136,165
2109,4272,224,136,165
2110,4274,215,136,167
2111,4276,209,135,168
2112,4278,211,136,167
2113,4280,218,136,166
2114,4282,226,136,167
2115,4284,244,136,167
2116,4286,218,136,168
2117,4288,253,136,169
2118,4290,252,136,167
2119,4292,230,136,167
2120,4294,222,136,168
2121,4296,203,136,164
2122,4298,209,136,167
2123,4300,223,136,167
2124,4302,229,136,169
2125,4304,233,136,168
2126,4306,229,136,167
2127,4308,258,137,168
2128,4310,255,137,170
2129,4312,231,136,169
2130,4314,228,136,167
2131,4316,203,136,168
2132,4318,218,137,168
2133,4320,230,136,167
2134,4322,238,136,167
2135,4324,233,137,166
2136,4326,228,137,165
2137,4328,259,137,164
2138,4330,244,136,165
2139,4332,233,137,163
2140,4334,232,137,162
2141,4336,211,137,161
2142,4338,223,137,161
2143,4340,234,137,163
2144,4342,229,137,160
2145,4344,233,137,162
2146,4346,219,137,162
2147,4348,262,137,161
2148,4350,254,136,161
2149,4352,240,138,163
2150,4354,231,137,163
2151,4356,203,138,164
2152,4358,211,137,164
2153,4360,243,136,163
2154,4362,227,138,163
2155,4364,230,138,161
2156,4366,235,137,164
2157,4368,241,137,163
2158,4370,257,138,162
2159,4372,232,138,165
2160,4374,240,137,162
2161,4376,211,138,161
2162,4378,216,138,163
2163,4380,229,137,162
2164,4382,238,137,164
2165,4384,245,137,166
2166,4386,242,137,164
2167,4388,261,137,165
2168,4390,259,137,165
2169,4392,237,138,164
2170,4394,237,138,165
2171,4396,200,137,164
2172,4398,218,137,165
2173,4400,239,138,166
2174,4402,233,138,164
2175,4404,239,137,164
2176,4406,243,138,167
2177,4408,270,139,165
2178,4410,266,138,165
2179,4412,237,138,166
2180,4414,229,139,166
2181,4416,218,139,166
2182,4418,221,139,167
2183,4420,240,139,167
2184,4422,230,139,166
2185,4424,236,139,166
2186,4426,233,139,170
2187,4428,263,139,167
2188,4430,266,138,166
2189,4432,237,138,167
2190,4434,232,139,167
2191,4436,210,139,166
2192,4438,223,139,168
2193,4440,235,140,168
2194,4442,218,139,168
2195,4444,228,138,167
2196,4446,234,139,169
2197,4448,243,139,168
2198,4450,249,140,169
2199,4452,228,139,169
2200,4454,233,140,168
2201,4456,214,141,169
2202,4458,224,140,169
2203,4460,238,140,168
2204,4462,237,138,169
2205,4464,232,140,168
2206,4466,231,140,169
2207,4468,258,140,168
2208,4470,245,140,169
2209,4472,232,140,168
2210,4474,219,140,169
2211,4476,218,141,170
2212,4478,231,141,169
2213,4480,235,142,171
2214,4482,236,140,172
2215,4484,238,141,173
2216,4486,232,141,171
2217,4488,257,141,172
2218,4490,247,141,172
2219,4492,230,141,172
2220,4494,226,142,170
2221,4496,217,141,170
2222,4498,227,143,170
2223,4500,248,143,173
2224,4502,234,143,171
2225,4504,243,144,175
2226,4506,237,144,176
2227,4508,265,145,178
2228,4510,266,145,180
2229,4512,231,145,181
2230,4514,245,146,179
2231,4516,216,146,175
2232,4518,231,146,178
2233,4520,236,147,180
2234,4522,243,147,184
2235,4524,238,147,187
2236,4526,236,146,187
2237,4528,261,147,190
2238,4530,259,148,194
2239,4532,242,148,194
2240,4534,236,149,192
2241,4536,213,148,196
2242,4538,232,148,199
2243,4540,247,149,195
2244,4542,248,149,196
2245,4544,255,149,196
2246,4546,240,149,194
2247,4548,264,150,194
2248,4550,273,150,190
2249,4552,253,150,192
2250,4554,239,151,192
2251,4556,222,150,194
2252,4558,239,149,196
2253,4560,245,151,195
2254,4562,248,151,197
2255,4564,235,150,193
2256,4566,231,150,195
2257,4568,275,151,194
2258,4570,270,150,193
2259,4572,241,151,196
2260,4574,234,151,195
2261,4576,210,151,195
2262,4578,229,152,193
2263,4580,245,151,194
2264,4582,251,152,198
2265,4584,244,152,196
2266,4586,251,152,192
2267,4588,260,152,199
2268,4590,266,153,193
2269,4592,250,153,195
2270,4594,242,151,193
2271,4596,217,152,194
2272,4598,228,157,198
2273,4600,241,163,196
2274,4602,230,164,191
2275,4604,223,164,192
2276,4606,224,165,191
2277,4608,247,166,189
2278,4610,239,166,190
2279,4612,240,167,194
2280,4614,217,168,189
2281,4616,217,167,188
2282,4618,226,168,191
2283,4620,239,169,190
2284,4622,246,169,193
2285,4624,230,170,192
2286,4626,238,170,189
2287,4628,263,170,187
2288,4630,264,170,195
2289,4632,246,172,194
2290,4634,193,174,195
2291,4636,185,175,196
2292,4638,240,176,200
2293,4640,252,177,201
2294,4642,243,177,200
2295,4644,254,178,201
2296,4646,255,179,202
2297,4648,286,178,202
2298,4650,277,179,202
2299,4652,249,179,202
2300,4654,249,180,202
2301,4656,233,180,204
2302,4658,226,180,202
2303,4660,263,181,204
2304,4662,247,183,203
2305,4664,246,184,206
2306,4666,232,185,207
2307,4668,271,186,209
2308,4670,252,187,210
2309,4672,208,187,207
2310,4674,195,186,212
2311,4676,225,189,211
2312,4678,184,190,213
2313,4680,232,190,212
2314,4682,263,190,212
2315,4684,268,191,211
2316,4686,245,191,216
2317,4688,277,192,216
2318,4690,303,192,217
2319,4692,280,192,221
2320,4694,242,192,221
2321,4696,234,192,221
2322,4698,243,193,220
2323,4700,237,194,222
2324,4702,259,195,222
2325,4704,265,195,223
2326,4706,256,196,220
2327,4708,287,196,221
2328,4710,275,197,224
2329,4712,269,197,224
2330,4714,246,197,224
2331,4716,233,197,224
2332,4718,235,197,224
2333,4720,240,196,222
2334,4722,252,197,223
2335,4724,256,200,222
2336,4726,252,199,224
2337,4728,280,198,222
2338,4730,273,198,222
2339,4732,247,198,222
2340,4734,240,199,221
2341,4736,229,199,222
2342,4738,234,199,222
2343,4740,252,202,221
2344,4742,238,201,222
2345,4744,245,200,219
2346,4746,252,200,222
2347,4748,274,201,222
2348,4750,275,201,220
2349,4752,267,200,221
2350,4754,247,206,222
2351,4756,222,201,225
2352,4758,233,197,224
2353,4760,259,201,223
2354,4762,255,202,223
2355,4764,260,202,223
2356,4766,262,202,225
2357,4768,278,203,224
2358,4770,272,203,225
2359,4772,253,203,225
2360,4774,241,203,226
2361,4776,228,203,224
2362,4778,239,204,225
2363,4780,251,202,224
2364,4782,245,203,222
2365,4784,262,205,225
2366,4786,253,204,224
2367,4788,283,204,222
2368,4790,283,204,224
2369,4792,250,203,222
2370,4794,241,204,223
2371,4796,219,203,221
2372,4798,229,204,223
2373,4800,247,203,222
2374,4802,246,201,221
2375,4804,241,202,222
2376,4806,235,200,222
2377,4808,284,203,224
2378,4810,274,204,224
2379,4812,253,203,224
2380,4814,235,202,222
2381,4816,231,202,223
2382,4818,236,203,222
2383,4820,246,203,224
2384,4822,255,203,223
2385,4824,254,203,223
2386,4826,257,203,224
2387,4828,282,203,224
2388,4830,284,203,222
2389,4832,259,202,221
2390,4834,230,201,223
2391,4836,219,202,222
2392,4838,226,201,223
2393,4840,250,202,222
2394,4842,254,201,224
2395,4844,257,202,223
2396,4846,256,201,224
2397,4848,284,202,224
2398,4850,281,201,224
2399,4852,262,202,225
2400,4854,250,202,224
2401,4856,214,201,225
2402,4858,237,201,225
2403,4860,251,201,224
2404,4862,244,202,224
2405,4864,260,201,221
2406,4866,258,203,224
2407,4868,282,201,222
2408,4870,273,202,223
2409,4872,262,200,223
2410,4874,240,201,222
2411,4876,222,200,223
2412,4878,230,200,223
2413,4880,258,201,222
2414,4882,249,200,222
2415,4884,274,200,222
2416,4886,265,199,221
2417,4888,286,200,220
2418,4890,281,200,222
2419,4892,264,199,220
2420,4894,240,199,221
2421,4896,228,198,220
2422,4898,238,198,221
2423,4900,262,199,221
2424,4902,258,197,220
2425,4904,258,197,220
2426,4906,253,197,219
2427,4908,287,197,218
2428,4910,284,196,217
2429,4912,265,197,216
2430,4914,243,196,216
2431,4916,228,196,215
2432,4918,239,195,214
2433,4920,257,196,213
2434,4922,260,195,212
2435,4924,266,195,215
2436,4926,271,194,214
2437,4928,289,194,213
2438,4930,292,194,212
2439,4932,271,194,210
2440,4934,244,194,212
2441,4936,237,194,212
2442,4938,250,193,212
2443,4940,257,194,213
2444,4942,259,193,213
2445,4944,255,192,213
2446,4946,266,191,211
2447,4948,290,192,207
2448,4950,284,193,211
2449,4952,274,192,209
2450,4954,246,191,210
2451,4956,232,191,209
2452,4958,258,191,210
2453,4960,259,191,207
2454,4962,262,191,206
2455,4964,264,192,206
2456,4966,270,191,204
2457,4968,293,191,205
2458,4970,283,191,205
2459,4972,259,190,204
2460,4974,255,191,203
2461,4976,242,190,204
2462,4978,253,190,203
2463,4980,262,190,204
2464,4982,262,190,203
2465,4984,266,191,206
2466,4986,265,190,205
2467,4988,295,190,204
2468,4990,293,190,203
2469,4992,260,191,205
2470,4994,253,191,207
2471,4996,245,191,207
2472,4998,270,190,206
2473,5000,264,190,206
2474,5002,267,189,208
2475,5004,278,190,205
2476,5006,271,190,205
2477,5008,297,191,208
2478,5010,284,190,206
2479,5012,267,189,208
2480,5014,246,190,204
2481,5016,236,190,203
2482,5018,260,189,205
2483,5020,264,189,205
2484,5022,255,190,206
2485,5024,258,190,206
2486,5026,252,189,206
2487,5028,298,190,207
2488,5030,279,190,209
2489,5032,252,189,208
2490,5034,237,190,205
2491,5036,229,189,207
2492,5038,259,190,208
2493,5040,256,189,209
2494,5042,260,190,207
2495,5044,247,190,208
2496,5046,254,189,208
2497,5048,288,189,209
2498,5050,285,189,208
2499,5052,264,188,209
2500,5054,243,189,208
2501,5056,233,188,208
2502,5058,266,188,208
2503,5060,253,188,207
2504,5062,251,187,210
2505,5064,251,187,207
2506,5066,259,187,208
2507,5068,280,186,207
2508,5070,280,186,205
2509,5072,257,186,205
2510,5074,242,186,206
2511,5076,238,185,204
2512,5078,263,184,205
2513,5080,268,187,208
2514,5082,263,183,208
2515,5084,266,183,208
2516,5086,261,182,206
2517,5088,284,182,199
2518,5090,274,182,202
2519,5092,268,181,200
2520,5094,243,179,200
2521,5096,230,179,204
2522,5098,264,179,208
2523,5100,255,178,204
2524,5102,268,178,202
2525,5104,255,178,200
2526,5106,257,178,202
2527,5108,283,179,200
2528,5110,275,177,198
2529,5112,252,177,199
2530,5114,238,174,201
2531,5116,237,173,206
2532,5118,250,172,206
2533,5120,265,172,204
2534,5122,262,172,202
2535,5124,260,172,203
2536,5126,248,173,204
2537,5128,288,173,204
2538,5130,282,172,206
2539,5132,258,172,206
2540,5134,241,171,204
2541,5136,240,172,206
2542,5138,260,171,207
2543,5140,260,172,207
2544,5142,262,172,206
2545,5144,270,171,201
2546,5146,244,171,206
2547,5148,275,172,204
2548,5150,272,170,199
2549,5152,258,171,204
2550,5154,249,171,204
2551,5156,243,172,204
2552,5158,267,171,203
2553,5160,251,172,199
2554,5162,264,171,202
2555,5164,261,169,200
2556,5166,263,170,199
2557,5168,284,171,205
2558,5170,277,170,199
2559,5172,255,171,202
2560,5174,237,170,199
2561,5176,235,170,199
2562,5178,260,170,197
2563,5180,254,170,199
2564,5182,254,169,199
2565,5184,253,170,198
2566,5186,248,170,203
2567,5188,277,169,201
2568,5190,276,169,198
2569,5192,255,169,199
2570,5194,237,170,199
2571,5196,239,170,198
2572,5198,253,169,196
2573,5200,260,170,194
2574,5202,251,170,197
2575,5204,252,169,196
2576,5206,256,170,199
2577,5208,290,169,199
2578,5210,272,169,191
2579,5212,245,168,190
2580,5214,231,167,190
2581,5216,238,167,191
2582,5218,250,167,191
2583,5220,254,165,192
2584,5222,252,167,192
2585,5224,249,167,193
2586,5226,240,167,189
2587,5228,273,167,188
2588,5230,280,166,190
2589,5232,237,166,188
2590,5234,230,166,188
2591,5236,219,165,187
2592,5238,243,165,187
2593,5240,242,165,188
2594,5242,245,164,187
2595,5244,242,164,187
2596,5246,238,164,188
2597,5248,269,164,189
2598,5250,259,164,190
2599,5252,242,163,189
2600,5254,224,164,190
2601,5256,219,164,188
2602,5258,239,164,190
2603,5260,251,164,190
2604,5262,243,163,191
2605,5264,240,163,189
2606,5266,238,164,193
2607,5268,261,164,190
2608,5270,259,164,192
2609,5272,190,164,191
2610,5274,172,165,194
2611,5276,168,164,194
2612,5278,192,164,193
2613,5280,188,164,194
2614,5282,199,164,194
2615,5284,193,164,194
2616,5286,188,165,199
2617,5288,224,164,200
2618,5290,227,165,201
2619,5292,198,165,202
2620,5294,160,165,200
2621,5296,165,165,200
2622,5298,201,165,202
2623,5300,186,165,202
2624,5302,196,166,203
2625,5304,198,166,204
2626,5306,206,166,205
2627,5308,240,167,206
2628,5310,230,168,205
2629,5312,219,169,207
2630,5314,201,170,204
2631,5316,198,170,204
2632,5318,238,171,206
2633,5320,231,171,206
2634,5322,241,170,207
2635,5324,235,171,209
2636,5326,235,172,212
2637,5328,262,172,213
2638,5330,252,172,214
2639,5332,233,172,215
2640,5334,210,172,214
2641,5336,205,172,215
2642,5338,233,172,217
2643,5340,226,172,213
2644,5342,225,172,214
2645,5344,231,173,213
2646,5346,238,173,217
2647,5348,272,174,218
2648,5350,273,174,222
2649,5352,249,173,220
2650,5354,214,174,221
2651,5356,211,175,222
2652,5358,233,175,223
2653,5360,235,177,227
2654,5362,238,176,224
2655,5364,239,177,227
2656,5366,237,178,226
2657,5368,261,178,226
2658,5370,258,180,225
2659,5372,233,179,225
2660,5374,208,179,230
2661,5376,205,179,229
2662,5378,234,181,231
2663,5380,228,182,232
2664,5382,235,182,232
2665,5384,228,182,232
2666,5386,237,183,233
2667,5388,268,183,234
2668,5390,252,183,234
2669,5392,244,184,232
2670,5394,209,184,234
2671,5396,199,183,234
2672,5398,224,184,236
2673,5400,226,184,236
2674,5402,214,184,234
2675,5404,230,183,234
2676,5406,219,185,236
2677,5408,242,188,235
2678,5410,232,185,237
2679,5412,247,184,235
2680,5414,219,185,238
2681,5416,217,185,237
2682,5418,235,185,235
2683,5420,234,186,234
2684,5422,234,186,234
2685,5424,232,186,238
2686,5426,233,186,239
2687,5428,273,186,240
2688,5430,260,186,240
2689,5432,237,186,240
2690,5434,211,185,236
2691,5436,222,185,237
2692,5438,235,185,237
2693,5440,240,189,239
2694,5442,238,185,241
2695,5444,242,184,242
2696,5446,239,185,239
2697,5448,266,186,238
2698,5450,257,185,237
2699,5452,246,185,238
2700,5454,222,185,237
2701,5456,214,184,238
2702,5458,244,183,238
2703,5460,243,182,236
2704,5462,208,183,236
2705,5464,221,183,237
2706,5466,212,184,237
2707,5468,243,183,240
2708,5470,251,183,238
2709,5472,245,183,238
2710,5474,221,183,237
2711,5476,211,184,239
2712,5478,252,183,238
2713,5480,248,184,239
2714,5482,215,183,238
2715,5484,216,183,238
2716,5486,222,183,239
2717,5488,266,184,240
2718,5490,264,184,239
2719,5492,258,183,239
2720,5494,232,183,238
2721,5496,233,183,239
2722,5498,258,183,238
2723,5500,245,183,238
2724,5502,246,182,238
2725,5504,247,183,239
2726,5506,244,183,241
2727,5508,265,183,239
2728,5510,259,184,241
2729,5512,228,183,241
2730,5514,218,183,241
2731,5516,210,183,242
2732,5518,231,184,241
2733,5520,221,184,241
2734,5522,220,184,240
2735,5524,221,184,241
2736,5526,225,184,240
2737,5528,256,184,240
2738,5530,247,184,242
2739,5532,235,182,238
2740,5534,216,181,238
2741,5536,204,181,238
2742,5538,254,181,238
2743,5540,253,180,239
2744,5542,264,180,237
2745,5544,255,179,238
2746,5546,255,177,237
2747,5548,280,176,237
2748,5550,268,176,236
2749,5552,256,176,237
2750,5554,227,177,236
2751,5556,231,176,235
2752,5558,254,176,234
2753,5560,247,176,235
2754,5562,255,176,237
2755,5564,254,176,236
2756,5566,256,175,236
2757,5568,278,176,236
2758,5570,272,175,238
2759,5572,262,176,237
2760,5574,230,176,238
2761,5576,230,175,236
2762,5578,263,176,236
2763,5580,255,175,238
2764,5582,253,174,239
2765,5584,260,176,238
2766,5586,240,174,237
2767,5588,279,175,239
2768,5590,276,176,238
2769,5592,258,175,236
2770,5594,235,174,237
2771,5596,236,175,238
2772,5598,254,175,236
2773,5600,256,175,238
2774,5602,255,174,238
2775,5604,252,175,238
2776,5606,266,175,239
2777,5608,287,175,238
2778,5610,275,174,237
2779,5612,259,175,237
2780,5614,229,175,238
2781,5616,235,175,237
2782,5618,259,174,237
2783,5620,255,175,237
2784,5622,258,175,237
2785,5624,249,174,238
2786,5626,254,174,237
2787,5628,281,175,237
2788,5630,274,175,236
2789,5632,256,174,236
2790,5634,236,174,233
2791,5636,235,174,236
2792,5638,259,175,233
2793,5640,250,174,232
2794,5642,252,175,229
2795,5644,249,175,231
2796,5646,250,175,233
2797,5648,280,175,228
2798,5650,271,175,228
2799,5652,252,175,227
2800,5654,230,175,226
2801,5656,236,174,226
2802,5658,252,174,227
2803,5660,253,174,225
2804,5662,247,175,222
2805,5664,251,174,221
2806,5666,247,174,219
2807,5668,286,174,219
2808,5670,272,173,220
2809,5672,252,174,221
2810,5674,230,175,222
2811,5676,240,175,222
2812,5678,258,175,221
2813,5680,256,174,222
2814,5682,247,174,224
2815,5684,247,173,224
2816,5686,256,173,224
2817,5688,285,173,224
2818,5690,274,173,226
2819,5692,259,172,224
2820,5694,235,172,224
2821,5696,228,172,223
2822,5698,262,172,225
2823,5700,257,171,223
2824,5702,256,171,223
2825,5704,253,172,225
2826,5706,252,171,225
2827,5708,282,171,223
2828,5710,265,171,221
2829,5712,263,171,218
2830,5714,229,170,217
2831,5716,225,170,216
2832,5718,248,170,214
2833,5720,258,170,213
2834,5722,257,170,213
2835,5724,249,169,213
2836,5726,239,168,212
2837,5728,274,169,213
2838,5730,251,168,211
2839,5732,229,168,210
2840,5734,204,168,208
2841,5736,205,168,208
2842,5738,221,168,208
2843,5740,228,167,208
2844,5742,229,167,210
2845,5744,228,167,208
2846,5746,238,167,210
2847,5748,273,167,207
2848,5750,248,166,208
2849,5752,228,167,208
2850,5754,215,167,207
2851,5756,224,167,207
2852,5758,236,166,206
2853,5760,231,167,208
2854,5762,243,166,208
2855,5764,232,167,205
2856,5766,229,167,207
2857,5768,257,167,208
2858,5770,256,167,207
2859,5772,240,166,206
2860,5774,214,166,204
2861,5776,218,167,204
2862,5778,234,167,204
2863,5780,243,166,202
2864,5782,230,166,202
2865,5784,230,165,205
2866,5786,226,166,205
2867,5788,257,167,204
2868,5790,248,166,203
2869,5792,239,165,204
2870,5794,222,165,205
2871,5796,227,165,203
2872,5798,248,165,203
2873,5800,234,165,202
2874,5802,240,165,202
2875,5804,240,165,200
2876,5806,242,165,202
2877,5808,269,166,203
2878,5810,253,165,201
2879,5812,236,164,201
2880,5814,213,165,201
2881,5816,214,165,204
2882,5818,239,165,204
2883,5820,234,165,205
2884,5822,221,164,202
2885,5824,222,165,202
2886,5826,228,164,202
2887,5828,269,165,201
2888,5830,251,165,202
2889,5832,236,165,202
2890,5834,224,165,200
2891,5836,216,165,202
2892,5838,240,165,199
2893,5840,237,164,201
2894,5842,247,165,200
2895,5844,242,165,200
2896,5846,236,165,200
2897,5848,272,165,200
2898,5850,255,166,201
2899,5852,246,165,201
2900,5854,221,166,202
2901,5856,208,167,201
2902,5858,235,166,200
2903,5860,223,165,201
2904,5862,231,165,200
2905,5864,236,165,200
2906,5866,236,165,201
2907,5868,259,166,202
2908,5870,255,165,202
2909,5872,226,165,202
2910,5874,209,166,202
2911,5876,211,165,202
2912,5878,238,166,203
2913,5880,242,166,201
2914,5882,232,165,202
2915,5884,240,166,201
2916,5886,233,166,202
2917,5888,273,165,203
2918,5890,262,165,204
2919,5892,256,166,201
2920,5894,232,165,204
2921,5896,236,164,203
2922,5898,251,165,203
2923,5900,256,165,204
2924,5902,250,166,205
2925,5904,256,166,204
2926,5906,246,166,204
2927,5908,285,166,204
2928,5910,273,166,204
2929,5912,248,166,204
2930,5914,237,166,204
2931,5916,235,165,203
2932,5918,260,165,203
2933,5920,253,164,202
2934,5922,252,165,204
2935,5924,243,165,205
2936,5926,258,165,204
2937,5928,280,166,205
2938,5930,269,165,205
2939,5932,264,165,204
2940,5934,240,165,204
2941,5936,233,166,204
2942,5938,252,165,205
2943,5940,255,165,205
2944,5942,260,165,204
2945,5944,256,165,205
2946,5946,255,164,204
2947,5948,281,165,204
2948,5950,269,165,201
2949,5952,254,165,205
2950,5954,232,165,205
2951,5956,235,165,205
2952,5958,255,165,204
2953,5960,253,165,204
2954,5962,259,165,204
2955,5964,255,165,204
2956,5966,252,165,206
2957,5968,282,165,204
2958,5970,269,165,202
2959,5972,265,165,204
2960,5974,235,166,204
2961,5976,234,165,205
2962,5978,252,166,203
2963,5980,248,165,204
2964,5982,258,166,205
2965,5984,252,166,203
2966,5986,257,167,203
2967,5988,287,167,206
2968,5990,271,168,205
2969,5992,262,167,204
2970,5994,234,167,204
2971,5996,237,168,204
2972,5998,260,168,204
2973,6000,233,168,205
2974,6002,252,169,204
2975,6004,245,168,204
2976,6006,258,169,205
2977,6008,298,168,204
2978,6010,274,169,205
2979,6012,260,169,205
2980,6014,237,169,204
2981,6016,234,170,205
2982,6018,260,171,205
2983,6020,258,171,205
2984,6022,262,171,205
2985,6024,265,171,205
2986,6026,255,171,205
2987,6028,287,171,206
2988,6030,270,171,205
2989,6032,254,171,205
2990,6034,233,171,204
2991,6036,237,171,204
2992,6038,252,171,204
2993,6040,236,172,204
2994,6042,232,171,205
2995,6044,259,172,204
2996,6046,263,171,205
2997,6048,293,172,206
2998,6050,275,172,201
2999,6052,262,172,206
3000,6054,241,171,204
3001,6056,236,172,205
3002,6058,259,172,205
3003,6060,255,171,205
3004,6062,255,171,206
3005,6064,255,170,205
3006,6066,255,169,205
3007,6068,290,168,206
3008,6070,285,165,203
3009,6072,263,166,204
3010,6074,240,165,204
3011,6076,238,165,204
3012,6078,260,164,204
3013,6080,246,165,204
3014,6082,250,164,204
3015,6084,258,165,204
3016,6086,268,164,204
3017,6088,285,163,203
3018,6090,277,164,205
3019,6092,267,166,205
3020,6094,245,164,204
3021,6096,238,163,203
3022,6098,262,165,204
3023,6100,255,165,205
3024,6102,255,166,207
3025,6104,282,165,205
3026,6106,274,166,205
3027,6108,303,168,206
3028,6110,287,168,204
3029,6112,278,169,203
3030,6114,242,170,204
3031,6116,245,171,205
3032,6118,266,173,205
3033,6120,268,172,206
3034,6122,282,173,206
3035,6124,266,176,206
3036,6126,271,169,205
3037,6128,299,172,206
3038,6130,280,176,206
3039,6132,262,173,206
3040,6134,248,172,205
3041,6136,247,173,206
3042,6138,265,173,206
3043,6140,261,173,205
3044,6142,265,173,207
3045,6144,265,173,205
3046,6146,273,173,205
3047,6148,286,173,206
3048,6150,286,173,206
3049,6152,280,173,207
3050,6154,247,173,206
3051,6156,250,172,205
3052,6158,279,172,205
3053,6160,264,172,205
3054,6162,268,173,206
3055,6164,281,172,206
3056,6166,280,173,207
3057,6168,299,173,207
3058,6170,278,173,206
3059,6172,272,173,206
3060,6174,248,172,206
3061,6176,247,172,206
3062,6178,276,172,207
3063,6180,269,171,207
3064,6182,270,171,206
3065,6184,274,171,206
3066,6186,273,171,207
3067,6188,302,171,205
3068,6190,288,171,206
3069,6192,273,172,206
3070,6194,252,171,206
3071,6196,248,171,206
3072,6198,269,171,207
3073,6200,264,171,206
3074,6202,274,172,206
3075,6204,267,171,206
3076,6206,270,171,205
3077,6208,301,171,204
3078,6210,283,171,206
3079,6212,270,172,206
3080,6214,248,171,206
3081,6216,250,171,206
3082,6218,268,171,207
3083,6220,269,172,206
3084,6222,265,171,205
3085,6224,266,172,206
3086,6226,271,171,206
3087,6228,304,171,206
3088,6230,281,172,207
3089,6232,270,171,206
3090,6234,250,171,207
3091,6236,254,172,206
3092,6238,273,172,206
3093,6240,270,171,206
3094,6242,273,171,207
3095,6244,275,171,207
3096,6246,271,170,205
3097,6248,299,169,206
3098,6250,288,168,206
3099,6252,273,165,205
3100,6254,260,168,206
3101,6256,249,167,205
3102,6258,267,166,205
3103,6260,268,167,204
3104,6262,275,167,206
3105,6264,256,164,205
3106,6266,271,164,205
3107,6268,303,165,204
3108,6270,286,163,204
3109,6272,264,162,203
3110,6274,261,163,202
3111,6276,250,163,200
3112,6278,268,162,197
3113,6280,268,162,199
3114,6282,267,163,197
3115,6284,266,161,194
3116,6286,279,161,193
3117,6288,301,161,189
3118,6290,277,160,185
3119,6292,270,160,185
3120,6294,262,160,183
3121,6296,233,160,184
3122,6298,255,160,182
3123,6300,252,160,182
3124,6302,259,160,184
3125,6304,248,160,184
3126,6306,260,159,180
3127,6308,281,160,181
3128,6310,264,159,183
3129,6312,239,161,182
3130,6314,182,160,182
3131,6316,222,159,180
3132,6318,216,160,184
3133,6320,206,160,184
3134,6322,211,160,185
3135,6324,206,159,184
3136,6326,202,158,184
3137,6328,252,160,186
3138,6330,248,159,186
3139,6332,241,159,184
3140,6334,210,159,182
3141,6336,203,159,184
3142,6338,240,160,183
3143,6340,242,159,181
3144,6342,218,159,182
3145,6344,239,160,182
3146,6346,231,158,182
3147,6348,264,159,181
3148,6350,216,158,185
3149,6352,203,158,185
3150,6354,201,158,184
3151,6356,222,158,184
3152,6358,236,156,182
3153,6360,241,158,183
3154,6362,201,158,181
3155,6364,228,158,179
3156,6366,229,157,180
3157,6368,246,158,181
3158,6370,240,158,180
3159,6372,226,157,182
3160,6374,215,159,181
3161,6376,216,158,179
3162,6378,230,158,181
3163,6380,231,158,179
3164,6382,204,158,181
3165,6384,228,157,181
3166,6386,219,157,181
3167,6388,252,156,183
3168,6390,234,158,183
3169,6392,214,157,183
3170,6394,214,157,182
3171,6396,207,157,185
3172,6398,230,157,183
3173,6400,238,158,183
3174,6402,227,155,184
3175,6404,228,157,182
3176,6406,219,158,184
3177,6408,247,157,184
3178,6410,230,158,183
3179,6412,227,157,183
3180,6414,198,157,184
3181,6416,207,157,181
3182,6418,220,157,182
3183,6420,231,157,184
3184,6422,223,157,180
3185,6424,225,157,184
3186,6426,214,157,181
3187,6428,262,157,181
3188,6430,232,157,182
3189,6432,213,157,181
3190,6434,228,157,181
3191,6436,217,156,181
3192,6438,227,157,184
3193,6440,264,157,183
3194,6442,250,157,182
3195,6444,237,157,183
3196,6446,231,156,180
3197,6448,250,157,183
3198,6450,259,157,181
3199,6452,255,155,183
3200,6454,220,156,182
3201,6456,219,157,183
3202,6458,249,157,184
3203,6460,242,156,183
3204,6462,249,156,182
3205,6464,247,156,183
3206,6466,235,156,183
3207,6468,276,156,184
3208,6470,256,156,183
3209,6472,250,156,184
3210,6474,223,156,185
3211,6476,219,156,184
3212,6478,238,156,184
3213,6480,250,157,182
3214,6482,240,156,183
3215,6484,249,156,185
3216,6486,250,157,186
3217,6488,266,156,187
3218,6490,248,156,186
3219,6492,241,155,187
3220,6494,231,157,186
3221,6496,232,156,183
3222,6498,244,156,182
3223,6500,255,156,181
3224,6502,246,156,183
3225,6504,242,156,183
3226,6506,234,156,182
3227,6508,277,156,184
3228,6510,252,155,182
3229,6512,241,156,182
3230,6514,235,155,182
3231,6516,240,155,182
3232,6518,242,155,183
3233,6520,251,155,183
3234,6522,249,155,183
3235,6524,242,155,182
3236,6526,258,156,184
3237,6528,276,156,182
3238,6530,251,155,184
3239,6532,246,155,183
3240,6534,239,155,182
3241,6536,233,155,183
3242,6538,248,156,183
3243,6540,250,155,181
3244,6542,263,156,182
3245,6544,243,155,183
3246,6546,243,155,183
3247,6548,272,155,181
3248,6550,254,154,182
3249,6552,242,154,182
3250,6554,229,153,180
3251,6556,226,154,182
3252,6558,252,154,182
3253,6560,254,154,178
3254,6562,249,154,181
3255,6564,262,153,179
3256,6566,240,153,180
3257,6568,264,153,180
3258,6570,264,152,178
3259,6572,241,153,179
3260,6574,224,152,179
3261,6576,222,151,180
3262,6578,248,152,180
3263,6580,235,152,182
3264,6582,234,151,173
3265,6584,246,151,174
3266,6586,233,151,177
3267,6588,264,151,176
3268,6590,253,150,180
3269,6592,243,150,179
3270,6594,217,150,177
3271,6596,230,150,176
3272,6598,250,149,176
3273,6600,240,150,176
3274,6602,246,150,176
3275,6604,247,150,176
3276,6606,254,149,177
3277,6608,266,149,178
3278,6610,259,149,176
3279,6612,251,150,176
3280,6614,231,149,176
3281,6616,236,149,176
3282,6618,244,149,177
3283,6620,251,149,176
3284,6622,253,149,176
3285,6624,245,148,168
3286,6626,240,149,168
3287,6628,272,148,167
3288,6630,262,151,168
3289,6632,254,149,169
3290,6634,229,148,168
3291,6636,223,148,169
3292,6638,254,149,167
3293,6640,238,150,166
3294,6642,248,149,166
3295,6644,250,148,169
3296,6646,243,148,172
3297,6648,268,149,173
3298,6650,256,149,175
3299,6652,253,149,175
3300,6654,228,149,172
3301,6656,227,149,174
3302,6658,250,149,175
3303,6660,240,148,173
3304,6662,243,148,176
3305,6664,251,149,173
3306,6666,239,149,175
3307,6668,275,150,176
3308,6670,260,149,174
3309,6672,253,148,173
3310,6674,227,149,176
3311,6676,229,149,174
3312,6678,244,149,177
3313,6680,248,149,174
3314,6682,252,149,177
3315,6684,246,149,176
3316,6686,249,149,176
3317,6688,277,148,174
3318,6690,264,148,174
3319,6692,248,148,174
3320,6694,231,148,174
3321,6696,232,148,175
3322,6698,242,147,173
3323,6700,238,147,174
3324,6702,247,148,175
3325,6704,245,147,174
3326,6706,249,145,174
3327,6708,271,147,175
3328,6710,266,146,175
3329,6712,268,146,174
3330,6714,228,145,175
3331,6716,225,145,175
3332,6718,246,145,173
3333,6720,242,144,173
3334,6722,241,145,174
3335,6724,244,145,174
3336,6726,236,145,175
3337,6728,274,145,173
3338,6730,266,145,175
3339,6732,248,145,173
3340,6734,227,144,173
3341,6736,232,145,174
3342,6738,245,145,173
3343,6740,228,144,172
3344,6742,245,144,174
3345,6744,245,145,172
3346,6746,241,144,171
3347,6748,258,143,169
3348,6750,263,143,170
3349,6752,245,144,170
3350,6754,231,143,169
3351,6756,220,143,168
3352,6758,244,143,169
3353,6760,228,140,169
3354,6762,239,143,168
3355,6764,239,144,167
3356,6766,228,143,166
3357,6768,274,142,168
3358,6770,254,143,170
3359,6772,240,142,169
3360,6774,227,143,168
3361,6776,224,141,168
3362,6778,240,143,166
3363,6780,223,141,166
3364,6782,247,143,165
3365,6784,233,145,167
3366,6786,237,142,168
3367,6788,257,142,166
3368,6790,265,142,166
3369,6792,241,143,166
3370,6794,228,143,168
3371,6796,222,142,166
3372,6798,237,140,169
3373,6800,235,142,162
3374,6802,244,143,164
3375,6804,225,142,163
3376,6806,242,143,163
3377,6808,271,143,164
3378,6810,258,141,162
3379,6812,243,141,163
3380,6814,227,141,161
3381,6816,223,141,159
3382,6818,229,141,159
3383,6820,234,141,157
3384,6822,245,141,157
3385,6824,233,140,157
3386,6826,239,141,151
3387,6828,262,141,153
3388,6830,252,141,153
3389,6832,242,140,151
3390,6834,221,141,146
3391,6836,223,140,146
3392,6838,235,141,143
3393,6840,231,140,145
3394,6842,240,138,145
3395,6844,231,141,144
3396,6846,243,140,144
3397,6848,261,140,144
3398,6850,258,140,144
3399,6852,236,141,144
3400,6854,217,141,145
3401,6856,215,141,143
3402,6858,233,141,145
3403,6860,230,141,144
3404,6862,236,142,144
3405,6864,226,141,142
3406,6866,229,141,144
3407,6868,262,142,144
3408,6870,256,142,144
3409,6872,235,141,146
3410,6874,214,142,143
3411,6876,212,142,143
3412,6878,232,142,144
3413,6880,233,141,141
3414,6882,234,142,143
3415,6884,237,142,143
3416,6886,230,142,140
3417,6888,257,142,143
3418,6890,242,142,142
3419,6892,198,142,143
3420,6894,196,142,142
3421,6896,196,141,141
3422,6898,202,143,142
3423,6900,208,142,142
3424,6902,207,144,139
3425,6904,209,142,138
3426,6906,214,142,139
3427,6908,227,143,138
3428,6910,221,143,139
3429,6912,216,142,139
3430,6914,189,142,139
3431,6916,194,142,139
3432,6918,209,142,140
3433,6920,212,142,141
3434,6922,210,142,140
3435,6924,211,142,138
3436,6926,211,143,139
3437,6928,238,143,137
3438,6930,223,143,137
3439,6932,223,142,137
3440,6934,189,142,134
3441,6936,191,142,136
3442,6938,211,143,136
3443,6940,217,143,137
3444,6942,213,143,137
3445,6944,211,142,135
3446,6946,211,143,136
3447,6948,251,142,137
3448,6950,225,142,140
3449,6952,215,143,140
3450,6954,201,143,140
3451,6956,195,142,140
3452,6958,220,143,141
3453,6960,223,142,141
3454,6962,223,142,141
3455,6964,218,143,141
3456,6966,215,144,144
3457,6968,246,142,140
3458,6970,235,143,142
3459,6972,219,143,143
3460,6974,204,142,141
3461,6976,205,143,141
3462,6978,227,143,141
3463,6980,223,143,142
3464,6982,223,143,141
3465,6984,235,142,141
3466,6986,224,143,142
3467,6988,251,143,143
3468,6990,233,141,142
3469,6992,223,143,142
3470,6994,209,143,143
3471,6996,211,143,140
3472,6998,231,143,145
3473,7000,229,143,143
3474,7002,230,144,143
3475,7004,236,143,142
3476,7006,230,143,143
3477,7008,249,143,145
3478,7010,228,143,145
3479,7012,225,144,153
3480,7014,205,143,154
3481,7016,211,143,155
3482,7018,227,143,159
3483,7020,212,144,158
3484,7022,235,144,160
3485,7024,221,144,160
3486,7026,217,144,159
3487,7028,242,144,158
3488,7030,227,143,161
3489,7032,204,144,161
3490,7034,188,143,161
3491,7036,209,144,162
3492,7038,221,144,161
3493,7040,210,143,161
3494,7042,210,143,162
3495,7044,204,144,162
3496,7046,198,143,162
3497,7048,244,144,163
3498,7050,219,143,162
3499,7052,205,144,163
3500,7054,199,144,165
3501,7056,201,143,163
3502,7058,202,143,163
3503,7060,207,143,164
3504,7062,214,143,162
3505,7064,216,143,162
3506,7066,212,143,162
3507,7068,240,144,163
3508,7070,221,142,162
3509,7072,217,143,164
3510,7074,192,142,164
3511,7076,202,143,163
3512,7078,207,143,164
3513,7080,215,142,163
3514,7082,219,143,164
3515,7084,211,143,164
3516,7086,207,143,164
3517,7088,240,143,165
3518,7090,233,143,164
3519,7092,221,142,164
3520,7094,201,144,165
3521,7096,206,142,165
3522,7098,231,143,163
3523,7100,226,143,165
3524,7102,221,143,165
3525,7104,221,143,166
3526,7106,216,143,166
3527,7108,246,142,165
3528,7110,227,143,164
3529,7112,221,142,165
3530,7114,194,143,165
3531,7116,209,143,165
3532,7118,218,143,165
3533,7120,228,143,165
3534,7122,227,143,164
3535,7124,224,143,167
3536,7126,219,143,166
3537,7128,249,144,167
3538,7130,234,144,165
3539,7132,214,144,167
3540,7134,195,144,166
3541,7136,212,144,168
3542,7138,224,143,168
3543,7140,221,143,168
3544,7142,236,143,168
3545,7144,222,143,168
3546,7146,220,144,169
3547,7148,260,144,169
3548,7150,229,144,170
3549,7152,240,143,169
3550,7154,216,144,169
3551,7156,222,144,169
3552,7158,228,144,168
3553,7160,240,144,171
3554,7162,238,144,169
3555,7164,233,145,170
3556,7166,243,144,171
3557,7168,257,145,170
3558,7170,230,144,172
3559,7172,219,144,170
3560,7174,188,144,171
3561,7176,216,144,171
3562,7178,234,144,171
3563,7180,224,144,172
3564,7182,225,145,172
3565,7184,231,144,170
3566,7186,217,144,170
3567,7188,261,144,170
3568,7190,259,145,172
3569,7192,259,144,172
3570,7194,235,145,171
3571,7196,230,144,172
3572,7198,240,145,172
3573,7200,255,143,171
3574,7202,269,144,169
3575,7204,267,146,172
3576,7206,262,144,170
3577,7208,280,144,172
3578,7210,271,145,172
3579,7212,266,144,171
3580,7214,229,144,170
3581,7216,251,144,170
3582,7218,263,145,172
3583,7220,261,144,171
3584,7222,261,144,171
3585,7224,264,144,171
3586,7226,263,145,169
3587,7228,287,145,173
3588,7230,268,144,171
3589,7232,260,145,171
3590,7234,235,145,170
3591,7236,256,145,170
3592,7238,257,145,171
3593,7240,257,145,171
3594,7242,257,145,170
3595,7244,261,145,170
3596,7246,265,145,171
3597,7248,292,144,171
3598,7250,274,145,171
3599,7252,264,144,171
3600,7254,241,145,171
3601,7256,248,145,171
3602,7258,262,145,172
3603,7260,262,145,171
3604,7262,261,145,171
3605,7264,263,144,171
3606,7266,256,146,173
3607,7268,292,145,171
3608,7270,282,147,172
3609,7272,267,145,172
3610,7274,235,145,172
3611,7276,251,145,172
3612,7278,261,144,171
3613,7280,263,145,172
3614,7282,270,144,171
3615,7284,277,144,172
3616,7286,266,144,171
3617,7288,287,144,173
3618,7290,273,145,172
3619,7292,268,144,173
3620,7294,242,144,173
3621,7296,249,144,172
3622,7298,258,143,173
3623,7300,245,143,172
3624,7302,259,143,172
3625,7304,266,143,172
3626,7306,256,142,171
3627,7308,283,142,171
3628,7310,267,143,172
3629,7312,263,142,172
3630,7314,238,142,170
3631,7316,243,142,171
3632,7318,263,142,173
3633,7320,252,142,172
3634,7322,268,143,173
3635,7324,262,142,171
3636,7326,263,142,170
3637,7328,286,143,176
3638,7330,274,142,172
3639,7332,276,142,172
3640,7334,247,141,172
3641,7336,251,142,173
3642,7338,268,141,172
3643,7340,260,142,172
3644,7342,279,141,172
3645,7344,253,141,174
3646,7346,262,141,171
3647,7348,289,142,170
3648,7350,280,141,173
3649,7352,269,142,173
3650,7354,239,141,171
3651,7356,245,142,174
3652,7358,255,142,171
3653,7360,256,141,172
3654,7362,261,142,172
3655,7364,267,140,172
3656,7366,269,140,174
3657,7368,290,140,173
3658,7370,272,139,173
3659,7372,253,140,173
3660,7374,235,140,171
3661,7376,242,138,172
3662,7378,250,139,171
3663,7380,252,139,172
3664,7382,256,139,172
3665,7384,267,137,171
3666,7386,268,138,172
3667,7388,282,138,174
3668,7390,255,138,173
3669,7392,262,137,173
3670,7394,237,137,171
3671,7396,242,137,172
3672,7398,245,137,172
3673,7400,247,137,172
3674,7402,245,136,171
3675,7404,259,136,172
3676,7406,258,136,171
3677,7408,282,136,172
3678,7410,274,135,172
3679,7412,261,136,173
3680,7414,223,136,171
3681,7416,244,136,171
3682,7418,256,136,171
3683,7420,250,136,171
3684,7422,255,134,171
3685,7424,263,135,171
3686,7426,278,134,170
3687,7428,288,134,171
3688,7430,271,134,171
3689,7432,268,133,171
3690,7434,240,134,170
3691,7436,241,135,172
3692,7438,256,133,169
3693,7440,258,134,172
3694,7442,255,134,171
3695,7444,256,134,172
3696,7446,263,133,171
3697,7448,286,133,171
3698,7450,269,133,171
3699,7452,263,133,173
3700,7454,231,133,172
3701,7456,246,132,171
3702,7458,259,133,172
3703,7460,250,133,172
3704,7462,258,133,171
3705,7464,254,132,172
3706,7466,259,134,171
3707,7468,270,132,170
3708,7470,256,133,172
3709,7472,234,136,171
3710,7474,194,132,171
3711,7476,212,132,171
3712,7478,237,134,172
3713,7480,236,133,172
3714,7482,244,132,172
3715,7484,251,133,171
3716,7486,258,132,171
3717,7488,267,132,172
3718,7490,256,131,170
3719,7492,237,131,171
3720,7494,222,132,170
3721,7496,241,132,169
3722,7498,255,130,169
3723,7500,259,132,169
3724,7502,249,134,170
3725,7504,258,131,168
3726,7506,261,131,170
3727,7508,250,132,169
3728,7510,237,132,170
3729,7512,245,131,172
3730,7514,215,132,171
3731,7516,240,132,170
3732,7518,249,132,171
3733,7520,247,132,169
3734,7522,248,130,170
3735,7524,263,132,171
3736,7526,254,131,170
3737,7528,284,131,171
3738,7530,260,132,172
3739,7532,250,131,170
3740,7534,230,131,171
3741,7536,239,131,170
3742,7538,251,131,171
3743,7540,259,132,170
3744,7542,256,132,172
3745,7544,252,132,171
3746,7546,260,131,169
3747,7548,260,131,170
3748,7550,255,131,171
3749,7552,254,131,171
3750,7554,220,131,172
3751,7556,238,131,171
3752,7558,259,131,169
3753,7560,254,131,172
3754,7562,254,130,172
3755,7564,264,131,172
3756,7566,263,131,171
3757,7568,282,132,174
3758,7570,264,131,171
3759,7572,254,132,171
3760,7574,234,130,172
3761,7576,246,132,172
3762,7578,259,132,173
3763,7580,254,131,171
3764,7582,260,131,171
3765,7584,257,131,171
3766,7586,264,132,172
3767,7588,286,132,173
3768,7590,260,131,172
3769,7592,269,131,172
3770,7594,225,132,171
3771,7596,248,131,172
3772,7598,256,131,172
3773,7600,260,131,171
3774,7602,259,132,171
3775,7604,259,131,171
3776,7606,268,131,172
3777,7608,290,131,172
3778,7610,264,131,172
3779,7612,260,131,172
3780,7614,239,131,172
3781,7616,252,132,172
3782,7618,264,132,173
3783,7620,271,132,173
3784,7622,264,131,173
3785,7624,259,132,172
3786,7626,263,132,172
3787,7628,281,131,173
3788,7630,274,132,171
3789,7632,260,132,170
3790,7634,231,131,171
3791,7636,248,132,172
3792,7638,264,131,171
3793,7640,268,132,173
3794,7642,266,132,173
3795,7644,260,131,171
3796,7646,271,131,170
3797,7648,288,132,172
3798,7650,271,131,171
3799,7652,268,132,171
3800,7654,242,132,171
3801,7656,255,132,172
3802,7658,263,131,171
3803,7660,274,131,172
3804,7662,264,132,171
3805,7664,261,132,170
3806,7666,269,132,170
3807,7668,283,130,169
3808,7670,257,132,170
3809,7672,260,133,169
3810,7674,228,131,167
3811,7676,255,131,168
3812,7678,272,131,170
3813,7680,269,131,168
3814,7682,262,132,170
3815,7684,271,132,167
3816,7686,270,131,165
3817,7688,279,131,164
3818,7690,269,132,166
3819,7692,257,131,164
3820,7694,238,131,165
3821,7696,251,130,163
3822,7698,263,132,164
3823,7700,259,131,163
3824,7702,258,130,163
3825,7704,248,131,163
3826,7706,265,130,163
3827,7708,275,131,162
3828,7710,257,131,164
3829,7712,253,130,162
3830,7714,236,129,159
3831,7716,251,130,160
3832,7718,255,130,160
3833,7720,267,131,158
3834,7722,267,130,160
3835,7724,262,131,160
3836,7726,260,131,157
3837,7728,280,131,159
3838,7730,262,131,159
3839,7732,264,131,158
3840,7734,244,131,155
3841,7736,247,130,148
3842,7738,258,130,147
3843,7740,275,130,145
3844,7742,252,130,146
3845,7744,244,130,146
3846,7746,247,130,146
3847,7748,260,130,147
3848,7750,251,130,145
3849,7752,248,130,146
3850,7754,235,131,144
3851,7756,255,131,147
3852,7758,253,130,145
3853,7760,258,130,144
3854,7762,252,130,146
3855,7764,253,131,146
3856,7766,264,130,146
3857,7768,270,129,148
3858,7770,242,130,147
3859,7772,247,130,145
3860,7774,228,131,145
3861,7776,250,130,146
3862,7778,246,130,145
3863,7780,264,131,146
3864,7782,260,130,146
3865,7784,251,131,146
3866,7786,267,131,146
3867,7788,276,131,146
3868,7790,245,131,146
3869,7792,240,131,145
3870,7794,233,130,145
3871,7796,249,131,145
3872,7798,260,130,144
3873,7800,267,130,146
3874,7802,257,131,145
3875,7804,252,130,145
3876,7806,278,131,144
3877,7808,279,131,144
3878,7810,251,131,145
3879,7812,250,131,142
3880,7814,234,130,142
3881,7816,250,131,143
3882,7818,264,131,145
3883,7820,256,130,142
3884,7822,257,131,143
3885,7824,255,131,145
3886,7826,273,131,144
3887,7828,264,131,142
3888,7830,254,131,143
3889,7832,245,131,144
3890,7834,243,131,145
3891,7836,245,131,145
3892,7838,258,130,143
3893,7840,257,130,143
3894,7842,262,130,144
3895,7844,263,131,143
3896,7846,281,131,144
3897,7848,274,131,145
3898,7850,258,130,143
3899,7852,254,131,143
3900,7854,239,130,143
3901,7856,251,131,144
3902,7858,259,130,143
3903,7860,265,130,144
3904,7862,266,130,144
3905,7864,260,131,144
3906,7866,269,131,146
3907,7868,273,131,144
3908,7870,265,132,145
3909,7872,254,131,146
3910,7874,237,131,144
3911,7876,252,131,144
3912,7878,271,132,146
3913,7880,256,132,145
3914,7882,263,132,145
3915,7884,256,132,146
3916,7886,286,133,145
3917,7888,281,133,144
3918,7890,264,133,146
3919,7892,254,132,145
3920,7894,239,132,143
3921,7896,251,132,144
3922,7898,254,133,146
3923,7900,265,132,146
3924,7902,264,133,145
3925,7904,258,132,145
3926,7906,282,133,144
3927,7908,279,133,144
3928,7910,254,133,143
3929,7912,256,133,144
3930,7914,236,133,145
3931,7916,253,133,146
3932,7918,264,133,151
3933,7920,258,134,149
3934,7922,260,134,154
3935,7924,267,134,156
3936,7926,290,134,154
3937,7928,278,134,157
3938,7930,261,134,156
3939,7932,252,134,155
3940,7934,241,134,153
3941,7936,258,134,154
3942,7938,267,134,155
3943,7940,260,135,155
3944,7942,258,134,156
3945,7944,261,135,157
3946,7946,284,135,155
3947,7948,274,135,155
3948,7950,263,135,157
3949,7952,262,133,155
3950,7954,237,134,157
3951,7956,247,134,156
3952,7958,257,135,155
3953,7960,265,135,156
3954,7962,269,135,157
3955,7964,260,135,158
3956,7966,285,135,158
3957,7968,268,135,159
3958,7970,260,135,161
3959,7972,258,135,160
3960,7974,237,135,162
3961,7976,253,135,162
3962,7978,259,135,163
3963,7980,257,135,164
3964,7982,256,135,162
3965,7984,256,135,164
3966,7986,277,135,163
3967,7988,274,136,164
3968,7990,265,136,165
3969,7992,258,135,164
3970,7994,239,135,166
3971,7996,250,135,165
3972,7998,260,135,165
3973,8000,255,135,165
3974,8002,261,135,166
3975,8004,266,135,167
3976,8006,288,135,165
3977,8008,274,135,168
3978,8010,261,136,166
3979,8012,260,135,166
3980,8014,244,135,167
3981,8016,248,135,167
3982,8018,261,136,166
3983,8020,262,135,168
3984,8022,256,135,170
3985,8024,263,136,166
3986,8026,286,135,169
3987,8028,278,136,168
3988,8030,262,135,164
3989,8032,252,136,167
3990,8034,242,135,167
3991,8036,246,135,167
3992,8038,266,135,168
3993,8040,258,135,165
3994,8042,254,135,165
3995,8044,262,136,168
3996,8046,281,135,167
3997,8048,268,135,166
3998,8050,255,135,165
3999,8052,250,135,166
4000,8054,249,135,166
4001,8056,251,137,165
4002,8058,261,135,166
4003,8060,249,135,163
4004,8062,254,135,163
4005,8064,261,135,162
4006,8066,281,135,162
4007,8068,262,135,163
4008,8070,248,134,162
4009,8072,257,135,163
4010,8074,237,134,163
4011,8076,250,135,163
4012,8078,256,134,163
4013,8080,250,135,164
4014,8082,252,135,164
4015,8084,261,135,162
4016,8086,277,136,164
4017,8088,266,135,165
4018,8090,254,135,165
4019,8092,257,135,164
4020,8094,244,134,166
4021,8096,248,135,164
4022,8098,260,135,165
4023,8100,252,135,166
4024,8102,253,135,167
4025,8104,251,135,166
4026,8106,274,135,166
4027,8108,275,135,166
4028,8110,254,135,168
4029,8112,255,135,167
4030,8114,238,135,167
4031,8116,245,135,167
4032,8118,257,135,168
4033,8120,257,136,168
4034,8122,256,135,169
4035,8124,264,136,171
4036,8126,278,135,170
4037,8128,263,136,169
4038,8130,259,135,169
4039,8132,264,139,170
4040,8134,236,135,169
4041,8136,252,135,170
4042,8138,258,135,168
4043,8140,250,136,171
4044,8142,252,136,170
4045,8144,258,135,170
4046,8146,278,136,171
4047,8148,264,136,171
4048,8150,255,135,171
4049,8152,247,136,171
4050,8154,238,136,171
4051,8156,250,136,170
4052,8158,259,136,170
4053,8160,260,136,171
4054,8162,257,136,169
4055,8164,255,136,171
4056,8166,276,135,170
4057,8168,273,136,170
4058,8170,255,136,171
4059,8172,248,135,171
4060,8174,244,135,170
4061,8176,249,136,170
4062,8178,258,134,170
4063,8180,259,135,170
4064,8182,259,136,171
4065,8184,253,139,171
4066,8186,275,136,170
4067,8188,265,137,172
4068,8190,251,136,171
4069,8192,252,136,171
4070,8194,241,136,169
4071,8196,248,136,171
4072,8198,268,136,171
4073,8200,254,135,171
4074,8202,264,136,173
4075,8204,256,136,173
4076,8206,266,136,173
4077,8208,268,136,172
4078,8210,253,136,173
4079,8212,256,136,174
4080,8214,242,136,174
4081,8216,255,135,173
4082,8218,261,136,171
4083,8220,261,137,174
4084,8222,276,136,173
4085,8224,259,137,174
4086,8226,284,137,174
4087,8228,265,138,173
4088,8230,257,137,172
4089,8232,259,138,172
4090,8234,242,138,171
4091,8236,252,138,172
4092,8238,255,138,174
4093,8240,253,139,173
4094,8242,254,138,174
4095,8244,260,139,171
4096,8246,283,138,173
4097,8248,272,138,172
4098,8250,254,138,173
4099,8252,248,139,173
4100,8254,240,139,172
4101,8256,251,139,173
4102,8258,260,138,173
4103,8260,255,138,174
4104,8262,250,139,174
4105,8264,269,139,174
4106,8266,271,139,173
4107,8268,261,139,173
4108,8270,246,139,173
4109,8272,243,139,173
4110,8274,249,139,173
4111,8276,250,139,174
4112,8278,256,139,173
4113,8280,254,139,171
4114,8282,248,139,174
4115,8284,255,138,174
4116,8286,280,139,175
4117,8288,270,139,174
4118,8290,250,138,173
4119,8292,248,139,174
4120,8294,249,140,174
4121,8296,252,139,173
4122,8298,266,139,174
4123,8300,255,139,176
4124,8302,261,140,173
4125,8304,260,138,174
4126,8306,269,140,176
4127,8308,268,141,174
4128,8310,254,140,174
4129,8312,253,140,173
4130,8314,240,139,174
4131,8316,254,141,175
4132,8318,259,141,176
4133,8320,262,141,175
4134,8322,261,141,174
4135,8324,262,140,175
4136,8326,274,140,174
4137,8328,264,140,174
4138,8330,258,140,175
4139,8332,265,140,175
4140,8334,240,139,176
4141,8336,249,140,174
4142,8338,256,140,174
4143,8340,257,140,175
4144,8342,257,140,176
4145,8344,251,140,176
4146,8346,276,141,176
4147,8348,269,140,175
4148,8350,252,140,174
4149,8352,256,141,177
4150,8354,241,141,175
4151,8356,251,140,175
4152,8358,252,140,175
4153,8360,260,140,176
4154,8362,257,141,175
4155,8364,263,140,175
4156,8366,276,141,175
4157,8368,266,140,174
4158,8370,253,141,174
4159,8372,255,140,174
4160,8374,248,140,174
4161,8376,254,141,173
4162,8378,266,141,175
4163,8380,261,141,175
4164,8382,259,140,176
4165,8384,257,140,174
4166,8386,275,140,175
4167,8388,268,141,176
4168,8390,251,140,174
4169,8392,254,141,175
4170,8394,251,141,176
4171,8396,256,141,175
4172,8398,260,141,175
4173,8400,266,140,174
4174,8402,267,140,175
4175,8404,257,141,175
4176,8406,274,141,177
4177,8408,265,141,176
4178,8410,256,141,176
4179,8412,254,140,176
4180,8414,243,140,175
4181,8416,255,140,175
4182,8418,256,140,176
4183,8420,269,140,176
4184,8422,263,140,175
4185,8424,259,141,176
4186,8426,275,141,176
4187,8428,271,141,176
4188,8430,250,140,176
4189,8432,251,141,176
4190,8434,243,140,175
4191,8436,258,140,176
4192,8438,260,141,175
4193,8440,265,140,175
4194,8442,269,141,177
4195,8444,262,141,176
4196,8446,277,142,177
4197,8448,264,142,176
4198,8450,254,142,176
4199,8452,249,141,176
4200,8454,242,142,176
4201,8456,257,141,176
4202,8458,256,142,176
4203,8460,257,142,177
4204,8462,260,142,177
4205,8464,256,141,176
4206,8466,277,141,176
4207,8468,262,142,176
4208,8470,244,141,176
4209,8472,250,142,176
4210,8474,247,142,175
4211,8476,254,142,176
4212,8478,256,142,175
4213,8480,261,143,175
4214,8482,258,142,175
4215,8484,251,142,174
4216,8486,277,142,172
4217,8488,265,141,170
4218,8490,251,142,170
4219,8492,254,142,169
4220,8494,251,142,171
4221,8496,247,142,170
4222,8498,245,141,171
4223,8500,257,142,171
4224,8502,260,140,171
4225,8504,256,142,170
4226,8506,271,142,171
4227,8508,255,143,172
4228,8510,254,141,172
4229,8512,248,142,171
4230,8514,248,141,172
4231,8516,250,142,171
4232,8518,260,142,170
4233,8520,259,142,170
4234,8522,259,141,171
4235,8524,255,142,172
4236,8526,272,142,172
4237,8528,268,142,171
4238,8530,249,142,171
4239,8532,258,142,172
4240,8534,249,142,173
4241,8536,251,142,172
4242,8538,261,143,173
4243,8540,255,142,172
4244,8542,262,142,172
4245,8544,259,142,171
4246,8546,272,143,172
4247,8548,261,142,172
4248,8550,268,142,172
4249,8552,242,141,173
4250,8554,236,142,172
4251,8556,250,143,173
4252,8558,257,142,172
4253,8560,254,142,172
4254,8562,262,141,173
4255,8564,254,142,174
4256,8566,273,142,174
4257,8568,261,142,175
4258,8570,249,142,174
4259,8572,250,142,174
4260,8574,243,142,174
4261,8576,252,142,175
4262,8578,261,142,175
4263,8580,254,142,174
4264,8582,264,142,176
4265,8584,258,141,177
4266,8586,270,141,176
4267,8588,267,142,176
4268,8590,248,142,176
4269,8592,248,142,175
4270,8594,245,143,177
4271,8596,249,142,174
4272,8598,252,142,176
4273,8600,249,142,175
4274,8602,257,142,176
4275,8604,261,142,176
4276,8606,277,142,176
4277,8608,258,142,176
4278,8610,252,142,176
4279,8612,242,142,176
4280,8614,238,142,175
4281,8616,247,142,176
4282,8618,244,142,176
4283,8620,253,142,175
4284,8622,259,142,176
4285,8624,260,142,176
4286,8626,276,143,177
4287,8628,260,142,175
4288,8630,255,142,175
4289,8632,239,143,176
4290,8634,235,143,176
4291,8636,243,142,175
4292,8638,251,143,174
4293,8640,255,143,176
4294,8642,255,142,177
4295,8644,249,143,177
4296,8646,270,142,176
4297,8648,254,143,176
4298,8650,248,143,175
4299,8652,237,143,175
4300,8654,236,142,177
4301,8656,242,144,176
4302,8658,269,143,176
4303,8660,250,144,176
4304,8662,254,143,176
4305,8664,247,144,177
4306,8666,276,144,176
4307,8668,265,143,176
4308,8670,265,144,176
4309,8672,247,144,175
4310,8674,244,145,175
4311,8676,244,144,175
4312,8678,258,145,176
4313,8680,248,144,175
4314,8682,256,144,175
4315,8684,252,144,176
4316,8686,272,144,176
4317,8688,262,145,176
4318,8690,248,144,176
4319,8692,241,144,174
4320,8694,238,144,175
4321,8696,250,145,174
4322,8698,256,144,175
4323,8700,248,144,175
4324,8702,255,144,175
4325,8704,257,144,175
4326,8706,271,145,175
4327,8708,260,144,177
4328,8710,256,144,177
4329,8712,235,145,175
4330,8714,233,145,174
4331,8716,242,145,175
4332,8718,248,145,176
4333,8720,253,145,174
4334,8722,249,144,175
4335,8724,258,145,174
4336,8726,269,146,176
4337,8728,260,145,175
4338,8730,251,144,175
4339,8732,241,145,175
4340,8734,231,144,175
4341,8736,243,144,176
4342,8738,259,145,176
4343,8740,251,145,176
4344,8742,251,145,173
4345,8744,247,145,174
4346,8746,287,145,176
4347,8748,283,146,176
4348,8750,259,145,175
4349,8752,231,146,176
4350,8754,226,146,174
4351,8756,255,144,176
4352,8758,258,144,176
4353,8760,253,145,177
4354,8762,249,145,176
4355,8764,258,145,176
4356,8766,285,146,176
4357,8768,268,144,177
4358,8770,264,146,175
4359,8772,247,145,176
4360,8774,222,142,176
4361,8776,258,144,176
4362,8778,264,145,176
4363,8780,254,146,177
4364,8782,265,144,175
4365,8784,265,145,177
4366,8786,285,144,176
4367,8788,284,144,176
4368,8790,261,143,175
4369,8792,260,145,175
4370,8794,226,145,176
4371,8796,245,145,177
4372,8798,260,145,177
4373,8800,253,145,177
4374,8802,263,145,176
4375,8804,251,145,176
4376,8806,284,145,177
4377,8808,279,145,176
4378,8810,257,145,175
4379,8812,240,144,176
4380,8814,216,145,177
4381,8816,239,144,175
4382,8818,262,144,179
4383,8820,255,144,176
4384,8822,256,145,177
4385,8824,253,145,175
4386,8826,287,145,177
4387,8828,279,145,177
4388,8830,257,145,176
4389,8832,239,145,177
4390,8834,225,144,177
4391,8836,235,145,176
4392,8838,268,143,177
4393,8840,254,145,176
4394,8842,256,144,176
4395,8844,251,144,177
4396,8846,286,144,176
4397,8848,279,144,177
4398,8850,250,144,176
4399,8852,238,143,175
4400,8854,233,145,176
4401,8856,244,144,176
4402,8858,254,144,177
4403,8860,245,144,176
4404,8862,249,144,175
4405,8864,248,143,176
4406,8866,281,144,177
4407,8868,278,144,176
4408,8870,250,144,176
4409,8872,234,145,176
4410,8874,222,144,175
4411,8876,247,144,176
4412,8878,248,145,177
4413,8880,254,144,176
4414,8882,256,144,176
4415,8884,257,144,176
4416,8886,269,145,177
4417,8888,275,145,177
4418,8890,251,144,176
4419,8892,239,145,177
4420,8894,224,144,176
4421,8896,250,144,175
4422,8898,256,144,176
4423,8900,249,145,176
4424,8902,251,145,176
4425,8904,257,145,175
4426,8906,279,144,177
4427,8908,278,144,178
4428,8910,258,145,176
4429,8912,242,145,176
4430,8914,236,144,174
4431,8916,255,145,176
4432,8918,259,144,175
4433,8920,269,145,174
4434,8922,245,145,176
4435,8924,249,145,176
4436,8926,281,145,177
4437,8928,278,145,176
4438,8930,254,145,177
4439,8932,241,145,176
4440,8934,233,145,177
4441,8936,258,145,176
4442,8938,256,146,177
4443,8940,267,144,177
4444,8942,249,145,176
4445,8944,253,144,176
4446,8946,284,145,177
4447,8948,279,144,176
4448,8950,257,145,176
4449,8952,242,145,177
4450,8954,232,145,176
4451,8956,255,144,175
4452,8958,244,144,175
4453,8960,266,144,176
4454,8962,247,145,176
4455,8964,252,145,175
4456,8966,278,144,176
4457,8968,278,145,177
4458,8970,265,144,176
4459,8972,244,145,177
4460,8974,237,146,177
4461,8976,258,144,176
4462,8978,264,145,176
4463,8980,257,145,176
4464,8982,255,145,176
4465,8984,258,145,177
4466,8986,282,144,177
4467,8988,269,145,177
4468,8990,255,144,176
4469,8992,241,145,175
4470,8994,236,145,176
4471,8996,254,145,176
4472,8998,243,145,176
4473,9000,276,145,177
4474,9002,255,145,177
4475,9004,255,146,175
4476,9006,282,144,176
4477,9008,278,145,176
4478,9010,262,145,176
4479,9012,236,144,175
4480,9014,239,144,174
4481,9016,257,144,177
4482,9018,255,145,175
4483,9020,247,145,175
4484,9022,253,144,175
4485,9024,251,145,176
4486,9026,288,144,173
4487,9028,277,144,176
4488,9030,253,144,175
4489,9032,239,145,175
4490,9034,236,144,175
4491,9036,259,145,174
4492,9038,243,145,175
4493,9040,255,145,175
4494,9042,247,145,176
4495,9044,254,144,177
4496,9046,292,145,176
4497,9048,280,145,175
4498,9050,259,145,176
4499,9052,227,144,175
4500,9054,235,145,174
4501,9056,260,145,176
4502,9058,259,145,177
4503,9060,246,145,176
4504,9062,251,145,176
4505,9064,259,145,176
4506,9066,282,146,176
4507,9068,282,146,176
4508,9070,258,145,175
4509,9072,247,144,173
4510,9074,227,144,175
4511,9076,248,145,176
4512,9078,260,146,174
4513,9080,258,146,176
4514,9082,259,145,177
4515,9084,254,146,176
4516,9086,283,146,177
4517,9088,268,145,175
4518,9090,261,145,177
4519,9092,241,146,176
4520,9094,238,146,177
4521,9096,251,146,178
4522,9098,249,145,177
4523,9100,259,146,176
4524,9102,261,146,177
4525,9104,251,146,175
4526,9106,276,147,176
4527,9108,274,145,176
4528,9110,259,144,175
4529,9112,237,145,177
4530,9114,231,146,175
4531,9116,258,146,177
4532,9118,243,145,176
4533,9120,259,145,177
4534,9122,253,145,176
4535,9124,246,145,177
4536,9126,276,146,176
4537,9128,272,146,177
4538,9130,253,146,177
4539,9132,231,145,176
4540,9134,236,145,176
4541,9136,252,146,178
4542,9138,253,148,176
4543,9140,258,146,177
4544,9142,255,145,176
4545,9144,244,146,175
4546,9146,281,147,175
4547,9148,274,145,174
4548,9150,253,145,174
4549,9152,234,146,176
4550,9154,235,145,174
4551,9156,256,145,175
4552,9158,253,146,176
4553,9160,248,146,177
4554,9162,251,146,176
4555,9164,256,146,175
4556,9166,277,146,176
4557,9168,292,146,177
4558,9170,258,146,175
4559,9172,233,145,174
4560,9174,226,147,176
4561,9176,252,145,177
4562,9178,258,145,176
4563,9180,252,146,176
4564,9182,251,145,175
4565,9184,253,146,176
4566,9186,278,146,176
4567,9188,278,145,175
4568,9190,262,146,175
4569,9192,234,146,176
4570,9194,233,145,175
4571,9196,256,145,175
4572,9198,251,145,175
4573,9200,255,146,177
4574,9202,251,146,175
4575,9204,251,145,176
4576,9206,278,146,176
4577,9208,268,145,176
4578,9210,251,145,176
4579,9212,229,145,175
4580,9214,224,145,176
4581,9216,246,145,177
4582,9218,244,145,176
4583,9220,247,146,175
4584,9222,252,145,176
4585,9224,248,145,174
4586,9226,277,145,176
4587,9228,280,145,176
4588,9230,259,145,176
4589,9232,231,145,176
4590,9234,229,145,176
4591,9236,251,145,176
4592,9238,246,145,175
4593,9240,240,145,177
4594,9242,251,144,176
4595,9244,255,145,177
4596,9246,289,146,176
4597,9248,277,145,176
4598,9250,250,145,176
4599,9252,226,145,176
4600,9254,227,146,175
4601,9256,248,145,176
4602,9258,246,145,176
4603,9260,252,147,177
4604,9262,246,145,177
4605,9264,251,146,178
4606,9266,279,146,177
4607,9268,275,145,176
4608,9270,264,146,177
4609,9272,233,146,177
4610,9274,224,146,177
4611,9276,244,146,177
4612,9278,251,145,176
4613,9280,248,146,177
4614,9282,257,146,176
4615,9284,258,146,177
4616,9286,282,145,177
4617,9288,270,145,177
4618,9290,254,146,178
4619,9292,230,146,177
4620,9294,222,146,177
4621,9296,248,146,175
4622,9298,245,146,177
4623,9300,250,146,177
4624,9302,257,145,175
4625,9304,252,146,177
4626,9306,286,146,177
4627,9308,276,146,176
4628,9310,265,146,177
4629,9312,222,146,176
4630,9314,229,145,177
4631,9316,251,145,176
4632,9318,250,146,177
4633,9320,244,146,177
4634,9322,249,146,175
4635,9324,253,146,177
4636,9326,283,146,177
4637,9328,273,145,176
4638,9330,255,146,176
4639,9332,237,146,177
4640,9334,230,146,177
4641,9336,248,145,176
4642,9338,250,146,177
4643,9340,247,146,178
4644,9342,248,146,176
4645,9344,260,146,176
4646,9346,279,146,176
4647,9348,274,146,176
4648,9350,263,146,177
4649,9352,233,146,176
4650,9354,224,146,177
4651,9356,249,147,177
4652,9358,252,144,177
4653,9360,246,147,177
4654,9362,250,146,177
4655,9364,262,146,175
4656,9366,278,147,176
4657,9368,270,147,177
4658,9370,253,146,176
4659,9372,240,146,177
4660,9374,224,146,174
4661,9376,252,145,179
4662,9378,244,146,176
4663,9380,250,145,178
4664,9382,253,146,176
4665,9384,258,146,176
4666,9386,283,146,178
4667,9388,275,146,178
4668,9390,259,146,176
4669,9392,230,146,174
4670,9394,221,146,177
4671,9396,247,146,177
4672,9398,245,146,176
4673,9400,253,145,178
4674,9402,251,146,176
4675,9404,251,147,177
4676,9406,286,146,178
4677,9408,276,146,177
4678,9410,250,147,177
4679,9412,227,146,176
4680,9414,228,146,176
4681,9416,254,146,178
4682,9418,242,146,177
4683,9420,244,147,178
4684,9422,254,147,178
4685,9424,257,146,177
4686,9426,287,146,176
4687,9428,280,146,177
4688,9430,266,146,177
4689,9432,237,145,177
4690,9434,230,146,177
4691,9436,250,146,177
4692,9438,255,146,177
4693,9440,240,146,176
4694,9442,258,146,177
4695,9444,264,146,176
4696,9446,287,147,177
4697,9448,269,147,176
4698,9450,258,145,177
4699,9452,236,146,176
4700,9454,227,146,176
4701,9456,256,146,176
4702,9458,253,146,176
4703,9460,256,146,176
4704,9462,252,146,177
4705,9464,260,146,176
4706,9466,282,147,177
4707,9468,271,146,177
4708,9470,260,146,176
4709,9472,235,146,176
4710,9474,230,145,175
4711,9476,259,146,176
4712,9478,250,145,175
4713,9480,254,144,178
4714,9482,256,146,175
4715,9484,257,147,176
4716,9486,283,145,176
4717,9488,268,146,177
4718,9490,256,145,175
4719,9492,223,146,175
4720,9494,228,146,175
4721,9496,254,146,174
4722,9498,269,146,177
4723,9500,256,144,176
4724,9502,258,146,176
4725,9504,247,145,175
4726,9506,284,146,175
4727,9508,272,146,176
4728,9510,268,146,176
4729,9512,237,145,176
4730,9514,243,145,176
4731,9516,257,148,174
4732,9518,252,146,177
4733,9520,258,145,175
4734,9522,255,145,177
4735,9524,245,145,174
4736,9526,278,144,176
4737,9528,280,146,176
4738,9530,257,148,176
4739,9532,239,145,176
4740,9534,248,145,175
4741,9536,268,146,176
4742,9538,259,145,176
4743,9540,260,146,177
4744,9542,256,146,177
4745,9544,260,145,176
4746,9546,291,147,177
4747,9548,284,145,176
4748,9550,251,148,175
4749,9552,229,144,176
4750,9554,239,144,175
4751,9556,255,146,178
4752,9558,255,144,177
4753,9560,260,145,176
4754,9562,251,145,176
4755,9564,261,145,175
4756,9566,293,145,175
4757,9568,278,146,176
4758,9570,259,146,176
4759,9572,237,145,176
4760,9574,236,146,177
4761,9576,255,146,175
4762,9578,253,145,175
4763,9580,260,145,176
4764,9582,258,146,177
4765,9584,245,146,176
4766,9586,284,145,177
4767,9588,271,145,178
4768,9590,255,145,177
4769,9592,234,146,176
4770,9594,237,146,178
4771,9596,255,145,177
4772,9598,258,145,176
4773,9600,248,145,176
4774,9602,250,145,176
4775,9604,248,146,174
4776,9606,291,146,177
4777,9608,263,146,178
4778,9610,258,146,176
4779,9612,238,146,179
4780,9614,242,146,177
4781,9616,256,145,177
4782,9618,255,146,176
4783,9620,252,145,173
4784,9622,252,145,176
4785,9624,260,145,177
4786,9626,286,146,175
4787,9628,267,145,176
4788,9630,247,146,176
4789,9632,233,146,176
4790,9634,238,145,177
4791,9636,258,145,178
4792,9638,257,145,177
4793,9640,258,146,176
4794,9642,250,146,177
4795,9644,256,145,178
4796,9646,276,146,177
4797,9648,272,145,175
4798,9650,257,146,176
4799,9652,233,146,176
4800,9654,245,146,176
4801,9656,255,146,173
4802,9658,257,146,175
4803,9660,266,145,175
4804,9662,254,146,175
4805,9664,256,145,176
4806,9666,289,146,177
4807,9668,273,145,175
4808,9670,255,146,176
4809,9672,236,146,177
4810,9674,250,146,176
4811,9676,272,146,176
4812,9678,256,146,175
4813,9680,257,146,175
4814,9682,255,145,174
4815,9684,259,145,175
4816,9686,290,147,177
4817,9688,264,146,176
4818,9690,262,146,176
4819,9692,240,146,176
4820,9694,246,146,177
4821,9696,258,147,176
4822,9698,261,146,176
4823,9700,267,146,177
4824,9702,255,146,176
4825,9704,252,147,176
4826,9706,283,146,176
4827,9708,276,146,176
4828,9710,269,147,176
4829,9712,231,146,176
4830,9714,246,147,177
4831,9716,265,146,175
4832,9718,259,146,175
4833,9720,264,145,175
4834,9722,247,145,176
4835,9724,264,146,175
4836,9726,281,147,178
4837,9728,283,147,175
4838,9730,279,146,177
4839,9732,247,146,175
4840,9734,243,147,178
4841,9736,267,146,175
4842,9738,274,147,176
4843,9740,280,146,176
4844,9742,256,146,175
4845,9744,261,147,176
4846,9746,284,145,176
4847,9748,271,145,177
4848,9750,269,146,176
4849,9752,235,148,176
4850,9754,243,146,177
4851,9756,266,146,174
4852,9758,260,145,176
4853,9760,266,146,177
4854,9762,252,146,177
4855,9764,264,146,177
4856,9766,282,146,177
4857,9768,273,145,177
4858,9770,257,145,177
4859,9772,235,145,177
4860,9774,234,145,176
4861,9776,253,145,177
4862,9778,257,145,177
4863,9780,258,144,177
4864,9782,247,146,178
4865,9784,247,147,178
4866,9786,286,146,176
4867,9788,282,145,178
4868,9790,261,147,178
4869,9792,228,145,179
4870,9794,233,146,178
4871,9796,261,146,178
4872,9798,251,147,179
4873,9800,256,147,177
4874,9802,251,147,175
4875,9804,247,147,174
4876,9806,274,146,177
4877,9808,271,147,178
4878,9810,254,146,176
4879,9812,230,147,176
4880,9814,240,148,176
4881,9816,258,149,176
4882,9818,245,150,177
4883,9820,260,150,187
4884,9822,261,150,185
4885,9824,257,150,185
4886,9826,281,151,187
4887,9828,253,152,185
4888,9830,246,151,189
4889,9832,223,152,191
4890,9834,229,152,188
4891,9836,249,152,189
4892,9838,252,152,189
4893,9840,238,153,188
4894,9842,247,153,188
4895,9844,230,154,189
4896,9846,270,154,189
4897,9848,252,154,189
4898,9850,272,155,189
4899,9852,235,155,186
4900,9854,234,154,187
4901,9856,259,155,190
4902,9858,248,155,188
4903,9860,255,155,188
4904,9862,254,155,190
4905,9864,254,154,188
4906,9866,290,156,187
4907,9868,262,156,189
4908,9870,256,156,190
4909,9872,222,156,190
4910,9874,231,156,187
4911,9876,262,156,189
4912,9878,249,157,191
4913,9880,246,156,189
4914,9882,258,157,192
4915,9884,258,157,194
4916,9886,296,157,195
4917,9888,278,157,196
4918,9890,263,156,200
4919,9892,231,157,199
4920,9894,232,157,201
4921,9896,256,157,201
4922,9898,259,157,200
4923,9900,251,158,201
4924,9902,253,157,199
4925,9904,270,157,201
4926,9906,279,157,202
4927,9908,272,156,202
4928,9910,259,157,201
4929,9912,230,157,200
4930,9914,235,157,198
4931,9916,248,157,200
4932,9918,253,157,199
4933,9920,243,157,200
4934,9922,265,157,201
4935,9924,257,158,200
4936,9926,277,157,200
4937,9928,270,157,199
4938,9930,254,158,199
4939,9932,233,158,198
4940,9934,243,156,198
4941,9936,260,156,198
4942,9938,241,156,196
4943,9940,235,159,197
4944,9942,236,157,197
4945,9944,237,157,198
4946,9946,272,157,197
4947,9948,249,157,199
4948,9950,251,157,196
4949,9952,219,157,193
4950,9954,228,157,190
4951,9956,244,157,193
4952,9958,239,156,191
4953,9960,247,157,193
4954,9962,247,156,191
4955,9964,240,156,190
4956,9966,255,157,191
4957,9968,237,156,192
4958,9970,213,157,191
4959,9972,183,156,188
4960,9974,207,157,189
4961,9976,214,156,188
4962,9978,217,156,187
4963,9980,223,157,186
4964,9982,202,157,185
4965,9984,231,157,184
4966,9986,255,157,186
4967,9988,233,158,185
4968,9990,244,156,183
4969,9992,194,156,182
4970,9994,214,157,181
4971,9996,223,156,180
4972,9998,236,157,179
4973,10000,222,157,172
4974,10002,231,156,172
4975,10004,245,156,174
4976,10006,263,157,175
4977,10008,225,157,174
4978,10010,243,157,173
4979,10012,190,156,174
4980,10014,170,157,171
4981,10016,196,157,172
4982,10018,180,157,171
4983,10020,202,157,171
4984,10022,195,157,172
4985,10024,229,157,172
4986,10026,227,159,172
4987,10028,243,159,172
4988,10030,234,158,171
4989,10032,198,157,169
4990,10034,198,158,167
4991,10036,233,159,167
4992,10038,229,158,168
4993,10040,222,159,165
4994,10042,216,159,167
4995,10044,223,159,166
4996,10046,263,159,169
4997,10048,253,160,169
4998,10050,227,158,169
4999,10052,218,160,166
5000,10054,213,163,170
5001,10056,232,164,171
5002,10058,233,163,167
5003,10060,239,165,168
5004,10062,241,165,169
5005,10064,246,167,172
5006,10066,288,167,174
5007,10068,258,167,171
5008,10070,242,169,173
5009,10072,212,168,175
5010,10074,212,168,172
5011,10076,237,169,165
5012,10078,233,168,170
5013,10080,233,169,165
5014,10082,245,170,166
5015,10084,243,175,166
5016,10086,273,175,166
5017,10088,270,176,169
5018,10090,257,176,166
5019,10092,229,176,167
5020,10094,218,177,167
5021,10096,235,177,168
5022,10098,230,176,173
5023,10100,232,177,174
5024,10102,232,177,172
5025,10104,252,178,176
5026,10106,281,178,178
5027,10108,266,179,173
5028,10110,245,179,178
5029,10112,224,180,179
5030,10114,198,180,179
5031,10116,245,182,180
5032,10118,241,182,182
5033,10120,245,181,182
5034,10122,254,182,187
5035,10124,262,182,189
5036,10126,289,182,190
5037,10128,271,182,183
5038,10130,263,183,185
5039,10132,237,182,188
5040,10134,234,182,184
5041,10136,255,181,184
5042,10138,248,182,182
5043,10140,268,183,185
5044,10142,257,183,182
5045,10144,253,183,183
5046,10146,287,182,180
5047,10148,253,182,178
5048,10150,247,183,178
5049,10152,220,182,178
5050,10154,214,183,172
5051,10156,256,183,176
5052,10158,260,184,176
5053,10160,266,184,177
5054,10162,276,185,177
5055,10164,274,185,177
5056,10166,312,185,178
5057,10168,286,186,179
5058,10170,267,187,179
5059,10172,258,186,181
5060,10174,258,187,189
5061,10176,243,188,190
5062,10178,248,190,191
5063,10180,248,190,192
5064,10182,242,189,198
5065,10184,242,191,198
5066,10186,276,192,198
5067,10188,265,193,198
5068,10190,244,192,201
5069,10192,230,192,206
5070,10194,229,192,206
5071,10196,275,193,208
5072,10198,282,193,210
5073,10200,280,193,209
5074,10202,275,193,208
5075,10204,276,196,213
5076,10206,312,196,214
5077,10208,296,196,215
5078,10210,275,196,215
5079,10212,264,197,215
5080,10214,257,197,215
5081,10216,275,197,218
5082,10218,285,198,216
5083,10220,275,198,217
5084,10222,280,199,219
5085,10224,285,199,219
5086,10226,316,196,219
5087,10228,286,199,218
5088,10230,274,196,218
5089,10232,255,199,217
5090,10234,256,199,219
5091,10236,283,200,218
5092,10238,287,200,218
5093,10240,290,199,221
5094,10242,281,200,221
5095,10244,281,201,220
5096,10246,312,201,220
5097,10248,292,202,221
5098,10250,284,202,221
5099,10252,278,202,222
5100,10254,267,204,221
5101,10256,286,203,222
5102,10258,304,202,223
5103,10260,259,203,224
5104,10262,259,203,223
5105,10264,260,201,226
5106,10266,283,202,224
5107,10268,267,203,225
5108,10270,255,202,224
5109,10272,241,202,227
5110,10274,238,202,230
5111,10276,261,203,228
5112,10278,258,198,229
5113,10280,258,202,228
5114,10282,243,203,229
5115,10284,232,203,229
5116,10286,278,204,231
5117,10288,266,204,230
5118,10290,253,204,229
5119,10292,234,203,232
5120,10294,232,204,231
5121,10296,260,204,230
5122,10298,247,203,231
5123,10300,252,204,233
5124,10302,250,204,230
5125,10304,249,204,232
5126,10306,273,205,232
5127,10308,260,203,231
5128,10310,251,204,232
5129,10312,225,204,234
5130,10314,228,204,232
5131,10316,252,206,233
5132,10318,251,205,231
5133,10320,247,205,232
5134,10322,244,205,232
5135,10324,245,206,233
5136,10326,274,205,232
5137,10328,262,206,233
5138,10330,232,206,232
5139,10332,227,206,232
5140,10334,237,207,234
5141,10336,246,207,233
5142,10338,253,207,232
5143,10340,254,207,234
5144,10342,259,207,234
5145,10344,239,208,234
5146,10346,260,207,231
5147,10348,247,207,233
5148,10350,238,207,232
5149,10352,223,207,232
5150,10354,215,207,233
5151,10356,233,206,233
5152,10358,249,206,233
5153,10360,250,206,233
5154,10362,241,206,234
5155,10364,250,205,233
5156,10366,279,205,231
5157,10368,262,205,234
5158,10370,234,205,233
5159,10372,218,205,232
5160,10374,218,204,234
5161,10376,217,204,232
5162,10378,261,204,232
5163,10380,254,204,232
5164,10382,257,204,232
5165,10384,240,204,231
5166,10386,277,204,229
5167,10388,258,204,233
5168,10390,237,204,232
5169,10392,225,204,230
5170,10394,223,203,229
5171,10396,239,205,230
5172,10398,247,201,229
5173,10400,240,203,229
5174,10402,247,204,230
5175,10404,242,203,231
5176,10406,273,204,231
5177,10408,254,203,229
5178,10410,243,203,228
5179,10412,222,203,227
5180,10414,231,203,227
5181,10416,250,203,229
5182,10418,247,203,227
5183,10420,236,202,226
5184,10422,244,202,225
5185,10424,230,201,224
5186,10426,269,202,225
5187,10428,249,202,226
5188,10430,236,202,224
5189,10432,221,202,228
5190,10434,228,201,222
5191,10436,240,202,223
5192,10438,238,200,222
5193,10440,240,200,223
5194,10442,243,200,224
5195,10444,238,201,223
5196,10446,270,200,221
5197,10448,254,200,222
5198,10450,259,200,222
5199,10452,229,199,220
5200,10454,224,199,219
5201,10456,249,199,219
5202,10458,248,199,218
5203,10460,243,199,217
5204,10462,273,199,217
5205,10464,264,197,217
5206,10466,307,198,215
5207,10468,285,198,216
5208,10470,272,197,214
5209,10472,258,198,214
5210,10474,252,198,215
5211,10476,260,197,214
5212,10478,284,198,214
5213,10480,268,197,212
5214,10482,258,195,212
5215,10484,269,192,211
5216,10486,304,192,212
5217,10488,293,189,209
5218,10490,280,190,210
5219,10492,257,190,209
5220,10494,250,189,209
5221,10496,273,190,205
5222,10498,277,189,203
5223,10500,260,191,197
5224,10502,284,190,198
5225,10504,252,190,200
5226,10506,299,190,196
5227,10508,275,190,194
5228,10510,269,190,186
5229,10512,228,191,178
5230,10514,243,190,175
5231,10516,259,190,171
5232,10518,268,192,170
5233,10520,266,191,173
5234,10522,280,192,171
5235,10524,271,193,159
5236,10526,298,195,158
5237,10528,275,194,155
5238,10530,262,193,151
5239,10532,246,194,150
5240,10534,251,195,149
5241,10536,270,196,150
5242,10538,257,195,147
5243,10540,269,196,148
5244,10542,251,194,147
5245,10544,264,196,148
5246,10546,298,196,145
5247,10548,270,195,144
5248,10550,271,194,144
5249,10552,248,195,143
5250,10554,254,196,143
5251,10556,266,195,142
5252,10558,262,197,140
5253,10560,261,196,140
5254,10562,259,196,140
5255,10564,249,195,140
5256,10566,294,196,141
5257,10568,276,197,141
5258,10570,263,197,138
5259,10572,252,198,139
5260,10574,248,196,140
5261,10576,262,198,135
5262,10578,251,198,137
5263,10580,248,197,135
5264,10582,247,199,134
5265,10584,257,199,134
5266,10586,294,199,134
5267,10588,279,199,132
5268,10590,261,197,134
5269,10592,222,198,131
5270,10594,241,198,132
5271,10596,259,198,134
5272,10598,255,198,132
5273,10600,265,198,133
5274,10602,262,198,133
5275,10604,263,198,132
5276,10606,294,199,126
5277,10608,267,198,125
5278,10610,270,198,125
5279,10612,233,198,124
5280,10614,237,197,125
5281,10616,270,198,124
5282,10618,247,199,125
5283,10620,256,198,125
5284,10622,266,198,126
5285,10624,253,198,125
5286,10626,273,198,126
5287,10628,277,198,125
5288,10630,265,199,126
5289,10632,242,198,125
5290,10634,245,198,126
5291,10636,266,198,126
5292,10638,253,197,125
5293,10640,251,197,125
5294,10642,270,197,125
5295,10644,263,197,125
5296,10646,302,197,126
5297,10648,282,197,125
5298,10650,282,197,126
5299,10652,246,197,126
5300,10654,256,196,125
5301,10656,267,197,126
5302,10658,260,197,126
5303,10660,273,197,126
5304,10662,267,196,126
5305,10664,274,197,126
5306,10666,304,197,126
5307,10668,292,197,127
5308,10670,269,197,127
5309,10672,245,196,127
5310,10674,261,197,129
5311,10676,280,197,130
5312,10678,273,197,129
5313,10680,270,197,137
5314,10682,253,196,138
5315,10684,259,197,137
5316,10686,289,196,137
5317,10688,295,198,137
5318,10690,283,196,136
5319,10692,264,197,137
5320,10694,255,197,134
5321,10696,272,197,137
5322,10698,254,196,137
5323,10700,266,197,137
5324,10702,270,197,137
5325,10704,264,197,138
5326,10706,308,197,138
5327,10708,285,197,137
5328,10710,277,197,138
5329,10712,252,197,137
5330,10714,257,197,138
5331,10716,279,197,137
5332,10718,221,197,139
5333,10720,237,197,136
5334,10722,241,196,137
5335,10724,240,196,138
5336,10726,277,197,138
5337,10728,254,197,138
5338,10730,244,197,138
5339,10732,213,197,137
5340,10734,219,197,138
5341,10736,242,197,138
5342,10738,244,198,138
5343,10740,239,197,141
5344,10742,245,197,140
5345,10744,249,198,141
5346,10746,287,197,141
5347,10748,263,197,141
5348,10750,249,197,141
5349,10752,235,197,142
5350,10754,220,197,145
5351,10756,241,196,144
5352,10758,236,197,144
5353,10760,243,197,146
5354,10762,239,197,144
5355,10764,244,198,149
5356,10766,284,198,148
5357,10768,255,197,150
5358,10770,242,198,149
5359,10772,268,196,151
5360,10774,279,197,149
5361,10776,293,198,152
5362,10778,299,197,152
5363,10780,296,197,151
5364,10782,298,197,150
5365,10784,301,198,153
5366,10786,315,197,153
5367,10788,313,197,152
5368,10790,303,197,153
5369,10792,269,198,153
5370,10794,270,197,152
5371,10796,306,197,152
5372,10798,294,197,154
5373,10800,294,198,153
5374,10802,301,197,150
5375,10804,301,198,150
5376,10806,322,197,152
5377,10808,316,197,151
5378,10810,300,197,154
5379,10812,270,198,167
5380,10814,280,197,169
5381,10816,301,197,178
5382,10818,298,198,182
5383,10820,305,197,186
5384,10822,298,199,197
5385,10824,307,198,198
5386,10826,330,198,201
5387,10828,307,198,201
5388,10830,303,198,203
5389,10832,280,199,205
5390,10834,278,201,207
5391,10836,289,203,204
5392,10838,298,205,206
5393,10840,295,206,207
5394,10842,304,206,210
5395,10844,296,206,215
5396,10846,322,208,210
5397,10848,315,207,212
5398,10850,297,208,215
5399,10852,268,208,215
5400,10854,278,209,215
5401,10856,297,208,214
5402,10858,283,208,215
5403,10860,298,206,216
5404,10862,286,208,214
5405,10864,295,207,217
5406,10866,319,207,215
5407,10868,301,207,215
5408,10870,292,207,216
5409,10872,273,209,218
5410,10874,287,209,217
5411,10876,293,209,216
5412,10878,306,209,216
5413,10880,305,209,217
5414,10882,282,210,219
5415,10884,289,209,219
5416,10886,325,211,221
5417,10888,296,209,221
5418,10890,305,209,220
5419,10892,279,209,222
5420,10894,284,208,221
5421,10896,293,209,221
5422,10898,295,210,223
5423,10900,310,209,223
5424,10902,305,209,223
5425,10904,305,209,222
5426,10906,324,210,223
5427,10908,308,209,222
5428,10910,303,209,222
5429,10912,270,210,224
5430,10914,286,210,224
5431,10916,306,209,224
5432,10918,303,209,225
5433,10920,302,209,225
5434,10922,295,210,224
5435,10924,298,210,225
5436,10926,315,210,223
5437,10928,312,210,224
5438,10930,300,209,225
5439,10932,274,209,224
5440,10934,288,209,225
5441,10936,307,211,225
5442,10938,310,209,226
5443,10940,306,210,226
5444,10942,300,213,227
5445,10944,297,210,226
5446,10946,337,210,226
5447,10948,309,209,225
5448,10950,299,209,225
5449,10952,289,208,226
5450,10954,293,208,225
5451,10956,284,208,226
5452,10958,312,209,224
5453,10960,311,209,226
5454,10962,308,207,225
5455,10964,308,209,227
5456,10966,338,209,227
5457,10968,323,209,227
5458,10970,307,209,226
5459,10972,282,209,225
5460,10974,295,209,225
5461,10976,297,208,226
5462,10978,307,209,223
5463,10980,310,209,226
5464,10982,310,208,227
5465,10984,304,209,225
5466,10986,336,209,226
5467,10988,301,208,227
5468,10990,297,209,226
5469,10992,282,209,227
5470,10994,293,210,228
5471,10996,294,208,228
5472,10998,314,210,227
5473,11000,323,209,228
5474,11002,301,209,228
5475,11004,292,210,228
5476,11006,332,210,227
5477,11008,307,210,229
5478,11010,316,211,228
5479,11012,283,210,227
5480,11014,287,211,227
5481,11016,280,211,228
5482,11018,304,212,226
5483,11020,307,210,229
5484,11022,303,212,227
5485,11024,298,211,228
5486,11026,340,212,228
5487,11028,298,213,229
5488,11030,309,213,228
5489,11032,258,212,228
5490,11034,293,212,229
5491,11036,306,213,231
5492,11038,307,214,232
5493,11040,306,214,232
5494,11042,305,212,231
5495,11044,305,212,230
5496,11046,333,213,232
5497,11048,315,213,229
5498,11050,311,212,230
5499,11052,273,212,231
5500,11054,291,212,230
5501,11056,299,211,230
5502,11058,303,212,234
5503,11060,298,211,231
5504,11062,294,211,232
5505,11064,296,211,231
5506,11066,333,211,232
5507,11068,306,211,232
5508,11070,293,212,231
5509,11072,276,210,229
5510,11074,289,209,231
5511,11076,297,212,232
5512,11078,308,211,231
5513,11080,301,211,231
5514,11082,297,210,231
5515,11084,287,210,230
5516,11086,330,210,230
5517,11088,300,210,232
5518,11090,297,210,230
5519,11092,277,210,232
5520,11094,282,211,231
5521,11096,291,211,233
5522,11098,299,209,232
5523,11100,297,210,232
5524,11102,302,210,231
5525,11104,300,211,231
5526,11106,336,210,231
5527,11108,310,209,231
5528,11110,302,209,230
5529,11112,270,209,230
5530,11114,286,209,230
5531,11116,297,209,230
5532,11118,302,209,231
5533,11120,301,209,231
5534,11122,301,209,232
5535,11124,299,209,232
5536,11126,325,209,232
5537,11128,304,209,232
5538,11130,305,207,231
5539,11132,273,207,231
5540,11134,285,207,231
5541,11136,307,207,230
5542,11138,316,206,230
5543,11140,308,207,231
5544,11142,303,207,229
5545,11144,298,207,230
5546,11146,323,206,230
5547,11148,307,208,232
5548,11150,305,206,230
5549,11152,274,206,231
5550,11154,295,205,230
5551,11156,303,205,230
5552,11158,302,205,231
5553,11160,301,205,229
5554,11162,309,205,230
5555,11164,298,204,228
5556,11166,323,205,229
5557,11168,307,205,230
5558,11170,302,205,229
5559,11172,279,204,228
5560,11174,287,204,228
5561,11176,293,204,229
5562,11178,302,204,229
5563,11180,297,203,229
5564,11182,285,204,229
5565,11184,288,204,229
5566,11186,321,203,229
5567,11188,292,203,229
5568,11190,298,201,228
5569,11192,279,201,228
5570,11194,289,201,228
5571,11196,300,201,227
5572,11198,289,201,228
5573,11200,293,201,229
5574,11202,291,201,227
5575,11204,282,201,227
5576,11206,309,201,228
5577,11208,296,200,225
5578,11210,295,201,226
5579,11212,256,200,226
5580,11214,287,200,225
5581,11216,292,198,225
5582,11218,289,198,225
5583,11220,294,197,224
5584,11222,298,198,223
5585,11224,288,197,224
5586,11226,308,193,224
5587,11228,299,192,225
5588,11230,288,192,224
5589,11232,265,192,224
5590,11234,279,191,223
5591,11236,291,191,221
5592,11238,287,192,223
5593,11240,292,192,221
5594,11242,300,192,221
5595,11244,293,191,220
5596,11246,321,192,222
5597,11248,304,191,221
5598,11250,293,191,219
5599,11252,258,191,219
5600,11254,282,191,220
5601,11256,295,191,218
5602,11258,289,191,217
5603,11260,302,191,218
5604,11262,301,192,217
5605,11264,300,192,218
5606,11266,325,191,216
5607,11268,312,192,215
5608,11270,301,191,215
5609,11272,272,191,215
5610,11274,283,191,215
5611,11276,298,191,215
5612,11278,291,191,215
5613,11280,297,190,213
5614,11282,287,190,213
5615,11284,294,190,213
5616,11286,330,190,210
5617,11288,316,190,209
5618,11290,320,190,209
5619,11292,262,189,202
5620,11294,282,189,203
5621,11296,283,189,201
5622,11298,290,189,203
5623,11300,299,188,201
5624,11302,297,188,199
5625,11304,307,189,196
5626,11306,324,188,197
5627,11308,314,188,197
5628,11310,307,187,196
5629,11312,265,186,189
5630,11314,283,187,193
5631,11316,306,186,194
5632,11318,288,186,196
5633,11320,299,185,193
5634,11322,286,185,194
5635,11324,309,185,193
5636,11326,310,186,194
5637,11328,304,185,194
5638,11330,308,186,193
5639,11332,273,186,193
5640,11334,285,186,192
5641,11336,297,186,191
5642,11338,291,185,187
5643,11340,294,186,192
5644,11342,299,187,194
5645,11344,305,186,194
5646,11346,318,187,194
5647,11348,302,186,193
5648,11350,302,186,194
5649,11352,268,185,193
5650,11354,279,189,193
5651,11356,304,186,193
5652,11358,296,186,196
5653,11360,295,186,193
5654,11362,298,187,194
5655,11364,298,187,195
5656,11366,328,186,193
5657,11368,296,187,194
5658,11370,289,187,195
5659,11372,273,186,194
5660,11374,281,187,194
5661,11376,304,187,193
5662,11378,294,187,193
5663,11380,293,187,195
5664,11382,294,184,195
5665,11384,303,187,194
5666,11386,329,187,194
5667,11388,311,187,194
5668,11390,293,187,194
5669,11392,267,187,195
5670,11394,280,187,195
5671,11396,303,187,195
5672,11398,304,187,194
5673,11400,298,187,195
5674,11402,302,187,195
5675,11404,301,187,194
5676,11406,327,187,196
5677,11408,311,187,194
5678,11410,297,187,193
5679,11412,274,187,189
5680,11414,281,188,194
5681,11416,301,187,191
5682,11418,294,187,193
5683,11420,301,188,193
5684,11422,303,187,195
5685,11424,313,188,193
5686,11426,320,187,193
5687,11428,312,187,193
5688,11430,297,188,194
5689,11432,276,186,194
5690,11434,281,187,193
5691,11436,296,187,194
5692,11438,293,188,193
5693,11440,304,187,193
5694,11442,302,188,194
5695,11444,302,187,193
5696,11446,325,188,194
5697,11448,303,187,193
5698,11450,295,187,195
5699,11452,267,187,193
5700,11454,282,187,193
5701,11456,297,186,192
5702,11458,287,187,193
5703,11460,295,187,193
5704,11462,292,186,188
5705,11464,299,186,193
5706,11466,317,186,193
5707,11468,306,186,193
5708,11470,300,186,194
5709,11472,268,186,194
5710,11474,290,186,194
5711,11476,302,185,193
5712,11478,299,185,194
5713,11480,299,185,188
5714,11482,291,184,189
5715,11484,303,184,186
5716,11486,320,185,188
5717,11488,307,184,187
5718,11490,302,184,186
5719,11492,269,185,186
5720,11494,285,185,187
5721,11496,291,184,188
5722,11498,297,183,188
5723,11500,302,184,188
5724,11502,296,185,187
5725,11504,306,184,187
5726,11506,316,184,186
5727,11508,301,184,187
5728,11510,296,184,187
5729,11512,267,183,186
5730,11514,284,184,187
5731,11516,292,183,187
5732,11518,294,183,186
5733,11520,294,184,187
5734,11522,298,182,187
5735,11524,293,181,186
5736,11526,313,182,186
5737,11528,303,179,186
5738,11530,296,179,186
5739,11532,270,179,189
5740,11534,283,179,186
5741,11536,288,179,186
5742,11538,286,180,187
5743,11540,289,179,186
5744,11542,280,179,186
5745,11544,291,178,185
5746,11546,315,178,187
5747,11548,306,178,187
5748,11550,302,179,185
5749,11552,261,178,187
5750,11554,277,177,186
5751,11556,288,177,189
5752,11558,293,177,186
5753,11560,300,176,186
5754,11562,293,177,186
5755,11564,293,177,186
5756,11566,326,178,187
5757,11568,301,176,187
5758,11570,301,176,186
5759,11572,275,176,185
5760,11574,294,174,186
5761,11576,298,176,185
5762,11578,298,175,186
5763,11580,308,176,188
5764,11582,302,176,183
5765,11584,316,176,184
5766,11586,325,175,185
5767,11588,310,176,185
5768,11590,297,176,185
5769,11592,275,175,184
5770,11594,293,176,185
5771,11596,288,176,185
5772,11598,306,176,184
5773,11600,307,175,184
5774,11602,300,176,185
5775,11604,322,175,185
5776,11606,326,176,185
5777,11608,310,175,184
5778,11610,297,173,184
5779,11612,271,175,182
5780,11614,287,174,181
5781,11616,300,174,181
5782,11618,308,174,181
5783,11620,298,174,181
5784,11622,288,175,181
5785,11624,308,173,180
5786,11626,323,173,180
5787,11628,307,173,180
5788,11630,304,173,180
5789,11632,270,173,179
5790,11634,288,173,179
5791,11636,296,171,178
5792,11638,303,171,178
5793,11640,306,172,179
5794,11642,286,172,180
5795,11644,327,171,179
5796,11646,324,171,180
5797,11648,303,171,181
5798,11650,303,172,181
5799,11652,273,172,182
5800,11654,289,171,181
5801,11656,293,171,181
5802,11658,305,171,181
5803,11660,298,170,182
5804,11662,302,170,181
5805,11664,322,171,183
5806,11666,331,170,183
5807,11668,300,170,182
5808,11670,296,170,179
5809,11672,276,170,181
5810,11674,289,170,183
5811,11676,296,170,183
5812,11678,300,171,184
5813,11680,297,171,184
5814,11682,296,170,184
5815,11684,331,170,184
5816,11686,330,170,185
5817,11688,304,170,185
5818,11690,297,170,185
5819,11692,268,170,185
5820,11694,285,170,184
5821,11696,290,170,185
5822,11698,309,172,185
5823,11700,298,170,186
5824,11702,284,170,183
5825,11704,325,170,184
5826,11706,323,170,184
5827,11708,298,171,184
5828,11710,289,170,184
5829,11712,248,169,183
5830,11714,270,170,184
5831,11716,282,170,184
5832,11718,288,171,184
5833,11720,273,171,185
5834,11722,279,170,184
5835,11724,308,170,184
5836,11726,308,170,186
5837,11728,285,169,185
5838,11730,295,166,185
5839,11732,261,169,185
5840,11734,274,169,185
5841,11736,278,169,184
5842,11738,292,168,184
5843,11740,289,168,185
5844,11742,270,168,185
5845,11744,309,169,187
5846,11746,310,169,187
5847,11748,284,168,186
5848,11750,279,168,186
5849,11752,260,169,186
5850,11754,270,169,184
5851,11756,284,170,186
5852,11758,284,168,187
5853,11760,280,168,185
5854,11762,280,169,185
5855,11764,316,169,186
5856,11766,313,169,184
5857,11768,292,169,185
5858,11770,281,168,185
5859,11772,259,168,185
5860,11774,267,168,185
5861,11776,283,168,184
5862,11778,295,169,184
5863,11780,289,169,185
5864,11782,282,168,185
5865,11784,305,169,185
5866,11786,311,168,185
5867,11788,300,169,186
5868,11790,290,169,185
5869,11792,256,168,185
5870,11794,268,169,185
5871,11796,282,169,185
5872,11798,289,168,185
5873,11800,292,168,186
5874,11802,288,169,186
5875,11804,315,168,185
5876,11806,324,168,186
5877,11808,289,168,186
5878,11810,274,169,186
5879,11812,255,168,185
5880,11814,266,169,185
5881,11816,289,169,185
5882,11818,289,169,186
5883,11820,303,169,186
5884,11822,289,169,186
5885,11824,305,169,187
5886,11826,301,169,187
5887,11828,289,171,185
5888,11830,277,170,187
5889,11832,243,169,186
5890,11834,266,168,186
5891,11836,286,169,184
5892,11838,272,169,186
5893,11840,274,168,186
5894,11842,289,169,187
5895,11844,317,169,187
5896,11846,303,169,185
5897,11848,284,169,186
5898,11850,264,169,186
5899,11852,246,168,186
5900,11854,257,169,187
5901,11856,273,169,186
5902,11858,280,169,186
5903,11860,286,169,186
5904,11862,275,169,186
5905,11864,309,168,186
5906,11866,310,168,186
5907,11868,297,169,187
5908,11870,271,168,185
5909,11872,246,168,185
5910,11874,264,168,184
5911,11876,278,169,185
5912,11878,280,168,185
5913,11880,272,168,184
5914,11882,278,168,185
5915,11884,301,168,186
5916,11886,302,168,185
5917,11888,289,168,188
5918,11890,277,162,185
5919,11892,249,163,186
5920,11894,259,163,184
5921,11896,275,163,185
5922,11898,269,162,187
5923,11900,284,163,185
5924,11902,269,162,185
5925,11904,307,162,186
5926,11906,309,163,185
5927,11908,295,162,186
5928,11910,292,163,184
5929,11912,255,164,184
5930,11914,253,163,184
5931,11916,246,162,185
5932,11918,240,163,186
5933,11920,244,163,186
5934,11922,248,164,184
5935,11924,273,163,186
5936,11926,267,164,176
5937,11928,249,163,185
5938,11930,238,162,184
5939,11932,231,164,184
5940,11934,241,163,185
5941,11936,243,164,184
5942,11938,248,163,185
5943,11940,255,164,184
5944,11942,240,163,182
5945,11944,280,163,185
5946,11946,272,164,185
5947,11948,261,164,186
5948,11950,253,163,185
5949,11952,224,163,183
5950,11954,241,163,183
5951,11956,253,163,183
5952,11958,250,163,183
5953,11960,247,163,186
5954,11962,255,163,186
5955,11964,277,163,186
5956,11966,281,164,186
5957,11968,263,164,187
5958,11970,258,164,186
5959,11972,226,163,186
5960,11974,238,163,186
5961,11976,249,163,184
5962,11978,244,164,186
5963,11980,250,163,188
5964,11982,251,163,186
5965,11984,277,163,186
5966,11986,275,163,184
5967,11988,260,163,186
5968,11990,244,163,185
5969,11992,214,162,185
5970,11994,232,163,185
5971,11996,247,163,187
5972,11998,242,163,186
5973,12000,247,163,186
5974,12002,266,163,185
5975,12004,281,163,186
5976,12006,278,164,187
5977,12008,263,163,186
5978,12010,247,163,186
5979,12012,221,163,186
5980,12014,238,163,183
5981,12016,254,163,188
5982,12018,250,163,185
5983,12020,244,162,186
5984,12022,257,163,186
5985,12024,284,164,187
5986,12026,272,164,185
5987,12028,251,162,186
5988,12030,255,164,186
5989,12032,215,163,186
5990,12034,239,163,185
5991,12036,249,164,186
5992,12038,250,164,184
5993,12040,259,169,186
5994,12042,240,169,187
5995,12044,278,169,186
5996,12046,274,170,187
5997,12048,251,170,186
5998,12050,240,170,187
5999,12052,223,169,190
6000,12054,236,170,191
6001,12056,251,169,192
6002,12058,252,171,192
6003,12060,261,170,192
6004,12062,250,171,193
6005,12064,284,171,193
6006,12066,277,171,191
6007,12068,248,171,192
6008,12070,242,171,192
6009,12072,222,171,191
6010,12074,227,171,186
6011,12076,258,172,192
6012,12078,248,173,192
6013,12080,246,171,185
6014,12082,250,173,191
6015,12084,279,173,191
6016,12086,275,173,190
6017,12088,256,173,192
6018,12090,247,174,192
6019,12092,237,174,193
6020,12094,232,173,192
6021,12096,254,174,192
6022,12098,247,174,192
6023,12100,258,175,192
6024,12102,258,174,193
6025,12104,275,174,192
6026,12106,266,174,192
6027,12108,258,175,192
6028,12110,245,177,193
6029,12112,221,176,193
6030,12114,228,177,196
6031,12116,255,177,196
6032,12118,248,177,199
6033,12120,251,177,198
6034,12122,255,178,200
6035,12124,285,178,201
6036,12126,272,179,201
6037,12128,256,178,200
6038,12130,253,179,201
6039,12132,223,178,202
6040,12134,235,179,202
6041,12136,242,178,201
6042,12138,248,179,203
6043,12140,254,178,202
6044,12142,254,178,202
6045,12144,290,179,203
6046,12146,277,179,203
6047,12148,255,179,205
6048,12150,240,179,206
6049,12152,219,178,206
6050,12154,232,180,207
6051,12156,250,180,207
6052,12158,244,181,208
6053,12160,246,180,208
6054,12162,241,181,208
6055,12164,256,181,209
6056,12166,249,180,207
6057,12168,222,181,210
6058,12170,254,182,210
6059,12172,229,182,210
6060,12174,237,182,210
6061,12176,253,182,210
6062,12178,258,182,213
6063,12180,259,182,212
6064,12182,268,182,212
6065,12184,288,183,210
6066,12186,283,182,211
6067,12188,264,182,212
6068,12190,252,182,210
6069,12192,231,182,211
6070,12194,242,183,212
6071,12196,255,183,216
6072,12198,259,183,212
6073,12200,257,183,213
6074,12202,259,181,213
6075,12204,272,183,213
6076,12206,284,183,215
6077,12208,261,183,213
6078,12210,250,183,214
6079,12212,232,186,214
6080,12214,247,185,216
6081,12216,260,186,215
6082,12218,287,185,219
6083,12220,260,186,218
6084,12222,256,186,217
6085,12224,285,185,219
6086,12226,277,186,217
6087,12228,256,186,218
6088,12230,254,186,219
6089,12232,236,187,218
6090,12234,250,188,218
6091,12236,261,188,219
6092,12238,267,188,222
6093,12240,265,188,219
6094,12242,249,187,219
6095,12244,288,188,219
6096,12246,276,188,220
6097,12248,259,187,219
6098,12250,252,185,219
6099,12252,223,186,219
6100,12254,238,186,220
6101,12256,252,186,219
6102,12258,259,185,219
6103,12260,259,185,219
6104,12262,253,184,220
6105,12264,291,184,220
6106,12266,277,185,219
6107,12268,263,185,219
6108,12270,258,185,219
6109,12272,239,185,219
6110,12274,247,185,219
6111,12276,265,185,220
6112,12278,269,185,219
6113,12280,263,180,219
6114,12282,260,185,219
6115,12284,292,185,220
6116,12286,284,198,221
6117,12288,273,185,219
6118,12290,249,184,219
6119,12292,237,185,220
6120,12294,247,185,221
6121,12296,263,185,221
6122,12298,274,184,220
6123,12300,274,184,220
6124,12302,261,186,221
6125,12304,288,185,220
6126,12306,281,185,221
6127,12308,268,188,221
6128,12310,253,184,221
6129,12312,231,186,221
6130,12314,245,186,221
6131,12316,264,186,221
6132,12318,279,186,221
6133,12320,272,186,221
6134,12322,266,185,223
6135,12324,287,186,221
6136,12326,287,186,222
6137,12328,268,186,221
6138,12330,255,186,221
6139,12332,237,186,220
6140,12334,248,187,221
6141,12336,264,187,222
6142,12338,269,191,221
6143,12340,272,186,221
6144,12342,262,190,222
6145,12344,289,186,222
6146,12346,286,186,221
6147,12348,261,186,222
6148,12350,251,186,222
6149,12352,244,187,222
6150,12354,244,187,221
6151,12356,262,186,220
6152,12358,272,186,221
6153,12360,260,187,221
6154,12362,253,187,221
6155,12364,283,187,222
6156,12366,286,187,222
6157,12368,264,186,221
6158,12370,255,187,221
6159,12372,242,188,221
6160,12374,248,187,221
6161,12376,269,187,222
6162,12378,260,187,221
6163,12380,271,186,222
6164,12382,256,187,221
6165,12384,289,186,222
6166,12386,285,187,221
6167,12388,260,187,221
6168,12390,252,188,221
6169,12392,247,187,221
6170,12394,250,186,221
6171,12396,270,187,221
6172,12398,276,187,222
6173,12400,274,187,223
6174,12402,254,188,223
6175,12404,288,187,222
6176,12406,285,187,223
6177,12408,260,188,222
6178,12410,237,187,221
6179,12412,238,187,222
6180,12414,245,187,223
6181,12416,261,188,222
6182,12418,256,188,222
6183,12420,265,186,223
6184,12422,258,187,223
6185,12424,291,188,224
6186,12426,277,188,224
6187,12428,272,187,222
6188,12430,259,187,223
6189,12432,241,187,223
6190,12434,253,187,224
6191,12436,266,188,224
6192,12438,268,186,223
6193,12440,268,186,223
6194,12442,257,186,224
6195,12444,291,186,225
6196,12446,286,187,225
6197,12448,271,186,224
6198,12450,257,185,223
6199,12452,242,186,223
6200,12454,244,186,223
6201,12456,261,186,223
6202,12458,268,185,223
6203,12460,262,185,224
6204,12462,268,185,223
6205,12464,294,185,224
6206,12466,284,186,223
6207,12468,261,185,222
6208,12470,242,185,222
6209,12472,227,185,222
6210,12474,242,184,222
6211,12476,267,184,223
6212,12478,264,183,222
6213,12480,259,183,222
6214,12482,262,183,222
6215,12484,284,183,222
6216,12486,281,182,222
6217,12488,256,182,224
6218,12490,242,182,222
6219,12492,235,182,223
6220,12494,246,182,221
6221,12496,258,182,223
6222,12498,263,182,222
6223,12500,251,182,222
6224,12502,257,182,222
6225,12504,285,181,222
6226,12506,283,181,223
6227,12508,268,181,223
6228,12510,247,181,222
6229,12512,249,181,221
6230,12514,246,180,223
6231,12516,256,180,223
6232,12518,251,180,222
6233,12520,251,180,224
6234,12522,260,180,223
6235,12524,285,180,222
6236,12526,282,180,223
6237,12528,269,180,224
6238,12530,245,179,223
6239,12532,229,179,223
6240,12534,243,179,223
6241,12536,251,179,224
6242,12538,255,178,224
6243,12540,252,179,224
6244,12542,261,179,224
6245,12544,286,179,224
6246,12546,288,178,222
6247,12548,263,179,224
6248,12550,245,178,223
6249,12552,235,178,222
6250,12554,245,178,222
6251,12556,266,178,223
6252,12558,250,178,222
6253,12560,260,177,223
6254,12562,260,175,223
6255,12564,292,177,224
6256,12566,287,176,222
6257,12568,274,176,222
6258,12570,233,177,222
6259,12572,230,176,223
6260,12574,260,176,224
6261,12576,257,175,223
6262,12578,270,176,224
6263,12580,254,174,223
6264,12582,267,175,223
6265,12584,283,174,223
6266,12586,283,175,223
6267,12588,263,174,222
6268,12590,233,173,223
6269,12592,225,174,222
6270,12594,237,172,222
6271,12596,253,172,223
6272,12598,253,172,222
6273,12600,259,173,222
6274,12602,263,172,223
6275,12604,280,172,222
6276,12606,279,172,222
6277,12608,261,172,223
6278,12610,237,170,221
6279,12612,229,169,220
6280,12614,256,168,221
6281,12616,255,168,221
6282,12618,246,166,220
6283,12620,264,167,220
6284,12622,261,167,219
6285,12624,285,168,219
6286,12626,277,167,219
6287,12628,276,168,220
6288,12630,242,167,219
6289,12632,233,166,218
6290,12634,248,167,220
6291,12636,256,167,219
6292,12638,253,167,217
6293,12640,247,166,213
6294,12642,255,166,213
6295,12644,281,165,212
6296,12646,284,165,211
6297,12648,265,164,213
6298,12650,242,161,212
6299,12652,238,160,212
6300,12654,254,160,211
6301,12656,259,161,214
6302,12658,252,161,214
6303,12660,254,161,215
6304,12662,254,160,212
6305,12664,287,161,213
6306,12666,280,160,213
6307,12668,269,160,213
6308,12670,245,162,214
6309,12672,237,160,212
6310,12674,256,160,212
6311,12676,259,160,213
6312,12678,257,160,212
6313,12680,253,161,210
6314,12682,260,161,213
6315,12684,285,160,213
6316,12686,285,161,212
6317,12688,262,161,212
6318,12690,244,161,211
6319,12692,232,161,211
6320,12694,254,162,211
6321,12696,248,162,212
6322,12698,255,162,211
6323,12700,257,161,210
6324,12702,261,161,210
6325,12704,289,161,211
6326,12706,277,161,211
6327,12708,257,159,211
6328,12710,233,162,210
6329,12712,231,161,210
6330,12714,258,161,209
6331,12716,275,162,208
6332,12718,251,161,207
6333,12720,256,160,207
6334,12722,258,161,209
6335,12724,287,161,207
6336,12726,275,161,208
6337,12728,265,161,208
6338,12730,242,161,208
6339,12732,242,161,208
6340,12734,258,163,208
6341,12736,256,161,208
6342,12738,251,161,207
6343,12740,253,161,208
6344,12742,263,160,208
6345,12744,289,161,208
6346,12746,285,161,208
6347,12748,262,162,208
6348,12750,244,161,207
6349,12752,236,161,206
6350,12754,256,161,208
6351,12756,257,161,207
6352,12758,249,162,207
6353,12760,265,161,208
6354,12762,263,161,206
6355,12764,281,162,206
6356,12766,281,161,208
6357,12768,274,162,208
6358,12770,244,161,205
6359,12772,243,162,207
6360,12774,253,162,206
6361,12776,251,163,205
6362,12778,245,162,204
6363,12780,253,162,206
6364,12782,256,165,206
6365,12784,286,165,206
6366,12786,264,164,205
6367,12788,260,164,206
6368,12790,241,165,206
6369,12792,233,165,205
6370,12794,262,164,205
6371,12796,255,166,206
6372,12798,254,165,207
6373,12800,258,165,206
6374,12802,257,165,205
6375,12804,277,166,207
6376,12806,285,167,207
6377,12808,266,166,206
6378,12810,234,168,207
6379,12812,230,168,205
6380,12814,253,168,205
6381,12816,248,169,205
6382,12818,250,170,204
6383,12820,260,169,205
6384,12822,261,170,204
6385,12824,287,170,206
6386,12826,278,169,205
6387,12828,264,170,205
6388,12830,231,170,206
6389,12832,221,171,206
6390,12834,258,170,206
6391,12836,253,171,205
6392,12838,250,171,205
6393,12840,254,171,205
6394,12842,255,170,205
6395,12844,288,172,206
6396,12846,280,171,207
6397,12848,266,171,206
6398,12850,239,171,206
6399,12852,244,170,205
6400,12854,260,171,206
6401,12856,258,171,205
6402,12858,261,171,207
6403,12860,259,172,205
6404,12862,259,172,204
6405,12864,292,173,208
6406,12866,286,172,203
6407,12868,263,171,205
6408,12870,241,172,204
6409,12872,241,172,205
6410,12874,268,171,202
6411,12876,248,172,204
6412,12878,263,172,204
6413,12880,258,172,203
6414,12882,264,173,204
6415,12884,291,173,204
6416,12886,276,173,205
6417,12888,282,173,204
6418,12890,244,173,203
6419,12892,237,173,202
6420,12894,263,173,203
6421,12896,263,173,195
6422,12898,263,173,197
6423,12900,253,173,196
6424,12902,264,173,195
6425,12904,284,173,191
6426,12906,277,174,197
6427,12908,261,173,195
6428,12910,239,174,196
6429,12912,241,173,197
6430,12914,267,174,198
6431,12916,243,173,196
6432,12918,263,177,196
6433,12920,263,174,195
6434,12922,255,174,197
6435,12924,285,174,198
6436,12926,280,174,191
6437,12928,263,174,193
6438,12930,241,173,193
6439,12932,243,173,191
6440,12934,250,173,192
6441,12936,260,174,188
6442,12938,254,173,188
6443,12940,257,174,187
6444,12942,250,174,187
6445,12944,298,174,188
6446,12946,276,174,187
6447,12948,250,174,189
6448,12950,238,174,183
6449,12952,243,174,187
6450,12954,255,174,184
6451,12956,256,173,184
6452,12958,277,174,185
6453,12960,256,173,185
6454,12962,255,173,185
6455,12964,285,174,184
6456,12966,284,173,185
6457,12968,265,173,185
6458,12970,234,173,182
6459,12972,236,171,183
6460,12974,260,174,184
6461,12976,262,172,183
6462,12978,251,173,181
6463,12980,258,173,182
6464,12982,257,173,181
6465,12984,281,173,181
6466,12986,267,172,183
6467,12988,255,173,182
6468,12990,232,174,182
6469,12992,237,172,184
6470,12994,251,173,183
6471,12996,247,173,182
6472,12998,253,173,183
6473,13000,252,173,182
6474,13002,245,172,182
6475,13004,276,173,183
6476,13006,266,174,182
6477,13008,266,173,183
6478,13010,231,175,183
6479,13012,234,172,183
6480,13014,247,173,183
6481,13016,254,172,183
6482,13018,246,174,184
6483,13020,253,172,184
6484,13022,245,172,184
6485,13024,280,175,185
6486,13026,270,173,184
6487,13028,262,174,182
6488,13030,229,173,184
6489,13032,242,172,183
6490,13034,257,173,185
6491,13036,253,173,184
6492,13038,249,173,185
6493,13040,250,173,184
6494,13042,254,172,185
6495,13044,286,172,186
6496,13046,278,174,186
6497,13048,245,173,185
6498,13050,241,172,186
6499,13052,240,172,185
6500,13054,263,173,183
6501,13056,254,172,185
6502,13058,253,173,185
6503,13060,252,172,186
6504,13062,250,173,186
6505,13064,280,174,186
6506,13066,274,173,186
6507,13068,255,172,184
6508,13070,231,172,185
6509,13072,237,172,185
6510,13074,258,171,185
6511,13076,251,173,188
6512,13078,258,173,187
6513,13080,250,173,187
6514,13082,256,174,187
6515,13084,278,173,186
6516,13086,271,173,189
6517,13088,266,172,188
6518,13090,231,173,187
6519,13092,237,173,187
6520,13094,258,173,188
6521,13096,245,173,186
6522,13098,256,173,185
6523,13100,259,174,187
6524,13102,251,173,188
6525,13104,280,174,188
6526,13106,273,173,188
6527,13108,265,173,188
6528,13110,236,173,186
6529,13112,238,173,188
6530,13114,253,173,186
6531,13116,255,173,188
6532,13118,259,173,187
6533,13120,252,174,187
6534,13122,252,174,187
6535,13124,278,173,187
6536,13126,278,174,189
6537,13128,262,173,189
6538,13130,238,174,192
6539,13132,240,173,192
6540,13134,254,173,192
6541,13136,251,173,192
6542,13138,271,173,192
6543,13140,252,174,192
6544,13142,263,173,192
6545,13144,290,173,192
6546,13146,289,173,193
6547,13148,265,173,192
6548,13150,235,173,192
6549,13152,230,173,191
6550,13154,251,172,191
6551,13156,260,174,192
6552,13158,274,172,191
6553,13160,253,172,192
6554,13162,252,173,193
6555,13164,278,173,191
6556,13166,275,173,191
6557,13168,258,173,190
6558,13170,238,173,191
6559,13172,227,172,190
6560,13174,248,174,192
6561,13176,254,173,190
6562,13178,253,173,192
6563,13180,256,174,192
6564,13182,251,173,191
6565,13184,282,174,193
6566,13186,272,174,193
6567,13188,261,174,192
6568,13190,234,174,192
6569,13192,225,174,193
6570,13194,252,174,193
6571,13196,246,174,195
6572,13198,249,174,194
6573,13200,253,175,195
6574,13202,254,174,196
6575,13204,289,174,196
6576,13206,265,174,195
6577,13208,253,174,196
6578,13210,232,174,194
6579,13212,236,174,194
6580,13214,258,174,195
6581,13216,239,174,192
6582,13218,268,175,194
6583,13220,250,174,193
6584,13222,253,174,193
6585,13224,297,174,192
6586,13226,273,174,194
6587,13228,264,174,194
6588,13230,227,174,193
6589,13232,224,173,192
6590,13234,253,174,192
6591,13236,250,174,193
6592,13238,246,174,193
6593,13240,254,174,195
6594,13242,260,174,193
6595,13244,282,174,194
6596,13246,276,174,196
6597,13248,260,174,196
6598,13250,234,173,196
6599,13252,221,174,197
6600,13254,255,173,197
6601,13256,254,174,199
6602,13258,259,174,198
6603,13260,256,174,198
6604,13262,261,174,199
6605,13264,285,175,199
6606,13266,275,174,199
6607,13268,255,174,199
6608,13270,235,174,198
6609,13272,230,174,197
6610,13274,255,175,200
6611,13276,250,174,199
6612,13278,258,175,199
6613,13280,248,175,200
6614,13282,257,176,199
6615,13284,287,176,205
6616,13286,262,176,204
6617,13288,252,176,204
6618,13290,228,176,204
6619,13292,236,176,204
6620,13294,272,177,205
6621,13296,257,177,203
6622,13298,252,177,205
6623,13300,266,178,205
6624,13302,257,177,204
6625,13304,285,177,204
6626,13306,273,178,204
6627,13308,269,177,204
6628,13310,233,177,203
6629,13312,234,177,203
6630,13314,259,178,205
6631,13316,257,177,204
6632,13318,249,176,205
6633,13320,257,178,204
6634,13322,251,177,204
6635,13324,281,177,204
6636,13326,274,177,203
6637,13328,262,177,204
6638,13330,230,178,203
6639,13332,230,177,204
6640,13334,251,178,205
6641,13336,248,178,205
6642,13338,256,178,204
6643,13340,252,178,204
6644,13342,257,178,206
6645,13344,288,178,205
6646,13346,277,178,212
6647,13348,262,178,212
6648,13350,236,178,213
6649,13352,234,178,212
6650,13354,257,179,212
6651,13356,253,178,213
6652,13358,257,177,211
6653,13360,251,177,213
6654,13362,262,178,212
6655,13364,285,178,213
6656,13366,266,178,212
6657,13368,262,178,213
6658,13370,238,178,212
6659,13372,230,178,212
6660,13374,267,179,213
6661,13376,259,178,212
6662,13378,253,178,213
6663,13380,260,178,212
6664,13382,265,179,213
6665,13384,286,178,214
6666,13386,274,178,212
6667,13388,261,178,213
6668,13390,232,178,214
6669,13392,231,178,213
6670,13394,258,178,215
6671,13396,256,179,215
6672,13398,260,178,215
6673,13400,268,180,215
6674,13402,265,179,215
6675,13404,292,179,216
6676,13406,274,179,215
6677,13408,266,179,216
6678,13410,242,180,216
6679,13412,245,179,215
6680,13414,251,179,215
6681,13416,263,180,215
6682,13418,259,179,215
6683,13420,264,180,218
6684,13422,260,180,219
6685,13424,290,181,220
6686,13426,278,180,220
6687,13428,267,180,221
6688,13430,239,180,220
6689,13432,240,180,220
6690,13434,263,181,221
6691,13436,274,180,221
6692,13438,254,180,221
6693,13440,260,181,222
6694,13442,257,180,222
6695,13444,294,180,223
6696,13446,280,181,224
6697,13448,269,181,225
6698,13450,241,180,224
6699,13452,239,181,225
6700,13454,266,181,224
6701,13456,262,181,224
6702,13458,270,181,224
6703,13460,262,182,226
6704,13462,261,181,225
6705,13464,297,182,228
6706,13466,282,181,226
6707,13468,265,181,225
6708,13470,240,181,224
6709,13472,239,181,226
6710,13474,268,182,226
6711,13476,261,181,225
6712,13478,264,183,227
6713,13480,262,181,226
6714,13482,262,182,226
6715,13484,300,182,227
6716,13486,278,182,226
6717,13488,268,182,225
6718,13490,242,182,226
6719,13492,241,182,227
6720,13494,271,182,226
6721,13496,262,182,226
6722,13498,267,182,226
6723,13500,267,182,226
6724,13502,269,183,227
6725,13504,291,181,227
6726,13506,275,182,228
6727,13508,266,182,227
6728,13510,243,183,229
6729,13512,244,182,227
6730,13514,267,182,228
6731,13516,271,183,227
6732,13518,267,183,229
6733,13520,263,183,228
6734,13522,253,183,228
6735,13524,292,184,227
6736,13526,276,184,229
6737,13528,260,184,230
6738,13530,244,184,228
6739,13532,247,184,229
6740,13534,266,183,231
6741,13536,267,184,229
6742,13538,263,184,228
6743,13540,252,183,230
6744,13542,263,183,228
6745,13544,295,184,229
6746,13546,276,184,230
6747,13548,271,184,230
6748,13550,257,184,230
6749,13552,251,184,228
6750,13554,271,183,229
6751,13556,275,184,229
6752,13558,277,185,230
6753,13560,265,185,231
6754,13562,266,185,231
6755,13564,300,185,232
6756,13566,288,186,232
6757,13568,270,186,231
6758,13570,256,186,233
6759,13572,253,186,235
6760,13574,277,187,234
6761,13576,273,187,233
6762,13578,274,186,234
6763,13580,279,187,233
6764,13582,273,187,234
6765,13584,295,187,234
6766,13586,276,187,234
6767,13588,274,187,234
6768,13590,251,187,234
6769,13592,253,188,235
6770,13594,277,187,234
6771,13596,272,187,234
6772,13598,270,188,233
6773,13600,265,188,234
6774,13602,271,187,234
6775,13604,296,187,235
6776,13606,281,187,235
6777,13608,258,188,234
6778,13610,248,188,235
6779,13612,250,188,234
6780,13614,268,188,233
6781,13616,269,188,234
6782,13618,271,188,234
6783,13620,266,188,234
6784,13622,257,188,231
6785,13624,297,188,235
6786,13626,279,188,233
6787,13628,262,188,232
6788,13630,248,189,233
6789,13632,249,189,233
6790,13634,269,189,233
6791,13636,275,190,233
6792,13638,276,189,232
6793,13640,262,189,233
6794,13642,261,190,233
6795,13644,302,189,233
6796,13646,285,188,232
6797,13648,258,189,231
6798,13650,245,188,232
6799,13652,249,189,232
6800,13654,259,190,232
6801,13656,256,190,233
6802,13658,263,186,232
6803,13660,259,190,233
6804,13662,256,192,232
6805,13664,288,190,232
6806,13666,272,190,233
6807,13668,268,190,232
6808,13670,254,190,233
6809,13672,242,190,233
6810,13674,269,192,234
6811,13676,269,190,233
6812,13678,262,189,234
6813,13680,263,190,232
6814,13682,277,191,234
6815,13684,294,190,233
6816,13686,280,191,233
6817,13688,262,190,234
6818,13690,247,189,232
6819,13692,242,190,233
6820,13694,259,190,232
6821,13696,263,190,233
6822,13698,258,189,233
6823,13700,265,190,234
6824,13702,254,190,234
6825,13704,285,190,235
6826,13706,264,190,233
6827,13708,269,190,234
6828,13710,244,189,233
6829,13712,245,190,233
6830,13714,262,187,235
6831,13716,262,190,234
6832,13718,256,189,234
6833,13720,247,190,234
6834,13722,256,190,235
6835,13724,296,190,235
6836,13726,272,189,233
6837,13728,265,190,234
6838,13730,248,190,234
6839,13732,252,189,234
6840,13734,252,189,235
6841,13736,254,190,234
6842,13738,259,190,235
6843,13740,256,190,234
6844,13742,256,189,234
6845,13744,283,190,234
6846,13746,274,189,234
6847,13748,265,190,234
6848,13750,247,190,235
6849,13752,255,190,235
6850,13754,268,190,235
6851,13756,267,190,234
6852,13758,269,190,233
6853,13760,262,189,234
6854,13762,255,190,235
6855,13764,294,191,235
6856,13766,282,190,235
6857,13768,269,190,235
6858,13770,253,190,234
6859,13772,254,189,235
6860,13774,275,189,233
6861,13776,263,190,234
6862,13778,270,189,235
6863,13780,272,190,234
6864,13782,263,189,234
6865,13784,289,190,237
6866,13786,279,190,235
6867,13788,276,189,234
6868,13790,247,190,234
6869,13792,252,190,236
6870,13794,265,190,235
6871,13796,268,191,234
6872,13798,264,190,235
6873,13800,268,190,235
6874,13802,261,190,236
6875,13804,287,189,235
6876,13806,274,190,233
6877,13808,264,190,235
6878,13810,251,190,237
6879,13812,248,190,234
6880,13814,270,190,235
6881,13816,258,190,235
6882,13818,252,190,235
6883,13820,259,188,234
6884,13822,256,189,234
6885,13824,290,190,236
6886,13826,279,190,235
6887,13828,274,190,235
6888,13830,253,190,235
6889,13832,249,190,235
6890,13834,269,188,234
6891,13836,256,189,235
6892,13838,263,189,236
6893,13840,263,189,236
6894,13842,256,189,235
6895,13844,293,189,235
6896,13846,272,189,236
6897,13848,265,189,235
6898,13850,242,188,236
6899,13852,241,190,236
6900,13854,256,188,235
6901,13856,240,188,235
6902,13858,245,189,236
6903,13860,255,189,236
6904,13862,256,189,235
6905,13864,290,190,236
6906,13866,273,189,236
6907,13868,264,189,235
6908,13870,242,189,236
6909,13872,237,189,234
6910,13874,256,189,235
6911,13876,246,189,235
6912,13878,253,189,234
6913,13880,250,189,235
6914,13882,249,189,236
6915,13884,288,189,236
6916,13886,271,188,235
6917,13888,267,190,236
6918,13890,243,188,236
6919,13892,241,189,236
6920,13894,260,189,236
6921,13896,240,189,236
6922,13898,236,189,237
6923,13900,263,190,235
6924,13902,258,188,236
6925,13904,283,189,236
6926,13906,273,189,238
6927,13908,262,190,236
6928,13910,235,189,236
6929,13912,238,189,236
6930,13914,255,189,237
6931,13916,247,189,236
6932,13918,245,189,236
6933,13920,252,189,236
6934,13922,255,189,237
6935,13924,289,188,237
6936,13926,268,188,237
6937,13928,264,188,236
6938,13930,241,189,236
6939,13932,241,188,237
6940,13934,240,187,235
6941,13936,242,188,236
6942,13938,255,188,237
6943,13940,236,188,237
6944,13942,259,188,236
6945,13944,280,188,237
6946,13946,277,188,236
6947,13948,265,187,236
6948,13950,238,187,236
6949,13952,240,187,237
6950,13954,256,188,237
6951,13956,253,186,236
6952,13958,257,187,235
6953,13960,259,185,236
6954,13962,259,186,237
6955,13964,280,186,236
6956,13966,274,184,237
6957,13968,263,185,238
6958,13970,240,184,235
6959,13972,238,184,235
6960,13974,258,185,236
6961,13976,246,184,236
6962,13978,244,184,234
6963,13980,251,184,235
6964,13982,261,184,235
6965,13984,282,184,235
6966,13986,262,184,235
6967,13988,258,184,236
6968,13990,229,184,235
6969,13992,231,184,235
6970,13994,255,184,235
6971,13996,253,184,235
6972,13998,254,183,235
6973,14000,257,185,235
6974,14002,248,184,235
6975,14004,278,186,235
6976,14006,268,184,234
6977,14008,263,184,234
6978,14010,234,184,234
6979,14012,232,184,235
6980,14014,247,184,233
6981,14016,237,184,234
6982,14018,246,184,234
6983,14020,253,183,235
6984,14022,246,185,237
6985,14024,281,184,235
6986,14026,271,185,235
6987,14028,254,184,234
6988,14030,238,184,234
6989,14032,231,184,235
6990,14034,247,185,236
6991,14036,249,184,235
6992,14038,250,184,234
6993,14040,249,184,233
6994,14042,248,184,234
6995,14044,288,185,235
6996,14046,290,184,234
6997,14048,261,184,235
6998,14050,244,184,235
6999,14052,241,184,234
7000,14054,256,184,233
7001,14056,252,184,234
7002,14058,239,184,235
7003,14060,258,184,234
7004,14062,257,184,234
7005,14064,284,186,235
7006,14066,269,185,235
7007,14068,263,185,234
7008,14070,238,184,233
7009,14072,236,185,235
7010,14074,256,185,235
7011,14076,253,184,235
7012,14078,252,184,234
7013,14080,246,183,232
7014,14082,253,184,233
7015,14084,285,185,235
7016,14086,275,184,235
7017,14088,254,184,233
7018,14090,226,184,235
7019,14092,229,185,235
7020,14094,254,184,235
7021,14096,246,182,236
7022,14098,250,184,235
7023,14100,252,184,235
7024,14102,253,184,236
7025,14104,282,184,235
7026,14106,264,184,234
7027,14108,254,184,236
7028,14110,239,184,234
7029,14112,234,183,235
7030,14114,262,184,235
7031,14116,237,184,235
7032,14118,252,184,236
7033,14120,255,182,234
7034,14122,258,183,236
7035,14124,277,183,235
7036,14126,267,184,235
7037,14128,247,183,235
7038,14130,241,184,235
7039,14132,236,184,234
7040,14134,259,186,236
7041,14136,251,184,234
7042,14138,252,185,236
7043,14140,257,184,235
7044,14142,252,184,234
7045,14144,289,185,235
7046,14146,271,184,235
7047,14148,263,185,235
7048,14150,236,185,236
7049,14152,239,185,236
7050,14154,247,184,233
7051,14156,254,185,236
7052,14158,249,184,235
7053,14160,244,184,236
7054,14162,251,185,235
7055,14164,283,186,236
7056,14166,267,185,235
7057,14168,248,185,235
7058,14170,224,185,235
7059,14172,231,185,235
7060,14174,254,185,236
7061,14176,242,185,236
7062,14178,236,185,235
7063,14180,251,186,235
7064,14182,256,184,236
7065,14184,268,186,235
7066,14186,266,186,235
7067,14188,262,186,235
7068,14190,233,186,234
7069,14192,240,185,235
7070,14194,249,186,235
7071,14196,252,185,235
7072,14198,255,185,235
7073,14200,252,186,236
7074,14202,251,185,234
7075,14204,269,185,234
7076,14206,258,186,235
7077,14208,269,186,234
7078,14210,231,186,235
7079,14212,241,185,235
7080,14214,250,185,234
7081,14216,255,185,235
7082,14218,256,185,235
7083,14220,252,184,234
7084,14222,247,185,236
7085,14224,269,186,236
7086,14226,252,186,236
7087,14228,246,185,235
7088,14230,230,185,236
7089,14232,241,186,237
7090,14234,248,185,235
7091,14236,252,185,236
7092,14238,260,185,236
7093,14240,252,185,236
7094,14242,245,186,237
7095,14244,276,185,236
7096,14246,260,185,237
7097,14248,247,186,237
7098,14250,226,185,236
7099,14252,235,186,236
7100,14254,250,186,238
7101,14256,251,185,237
7102,14258,266,185,236
7103,14260,253,186,236
7104,14262,254,186,238
7105,14264,283,186,236
7106,14266,257,187,237
7107,14268,249,187,236
7108,14270,244,187,236
7109,14272,245,187,236
7110,14274,260,187,235
7111,14276,260,186,236
7112,14278,255,187,236
7113,14280,247,187,236
7114,14282,260,188,236
7115,14284,281,187,235
7116,14286,267,188,236
7117,14288,254,188,237
7118,14290,221,188,236
7119,14292,231,188,235
7120,14294,256,188,236
7121,14296,259,187,236
7122,14298,249,187,235
7123,14300,249,188,237
7124,14302,245,187,235
7125,14304,271,187,235
7126,14306,264,188,235
7127,14308,254,188,236
7128,14310,230,188,236
7129,14312,244,188,235
7130,14314,258,187,236
7131,14316,258,187,235
7132,14318,255,186,236
7133,14320,254,187,236
7134,14322,253,186,235
7135,14324,276,186,235
7136,14326,266,186,234
7137,14328,255,187,234
7138,14330,230,186,236
7139,14332,243,186,234
7140,14334,265,187,236
7141,14336,259,187,236
7142,14338,260,186,237
7143,14340,256,186,237
7144,14342,248,187,236
7145,14344,280,185,237
7146,14346,260,188,236
7147,14348,254,187,236
7148,14350,241,186,235
7149,14352,249,186,236
7150,14354,254,186,236
7151,14356,255,185,236
7152,14358,257,185,237
7153,14360,260,185,237
7154,14362,249,188,236
7155,14364,281,186,236
7156,14366,268,185,236
7157,14368,250,185,236
7158,14370,225,185,235
7159,14372,233,185,235
7160,14374,247,185,235
7161,14376,249,185,235
7162,14378,248,185,235
7163,14380,253,186,237
7164,14382,244,185,235
7165,14384,274,185,235
7166,14386,266,185,237
7167,14388,258,185,235
7168,14390,228,185,235
7169,14392,242,184,235
7170,14394,258,183,235
7171,14396,246,181,236
7172,14398,254,186,236
7173,14400,255,181,236
7174,14402,248,185,236
7175,14404,280,186,236
7176,14406,264,185,235
7177,14408,262,185,235
7178,14410,230,185,235
7179,14412,241,185,235
7180,14414,263,184,236
7181,14416,254,185,235
7182,14418,256,185,235
7183,14420,262,185,235
7184,14422,254,184,235
7185,14424,278,184,235
7186,14426,265,185,235
7187,14428,260,185,235
7188,14430,233,184,234
7189,14432,254,184,234
7190,14434,255,184,235
7191,14436,260,184,234
7192,14438,256,184,236
7193,14440,268,184,236
7194,14442,256,184,235
7195,14444,279,184,237
7196,14446,270,184,236
7197,14448,254,184,235
7198,14450,231,184,235
7199,14452,243,184,236
7200,14454,245,183,235
7201,14456,259,184,234
7202,14458,261,183,234
7203,14460,254,184,233
7204,14462,258,183,234
7205,14464,285,183,234
7206,14466,268,183,235
7207,14468,263,183,234
7208,14470,234,184,235
7209,14472,245,183,235
7210,14474,254,183,235
7211,14476,255,183,235
7212,14478,256,183,235
7213,14480,266,183,235
7214,14482,254,183,235
7215,14484,285,183,235
7216,14486,271,183,236
7217,14488,259,184,235
7218,14490,246,183,234
7219,14492,243,184,235
7220,14494,256,184,235
7221,14496,268,183,235
7222,14498,277,182,234
7223,14500,264,184,235
7224,14502,259,183,234
7225,14504,287,183,234
7226,14506,275,183,234
7227,14508,260,183,234
7228,14510,234,183,235
7229,14512,248,182,234
7230,14514,255,183,233
7231,14516,264,183,234
7232,14518,266,181,235
7233,14520,262,181,234
7234,14522,256,180,233
7235,14524,281,181,234
7236,14526,271,181,234
7237,14528,263,181,233
7238,14530,233,181,231
7239,14532,245,181,235
7240,14534,260,180,233
7241,14536,254,181,234
7242,14538,255,182,234
7243,14540,263,180,233
7244,14542,263,181,234
7245,14544,277,181,234
7246,14546,268,181,233
7247,14548,253,180,233
7248,14550,225,180,232
7249,14552,239,180,234
7250,14554,255,180,235
7251,14556,252,180,234
7252,14558,256,180,234
7253,14560,246,181,234
7254,14562,259,180,234
7255,14564,277,181,233
7256,14566,256,181,234
7257,14568,253,181,234
7258,14570,225,181,234
7259,14572,244,181,234
7260,14574,255,181,234
7261,14576,266,181,233
7262,14578,257,181,234
7263,14580,262,180,234
7264,14582,262,181,234
7265,14584,279,181,234
7266,14586,271,181,234
7267,14588,260,181,234
7268,14590,233,180,233
7269,14592,247,181,234
7270,14594,269,180,234
7271,14596,258,180,233
7272,14598,260,180,233
7273,14600,263,179,234
7274,14602,261,182,235
7275,14604,294,181,234
7276,14606,276,181,234
7277,14608,262,181,234
7278,14610,245,181,233
7279,14612,257,181,234
7280,14614,269,180,234
7281,14616,256,180,233
7282,14618,262,181,235
7283,14620,276,181,236
7284,14622,259,181,235
7285,14624,279,180,235
7286,14626,273,180,233
7287,14628,270,181,235
7288,14630,231,181,234
7289,14632,246,181,235
7290,14634,268,181,234
7291,14636,256,181,235
7292,14638,266,181,235
7293,14640,270,181,235
7294,14642,262,181,234
7295,14644,280,180,235
7296,14646,269,180,234
7297,14648,253,180,234
7298,14650,228,181,235
7299,14652,244,181,234
7300,14654,270,181,236
7301,14656,262,181,235
7302,14658,262,181,235
7303,14660,258,181,234
7304,14662,263,181,235
7305,14664,285,180,234
7306,14666,268,180,234
7307,14668,260,180,235
7308,14670,242,182,233
7309,14672,246,181,234
7310,14674,263,180,233
7311,14676,260,182,235
7312,14678,270,183,233
7313,14680,255,183,234
7314,14682,265,183,234
7315,14684,284,183,236
7316,14686,262,183,235
7317,14688,257,183,235
7318,14690,227,183,234
7319,14692,241,184,234
7320,14694,263,184,236
7321,14696,255,184,237
7322,14698,261,184,235
7323,14700,247,182,235
7324,14702,269,184,234
7325,14704,286,184,235
7326,14706,268,184,234
7327,14708,253,184,234
7328,14710,228,185,234
7329,14712,241,184,235
7330,14714,249,185,233
7331,14716,244,184,233
7332,14718,241,185,235
7333,14720,247,184,234
7334,14722,250,185,235
7335,14724,263,185,235
7336,14726,253,186,235
7337,14728,241,186,235
7338,14730,219,186,236
7339,14732,231,186,235
7340,14734,248,186,237
7341,14736,246,186,235
7342,14738,242,186,236
7343,14740,250,187,236
7344,14742,259,187,235
7345,14744,277,189,237
7346,14746,248,188,236
7347,14748,245,187,236
7348,14750,230,188,236
7349,14752,246,187,236
7350,14754,260,190,237
7351,14756,255,189,237
7352,14758,260,190,238
7353,14760,249,191,236
7354,14762,251,191,237
7355,14764,272,191,240
7356,14766,259,191,240
7357,14768,262,192,241
7358,14770,233,192,241
7359,14772,245,192,242
7360,14774,240,192,240
7361,14776,256,191,241
7362,14778,250,191,243
7363,14780,257,191,245
7364,14782,265,193,244
7365,14784,276,195,246
7366,14786,256,198,246
7367,14788,254,202,245
7368,14790,235,203,245
7369,14792,244,204,246
7370,14794,263,206,246
7371,14796,278,208,248
7372,14798,267,210,249
7373,14800,256,212,250
7374,14802,263,213,253
7375,14804,281,214,253
7376,14806,265,213,253
7377,14808,262,215,253
7378,14810,249,219,255
7379,14812,258,222,256
7380,14814,276,225,257
7381,14816,270,228,259
7382,14818,273,229,258
7383,14820,270,229,256
7384,14822,264,230,257
7385,14824,321,239,259
7386,14826,299,242,261
7387,14828,292,248,261
7388,14830,272,252,261
7389,14832,302,254,262
7390,14834,299,255,263
7391,14836,322,258,267
7392,14838,317,257,269
7393,14840,303,257,269
7394,14842,316,259,268
7395,14844,318,262,270
7396,14846,314,263,271
7397,14848,299,263,270
7398,14850,292,265,271
7399,14852,297,265,271
7400,14854,293,266,270
7401,14856,256,266,270
7402,14858,246,267,271
7403,14860,250,268,273
7404,14862,276,268,271
7405,14864,297,268,272
7406,14866,279,270,269
7407,14868,264,271,273
7408,14870,238,274,274
7409,14872,263,276,275
7410,14874,303,277,274
7411,14876,314,280,275
7412,14878,307,282,274
7413,14880,309,284,277
7414,14882,321,285,275
7415,14884,353,287,276
7416,14886,312,291,277
7417,14888,310,292,278
7418,14890,292,295,275
7419,14892,304,296,275
7420,14894,315,297,277
7421,14896,319,300,281
7422,14898,315,302,280
7423,14900,304,303,279
7424,14902,316,304,280
7425,14904,331,304,279
7426,14906,323,304,280
7427,14908,308,305,283
7428,14910,284,304,280
7429,14912,298,305,279
7430,14914,315,304,277
7431,14916,313,306,282
7432,14918,297,305,271
7433,14920,301,305,270
7434,14922,314,306,269
7435,14924,319,307,274
7436,14926,313,306,265
7437,14928,288,307,264
7438,14930,273,308,259
7439,14932,275,308,261
7440,14934,296,308,257
7441,14936,298,309,256
7442,14938,293,308,256
7443,14940,292,310,260
7444,14942,310,310,259
7445,14944,310,310,259
7446,14946,288,311,260
7447,14948,241,312,253
7448,14950,228,313,256
7449,14952,233,312,249
7450,14954,268,312,248
7451,14956,253,312,250
7452,14958,252,313,250
7453,14960,248,312,256
7454,14962,283,312,255
7455,14964,287,310,252
7456,14966,263,312,251
7457,14968,257,312,246
7458,14970,235,310,245
7459,14972,239,311,248
7460,14974,282,312,248
7461,14976,316,311,246
7462,14978,321,311,247
7463,14980,310,311,249
7464,14982,343,311,245
7465,14984,337,310,242
7466,14986,305,310,243
7467,14988,297,309,242
7468,14990,265,308,242
7469,14992,265,307,242
7470,14994,274,307,244
7471,14996,275,305,240
7472,14998,269,304,243
7473,15000,274,302,244
7474,15002,300,302,244
7475,15004,301,302,245
7476,15006,276,302,245
7477,15008,267,300,246
7478,15010,246,299,246
7479,15012,257,298,245
7480,15014,267,298,247
7481,15016,271,298,249
7482,15018,279,296,246
7483,15020,264,295,246
7484,15022,291,294,246
7485,15024,290,295,245
7486,15026,276,293,245
7487,15028,246,293,244
7488,15030,219,289,248
7489,15032,236,291,248
7490,15034,245,291,247
7491,15036,251,291,248
7492,15038,245,289,249
7493,15040,239,291,249
7494,15042,269,290,246
7495,15044,272,291,245
7496,15046,250,292,248
7497,15048,247,292,244
7498,15050,226,291,236
7499,15052,230,290,236
7500,15054,251,290,235
7501,15056,249,290,239
7502,15058,252,289,239
7503,15060,247,289,241
7504,15062,275,289,239
7505,15064,279,288,228
7506,15066,247,289,230
7507,15068,255,290,233
7508,15070,226,289,231
7509,15072,235,286,227
7510,15074,254,286,233
7511,15076,277,288,234
7512,15078,289,287,235
7513,15080,286,289,232
7514,15082,304,286,236
7515,15084,301,292,236
7516,15086,288,292,235
7517,15088,283,295,235
7518,15090,258,297,233
7519,15092,273,297,226
7520,15094,289,298,227
7521,15096,293,298,229
7522,15098,291,298,226
7523,15100,297,300,222
7524,15102,317,299,225
7525,15104,315,299,229
7526,15106,332,299,228
7527,15108,330,297,228
7528,15110,299,299,227
7529,15112,312,298,229
7530,15114,332,299,227
7531,15116,333,299,232
7532,15118,329,300,231
7533,15120,323,301,233
7534,15122,364,301,233
7535,15124,356,302,234
7536,15126,340,302,239
7537,15128,328,304,241
7538,15130,305,304,244
7539,15132,317,304,251
7540,15134,329,305,265
7541,15136,329,306,262
7542,15138,327,306,273
7543,15140,334,306,269
7544,15142,339,307,276
7545,15144,345,309,277
7546,15146,303,309,284
7547,15148,291,312,285
7548,15150,269,315,286
7549,15152,280,316,291
7550,15154,293,316,291
7551,15156,286,316,300
7552,15158,290,316,305
7553,15160,295,313,304
7554,15162,313,310,302
7555,15164,316,308,303
7556,15166,294,306,305
7557,15168,283,303,308
7558,15170,268,305,309
7559,15172,275,304,311
7560,15174,282,302,315
7561,15176,279,302,314
7562,15178,274,302,315
7563,15180,265,299,315
7564,15182,297,298,312
7565,15184,292,298,311
7566,15186,279,298,314
7567,15188,279,297,307
7568,15190,241,298,307
7569,15192,277,300,317
7570,15194,308,302,317
7571,15196,300,304,332
7572,15198,310,309,335
7573,15200,323,312,337
7574,15202,335,315,337
7575,15204,309,318,340
7576,15206,297,319,342
7577,15208,281,321,346
7578,15210,259,323,349
7579,15212,295,326,349
7580,15214,283,329,348
7581,15216,301,332,350
7582,15218,313,335,352
7583,15220,309,337,353
7584,15222,364,338,353
7585,15224,321,339,351
7586,15226,298,338,355
7587,15228,295,339,351
7588,15230,284,339,352
7589,15232,270,339,355
7590,15234,345,333,345
7591,15236,334,330,346
7592,15238,335,329,331
7593,15240,302,328,332
7594,15242,372,328,325
7595,15244,332,324,320
7596,15246,343,322,318
7597,15248,315,318,313
7598,15250,257,317,309
7599,15252,314,317,308
7600,15254,344,316,305
7601,15256,353,316,303
7602,15258,353,316,305
7603,15260,359,316,307
7604,15262,386,316,309
7605,15264,358,316,309
7606,15266,350,316,310
7607,15268,328,318,316
7608,15270,292,320,318
7609,15272,307,322,319
7610,15274,316,326,320
7611,15276,342,329,320
7612,15278,333,332,321
7613,15280,321,332,325
7614,15282,312,335,326
7615,15284,352,333,325
7616,15286,290,332,330
7617,15288,305,330,341
7618,15290,261,328,351
7619,15292,273,325,352
7620,15294,263,324,350
7621,15296,252,320,351
7622,15298,263,318,350
7623,15300,240,309,349
7624,15302,254,305,351
7625,15304,251,305,351
7626,15306,198,301,349
7627,15308,173,297,344
7628,15310,117,292,342
7629,15312,122,291,342
7630,15314,136,286,330
7631,15316,141,281,328
7632,15318,131,282,320
7633,15320,148,279,317
7634,15322,153,279,320
7635,15324,141,278,314
7636,15326,141,278,311
7637,15328,122,278,312
7638,15330,84,278,305
7639,15332,62,280,300
7640,15334,78,281,298
7641,15336,76,281,299
7642,15338,115,283,301
7643,15340,128,285,300
7644,15342,185,287,301
7645,15344,181,290,304
7646,15346,173,298,307
7647,15348,159,300,311
7648,15350,167,304,313
7649,15352,175,309,314
7650,15354,219,315,318
7651,15356,253,319,319
7652,15358,269,322,320
7653,15360,276,325,321
7654,15362,298,329,320
7655,15364,295,333,327
7656,15366,259,335,331
7657,15368,296,339,338
7658,15370,264,343,345
7659,15372,245,345,348
7660,15374,272,346,351
7661,15376,251,348,357
7662,15378,273,349,358
7663,15380,273,352,364
7664,15382,331,352,365
7665,15384,289,353,364
7666,15386,325,353,369
7667,15388,326,354,368
7668,15390,293,354,364
7669,15392,282,355,366
7670,15394,293,353,367
7671,15396,353,355,370
7672,15398,359,356,369
7673,15400,339,355,369
7674,15402,361,357,369
7675,15404,360,355,368
7676,15406,353,355,373
7677,15408,345,355,372
7678,15410,311,354,372
7679,15412,331,354,373
7680,15414,351,353,373
7681,15416,342,354,375
7682,15418,322,354,374
7683,15420,303,353,374
7684,15422,332,354,374
7685,15424,361,354,374
7686,15426,285,353,374
7687,15428,267,353,374
7688,15430,273,352,375
7689,15432,263,351,375
7690,15434,294,350,378
7691,15436,292,350,380
7692,15438,281,349,380
7693,15440,286,349,379
7694,15442,281,346,380
7695,15444,253,343,376
7696,15446,239,343,373
7697,15448,233,341,380
7698,15450,216,340,377
7699,15452,220,339,375
7700,15454,230,337,372
7701,15456,223,335,370
7702,15458,240,333,366
7703,15460,231,333,364
7704,15462,265,331,359
7705,15464,254,328,360
7706,15466,237,327,359
7707,15468,225,327,358
7708,15470,207,327,357
7709,15472,214,326,355
7710,15474,228,327,354
7711,15476,230,326,353
7712,15478,239,326,352
7713,15480,229,327,353
7714,15482,261,328,353
7715,15484,255,329,354
7716,15486,237,329,356
7717,15488,226,332,357
7718,15490,205,334,358
7719,15492,217,336,359
7720,15494,214,337,359
7721,15496,241,338,361
7722,15498,252,339,364
7723,15500,255,341,366
7724,15502,274,344,366
7725,15504,273,346,367
7726,15506,261,347,368
7727,15508,247,349,376
7728,15510,217,350,376
7729,15512,257,352,376
7730,15514,289,354,378
7731,15516,294,354,379
7732,15518,291,356,379
7733,15520,284,356,378
7734,15522,318,358,376
7735,15524,328,358,376
7736,15526,309,359,379
7737,15528,286,358,379
7738,15530,261,359,377
7739,15532,291,359,378
7740,15534,299,359,378
7741,15536,303,360,380
7742,15538,296,359,380
7743,15540,295,360,379
7744,15542,318,360,382
7745,15544,321,360,382
7746,15546,282,361,382
7747,15548,322,361,382
7748,15550,298,361,382
7749,15552,305,361,383
7750,15554,318,361,384
7751,15556,291,361,385
7752,15558,297,361,384
7753,15560,299,361,384
7754,15562,320,361,383
7755,15564,329,361,383
7756,15566,297,362,383
7757,15568,288,361,383
7758,15570,269,361,383
7759,15572,271,360,383
7760,15574,288,360,383
7761,15576,308,360,383
7762,15578,319,358,383
7763,15580,307,358,382
7764,15582,329,357,382
7765,15584,315,355,382
7766,15586,284,354,380
7767,15588,278,353,378
7768,15590,250,353,381
7769,15592,273,351,382
7770,15594,273,348,380
7771,15596,280,347,379
7772,15598,288,346,379
7773,15600,268,343,372
7774,15602,272,342,367
7775,15604,260,340,365
7776,15606,228,339,364
7777,15608,229,339,358
7778,15610,220,336,353
7779,15612,204,336,350
7780,15614,213,335,336
7781,15616,219,333,334
7782,15618,223,331,328
7783,15620,228,330,327
7784,15622,254,330,327
7785,15624,243,330,329
7786,15626,222,329,332
7787,15628,209,329,332
7788,15630,198,329,333
7789,15632,202,330,333
7790,15634,217,331,334
7791,15636,225,333,335
7792,15638,221,335,335
7793,15640,217,334,336
7794,15642,250,337,337
7795,15644,281,337,337
7796,15646,263,337,337
7797,15648,246,338,342
7798,15650,230,339,345
7799,15652,239,338,346
7800,15654,246,341,348
7801,15656,251,342,349
7802,15658,241,343,351
7803,15660,253,345,355
7804,15662,292,346,359
7805,15664,284,347,362
7806,15666,250,349,368
7807,15668,247,349,370
7808,15670,308,350,370
7809,15672,316,352,371
7810,15674,333,354,372
7811,15676,327,354,373
7812,15678,320,355,372
7813,15680,285,356,370
7814,15682,317,356,371
7815,15684,317,357,372
7816,15686,288,356,371
7817,15688,251,357,372
7818,15690,257,356,374
7819,15692,275,356,375
7820,15694,299,356,376
7821,15696,303,356,378
7822,15698,317,356,378
7823,15700,307,356,378
7824,15702,373,356,377
7825,15704,364,356,380
7826,15706,346,357,379
7827,15708,322,357,383
7828,15710,319,355,384
7829,15712,330,356,384
7830,15714,346,356,384
7831,15716,348,356,384
7832,15718,356,357,386
7833,15720,342,357,383
7834,15722,359,357,385
7835,15724,361,357,386
7836,15726,336,356,385
7837,15728,325,356,385
7838,15730,313,357,385
7839,15732,327,356,386
7840,15734,327,356,386
7841,15736,348,356,384
7842,15738,326,357,387
7843,15740,333,357,386
7844,15742,364,359,386
7845,15744,351,356,386
7846,15746,344,356,388
7847,15748,269,355,387
7848,15750,250,354,387
7849,15752,264,354,387
7850,15754,279,354,390
7851,15756,279,353,390
7852,15758,273,352,392
7853,15760,275,351,390
7854,15762,315,350,389
7855,15764,280,348,384
7856,15766,279,346,384
7857,15768,234,346,380
7858,15770,222,345,377
7859,15772,236,345,368
7860,15774,243,343,364
7861,15776,239,342,363
7862,15778,251,342,361
7863,15780,220,341,350
7864,15782,259,340,353
7865,15784,250,339,349
7866,15786,231,338,346
7867,15788,214,337,339
7868,15790,203,336,340
7869,15792,208,335,339
7870,15794,221,335,338
7871,15796,226,334,332
7872,15798,231,332,328
7873,15800,228,332,325
7874,15802,254,331,321
7875,15804,257,328,313
7876,15806,217,327,312
7877,15808,197,325,306
7878,15810,172,324,302
7879,15812,169,322,293
7880,15814,204,320,286
7881,15816,165,319,276
7882,15818,159,315,271
7883,15820,226,314,262
7884,15822,243,312,255
7885,15824,249,311,250
7886,15826,218,309,245
7887,15828,208,307,236
7888,15830,185,306,231
7889,15832,194,305,234
7890,15834,216,303,235
7891,15836,205,302,232
7892,15838,208,300,229
7893,15840,195,299,225
7894,15842,263,299,223
7895,15844,219,297,225
7896,15846,213,296,219
7897,15848,210,297,214
7898,15850,205,296,216
7899,15852,204,297,219
7900,15854,224,297,206
7901,15856,233,299,210
7902,15858,216,299,208
7903,15860,195,299,213
7904,15862,249,299,213
7905,15864,244,300,221
7906,15866,235,300,219
7907,15868,214,302,218
7908,15870,215,303,223
7909,15872,233,304,224
7910,15874,246,308,231
7911,15876,266,308,241
7912,15878,260,311,249
7913,15880,263,313,254
7914,15882,299,317,265
7915,15884,300,320,267
7916,15886,268,323,273
7917,15888,256,323,273
7918,15890,276,324,277
7919,15892,279,325,281
7920,15894,317,326,291
7921,15896,312,326,294
7922,15898,337,325,297
7923,15900,309,327,297
7924,15902,319,330,301
7925,15904,315,332,298
7926,15906,307,331,297
7927,15908,289,337,295
7928,15910,300,338,299
7929,15912,297,339,306
7930,15914,306,338,309
7931,15916,306,338,312
7932,15918,291,338,308
7933,15920,305,338,307
7934,15922,355,338,306
7935,15924,329,340,312
7936,15926,339,337,318
7937,15928,330,337,318
7938,15930,286,337,318
7939,15932,334,337,317
7940,15934,333,336,315
7941,15936,311,336,320
7942,15938,306,337,323
7943,15940,319,337,326
7944,15942,344,337,324
7945,15944,341,338,325
7946,15946,328,338,326
7947,15948,297,338,327
7948,15950,296,339,327
7949,15952,347,340,330
7950,15954,323,340,332
7951,15956,334,341,331
7952,15958,345,349,336
7953,15960,323,352,330
7954,15962,333,355,330
7955,15964,326,354,330
7956,15966,303,358,335
7957,15968,273,360,335
7958,15970,275,360,335
7959,15972,296,359,335
7960,15974,288,359,336
7961,15976,282,359,334
7962,15978,277,358,333
7963,15980,316,357,332
7964,15982,370,356,328
7965,15984,304,354,330
7966,15986,317,352,322
7967,15988,267,351,320
7968,15990,277,349,317
7969,15992,269,347,308
7970,15994,242,343,301
7971,15996,237,341,306
7972,15998,210,338,304
7973,16000,238,336,299
7974,16002,236,334,294
7975,16004,219,330,296
7976,16006,203,326,280
7977,16008,182,322,273
7978,16010,112,314,258
7979,16012,134,312,256
7980,16014,182,309,233
7981,16016,174,307,220
7982,16018,197,302,211
7983,16020,185,301,204
7984,16022,207,299,172
7985,16024,199,297,155
7986,16026,205,296,115
7987,16028,191,294,100
7988,16030,178,292,95
7989,16032,189,291,97
7990,16034,201,289,94
7991,16036,204,289,94
7992,16038,167,288,86
7993,16040,110,288,70
7994,16042,207,288,61
7995,16044,202,287,50
7996,16046,202,288,51
7997,16048,128,288,50
7998,16050,123,289,49
7999,16052,149,291,51
8000,16054,178,291,50
8001,16056,174,290,51
8002,16058,149,292,48
8003,16060,148,293,50
8004,16062,190,295,50
8005,16064,184,297,50
8006,16066,204,301,51
8007,16068,198,303,51
8008,16070,191,305,51
8009,16072,211,309,51
8010,16074,216,312,52
8011,16076,206,316,52
8012,16078,233,317,51
8013,16080,237,320,53
8014,16082,256,321,79
8015,16084,265,330,108
8016,16086,262,332,111
8017,16088,248,334,126
8018,16090,239,336,134
8019,16092,266,339,133
8020,16094,310,342,133
8021,16096,286,346,147
8022,16098,304,349,151
8023,16100,309,351,152
8024,16102,366,352,154
8025,16104,336,354,168
8026,16106,354,354,188
8027,16108,338,355,195
8028,16110,284,357,200
8029,16112,350,357,205
8030,16114,320,358,206
8031,16116,327,358,210
8032,16118,316,359,215
8033,16120,319,359,216
8034,16122,340,360,224
8035,16124,339,360,226
8036,16126,318,360,226
8037,16128,305,360,226
8038,16130,299,360,230
8039,16132,324,361,235
8040,16134,328,361,239
8041,16136,322,361,240
8042,16138,329,361,241
8043,16140,323,361,242
8044,16142,358,362,242
8045,16144,349,363,242
8046,16146,328,361,243
8047,16148,307,361,242
8048,16150,321,360,238
8049,16152,341,360,243
8050,16154,338,359,246
8051,16156,335,358,245
8052,16158,332,359,245
8053,16160,324,358,246
8054,16162,358,357,244
8055,16164,326,356,244
8056,16166,303,355,240
8057,16168,285,354,238
8058,16170,290,352,232
8059,16172,321,349,229
8060,16174,310,346,223
8061,16176,308,343,212
8062,16178,306,339,208
8063,16180,313,338,195
8064,16182,344,337,189
8065,16184,338,335,183
8066,16186,305,332,177
8067,16188,276,330,162
8068,16190,281,330,151
8069,16192,302,328,151
8070,16194,284,327,146
8071,16196,282,325,142
8072,16198,288,323,139
8073,16200,277,323,141
8074,16202,316,322,155
8075,16204,312,321,154
8076,16206,294,319,166
8077,16208,279,316,170
8078,16210,276,314,175
8079,16212,292,310,177
8080,16214,293,308,183
8081,16216,296,307,198
8082,16218,294,307,199
8083,16220,292,309,204
8084,16222,334,308,204
8085,16224,314,311,217
8086,16226,282,312,218
8087,16228,263,311,218
8088,16230,247,310,225
8089,16232,302,310,226
8090,16234,262,310,227
8091,16236,300,310,237
8092,16238,291,309,238
8093,16240,292,306,245
8094,16242,338,306,241
8095,16244,332,305,238
8096,16246,336,303,245
8097,16248,314,303,250
8098,16250,321,304,250
8099,16252,297,306,250
8100,16254,294,305,252
8101,16256,285,305,255
8102,16258,310,302,255
8103,16260,307,301,255
8104,16262,345,301,257
8105,16264,344,300,257
8106,16266,321,296,258
8107,16268,308,292,257
8108,16270,312,291,259
8109,16272,332,291,258
8110,16274,319,293,258
8111,16276,331,293,258
8112,16278,310,293,260
8113,16280,298,296,261
8114,16282,366,297,262
8115,16284,333,300,263
8116,16286,329,300,263
8117,16288,302,301,263
8118,16290,304,302,262
8119,16292,321,300,262
8120,16294,310,300,261
8121,16296,323,298,261
8122,16298,318,299,260
8123,16300,324,301,263
8124,16302,343,302,266
8125,16304,327,303,263
8126,16306,319,302,266
8127,16308,272,302,264
8128,16310,242,299,265
8129,16312,289,298,260
8130,16314,290,293,252
8131,16316,246,295,252
8132,16318,235,291,252
8133,16320,194,286,251
8134,16322,236,284,248
8135,16324,279,283,247
8136,16326,252,281,241
8137,16328,244,280,237
8138,16330,218,277,216
8139,16332,241,275,209
8140,16334,240,272,207
8141,16336,212,271,204
8142,16338,198,267,196
8143,16340,187,264,190
8144,16342,228,260,180
8145,16344,203,256,163
8146,16346,194,253,149
8147,16348,168,249,147
8148,16350,171,246,140
8149,16352,196,243,130
8150,16354,181,240,128
8151,16356,187,233,129
8152,16358,189,229,130
8153,16360,185,225,128
8154,16362,141,225,130
8155,16364,143,224,127
8156,16366,123,223,125
8157,16368,171,224,127
8158,16370,180,225,127
8159,16372,191,229,127
8160,16374,190,232,128
8161,16376,194,240,133
8162,16378,195,245,134
8163,16380,189,248,138
8164,16382,243,256,152
8165,16384,247,260,167
8166,16386,181,266,182
8167,16388,173,270,186
8168,16390,232,273,193
8169,16392,241,276,200
8170,16394,235,281,206
8171,16396,267,283,210
8172,16398,260,287,208
8173,16400,267,296,226
8174,16402,316,300,232
8175,16404,323,304,243
8176,16406,303,310,252
8177,16408,287,311,262
8178,16410,314,313,260
8179,16412,296,314,264
8180,16414,343,315,274
8181,16416,339,314,280
8182,16418,341,313,281
8183,16420,297,312,286
8184,16422,327,306,287
8185,16424,364,306,290
8186,16426,325,307,297
8187,16428,334,308,302
8188,16430,350,309,300
8189,16432,359,308,302
8190,16434,360,307,299
8191,16436,367,304,300
8192,16438,365,305,300
8193,16440,371,305,303
8194,16442,393,301,300
8195,16444,387,303,302
8196,16446,373,303,301
8197,16448,336,304,303
8198,16450,338,300,301
8199,16452,359,301,304
8200,16454,348,298,304
8201,16456,344,299,306
8202,16458,344,301,303
8203,16460,345,298,300
8204,16462,369,301,300
8205,16464,321,302,300
8206,16466,283,298,298
8207,16468,282,294,297
8208,16470,286,293,296
8209,16472,256,293,292
8210,16474,240,286,291
8211,16476,246,283,289
8212,16478,239,281,289
8213,16480,215,278,286
8214,16482,259,276,280
8215,16484,232,272,278
8216,16486,212,268,273
8217,16488,172,265,263
8218,16490,167,263,256
8219,16492,199,260,245
8220,16494,160,256,240
8221,16496,160,252,240
8222,16498,147,249,228
8223,16500,180,246,226
8224,16502,175,243,223
8225,16504,173,238,225
8226,16506,152,234,226
8227,16508,120,233,225
8228,16510,118,233,224
8229,16512,145,234,224
8230,16514,141,234,223
8231,16516,141,235,222
8232,16518,143,236,232
8233,16520,148,238,235
8234,16522,182,239,235
8235,16524,174,240,234
8236,16526,156,242,233
8237,16528,116,245,239
8238,16530,128,247,242
8239,16532,198,250,243
8240,16534,215,253,248
8241,16536,223,254,249
8242,16538,230,258,250
8243,16540,207,261,252
8244,16542,233,263,257
8245,16544,233,266,263
8246,16546,220,268,262
8247,16548,189,279,267
8248,16550,195,282,260
8249,16552,214,285,265
8250,16554,222,289,271
8251,16556,217,291,275
8252,16558,231,292,283
8253,16560,250,293,282
8254,16562,293,294,287
8255,16564,288,295,285
8256,16566,283,297,285
8257,16568,267,299,287
8258,16570,308,302,287
8259,16572,320,306,290
8260,16574,325,307,288
8261,16576,303,308,286
8262,16578,282,309,284
8263,16580,291,311,285
8264,16582,332,312,287
8265,16584,317,312,289
8266,16586,275,311,289
8267,16588,242,311,291
8268,16590,277,313,293
8269,16592,306,313,291
8270,16594,324,313,294
8271,16596,306,313,295
8272,16598,313,312,294
8273,16600,294,312,294
8274,16602,309,312,298
8275,16604,317,311,297
8276,16606,289,311,298
8277,16608,255,310,298
8278,16610,260,311,299
8279,16612,284,310,299
8280,16614,273,308,299
8281,16616,268,307,296
8282,16618,303,306,298
8283,16620,303,305,299
8284,16622,265,303,297
8285,16624,273,300,297
8286,16626,268,298,296
8287,16628,208,294,296
8288,16630,187,283,296
8289,16632,179,282,296
8290,16634,166,282,296
8291,16636,171,280,299
8292,16638,166,278,293
8293,16640,168,277,292
8294,16642,203,274,293
8295,16644,184,270,291
8296,16646,119,267,292
8297,16648,85,264,292
8298,16650,132,260,294
8299,16652,180,255,288
8300,16654,183,248,285
8301,16656,182,244,284
8302,16658,166,241,285
8303,16660,153,239,280
8304,16662,201,238,279
8305,16664,187,235,270
8306,16666,159,235,263
8307,16668,129,236,254
8308,16670,154,236,254
8309,16672,176,237,251
8310,16674,151,237,243
8311,16676,159,238,239
8312,16678,196,238,239
8313,16680,179,243,237
8314,16682,182,245,242
8315,16684,170,246,235
8316,16686,141,246,237
8317,16688,119,248,238
8318,16690,103,252,241
8319,16692,180,254,242
8320,16694,142,255,242
8321,16696,152,257,243
8322,16698,166,259,247
8323,16700,172,262,250
8324,16702,233,268,252
8325,16704,191,270,257
8326,16706,176,274,258
8327,16708,159,277,262
8328,16710,142,281,260
8329,16712,166,284,256
8330,16714,173,283,269
8331,16716,157,283,277
8332,16718,138,285,281
8333,16720,197,282,278
8334,16722,239,279,275
8335,16724,209,273,279
8336,16726,184,274,279
8337,16728,161,276,280
8338,16730,152,278,283
8339,16732,180,278,280
8340,16734,175,277,281
8341,16736,179,278,279
8342,16738,215,279,286
8343,16740,273,278,286
8344,16742,296,279,282
8345,16744,278,279,284
8346,16746,232,282,289
8347,16748,215,283,285
8348,16750,219,286,285
8349,16752,276,288,284
8350,16754,289,288,283
8351,16756,264,288,283
8352,16758,253,288,284
8353,16760,274,288,283
8354,16762,306,284,283
8355,16764,284,285,286
8356,16766,272,284,284
8357,16768,251,283,281
8358,16770,246,282,283
8359,16772,267,284,286
8360,16774,265,282,287
8361,16776,286,282,287
8362,16778,270,281,288
8363,16780,274,280,285
8364,16782,267,278,287
8365,16784,245,276,286
8366,16786,235,279,285
8367,16788,220,277,284
8368,16790,241,278,285
8369,16792,242,277,282
8370,16794,206,274,281
8371,16796,230,271,278
8372,16798,191,271,274
8373,16800,190,266,268
8374,16802,210,265,265
8375,16804,171,261,263
8376,16806,148,255,259
8377,16808,113,251,253
8378,16810,123,246,244
8379,16812,142,240,239
8380,16814,124,239,232
8381,16816,180,235,227
8382,16818,135,232,220
8383,16820,165,229,226
8384,16822,214,226,228
8385,16824,186,224,217
8386,16826,176,221,214
8387,16828,165,221,199
8388,16830,150,219,186
8389,16832,178,217,181
8390,16834,176,216,172
8391,16836,195,216,155
8392,16838,125,216,151
8393,16840,172,218,134
8394,16842,163,219,132
8395,16844,189,223,134
8396,16846,134,227,132
8397,16848,153,232,133
8398,16850,170,235,133
8399,16852,164,239,133
8400,16854,186,242,136
8401,16856,177,246,135
8402,16858,158,255,136
8403,16860,163,263,151
8404,16862,213,267,163
8405,16864,222,275,188
8406,16866,210,281,195
8407,16868,211,288,202
8408,16870,225,292,213
8409,16872,261,296,222
8410,16874,272,304,230
8411,16876,302,307,235
8412,16878,281,311,242
8413,16880,281,315,244
8414,16882,342,323,247
8415,16884,327,325,238
8416,16886,315,326,234
8417,16888,298,328,246
8418,16890,271,331,248
8419,16892,297,331,247
8420,16894,301,331,261
8421,16896,324,331,265
8422,16898,350,329,271
8423,16900,339,329,275
8424,16902,367,325,273
8425,16904,335,319,274
8426,16906,321,319,275
8427,16908,302,317,274
8428,16910,291,317,275
8429,16912,327,317,278
8430,16914,368,316,278
8431,16916,353,317,277
8432,16918,353,316,278
8433,16920,362,316,277
8434,16922,398,317,279
8435,16924,378,317,279
8436,16926,360,317,281
8437,16928,344,318,284
8438,16930,327,319,282
8439,16932,343,319,283
8440,16934,350,320,281
8441,16936,322,319,284
8442,16938,333,320,284
8443,16940,336,321,283
8444,16942,364,325,286
8445,16944,343,327,283
8446,16946,341,327,287
8447,16948,282,328,287
8448,16950,283,328,288
8449,16952,319,329,282
8450,16954,298,328,283
8451,16956,268,325,280
8452,16958,301,321,286
8453,16960,298,319,285
8454,16962,280,320,289
8455,16964,252,312,283
8456,16966,218,312,282
8457,16968,209,307,278
8458,16970,213,308,274
8459,16972,243,305,274
8460,16974,251,305,268
8461,16976,252,304,260
8462,16978,241,303,254
8463,16980,225,301,253
8464,16982,189,300,251
8465,16984,175,299,246
8466,16986,209,300,247
8467,16988,181,300,241
8468,16990,193,301,240
8469,16992,225,302,239
8470,16994,238,301,233
8471,16996,220,303,231
8472,16998,241,306,233
8473,17000,257,308,238
8474,17002,263,315,241
8475,17004,249,316,247
8476,17006,233,321,246
8477,17008,231,324,254
8478,17010,247,326,257
8479,17012,266,329,265
8480,17014,297,330,268
8481,17016,276,335,270
8482,17018,320,338,275
8483,17020,336,342,287
8484,17022,378,343,288
8485,17024,363,347,302
8486,17026,351,349,301
8487,17028,339,349,299
8488,17030,329,349,301
8489,17032,319,349,303
8490,17034,352,349,305
8491,17036,333,348,306
8492,17038,330,345,308
8493,17040,364,338,301
8494,17042,373,337,303
8495,17044,337,335,297
8496,17046,340,335,296
8497,17048,323,334,292
8498,17050,319,332,291
8499,17052,359,330,289
8500,17054,356,330,288
8501,17056,327,329,288
8502,17058,334,330,289
8503,17060,322,330,291
8504,17062,353,330,295
8505,17064,330,330,294
8506,17066,350,331,292
8507,17068,328,331,296
8508,17070,296,332,296
8509,17072,317,333,298
8510,17074,353,334,300
8511,17076,350,333,299
8512,17078,336,337,301
8513,17080,325,341,302
8514,17082,353,342,301
8515,17084,348,343,304
8516,17086,342,342,306
8517,17088,332,343,302
8518,17090,292,341,299
8519,17092,321,341,301
8520,17094,327,339,305
8521,17096,321,337,308
8522,17098,307,333,304
8523,17100,299,331,308
8524,17102,302,329,308
8525,17104,280,319,307
8526,17106,211,317,302
8527,17108,194,316,307
8528,17110,163,309,305
8529,17112,203,307,304
8530,17114,169,304,296
8531,17116,146,297,287
8532,17118,159,293,284
8533,17120,149,291,274
8534,17122,206,289,254
8535,17124,189,287,232
8536,17126,174,285,224
8537,17128,138,283,208
8538,17130,48,283,199
8539,17132,80,283,191
8540,17134,73,283,178
8541,17136,101,284,162
8542,17138,107,285,156
8543,17140,149,288,160
8544,17142,203,291,170
8545,17144,183,294,186
8546,17146,184,298,200
8547,17148,162,300,209
8548,17150,198,304,226
8549,17152,231,310,233
8550,17154,246,319,239
8551,17156,264,322,252
8552,17158,274,328,259
8553,17160,302,333,271
8554,17162,304,337,284
8555,17164,313,341,288
8556,17166,342,347,296
8557,17168,324,351,300
8558,17170,286,354,313
8559,17172,283,356,332
8560,17174,329,357,336
8561,17176,348,359,336
8562,17178,342,360,337
8563,17180,332,360,340
8564,17182,337,360,342
8565,17184,337,357,341
8566,17186,330,357,343
8567,17188,288,354,341
8568,17190,285,353,342
8569,17192,323,352,343
8570,17194,308,347,337
8571,17196,308,342,334
8572,17198,323,342,332
8573,17200,322,342,333
8574,17202,345,342,329
8575,17204,319,342,328
8576,17206,307,342,327
8577,17208,282,343,327
8578,17210,291,342,329
8579,17212,335,341,331
8580,17214,285,342,331
8581,17216,328,342,330
8582,17218,337,346,333
8583,17220,303,347,334
8584,17222,322,350,334
8585,17224,326,350,337
8586,17226,311,350,339
8587,17228,277,350,338
8588,17230,253,350,339
8589,17232,318,348,338
8590,17234,308,344,336
8591,17236,255,343,334
8592,17238,249,341,334
8593,17240,253,337,335
8594,17242,271,334,337
8595,17244,224,330,331
8596,17246,223,328,331
8597,17248,129,324,334
8598,17250,152,321,329
8599,17252,175,328,322
8600,17254,160,317,318
8601,17256,168,312,319
8602,17258,175,309,304
8603,17260,171,307,295
8604,17262,196,306,278
8605,17264,187,306,261
8606,17266,149,305,255
8607,17268,137,306,249
8608,17270,122,305,244
8609,17272,199,306,243
8610,17274,170,306,245
8611,17276,160,309,252
8612,17278,170,313,258
8613,17280,175,318,259
8614,17282,235,322,265
8615,17284,231,326,271
8616,17286,243,328,278
8617,17288,251,333,290
8618,17290,253,335,299
8619,17292,310,339,307
8620,17294,321,343,307
8621,17296,325,346,315
8622,17298,317,349,315
8623,17300,339,352,324
8624,17302,370,355,337
8625,17304,334,356,336
8626,17306,343,354,338
8627,17308,318,355,333
8628,17310,322,354,336
8629,17312,337,353,335
8630,17314,322,352,333
8631,17316,321,343,329
8632,17318,337,342,324
8633,17320,310,342,323
8634,17322,312,342,319
8635,17324,368,341,319
8636,17326,341,339,317
8637,17328,319,337,313
8638,17330,315,335,310
8639,17332,340,333,309
8640,17334,315,333,310
8641,17336,314,333,312
8642,17338,318,333,313
8643,17340,311,334,314
8644,17342,349,333,315
8645,17344,340,333,315
8646,17346,318,335,316
8647,17348,339,338,317
8648,17350,337,338,318
8649,17352,349,338,318
8650,17354,300,337,318
8651,17356,321,338,319
8652,17358,301,337,319
8653,17360,282,337,320
8654,17362,342,337,323
8655,17364,324,335,320
8656,17366,304,342,322
8657,17368,300,343,317
8658,17370,283,342,317
8659,17372,292,341,320
8660,17374,334,339,320
8661,17376,311,335,322
8662,17378,285,335,327
8663,17380,300,328,329
8664,17382,314,326,331
8665,17384,297,324,328
8666,17386,255,320,334
8667,17388,207,316,335
8668,17390,167,308,332
8669,17392,191,303,336
8670,17394,183,302,339
8671,17396,181,299,325
8672,17398,159,296,324
8673,17400,178,294,316
8674,17402,199,293,307
8675,17404,128,293,307
8676,17406,135,293,303
8677,17408,112,292,298
8678,17410,115,293,294
8679,17412,166,293,289
8680,17414,156,294,285
8681,17416,163,295,288
8682,17418,169,301,289
8683,17420,168,304,299
8684,17422,235,307,300
8685,17424,226,313,304
8686,17426,196,316,306
8687,17428,190,323,306
8688,17430,197,326,315
8689,17432,272,329,315
8690,17434,304,335,324
8691,17436,290,336,329
8692,17438,292,339,333
8693,17440,300,340,335
8694,17442,314,343,343
8695,17444,354,345,334
8696,17446,340,346,334
8697,17448,329,348,333
8698,17450,282,346,331
8699,17452,298,340,327
8700,17454,315,339,322
8701,17456,307,340,314
8702,17458,351,340,309
8703,17460,346,338,309
8704,17462,378,339,309
8705,17464,332,338,301
8706,17466,336,337,300
8707,17468,331,337,301
8708,17470,319,336,298
8709,17472,342,336,303
8710,17474,337,336,305
8711,17476,339,337,303
8712,17478,336,336,304
8713,17480,331,337,305
8714,17482,359,337,306
8715,17484,334,339,307
8716,17486,326,338,308
8717,17488,317,339,311
8718,17490,307,338,310
8719,17492,304,338,311
8720,17494,341,337,311
8721,17496,338,337,311
8722,17498,321,337,310
8723,17500,306,338,309
8724,17502,304,340,307
8725,17504,291,339,307
8726,17506,291,338,304
8727,17508,236,335,306
8728,17510,242,333,304
8729,17512,256,330,304
8730,17514,251,326,303
8731,17516,210,324,301
8732,17518,219,322,305
8733,17520,213,321,306
8734,17522,243,319,308
8735,17524,202,312,312
8736,17526,182,309,308
8737,17528,179,303,305
8738,17530,163,300,300
8739,17532,182,328,333
8740,17534,218,325,332
8741,17536,235,325,326
8742,17538,220,324,326
8743,17540,201,323,309
8744,17542,249,321,290
8745,17544,230,320,280
8746,17546,211,320,274
8747,17548,208,321,259
8748,17550,201,321,254
8749,17552,215,321,247
8750,17554,250,323,249
8751,17556,236,324,252
8752,17558,227,324,261
8753,17560,234,327,266
8754,17562,275,335,271
8755,17564,263,338,281
8756,17566,260,343,289
8757,17568,272,351,298
8758,17570,284,353,306
8759,17572,290,356,314
8760,17574,312,362,335
8761,17576,328,367,341
8762,17578,298,372,353
8763,17580,335,375,356
8764,17582,376,377,371
8765,17584,350,381,378
8766,17586,352,384,379
8767,17588,321,386,375
8768,17590,338,386,374
8769,17592,338,388,381
8770,17594,338,387,383
8771,17596,384,389,381
8772,17598,330,388,380
8773,17600,310,388,380
8774,17602,350,388,377
8775,17604,337,388,371
8776,17606,349,389,375
8777,17608,316,388,372
8778,17610,363,388,371
8779,17612,367,386,372
8780,17614,353,387,369
8781,17616,355,387,369
8782,17618,353,387,369
8783,17620,348,388,370
8784,17622,376,387,371
8785,17624,356,386,371
8786,17626,290,386,373
8787,17628,272,385,375
8788,17630,302,386,375
8789,17632,323,384,378
8790,17634,307,384,373
8791,17636,282,381,378
8792,17638,302,378,380
8793,17640,290,375,379
8794,17642,331,372,380
8795,17644,297,369,381
8796,17646,244,366,380
8797,17648,212,359,378
8798,17650,185,357,379
8799,17652,211,352,379
8800,17654,214,348,375
8801,17656,200,340,375
8802,17658,176,336,372
8803,17660,200,332,370
8804,17662,210,332,372
8805,17664,185,326,363
8806,17666,210,324,354
8807,17668,168,321,351
8808,17670,153,319,349
8809,17672,174,319,352
8810,17674,169,318,336
8811,17676,169,318,326
8812,17678,161,317,312
8813,17680,157,317,306
8814,17682,179,317,299
8815,17684,186,318,298
8816,17686,181,319,301
8817,17688,182,322,305
8818,17690,177,324,308
8819,17692,191,325,314
8820,17694,210,329,317
8821,17696,215,332,322
8822,17698,262,336,329
8823,17700,230,341,337
8824,17702,245,347,351
8825,17704,256,352,360
8826,17706,254,357,357
8827,17708,254,361,366
8828,17710,262,363,372
8829,17712,280,370,386
8830,17714,258,374,388
8831,17716,251,376,391
8832,17718,248,380,385
8833,17720,280,383,389
8834,17722,344,386,391
8835,17724,352,387,388
8836,17726,301,388,392
8837,17728,304,388,387
8838,17730,322,390,384
8839,17732,335,391,384
8840,17734,339,391,381
8841,17736,332,390,381
8842,17738,354,389,373
8843,17740,372,388,370
8844,17742,392,388,369
8845,17744,388,388,369
8846,17746,374,388,370
8847,17748,357,388,370
8848,17750,358,388,370
8849,17752,370,388,372
8850,17754,379,389,373
8851,17756,366,387,376
8852,17758,352,388,376
8853,17760,328,387,378
8854,17762,325,387,376
8855,17764,320,386,377
8856,17766,296,383,378
8857,17768,254,380,379
8858,17770,277,378,378
8859,17772,281,374,380
8860,17774,258,370,380
8861,17776,223,366,377
8862,17778,220,362,376
8863,17780,218,356,374
8864,17782,247,350,370
8865,17784,234,344,370
8866,17786,220,338,369
8867,17788,201,333,366
8868,17790,185,328,364
8869,17792,188,323,360
8870,17794,205,315,351
8871,17796,181,313,343
8872,17798,123,307,339
8873,17800,110,305,326
8874,17802,147,303,323
8875,17804,122,301,309
8876,17806,108,301,292
8877,17808,85,301,289
8878,17810,93,301,279
8879,17812,105,302,268
8880,17814,101,304,265
8881,17816,182,307,264
8882,17818,187,311,272
8883,17820,196,314,273
8884,17822,254,317,281
8885,17824,182,322,294
8886,17826,212,326,303
8887,17828,246,330,313
8888,17830,233,335,323
8889,17832,245,341,328
8890,17834,237,350,344
8891,17836,241,356,352
8892,17838,263,360,359
8893,17840,288,367,369
8894,17842,316,371,375
8895,17844,321,376,381
8896,17846,315,380,385
8897,17848,318,383,392
8898,17850,330,386,399
8899,17852,328,387,401
8900,17854,373,387,403
8901,17856,347,390,405
8902,17858,368,391,407
8903,17860,335,392,411
8904,17862,374,393,412
8905,17864,346,393,411
8906,17866,381,394,410
8907,17868,329,395,408
8908,17870,353,393,409
8909,17872,367,393,409
8910,17874,347,393,408
8911,17876,363,393,408
8912,17878,386,393,409
8913,17880,374,393,410
8914,17882,391,393,413
8915,17884,381,392,409
8916,17886,357,392,412
8917,17888,311,390,408
8918,17890,347,390,404
8919,17892,343,389,402
8920,17894,368,388,404
8921,17896,364,387,400
8922,17898,351,387,400
8923,17900,317,386,398
8924,17902,341,385,398
8925,17904,348,381,396
8926,17906,311,380,395
8927,17908,271,376,389
8928,17910,318,372,389
8929,17912,305,369,383
8930,17914,304,365,384
8931,17916,294,362,380
8932,17918,272,358,377
8933,17920,290,353,372
8934,17922,310,348,370
8935,17924,260,344,366
8936,17926,248,341,363
8937,17928,226,334,359
8938,17930,235,332,351
8939,17932,242,329,344
8940,17934,241,328,343
8941,17936,248,326,338
8942,17938,250,324,331
8943,17940,248,323,328
8944,17942,277,322,323
8945,17944,253,322,313
8946,17946,235,322,313
8947,17948,208,322,309
8948,17950,188,322,306
8949,17952,195,321,296
8950,17954,214,323,294
8951,17956,241,323,295
8952,17958,227,324,297
8953,17960,240,325,297
8954,17962,279,328,298
8955,17964,294,330,296
8956,17966,322,332,296
8957,17968,311,333,294
8958,17970,316,335,298
8959,17972,349,341,298
8960,17974,357,346,297
8961,17976,359,349,301
8962,17978,365,351,302
8963,17980,357,354,304
8964,17982,386,356,306
8965,17984,362,359,309
8966,17986,358,360,311
8967,17988,325,363,311
8968,17990,352,365,311
8969,17992,376,367,319
8970,17994,376,370,319
8971,17996,377,371,320
8972,17998,373,373,320
8973,18000,374,375,324
8974,18002,399,376,327
8975,18004,376,378,330
8976,18006,367,379,328
8977,18008,346,379,330
8978,18010,355,379,332
8979,18012,357,378,334
8980,18014,336,379,336
8981,18016,351,379,337
8982,18018,343,379,337
8983,18020,341,379,338
8984,18022,366,380,341
8985,18024,389,380,338
8986,18026,385,379,340
8987,18028,365,379,341
8988,18030,388,379,341
8989,18032,385,379,342
8990,18034,378,380,342
8991,18036,387,379,343
8992,18038,352,379,344
8993,18040,353,378,344
8994,18042,368,378,343
8995,18044,351,377,344
8996,18046,349,378,345
8997,18048,347,376,345
8998,18050,358,376,345
8999,18052,368,375,346
9000,18054,360,373,346
9001,18056,362,372,346
9002,18058,349,372,346
9003,18060,346,372,345
9004,18062,397,368,345
9005,18064,366,368,349
9006,18066,364,367,350
9007,18068,339,366,349
9008,18070,355,363,346
9009,18072,358,362,351
9010,18074,361,360,348
9011,18076,359,359,345
9012,18078,349,357,337
9013,18080,322,356,334
9014,18082,368,355,335
9015,18084,360,352,328
9016,18086,324,349,325
9017,18088,292,349,324
9018,18090,305,343,319
9019,18092,333,342,318
9020,18094,322,338,314
9021,18096,330,337,309
9022,18098,333,336,302
9023,18100,324,336,296
9024,18102,334,336,290
9025,18104,311,336,288
9026,18106,306,336,284
9027,18108,271,336,279
9028,18110,296,336,277
9029,18112,303,335,278
9030,18114,337,336,278
9031,18116,337,340,281
9032,18118,350,341,284
9033,18120,344,341,287
9034,18122,372,342,288
9035,18124,351,343,290
9036,18126,349,344,293
9037,18128,317,346,300
9038,18130,339,350,303
9039,18132,347,350,304
9040,18134,356,350,304
9041,18136,350,349,305
9042,18138,347,343,305
9043,18140,349,342,309
9044,18142,381,342,312
9045,18144,350,343,318
9046,18146,339,345,318
9047,18148,332,346,321
9048,18150,332,347,323
9049,18152,348,348,324
9050,18154,357,350,326
9051,18156,351,351,324
9052,18158,367,353,327
9053,18160,365,355,328
9054,18162,394,355,330
9055,18164,366,356,332
9056,18166,364,357,336
9057,18168,335,357,338
9058,18170,331,357,339
9059,18172,319,359,340
9060,18174,330,358,339
9061,18176,332,359,341
9062,18178,352,359,340
9063,18180,337,358,341
9064,18182,378,358,342
9065,18184,343,358,335
9066,18186,330,356,336
9067,18188,355,355,334
9068,18190,350,356,336
9069,18192,374,355,336
9070,18194,390,354,334
9071,18196,379,354,334
9072,18198,380,354,333
9073,18200,374,353,333
9074,18202,397,353,333
9075,18204,381,353,334
9076,18206,374,353,334
9077,18208,355,353,335
9078,18210,362,352,336
9079,18212,378,352,336
9080,18214,354,352,338
9081,18216,332,351,337
9082,18218,345,354,339
9083,18220,332,355,343
9084,18222,346,353,343
9085,18224,316,353,344
9086,18226,312,353,339
9087,18228,277,352,339
9088,18230,301,352,338
9089,18232,318,351,332
9090,18234,344,351,332
9091,18236,333,350,323
9092,18238,322,348,322
9093,18240,338,346,322
9094,18242,364,345,321
9095,18244,333,345,318
9096,18246,316,344,316
9097,18248,301,341,304
9098,18250,323,340,303
9099,18252,316,338,299
9100,18254,320,334,289
9101,18256,317,332,275
9102,18258,260,323,265
9103,18260,279,320,263
9104,18262,280,319,247
9105,18264,283,316,241
9106,18266,276,315,237
9107,18268,260,312,231
9108,18270,269,310,224
9109,18272,264,306,214
9110,18274,263,306,207
9111,18276,201,303,197
9112,18278,266,300,177
9113,18280,265,298,162
9114,18282,290,296,160
9115,18284,291,296,162
9116,18286,283,296,157
9117,18288,274,295,155
9118,18290,281,295,151
9119,18292,280,294,150
9120,18294,280,295,151
9121,18296,289,295,148
9122,18298,255,295,148
9123,18300,257,296,154
9124,18302,311,296,154
9125,18304,311,297,155
9126,18306,320,298,167
9127,18308,286,298,165
9128,18310,289,303,174
9129,18312,305,305,176
9130,18314,308,304,175
9131,18316,334,307,183
9132,18318,330,312,198
9133,18320,340,320,216
9134,18322,369,324,231
9135,18324,368,328,235
9136,18326,368,330,240
9137,18328,349,327,252
9138,18330,366,329,258
9139,18332,354,333,257
9140,18334,355,335,257
9141,18336,375,336,258
9142,18338,370,336,258
9143,18340,356,338,259
9144,18342,370,336,258
9145,18344,409,335,259
9146,18346,394,330,258
9147,18348,324,324,258
9148,18350,355,319,254
9149,18352,337,309,253
9150,18354,328,298,250
9151,18356,353,279,245
9152,18358,352,271,245
9153,18360,360,264,243
9154,18362,351,257,245
9155,18364,354,252,245
9156,18366,351,249,241
9157,18368,335,247,234
9158,18370,338,245,216
9159,18372,352,244,216
9160,18374,378,243,217
9161,18376,375,243,217
9162,18378,402,244,220
9163,18380,398,245,217
9164,18382,407,247,219
9165,18384,382,250,216
9166,18386,365,252,219
9167,18388,338,256,232
9168,18390,350,263,240
9169,18392,361,273,253
9170,18394,320,286,255
9171,18396,295,304,264
9172,18398,306,313,266
9173,18400,306,318,269
9174,18402,356,325,280
9175,18404,317,330,286
9176,18406,332,333,290
9177,18408,299,337,295
9178,18410,298,339,300
9179,18412,301,339,307
9180,18414,338,338,312
9181,18416,356,337,314
9182,18418,367,336,314
9183,18420,353,334,317
9184,18422,344,333,323
9185,18424,352,333,323
9186,18426,352,334,324
9187,18428,319,333,324
9188,18430,301,332,320
9189,18432,296,329,311
9190,18434,240,325,308
9191,18436,264,325,306
9192,18438,250,323,295
9193,18440,230,321,290
9194,18442,190,316,283
9195,18444,167,314,274
9196,18446,153,318,260
9197,18448,130,310,230
9198,18450,138,307,197
9199,18452,140,305,173
9200,18454,135,301,161
9201,18456,145,299,152
9202,18458,138,298,141
9203,18460,159,296,116
9204,18462,178,295,92
9205,18464,168,294,92
9206,18466,164,293,91
9207,18468,160,293,91
9208,18470,168,294,92
9209,18472,188,293,126
9210,18474,184,297,135
9211,18476,186,297,144
9212,18478,199,298,146
9213,18480,297,301,150
9214,18482,314,304,150
9215,18484,305,307,150
9216,18486,338,310,148
9217,18488,321,314,160
9218,18490,340,312,172
9219,18492,352,324,196
9220,18494,366,329,203
9221,18496,371,330,213
9222,18498,386,334,231
9223,18500,406,337,248
9224,18502,390,338,255
9225,18504,381,341,260
9226,18506,362,343,263
9227,18508,346,344,264
9228,18510,358,347,268
9229,18512,360,349,274
9230,18514,411,349,281
9231,18516,392,348,277
9232,18518,394,348,279
9233,18520,378,348,281
9234,18522,354,349,283
9235,18524,352,349,282
9236,18526,353,346,279
9237,18528,322,347,280
9238,18530,332,346,274
9239,18532,321,345,278
9240,18534,332,345,280
9241,18536,368,345,279
9242,18538,362,345,281
9243,18540,376,345,284
9244,18542,385,347,285
9245,18544,346,347,286
9246,18546,346,347,285
9247,18548,344,348,290
9248,18550,332,349,292
9249,18552,355,351,297
9250,18554,339,351,301
9251,18556,345,352,304
9252,18558,319,353,307
9253,18560,385,353,309
9254,18562,386,353,309
9255,18564,374,354,313
9256,18566,365,354,317
9257,18568,335,353,313
9258,18570,349,353,316
9259,18572,335,354,313
9260,18574,333,355,312
9261,18576,321,356,317
9262,18578,310,355,318
9263,18580,349,354,318
9264,18582,385,352,319
9265,18584,361,348,318
9266,18586,337,348,316
9267,18588,318,351,317
9268,18590,302,343,319
9269,18592,351,341,315
9270,18594,333,338,307
9271,18596,298,336,301
9272,18598,292,335,296
9273,18600,327,332,288
9274,18602,295,325,281
9275,18604,299,323,270
9276,18606,278,321,260
9277,18608,271,318,257
9278,18610,271,315,251
9279,18612,288,312,246
9280,18614,281,311,219
9281,18616,300,311,199
9282,18618,291,312,183
9283,18620,320,312,182
9284,18622,286,314,181
9285,18624,269,313,180
9286,18626,251,314,181
9287,18628,224,318,181
9288,18630,286,319,179
9289,18632,289,322,191
9290,18634,334,324,191
9291,18636,337,328,217
9292,18638,361,332,230
9293,18640,354,338,243
9294,18642,345,340,248
9295,18644,358,343,251
9296,18646,360,350,258
9297,18648,344,356,270
9298,18650,352,359,270
9299,18652,361,364,276
9300,18654,354,368,284
9301,18656,362,371,294
9302,18658,374,374,309
9303,18660,393,375,305
9304,18662,370,375,310
9305,18664,363,374,311
9306,18666,390,375,309
9307,18668,363,374,312
9308,18670,347,371,305
9309,18672,362,369,309
9310,18674,337,366,311
9311,18676,382,364,311
9312,18678,373,362,307
9313,18680,398,358,307
9314,18682,403,359,307
9315,18684,382,358,303
9316,18686,380,357,301
9317,18688,355,358,301
9318,18690,378,358,305
9319,18692,385,358,306
9320,18694,388,358,310
9321,18696,371,359,313
9322,18698,381,361,313
9323,18700,392,364,313
9324,18702,399,370,311
9325,18704,359,372,314
9326,18706,365,375,315
9327,18708,319,374,315
9328,18710,309,379,318
9329,18712,335,380,318
9330,18714,392,382,330
9331,18716,374,381,329
9332,18718,375,380,322
9333,18720,348,377,325
9334,18722,326,374,321
9335,18724,281,369,325
9336,18726,281,360,324
9337,18728,252,358,317
9338,18730,260,354,308
9339,18732,253,349,305
9340,18734,245,345,291
9341,18736,222,338,286
9342,18738,173,330,278
9343,18740,190,322,261
9344,18742,178,313,234
9345,18744,120,308,214
9346,18746,107,297,182
9347,18748,101,291,174
9348,18750,165,285,155
9349,18752,152,275,128
9350,18754,101,271,90
9351,18756,93,268,90
9352,18758,86,263,90
9353,18760,122,260,90
9354,18762,118,258,91
9355,18764,98,256,90
9356,18766,91,255,90
9357,18768,64,254,90
9358,18770,70,253,90
9359,18772,90,256,90
9360,18774,96,257,90
9361,18776,102,261,90
9362,18778,152,265,92
9363,18780,191,269,91
9364,18782,175,274,90
9365,18784,167,280,91
9366,18786,171,290,91
9367,18788,139,301,92
9368,18790,201,307,92
9369,18792,239,313,93
9370,18794,288,320,93
9371,18796,302,324,93
9372,18798,307,332,128
9373,18800,318,339,148
9374,18802,332,348,182
9375,18804,319,358,208
9376,18806,333,364,259
9377,18808,316,371,284
9378,18810,332,378,310
9379,18812,358,381,311
9380,18814,345,383,322
9381,18816,359,385,321
9382,18818,368,387,332
9383,18820,387,386,327
9384,18822,436,386,322
9385,18824,353,386,318
9386,18826,354,383,318
9387,18828,357,382,309
9388,18830,352,379,301
9389,18832,366,373,301
9390,18834,380,365,297
9391,18836,411,358,296
9392,18838,398,358,297
9393,18840,424,356,295
9394,18842,440,356,291
9395,18844,419,356,291
9396,18846,415,354,298
9397,18848,399,356,291
9398,18850,405,357,297
9399,18852,423,357,304
9400,18854,416,358,304
9401,18856,420,363,299
9402,18858,348,367,301
9403,18860,391,375,309
9404,18862,390,379,324
9405,18864,361,384,334
9406,18866,356,389,337
9407,18868,324,387,343
9408,18870,293,387,346
9409,18872,333,387,347
9410,18874,325,388,358
9411,18876,351,388,361
9412,18878,340,387,363
9413,18880,342,387,362
9414,18882,303,385,350
9415,18884,269,383,346
9416,18886,261,380,344
9417,18888,262,368,335
9418,18890,258,365,330
9419,18892,259,360,324
9420,18894,248,358,320
9421,18896,200,351,313
9422,18898,181,344,308
9423,18900,204,334,298
9424,18902,206,327,291
9425,18904,184,319,284
9426,18906,150,311,279
9427,18908,123,302,272
9428,18910,140,298,255
9429,18912,157,293,247
9430,18914,140,289,233
9431,18916,147,283,221
9432,18918,145,278,204
9433,18920,173,276,195
9434,18922,165,272,187
9435,18924,153,272,183
9436,18926,148,270,175
9437,18928,116,270,174
9438,18930,155,268,147
9439,18932,134,269,142
9440,18934,138,270,124
9441,18936,141,272,122
9442,18938,147,275,123
9443,18940,186,277,120
9444,18942,183,281,121
9445,18944,153,284,122
9446,18946,189,288,124
9447,18948,202,292,141
9448,18950,246,303,167
9449,18952,245,309,171
9450,18954,208,312,173
9451,18956,201,321,186
9452,18958,215,326,200
9453,18960,264,333,213
9454,18962,286,340,219
9455,18964,278,346,219
9456,18966,275,350,218
9457,18968,272,352,224
9458,18970,254,361,246
9459,18972,310,365,269
9460,18974,333,371,279
9461,18976,317,375,286
9462,18978,341,377,290
9463,18980,361,379,300
9464,18982,383,379,304
9465,18984,332,380,312
9466,18986,380,381,313
9467,18988,306,381,318
9468,18990,347,381,312
9469,18992,376,382,313
9470,18994,371,381,314
9471,18996,374,380,314
9472,18998,344,378,306
9473,19000,362,377,307
9474,19002,363,378,309
9475,19004,346,377,310
9476,19006,345,378,310
9477,19008,306,379,312
9478,19010,325,379,313
9479,19012,350,380,314
9480,19014,352,381,315
9481,19016,340,382,316
9482,19018,387,384,316
9483,19020,408,386,320
9484,19022,367,387,317
9485,19024,361,387,318
9486,19026,331,388,323
9487,19028,287,387,324
9488,19030,316,388,326
9489,19032,324,386,324
9490,19034,303,386,321
9491,19036,309,385,320
9492,19038,285,385,322
9493,19040,310,382,314
9494,19042,299,376,308
9495,19044,284,367,306
9496,19046,293,363,299
9497,19048,266,360,290
9498,19050,275,356,286
9499,19052,274,353,277
9500,19054,241,349,266
9501,19056,229,345,249
9502,19058,227,339,225
9503,19060,247,331,206
9504,19062,240,324,193
9505,19064,200,317,178
9506,19066,199,313,175
9507,19068,157,310,143
9508,19070,174,307,115
9509,19072,180,299,92
9510,19074,194,295,91
9511,19076,196,292,92
9512,19078,194,291,93
9513,19080,224,292,92
9514,19082,231,292,93
9515,19084,236,292,93
9516,19086,227,293,92
9517,19088,206,294,92
9518,19090,209,297,92
9519,19092,223,306,92
9520,19094,220,309,93
9521,19096,218,313,92
9522,19098,250,315,94
9523,19100,275,321,93
9524,19102,305,325,93
9525,19104,290,330,93
9526,19106,280,336,94
9527,19108,312,342,125
9528,19110,317,346,146
9529,19112,347,353,172
9530,19114,341,360,179
9531,19116,330,365,184
9532,19118,312,371,206
9533,19120,347,376,233
9534,19122,347,380,261
9535,19124,363,381,272
9536,19126,392,381,281
9537,19128,369,382,288
9538,19130,368,381,291
9539,19132,400,381,292
9540,19134,391,378,290
9541,19136,379,373,291
9542,19138,383,362,283
9543,19140,404,358,291
9544,19142,387,357,287
9545,19144,411,357,281
9546,19146,371,355,277
9547,19148,405,355,276
9548,19150,378,354,275
9549,19152,398,353,281
9550,19154,383,353,279
9551,19156,391,353,277
9552,19158,410,354,278
9553,19160,435,355,280
9554,19162,423,353,275
9555,19164,406,356,277
9556,19166,394,356,282
9557,19168,357,356,290
9558,19170,369,357,295
9559,19172,363,360,303
9560,19174,393,358,304
9561,19176,365,357,311
9562,19178,365,361,315
9563,19180,389,369,320
9564,19182,376,373,323
9565,19184,373,378,330
9566,19186,354,377,332
9567,19188,309,378,329
9568,19190,282,378,324
9569,19192,312,379,324
9570,19194,279,377,316
9571,19196,280,374,316
9572,19198,274,370,313
9573,19200,309,367,323
9574,19202,285,358,318
9575,19204,275,353,311
9576,19206,218,353,307
9577,19208,195,349,296
9578,19210,193,345,290
9579,19212,211,343,286
9580,19214,151,340,280
9581,19216,160,335,275
9582,19218,155,332,269
9583,19220,183,327,257
9584,19222,177,322,252
9585,19224,160,320,246
9586,19226,146,318,236
9587,19228,116,315,230
9588,19230,128,314,207
9589,19232,112,314,201
9590,19234,139,314,194
9591,19236,144,315,196
9592,19238,141,316,188
9593,19240,176,317,188
9594,19242,202,320,187
9595,19244,183,321,186
9596,19246,178,323,186
9597,19248,170,325,186
9598,19250,195,328,192
9599,19252,246,334,193
9600,19254,227,335,208
9601,19256,234,341,226
9602,19258,298,342,241
9603,19260,327,345,244
9604,19262,334,347,250
9605,19264,328,355,256
9606,19266,328,360,267
9607,19268,306,362,273
9608,19270,330,366,277
9609,19272,359,370,284
9610,19274,360,371,292
9611,19276,369,374,296
9612,19278,347,375,294
9613,19280,367,378,303
9614,19282,389,379,310
9615,19284,368,379,308
9616,19286,359,377,316
9617,19288,354,377,318
9618,19290,352,374,312
9619,19292,358,373,312
9620,19294,354,366,310
9621,19296,376,365,308
9622,19298,373,363,304
9623,19300,400,364,304
9624,19302,408,360,303
9625,19304,406,360,305
9626,19306,396,358,301
9627,19308,376,358,302
9628,19310,370,359,301
9629,19312,394,358,301
9630,19314,403,359,304
9631,19316,382,358,306
9632,19318,412,359,305
9633,19320,425,362,309
9634,19322,417,364,313
9635,19324,398,365,310
9636,19326,364,367,311
9637,19328,362,372,313
9638,19330,385,376,314
9639,19332,394,379,314
9640,19334,370,379,320
9641,19336,382,381,321
9642,19338,359,382,323
9643,19340,397,384,326
9644,19342,356,383,326
9645,19344,334,383,323
9646,19346,276,384,321
9647,19348,306,382,323
9648,19350,304,380,319
9649,19352,289,378,318
9650,19354,278,374,316
9651,19356,311,369,318
9652,19358,309,362,314
9653,19360,323,361,305
9654,19362,315,358,294
9655,19364,246,354,288
9656,19366,234,349,278
9657,19368,220,346,273
9658,19370,247,341,260
9659,19372,240,338,250
9660,19374,213,331,216
9661,19376,234,328,190
9662,19378,215,323,184
9663,19380,244,321,165
9664,19382,245,317,155
9665,19384,226,314,141
9666,19386,202,314,114
9667,19388,190,313,92
9668,19390,190,311,91
9669,19392,148,312,93
9670,19394,158,312,93
9671,19396,168,312,93
9672,19398,167,314,93
9673,19400,214,315,93
9674,19402,237,316,92
9675,19404,185,319,93
9676,19406,186,322,94
9677,19408,181,325,93
9678,19410,209,330,120
9679,19412,218,335,147
9680,19414,237,337,156
9681,19416,251,343,160
9682,19418,277,345,176
9683,19420,326,349,181
9684,19422,322,357,191
9685,19424,307,360,203
9686,19426,295,363,238
9687,19428,296,368,249
9688,19430,334,372,261
9689,19432,366,375,271
9690,19434,328,377,279
9691,19436,354,377,290
9692,19438,334,378,296
9693,19440,380,377,303
9694,19442,378,375,305
9695,19444,352,370,304
9696,19446,368,371,305
9697,19448,329,370,306
9698,19450,327,368,302
9699,19452,390,363,304
9700,19454,376,359,301
9701,19456,401,357,292
9702,19458,390,355,290
9703,19460,393,355,287
9704,19462,409,353,287
9705,19464,415,352,287
9706,19466,409,352,282
9707,19468,406,352,282
9708,19470,407,352,283
9709,19472,421,351,284
9710,19474,424,351,286
9711,19476,415,352,287
9712,19478,409,352,293
9713,19480,440,352,296
9714,19482,448,353,291
9715,19484,419,354,291
9716,19486,397,355,299
9717,19488,394,357,303
9718,19490,363,356,307
9719,19492,355,357,313
9720,19494,369,360,316
9721,19496,384,364,319
9722,19498,376,369,320
9723,19500,387,371,322
9724,19502,369,375,323
9725,19504,324,375,329
9726,19506,375,375,329
9727,19508,265,376,330
9728,19510,299,377,328
9729,19512,303,374,326
9730,19514,284,372,326
9731,19516,287,372,320
9732,19518,273,367,316
9733,19520,305,364,316
9734,19522,284,356,321
9735,19524,260,356,317
9736,19526,181,352,313
9737,19528,142,348,307
9738,19530,229,346,301
9739,19532,200,343,293
9740,19534,147,338,284
9741,19536,154,333,281
9742,19538,139,331,275
9743,19540,176,325,261
9744,19542,167,322,262
9745,19544,136,319,249
9746,19546,137,317,242
9747,19548,123,315,234
9748,19550,124,314,207
9749,19552,133,313,198
9750,19554,138,312,193
9751,19556,130,312,187
9752,19558,132,313,185
9753,19560,160,313,184
9754,19562,193,313,182
9755,19564,165,314,168
9756,19566,169,317,168
9757,19568,147,318,171
9758,19570,159,320,183
9759,19572,209,321,181
9760,19574,220,325,183
9761,19576,240,331,193
9762,19578,232,333,205
9763,19580,259,336,213
9764,19582,266,340,222
9765,19584,247,343,236
9766,19586,302,346,245
9767,19588,286,350,253
9768,19590,316,352,259
9769,19592,356,360,263
9770,19594,363,364,274
9771,19596,330,367,282
9772,19598,358,369,284
9773,19600,371,372,292
9774,19602,389,374,300
9775,19604,376,372,300
9776,19606,364,369,301
9777,19608,354,367,306
9778,19610,341,362,304
9779,19612,363,358,305
9780,19614,371,357,302
9781,19616,367,357,303
9782,19618,393,357,295
9783,19620,418,356,300
9784,19622,386,357,298
9785,19624,394,355,292
9786,19626,396,354,289
9787,19628,392,352,286
9788,19630,376,353,281
9789,19632,389,353,279
9790,19634,402,353,272
9791,19636,409,354,274
9792,19638,403,354,276
9793,19640,435,354,278
9794,19642,430,355,279
9795,19644,416,356,285
9796,19646,394,356,285
9797,19648,375,357,292
9798,19650,388,358,301
9799,19652,397,359,303
9800,19654,373,359,307
9801,19656,373,360,310
9802,19658,358,361,310
9803,19660,388,359,318
9804,19662,386,360,322
9805,19664,389,362,320
9806,19666,392,369,325
9807,19668,334,372,323
9808,19670,340,376,324
9809,19672,364,377,330
9810,19674,362,379,328
9811,19676,359,378,329
9812,19678,349,378,328
9813,19680,294,378,326
9814,19682,317,377,324
9815,19684,305,373,322
9816,19686,258,371,317
9817,19688,248,368,316
9818,19690,251,360,324
9819,19692,284,358,325
9820,19694,255,357,324
9821,19696,194,355,324
9822,19698,197,353,320
9823,19700,219,351,317
9824,19702,205,348,314
9825,19704,188,347,304
9826,19706,150,346,304
9827,19708,122,346,301
9828,19710,150,343,300
9829,19712,165,342,300
9830,19714,173,341,301
9831,19716,192,341,297
9832,19718,185,340,296
9833,19720,200,341,297
9834,19722,196,342,297
9835,19724,215,342,297
9836,19726,179,343,298
9837,19728,191,346,297
9838,19730,218,347,298
9839,19732,247,348,300
9840,19734,249,349,300
9841,19736,262,353,302
9842,19738,317,354,301
9843,19740,339,356,301
9844,19742,323,358,303
9845,19744,319,359,305
9846,19746,290,363,307
9847,19748,312,369,305
9848,19750,323,372,306
9849,19752,327,374,304
9850,19754,320,377,308
9851,19756,327,378,306
9852,19758,321,379,306
9853,19760,366,379,308
9854,19762,394,379,303
9855,19764,356,379,296
9856,19766,322,376,291
9857,19768,353,376,288
9858,19770,336,372,288
9859,19772,377,361,289
9860,19774,370,358,293
9861,19776,351,358,290
9862,19778,374,358,287
9863,19780,390,358,279
9864,19782,385,358,273
9865,19784,383,356,271
9866,19786,371,356,266
9867,19788,346,356,262
9868,19790,391,356,264
9869,19792,391,358,262
9870,19794,375,356,265
9871,19796,396,356,266
9872,19798,405,357,270
9873,19800,435,357,275
9874,19802,432,357,278
9875,19804,408,358,280
9876,19806,365,358,285
9877,19808,371,358,283
9878,19810,369,359,287
9879,19812,374,358,293
9880,19814,356,359,303
9881,19816,360,364,304
9882,19818,396,368,310
9883,19820,417,375,316
9884,19822,427,378,317
9885,19824,363,379,318
9886,19826,330,381,317
9887,19828,319,382,316
9888,19830,377,383,315
9889,19832,377,380,316
9890,19834,328,380,313
9891,19836,286,379,322
9892,19838,280,376,323
9893,19840,296,374,321
9894,19842,309,366,319
9895,19844,292,366,314
9896,19846,276,361,310
9897,19848,219,360,305
9898,19850,257,359,299
9899,19852,216,358,296
9900,19854,187,355,293
9901,19856,213,352,294
9902,19858,181,348,281
9903,19860,244,348,277
9904,19862,157,343,273
9905,19864,140,341,263
9906,19866,117,340,259
9907,19868,98,338,254
9908,19870,124,337,244
9909,19872,135,336,241
9910,19874,145,334,240
9911,19876,129,334,234
9912,19878,128,336,228
9913,19880,173,333,229
9914,19882,213,335,224
9915,19884,196,336,220
9916,19886,177,337,223
9917,19888,190,340,226
9918,19890,217,342,232
9919,19892,214,345,235
9920,19894,215,346,239
9921,19896,229,348,246
9922,19898,272,352,258
9923,19900,272,356,261
9924,19902,301,357,268
9925,19904,299,363,270
9926,19906,301,367,269
9927,19908,341,371,277
9928,19910,339,374,281
9929,19912,351,378,284
9930,19914,365,379,287
9931,19916,325,381,291
9932,19918,317,380,294
9933,19920,365,381,300
9934,19922,392,383,303
9935,19924,358,382,297
9936,19926,364,382,300
9937,19928,343,381,296
9938,19930,363,376,294
9939,19932,361,366,298
9940,19934,396,359,295
9941,19936,386,361,299
9942,19938,415,363,297
9943,19940,404,360,290
9944,19942,425,357,289
9945,19944,393,356,282
9946,19946,371,355,276
9947,19948,374,354,273
9948,19950,382,353,271
9949,19952,400,351,267
9950,19954,394,352,267
9951,19956,399,352,269
9952,19958,405,352,269
9953,19960,421,353,274
9954,19962,414,354,274
9955,19964,391,354,279
9956,19966,362,355,281
9957,19968,353,356,286
9958,19970,374,354,289
9959,19972,375,357,299
9960,19974,357,358,304
9961,19976,386,359,308
9962,19978,361,362,310
9963,19980,394,366,313
9964,19982,385,371,311
9965,19984,361,376,313
9966,19986,385,378,313
9967,19988,368,381,317
9968,19990,323,380,321
9969,19992,295,382,322
9970,19994,325,380,328
9971,19996,310,380,324
9972,19998,278,379,321
9973,20000,303,375,319
9974,20002,299,372,317
9975,20004,273,363,314
9976,20006,247,360,306
9977,20008,253,360,302
9978,20010,217,358,299
9979,20012,223,356,297
9980,20014,218,354,295
9981,20016,214,349,287
9982,20018,172,347,278
9983,20020,185,345,275
9984,20022,202,341,264
9985,20024,157,339,265
9986,20026,133,337,252
9987,20028,132,335,249
9988,20030,159,332,235
9989,20032,151,331,217
9990,20034,150,330,201
9991,20036,133,328,202
9992,20038,144,327,191
9993,20040,167,327,189
9994,20042,160,328,185
9995,20044,145,330,186
9996,20046,122,331,187
9997,20048,151,334,190
9998,20050,206,335,188
9999,20052,254,337,189
10000,20054,253,341,195
10001,20056,235,344,198
10002,20058,247,346,212
10003,20060,297,348,223
10004,20062,288,350,239
10005,20064,275,354,241
10006,20066,259,356,249
10007,20068,300,360,259
10008,20070,326,365,267
10009,20072,344,368,267
10010,20074,319,370,273
10011,20076,343,373,275
10012,20078,337,374,282
10013,20080,361,377,284
10014,20082,377,377,288
10015,20084,350,378,293
10016,20086,326,378,298
10017,20088,343,378,299
10018,20090,375,377,303
10019,20092,390,372,305
10020,20094,390,369,302
10021,20096,380,369,306
10022,20098,378,366,307
10023,20100,399,362,306
10024,20102,397,361,308
10025,20104,368,360,301
10026,20106,403,359,302
10027,20108,392,358,304
10028,20110,407,358,302
10029,20112,405,357,302
10030,20114,411,357,303
10031,20116,397,356,304
10032,20118,390,357,304
10033,20120,424,358,307
10034,20122,418,358,309
10035,20124,387,357,308
10036,20126,387,357,312
10037,20128,372,358,312
10038,20130,400,358,315
10039,20132,395,358,320
10040,20134,398,358,319
10041,20136,369,362,317
10042,20138,371,364,320
10043,20140,414,365,319
10044,20142,376,370,320
10045,20144,335,374,326
10046,20146,327,376,320
10047,20148,309,375,324
10048,20150,306,374,323
10049,20152,287,372,322
10050,20154,274,370,320
10051,20156,268,368,316
10052,20158,269,364,314
10053,20160,292,357,316
10054,20162,280,356,315
10055,20164,258,353,305
10056,20166,153,349,299
10057,20168,146,346,291
10058,20170,158,342,289
10059,20172,139,337,276
10060,20174,139,334,263
10061,20176,135,326,254
10062,20178,137,320,237
10063,20180,166,315,208
10064,20182,124,311,187
10065,20184,102,307,164
10066,20186,75,301,157
10067,20188,72,299,137
10068,20190,96,297,113
10069,20192,91,295,91
10070,20194,98,295,91
10071,20196,94,293,91
10072,20198,96,292,91
10073,20200,130,292,92
10074,20202,118,292,91
10075,20204,104,293,91
10076,20206,76,295,91
10077,20208,118,296,92
10078,20210,142,299,91
10079,20212,157,301,91
10080,20214,205,304,91
10081,20216,215,310,92
10082,20218,229,314,92
10083,20220,316,319,92
10084,20222,292,326,113
10085,20224,314,331,124
10086,20226,326,335,155
10087,20228,324,338,173
10088,20230,349,346,176
10089,20232,356,352,187
10090,20234,347,357,203
10091,20236,344,362,227
10092,20238,356,366,243
10093,20240,390,369,258
10094,20242,387,372,268
10095,20244,391,371,281
10096,20246,394,371,281
10097,20248,377,365,289
10098,20250,407,366,298
10099,20252,392,366,300
10100,20254,396,367,299
10101,20256,371,360,298
10102,20258,369,360,290
10103,20260,392,359,290
10104,20262,403,357,278
10105,20264,413,355,276
10106,20266,389,353,272
10107,20268,379,352,268
10108,20270,404,352,271
10109,20272,413,351,268
10110,20274,419,351,269
10111,20276,412,351,269
10112,20278,421,352,270
10113,20280,444,353,271
10114,20282,437,353,276
10115,20284,413,353,277
10116,20286,402,355,281
10117,20288,396,356,291
10118,20290,412,358,290
10119,20292,402,359,308
10120,20294,372,360,315
10121,20296,373,359,318
10122,20298,386,360,325
10123,20300,430,365,324
10124,20302,377,371,321
10125,20304,387,376,325
10126,20306,358,378,320
10127,20308,341,379,315
10128,20310,343,380,323
10129,20312,341,379,323
10130,20314,285,377,324
10131,20316,289,375,322
10132,20318,305,372,317
10133,20320,320,367,314
10134,20322,307,359,304
10135,20324,269,359,296
10136,20326,232,354,292
10137,20328,251,347,281
10138,20330,294,343,271
10139,20332,247,337,264
10140,20334,274,332,256
10141,20336,269,326,247
10142,20338,255,320,227
10143,20340,270,316,211
10144,20342,260,312,190
10145,20344,243,310,183
10146,20346,165,305,174
10147,20348,192,304,156
10148,20350,233,304,153
10149,20352,216,303,153
10150,20354,218,303,149
10151,20356,193,303,137
10152,20358,258,306,127
10153,20360,255,309,120
10154,20362,239,310,121
10155,20364,270,313,122
10156,20366,253,316,136
10157,20368,266,320,145
10158,20370,327,323,149
10159,20372,341,326,164
10160,20374,311,331,169
10161,20376,337,335,178
10162,20378,346,340,196
10163,20380,387,346,208
10164,20382,368,348,213
10165,20384,373,349,215
10166,20386,375,357,216
10167,20388,383,362,219
10168,20390,359,368,238
10169,20392,353,369,247
10170,20394,399,371,259
10171,20396,377,365,262
10172,20398,378,365,272
10173,20400,391,355,277
10174,20402,389,354,281
10175,20404,413,355,280
10176,20406,394,356,277
10177,20408,369,355,276
10178,20410,407,355,272
10179,20412,379,353,275
10180,20414,405,352,268
10181,20416,420,349,267
10182,20418,434,347,266
10183,20420,462,345,266
10184,20422,447,344,262
10185,20424,435,344,264
10186,20426,402,345,260
10187,20428,402,344,254
10188,20430,428,345,256
10189,20432,422,344,258
10190,20434,422,346,260
10191,20436,434,351,260
10192,20438,428,351,270
10193,20440,451,350,266
10194,20442,428,354,274
10195,20444,400,356,282
10196,20446,381,357,294
10197,20448,371,360,298
10198,20450,417,360,306
10199,20452,402,359,315
10200,20454,358,363,318
10201,20456,368,367,319
10202,20458,385,375,324
10203,20460,398,378,315
10204,20462,387,380,322
10205,20464,370,381,323
10206,20466,363,382,322
10207,20468,363,381,321
10208,20470,345,380,319
10209,20472,318,379,318
10210,20474,298,376,312
10211,20476,284,372,311
10212,20478,292,363,307
10213,20480,298,360,300
10214,20482,279,360,295
10215,20484,263,359,293
10216,20486,193,356,287
10217,20488,205,355,281
10218,20490,227,348,272
10219,20492,226,346,269
10220,20494,222,342,259
10221,20496,216,340,248
10222,20498,216,338,241
10223,20500,246,337,235
10224,20502,236,336,203
10225,20504,168,333,200
10226,20506,134,333,192
10227,20508,108,333,190
10228,20510,157,333,190
10229,20512,165,334,190
10230,20514,168,336,188
10231,20516,160,337,189
10232,20518,166,342,190
10233,20520,210,345,195
10234,20522,192,348,201
10235,20524,262,349,212
10236,20526,264,353,217
10237,20528,223,356,234
10238,20530,322,362,245
10239,20532,329,366,262
10240,20534,321,370,274
10241,20536,322,374,280
10242,20538,344,378,287
10243,20540,390,381,291
10244,20542,377,384,298
10245,20544,367,385,301
10246,20546,341,388,307
10247,20548,357,389,312
10248,20550,400,390,316
10249,20552,390,390,319
10250,20554,373,391,321
10251,20556,410,392,322
10252,20558,396,391,324
10253,20560,419,390,334
10254,20562,381,387,329
10255,20564,383,385,330
10256,20566,396,384,332
10257,20568,349,377,330
10258,20570,383,374,334
10259,20572,361,365,330
10260,20574,364,362,322
10261,20576,417,360,321
10262,20578,380,360,315
10263,20580,415,361,315
10264,20582,400,361,316
10265,20584,399,364,316
10266,20586,383,365,324
10267,20588,374,368,327
10268,20590,420,371,328
10269,20592,386,377,331
10270,20594,392,381,335
10271,20596,370,383,339
10272,20598,401,387,337
10273,20600,417,387,337
10274,20602,396,388,342
10275,20604,408,387,343
10276,20606,366,388,347
10277,20608,336,386,349
10278,20610,362,387,350
10279,20612,327,387,349
10280,20614,355,386,341
10281,20616,357,384,340
10282,20618,351,383,337
10283,20620,337,380,333
10284,20622,286,377,333
10285,20624,273,366,326
10286,20626,256,364,324
10287,20628,261,362,318
10288,20630,232,360,308
10289,20632,210,357,307
10290,20634,226,353,303
10291,20636,217,344,297
10292,20638,216,341,289
10293,20640,255,335,277
10294,20642,231,330,266
10295,20644,210,326,254
10296,20646,103,324,244
10297,20648,111,320,241
10298,20650,152,318,226
10299,20652,138,318,212
10300,20654,138,317,192
10301,20656,139,317,192
10302,20658,147,317,184
10303,20660,180,318,184
10304,20662,173,318,183
10305,20664,231,319,179
10306,20666,205,321,180
10307,20668,189,324,183
10308,20670,205,327,182
10309,20672,244,332,193
10310,20674,245,338,194
10311,20676,261,340,212
10312,20678,269,346,212
10313,20680,307,351,224
10314,20682,310,354,226
10315,20684,313,357,246
10316,20686,313,360,254
10317,20688,311,361,271
10318,20690,317,365,280
10319,20692,328,374,290
10320,20694,356,377,292
10321,20696,345,380,301
10322,20698,334,382,299
10323,20700,378,384,312
10324,20702,379,386,313
10325,20704,377,386,316
10326,20706,352,387,313
10327,20708,357,387,318
10328,20710,382,388,326
10329,20712,401,386,324
10330,20714,380,389,326
10331,20716,400,386,326
10332,20718,408,387,323
10333,20720,429,386,325
10334,20722,408,387,321
10335,20724,396,385,322
10336,20726,383,385,324
10337,20728,377,386,321
10338,20730,388,386,325
10339,20732,388,385,328
10340,20734,401,386,327
10341,20736,404,386,328
10342,20738,413,386,332
10343,20740,433,385,332
10344,20742,413,386,330
10345,20744,400,384,329
10346,20746,366,385,331
10347,20748,334,384,330
10348,20750,318,382,329
10349,20752,339,380,328
10350,20754,323,377,326
10351,20756,287,374,324
10352,20758,263,365,322
10353,20760,288,363,320
10354,20762,279,361,313
10355,20764,257,358,309
10356,20766,219,356,306
10357,20768,214,351,297
10358,20770,223,346,286
10359,20772,214,343,277
10360,20774,217,337,265
10361,20776,207,332,250
10362,20778,213,327,236
10363,20780,239,324,228
10364,20782,228,322,206
10365,20784,201,320,191
10366,20786,186,318,187
10367,20788,185,316,185
10368,20790,214,317,177
10369,20792,145,317,179
10370,20794,154,318,178
10371,20796,145,319,178
10372,20798,154,320,173
10373,20800,182,322,180
10374,20802,176,326,178
10375,20804,151,328,179
10376,20806,132,333,188
10377,20808,184,336,192
10378,20810,220,341,204
10379,20812,235,345,212
10380,20814,259,349,212
10381,20816,263,352,223
10382,20818,280,355,242
10383,20820,321,364,246
10384,20822,317,367,259
10385,20824,338,369,266
10386,20826,301,373,273
10387,20828,327,375,288
10388,20830,361,379,291
10389,20832,343,380,298
10390,20834,362,382,303
10391,20836,360,382,311
10392,20838,349,382,318
10393,20840,370,381,315
10394,20842,352,378,313
10395,20844,353,378,314
10396,20846,325,379,317
10397,20848,326,376,321
10398,20850,363,377,326
10399,20852,352,376,330
10400,20854,359,375,324
10401,20856,375,374,323
10402,20858,368,375,316
10403,20860,396,374,316
10404,20862,385,374,316
10405,20864,372,373,316
10406,20866,334,374,316
10407,20868,349,372,314
10408,20870,378,371,315
10409,20872,354,370,316
10410,20874,353,371,314
10411,20876,338,368,313
10412,20878,343,367,312
10413,20880,368,364,313
10414,20882,333,365,311
10415,20884,268,357,310
10416,20886,296,356,298
10417,20888,291,353,296
10418,20890,294,349,295
10419,20892,267,347,279
10420,20894,298,342,262
10421,20896,286,337,251
10422,20898,269,333,231
10423,20900,267,321,209
10424,20902,226,316,195
10425,20904,214,308,180
10426,20906,197,301,171
10427,20908,141,294,152
10428,20910,165,283,141
10429,20912,134,280,109
10430,20914,145,272,104
10431,20916,139,268,90
10432,20918,159,265,88
10433,20920,184,262,90
10434,20922,166,259,90
10435,20924,157,257,89
10436,20926,117,253,89
10437,20928,135,254,89
10438,20930,176,253,89
10439,20932,178,254,88
10440,20934,158,254,89
10441,20936,166,254,88
10442,20938,146,257,89
10443,20940,177,259,89
10444,20942,200,262,88
10445,20944,207,265,90
10446,20946,178,268,90
10447,20948,230,275,90
10448,20950,290,282,92
10449,20952,299,286,90
10450,20954,317,296,91
10451,20956,313,304,91
10452,20958,333,308,91
10453,20960,363,316,91
10454,20962,331,321,92
10455,20964,327,326,92
10456,20966,269,332,92
10457,20968,302,334,91
10458,20970,298,338,93
10459,20972,328,342,120
10460,20974,350,341,147
10461,20976,339,340,155
10462,20978,342,339,157
10463,20980,378,340,170
10464,20982,379,340,174
10465,20984,352,340,184
10466,20986,328,341,182
10467,20988,331,333,183
10468,20990,361,329,181
10469,20992,371,328,188
10470,20994,367,328,195
10471,20996,356,327,198
10472,20998,365,326,197
10473,21000,397,327,197
10474,21002,390,325,199
10475,21004,346,325,197
10476,21006,327,325,198
10477,21008,329,325,198
10478,21010,341,322,200
10479,21012,346,322,202
10480,21014,319,322,202
10481,21016,315,319,200
10482,21018,287,319,183
10483,21020,276,320,183
10484,21022,267,314,178
10485,21024,250,310,168
10486,21026,232,305,143
10487,21028,187,299,137
10488,21030,179,291,126
10489,21032,160,286,91
10490,21034,167,279,89
10491,21036,211,265,89
10492,21038,224,257,89
10493,21040,218,251,88
10494,21042,208,243,88
10495,21044,165,238,88
10496,21046,102,235,88
10497,21048,100,227,90
10498,21050,136,220,87
10499,21052,134,218,87
10500,21054,131,216,88
10501,21056,168,214,87
10502,21058,181,215,87
10503,21060,232,215,88
10504,21062,232,217,87
10505,21064,215,220,86
10506,21066,197,225,88
10507,21068,201,227,87
10508,21070,208,234,87
10509,21072,166,238,87
10510,21074,167,242,88
10511,21076,223,252,88
10512,21078,210,263,89
10513,21080,213,268,89
10514,21082,235,272,89
10515,21084,222,277,89
10516,21086,218,285,89
10517,21088,218,290,89
10518,21090,244,297,90
10519,21092,252,302,112
10520,21094,339,309,146
10521,21096,326,313,155
10522,21098,337,316,176
10523,21100,371,317,185
10524,21102,359,322,202
10525,21104,362,322,223
10526,21106,333,326,230
10527,21108,350,324,235
10528,21110,359,319,246
10529,21112,375,319,251
10530,21114,386,319,250
10531,21116,364,316,245
10532,21118,374,316,243
10533,21120,401,309,245
10534,21122,362,308,244
10535,21124,338,306,247
10536,21126,313,308,246
10537,21128,334,306,247
10538,21130,348,306,249
10539,21132,353,305,250
10540,21134,342,304,250
10541,21136,302,304,251
10542,21138,303,302,252
10543,21140,352,299,252
10544,21142,361,294,253
10545,21144,345,292,254
10546,21146,257,288,247
10547,21148,289,285,240
10548,21150,314,279,231
10549,21152,328,270,221
10550,21154,289,265,207
10551,21156,252,262,208
10552,21158,253,257,199
10553,21160,242,253,198
10554,21162,228,242,169
10555,21164,217,237,154
10556,21166,186,233,130
10557,21168,183,228,118
10558,21170,197,223,87
10559,21172,200,218,88
10560,21174,201,210,87
10561,21176,196,205,86
10562,21178,184,202,87
10563,21180,202,199,86
10564,21182,192,198,86
10565,21184,172,197,87
10566,21186,166,198,86
10567,21188,151,198,86
10568,21190,167,198,87
10569,21192,182,201,86
10570,21194,122,203,87
10571,21196,115,207,87
10572,21198,146,211,88
10573,21200,184,214,87
10574,21202,170,218,87
10575,21204,164,222,87
10576,21206,147,228,87
10577,21208,134,230,87
10578,21210,174,233,88
10579,21212,173,239,88
10580,21214,166,244,89
10581,21216,193,245,88
10582,21218,208,246,87
10583,21220,257,255,89
10584,21222,240,258,109
10585,21224,260,261,122
10586,21226,240,265,125
10587,21228,239,271,133
10588,21230,297,273,145
10589,21232,283,276,157
10590,21234,282,279,183
10591,21236,306,279,195
10592,21238,349,280,194
10593,21240,401,280,198
10594,21242,393,279,197
10595,21244,389,278,202
10596,21246,376,274,202
10597,21248,372,271,201
10598,21250,388,271,201
10599,21252,349,272,202
10600,21254,393,272,202
10601,21256,387,274,212
10602,21258,386,274,214
10603,21260,418,276,217
10604,21262,404,279,224
10605,21264,389,283,229
10606,21266,353,285,232
10607,21268,326,286,235
10608,21270,324,288,242
10609,21272,307,288,245
10610,21274,303,287,243
10611,21276,272,287,240
10612,21278,298,286,245
10613,21280,315,287,240
10614,21282,268,286,227
10615,21284,271,285,225
10616,21286,246,280,229
10617,21288,233,274,223
10618,21290,238,269,219
10619,21292,213,266,212
10620,21294,211,263,208
10621,21296,230,261,198
10622,21298,200,258,197
10623,21300,233,257,199
10624,21302,170,255,194
10625,21304,173,253,174
10626,21306,165,251,173
10627,21308,154,252,172
10628,21310,171,250,173
10629,21312,167,246,171
10630,21314,187,247,151
10631,21316,165,246,148
10632,21318,165,246,148
10633,21320,210,250,148
10634,21322,184,253,148
10635,21324,181,254,151
10636,21326,130,256,154
10637,21328,148,260,162
10638,21330,189,261,171
10639,21332,163,264,174
10640,21334,158,267,177
10641,21336,155,268,194
10642,21338,169,272,208
10643,21340,213,275,223
10644,21342,180,279,234
10645,21344,217,282,239
10646,21346,197,287,250
10647,21348,193,290,254
10648,21350,245,293,261
10649,21352,236,301,270
10650,21354,264,305,275
10651,21356,276,312,288
10652,21358,277,310,292
10653,21360,311,313,294
10654,21362,333,313,297
10655,21364,339,314,299
10656,21366,317,313,301
10657,21368,326,314,306
10658,21370,349,314,309
10659,21372,360,314,308
10660,21374,381,310,312
10661,21376,392,310,311
10662,21378,390,308,312
10663,21380,406,309,314
10664,21382,385,304,313
10665,21384,370,304,319
10666,21386,370,302,317
10667,21388,374,305,317
10668,21390,396,304,310
10669,21392,390,305,312
10670,21394,382,304,313
10671,21396,360,307,318
10672,21398,310,307,319
10673,21400,350,308,318
10674,21402,316,308,319
10675,21404,263,309,319
10676,21406,263,308,319
10677,21408,265,301,318
10678,21410,304,301,320
10679,21412,289,298,318
10680,21414,275,296,318
10681,21416,266,293,316
10682,21418,233,288,314
10683,21420,298,286,313
10684,21422,251,280,311
10685,21424,182,276,307
10686,21426,156,272,303
10687,21428,150,267,293
10688,21430,168,262,291
10689,21432,139,258,286
10690,21434,152,253,282
10691,21436,149,249,271
10692,21438,147,245,268
10693,21440,172,239,266
10694,21442,153,227,263
10695,21444,134,222,262
10696,21446,121,217,257
10697,21448,132,215,250
10698,21450,138,213,247
10699,21452,150,212,246
10700,21454,156,210,242
10701,21456,165,210,239
10702,21458,166,210,232
10703,21460,193,210,231
10704,21462,160,210,232
10705,21464,127,211,235
10706,21466,113,213,234
10707,21468,115,217,236
10708,21470,132,220,235
10709,21472,127,222,235
10710,21474,134,227,239
10711,21476,118,236,239
10712,21478,130,245,240
10713,21480,173,251,244
10714,21482,144,255,246
10715,21484,143,260,247
10716,21486,123,264,251
10717,21488,150,268,253
10718,21490,173,272,259
10719,21492,167,276,262
10720,21494,182,279,265
10721,21496,180,284,272
10722,21498,187,290,280
10723,21500,224,296,289
10724,21502,234,300,295
10725,21504,241,307,299
10726,21506,217,311,301
10727,21508,252,313,303
10728,21510,255,296,284
10729,21512,249,299,284
10730,21514,245,301,289
10731,21516,276,302,290
10732,21518,301,305,291
10733,21520,319,305,285
10734,21522,331,305,293
10735,21524,297,307,292
10736,21526,288,308,296
10737,21528,303,308,302
10738,21530,327,309,299
10739,21532,331,309,296
10740,21534,330,310,295
10741,21536,308,310,294
10742,21538,291,310,297
10743,21540,329,312,297
10744,21542,288,311,297
10745,21544,287,311,296
10746,21546,227,310,298
10747,21548,238,307,297
10748,21550,248,306,299
10749,21552,249,301,299
10750,21554,251,296,299
10751,21556,273,295,300
10752,21558,246,293,301
10753,21560,263,292,300
10754,21562,225,289,302
10755,21564,218,287,303
10756,21566,191,283,303
10757,21568,142,278,300
10758,21570,150,270,299
10759,21572,149,269,297
10760,21574,171,262,294
10761,21576,151,255,291
10762,21578,144,248,290
10763,21580,166,243,287
10764,21582,137,241,285
10765,21584,127,238,275
10766,21586,97,232,267
10767,21588,97,227,263
10768,21590,110,225,258
10769,21592,115,221,250
10770,21594,111,219,247
10771,21596,115,217,238
10772,21598,120,215,237
10773,21600,178,213,232
10774,21602,165,213,238
10775,21604,179,214,231
10776,21606,141,213,235
10777,21608,130,214,231
10778,21610,114,215,231
10779,21612,123,217,231
10780,21614,154,218,232
10781,21616,99,222,233
10782,21618,103,224,232
10783,21620,140,227,236
10784,21622,126,230,236
10785,21624,118,239,240
10786,21626,91,240,241
10787,21628,90,242,241
10788,21630,120,247,245
10789,21632,143,252,261
10790,21634,147,259,269
10791,21636,157,266,272
10792,21638,156,270,275
10793,21640,188,276,275
10794,21642,182,283,277
10795,21644,162,288,279
10796,21646,151,290,290
10797,21648,155,293,288
10798,21650,204,295,290
10799,21652,214,297,295
10800,21654,249,299,286
10801,21656,254,304,289
10802,21658,242,310,286
10803,21660,270,313,281
10804,21662,248,316,280
10805,21664,256,318,271
10806,21666,261,318,256
10807,21668,238,319,254
10808,21670,252,319,251
10809,21672,240,319,247
10810,21674,308,319,242
10811,21676,303,318,239
10812,21678,299,319,241
10813,21680,302,319,238
10814,21682,291,318,240
10815,21684,283,319,240
10816,21686,269,318,244
10817,21688,275,319,244
10818,21690,299,317,249
10819,21692,273,318,253
10820,21694,270,317,255
10821,21696,236,317,256
10822,21698,219,312,252
10823,21700,243,305,256
10824,21702,246,304,260
10825,21704,266,303,259
10826,21706,237,299,259
10827,21708,234,299,259
10828,21710,211,298,266
10829,21712,212,296,268
10830,21714,214,290,271
10831,21716,216,287,272
10832,21718,201,283,273
10833,21720,187,277,273
10834,21722,184,273,272
10835,21724,177,265,274
10836,21726,125,257,266
10837,21728,152,251,263
10838,21730,174,248,262
10839,21732,162,237,254
10840,21734,131,236,246
10841,21736,149,233,237
10842,21738,161,232,235
10843,21740,184,230,225
10844,21742,174,227,221
10845,21744,131,224,211
10846,21746,83,218,206
10847,21748,101,215,204
10848,21750,117,214,199
10849,21752,111,212,193
10850,21754,112,210,191
10851,21756,135,210,187
10852,21758,124,210,190
10853,21760,135,211,188
10854,21762,112,211,186
10855,21764,100,212,190
10856,21766,80,212,193
10857,21768,85,216,193
10858,21770,98,217,191
10859,21772,97,224,190
10860,21774,106,227,190
10861,21776,161,230,196
10862,21778,161,234,201
10863,21780,193,235,204
10864,21782,197,236,203
10865,21784,157,247,211
10866,21786,151,253,218
10867,21788,159,259,224
10868,21790,176,270,231
10869,21792,163,276,234
10870,21794,176,283,239
10871,21796,178,284,243
10872,21798,210,290,253
10873,21800,251,294,262
10874,21802,231,296,261
10875,21804,267,297,263
10876,21806,232,301,267
10877,21808,261,304,269
10878,21810,290,305,271
10879,21812,306,307,270
10880,21814,293,310,271
10881,21816,313,309,270
10882,21818,313,311,272
10883,21820,336,316,275
10884,21822,321,316,276
10885,21824,311,316,274
10886,21826,308,317,271
10887,21828,351,318,274
10888,21830,336,315,269
10889,21832,338,318,268
10890,21834,368,317,266
10891,21836,355,317,264
10892,21838,356,317,262
10893,21840,335,316,261
10894,21842,342,317,260
10895,21844,343,315,260
10896,21846,324,316,263
10897,21848,317,314,263
10898,21850,347,314,263
10899,21852,278,310,261
10900,21854,254,310,262
10901,21856,244,306,263
10902,21858,275,302,261
10903,21860,290,300,263
10904,21862,279,299,258
10905,21864,232,298,257
10906,21866,219,296,255
10907,21868,216,293,258
10908,21870,216,291,255
10909,21872,208,288,252
10910,21874,223,284,250
10911,21876,209,282,236
10912,21878,225,279,233
10913,21880,238,270,233
10914,21882,215,267,231
10915,21884,198,263,231
10916,21886,176,259,226
10917,21888,171,253,226
10918,21890,207,249,224
10919,21892,206,245,220
10920,21894,195,243,223
10921,21896,180,241,219
10922,21898,198,239,217
10923,21900,229,237,216
10924,21902,211,235,213
10925,21904,182,236,210
10926,21906,174,235,207
10927,21908,177,234,204
10928,21910,185,235,202
10929,21912,200,235,200
10930,21914,203,235,207
10931,21916,197,235,208
10932,21918,183,237,206
10933,21920,167,237,208
10934,21922,195,239,207
10935,21924,159,239,209
10936,21926,174,241,210
10937,21928,123,246,213
10938,21930,151,249,216
10939,21932,152,252,217
10940,21934,135,257,218
10941,21936,153,263,220
10942,21938,145,267,220
10943,21940,172,270,225
10944,21942,161,278,229
10945,21944,164,283,234
10946,21946,177,286,234
10947,21948,211,290,237
10948,21950,236,292,238
10949,21952,247,293,238
10950,21954,264,295,241
10951,21956,280,296,243
10952,21958,273,298,247
10953,21960,282,298,254
10954,21962,305,299,249
10955,21964,347,303,250
10956,21966,346,305,248
10957,21968,317,305,249
10958,21970,369,307,249
10959,21972,369,304,246
10960,21974,364,306,249
10961,21976,372,305,241
10962,21978,374,302,237
10963,21980,398,297,240
10964,21982,370,297,239
10965,21984,366,295,238
10966,21986,349,296,236
10967,21988,351,296,237
10968,21990,357,296,239
10969,21992,344,296,239
10970,21994,320,297,240
10971,21996,336,296,240
10972,21998,308,296,240
10973,22000,313,295,239
10974,22002,324,294,240
10975,22004,289,293,242
10976,22006,260,293,242
10977,22008,266,291,242
10978,22010,240,290,243
10979,22012,247,287,242
10980,22014,225,287,240
10981,22016,246,284,240
10982,22018,239,278,242
10983,22020,226,275,241
10984,22022,193,270,238
10985,22024,178,266,231
10986,22026,142,262,228
10987,22028,165,257,223
10988,22030,169,254,219
10989,22032,168,251,220
10990,22034,165,248,217
10991,22036,147,246,216
10992,22038,134,245,212
10993,22040,165,244,211
10994,22042,149,244,209
10995,22044,132,241,203
10996,22046,121,233,198
10997,22048,132,232,194
10998,22050,131,231,192
10999,22052,132,231,196
11000,22054,107,231,195
11001,22056,119,232,199
11002,22058,116,237,206
11003,22060,184,238,207
11004,22062,157,242,207
11005,22064,136,242,212
11006,22066,125,242,212
11007,22068,116,243,214
11008,22070,152,247,215
11009,22072,137,249,215
11010,22074,135,252,218
11011,22076,134,256,221
11012,22078,134,263,222
11013,22080,197,267,223
11014,22082,173,271,226
11015,22084,168,274,229
11016,22086,221,279,231
11017,22088,228,283,231
11018,22090,242,285,231
11019,22092,242,289,232
11020,22094,235,290,234
11021,22096,253,291,237
11022,22098,254,293,238
11023,22100,288,294,242
11024,22102,266,293,240
11025,22104,301,294,239
11026,22106,301,295,239
11027,22108,281,295,241
11028,22110,339,295,245
11029,22112,338,295,241
11030,22114,298,294,245
11031,22116,273,292,241
11032,22118,277,292,244
11033,22120,307,291,243
11034,22122,306,291,242
11035,22124,288,291,239
11036,22126,313,290,237
11037,22128,320,289,237
11038,22130,331,290,234
11039,22132,342,291,237
11040,22134,337,290,237
11041,22136,320,290,238
11042,22138,336,291,238
11043,22140,349,290,239
11044,22142,324,290,243
11045,22144,266,290,244
11046,22146,265,292,245
11047,22148,305,288,245
11048,22150,276,288,248
11049,22152,260,287,248
11050,22154,232,285,249
11051,22156,238,284,245
11052,22158,198,280,245
11053,22160,256,273,244
11054,22162,246,270,245
11055,22164,173,268,240
11056,22166,171,266,241
11057,22168,174,259,239
11058,22170,194,254,236
11059,22172,148,250,230
11060,22174,147,248,229
11061,22176,140,243,228
11062,22178,101,240,224
11063,22180,158,238,225
11064,22182,117,238,216
11065,22184,109,235,217
11066,22186,66,224,212
11067,22188,129,222,210
11068,22190,152,220,209
11069,22192,135,219,204
11070,22194,137,217,202
11071,22196,145,215,189
11072,22198,134,216,188
11073,22200,143,215,176
11074,22202,140,215,173
11075,22204,127,214,174
11076,22206,111,214,171
11077,22208,135,217,166
11078,22210,147,219,178
11079,22212,123,221,178
11080,22214,125,223,178
11081,22216,150,233,182
11082,22218,118,238,189
11083,22220,188,240,201
11084,22222,153,243,205
11085,22224,158,244,212
11086,22226,137,250,211
11087,22228,144,254,213
11088,22230,163,259,217
11089,22232,166,264,220
11090,22234,168,269,224
11091,22236,157,273,225
11092,22238,139,279,231
11093,22240,255,281,232
11094,22242,276,286,234
11095,22244,269,287,236
11096,22246,269,290,237
11097,22248,276,291,238
11098,22250,295,292,241
11099,22252,278,293,238
11100,22254,309,295,240
11101,22256,313,299,239
11102,22258,306,303,241
11103,22260,371,304,247
11104,22262,335,304,249
11105,22264,305,304,251
11106,22266,314,305,249
11107,22268,310,304,243
11108,22270,312,303,248
11109,22272,322,300,246
11110,22274,317,300,240
11111,22276,321,299,235
11112,22278,320,297,235
11113,22280,325,297,233
11114,22282,334,294,231
11115,22284,332,293,232
11116,22286,299,293,233
11117,22288,281,293,235
11118,22290,286,293,238
11119,22292,279,292,237
11120,22294,298,292,240
11121,22296,249,293,240
11122,22298,250,292,244
11123,22300,272,291,247
11124,22302,280,289,245
11125,22304,280,288,246
11126,22306,247,285,241
11127,22308,268,281,242
11128,22310,255,276,235
11129,22312,209,271,232
11130,22314,213,268,229
11131,22316,224,265,222
11132,22318,210,260,206
11133,22320,228,256,196
11134,22322,212,252,191
11135,22324,199,248,188
11136,22326,112,245,183
11137,22328,132,243,183
11138,22330,138,240,180
11139,22332,145,238,175
11140,22334,151,235,173
11141,22336,154,229,159
11142,22338,135,227,132
11143,22340,158,226,125
11144,22342,140,225,115
11145,22344,142,224,112
11146,22346,125,223,112
11147,22348,134,223,107
11148,22350,139,222,103
11149,22352,152,223,102
11150,22354,148,224,102
11151,22356,150,224,101
11152,22358,118,226,103
11153,22360,130,227,102
11154,22362,138,229,102
11155,22364,138,230,103
11156,22366,101,230,104
11157,22368,112,238,102
11158,22370,133,241,106
11159,22372,150,243,110
11160,22374,193,246,115
11161,22376,219,251,123
11162,22378,230,256,128
11163,22380,284,263,131
11164,22382,249,268,157
11165,22384,252,271,174
11166,22386,232,278,181
11167,22388,287,283,183
11168,22390,271,286,188
11169,22392,287,290,189
11170,22394,306,292,195
11171,22396,311,294,194
11172,22398,315,294,204
11173,22400,314,296,217
11174,22402,311,298,220
11175,22404,305,297,222
11176,22406,289,297,223
11177,22408,289,298,222
11178,22410,286,296,212
11179,22412,291,295,205
11180,22414,307,294,201
11181,22416,294,294,189
11182,22418,309,294,186
11183,22420,314,293,191
11184,22422,318,293,193
11185,22424,306,293,200
11186,22426,273,291,201
11187,22428,294,292,203
11188,22430,312,293,205
11189,22432,312,292,205
11190,22434,317,293,205
11191,22436,321,293,204
11192,22438,310,292,207
11193,22440,329,293,210
11194,22442,314,293,211
11195,22444,301,293,213
11196,22446,281,294,215
11197,22448,290,294,226
11198,22450,293,294,228
11199,22452,297,294,230
11200,22454,287,293,233
11201,22456,267,288,232
11202,22458,244,288,234
11203,22460,299,286,237
11204,22462,275,285,231
11205,22464,218,283,228
11206,22466,198,278,223
11207,22468,192,275,221
11208,22470,211,271,214
11209,22472,183,262,211
11210,22474,159,257,205
11211,22476,129,252,195
11212,22478,132,248,193
11213,22480,157,241,188
11214,22482,134,233,186
11215,22484,129,232,178
11216,22486,103,230,174
11217,22488,111,222,144
11218,22490,78,219,121
11219,22492,81,214,114
11220,22494,74,210,100
11221,22496,117,208,91
11222,22498,103,207,90
11223,22500,129,205,84
11224,22502,80,203,62
11225,22504,74,201,62
11226,22506,44,199,61
11227,22508,60,200,62
11228,22510,74,200,62
11229,22512,69,200,62
11230,22514,82,203,63
11231,22516,76,204,63
11232,22518,127,208,63
11233,22520,148,207,63
11234,22522,139,212,63
11235,22524,149,215,61
11236,22526,185,219,63
11237,22528,226,225,64
11238,22530,222,228,64
11239,22532,223,238,84
11240,22534,234,242,88
11241,22536,227,246,94
11242,22538,234,251,95
11243,22540,260,258,106
11244,22542,270,266,119
11245,22544,252,269,157
11246,22546,253,276,175
11247,22548,257,280,187
11248,22550,223,283,191
11249,22552,296,286,194
11250,22554,273,291,202
11251,22556,261,292,203
11252,22558,272,293,201
11253,22560,293,295,208
11254,22562,302,295,205
11255,22564,281,297,219
11256,22566,273,297,216
11257,22568,290,298,226
11258,22570,304,297,224
11259,22572,323,296,227
11260,22574,343,296,227
11261,22576,342,295,230
11262,22578,358,295,226
11263,22580,372,293,221
11264,22582,335,295,220
11265,22584,328,294,218
11266,22586,328,294,219
11267,22588,352,294,221
11268,22590,354,295,224
11269,22592,361,294,228
11270,22594,367,295,229
11271,22596,342,294,233
11272,22598,332,296,233
11273,22600,336,295,236
11274,22602,347,296,239
11275,22604,316,293,235
11276,22606,238,290,235
11277,22608,221,287,235
11278,22610,237,287,237
11279,22612,234,286,237
11280,22614,237,281,233
11281,22616,196,278,230
11282,22618,199,276,225
11283,22620,213,268,221
11284,22622,128,262,217
11285,22624,126,257,217
11286,22626,122,253,203
11287,22628,131,248,194
11288,22630,140,246,195
11289,22632,140,240,189
11290,22634,123,234,185
11291,22636,120,232,179
11292,22638,118,230,171
11293,22640,134,225,145
11294,22642,138,220,141
11295,22644,123,219,110
11296,22646,94,216,107
11297,22648,99,213,105
11298,22650,119,214,103
11299,22652,118,213,100
11300,22654,122,212,97
11301,22656,113,214,87
11302,22658,196,214,87
11303,22660,157,215,87
11304,22662,146,219,88
11305,22664,143,220,89
11306,22666,88,221,89
11307,22668,105,227,92
11308,22670,96,230,100
11309,22672,132,234,102
11310,22674,91,242,106
11311,22676,103,244,109
11312,22678,125,249,110
11313,22680,167,252,136
11314,22682,135,258,146
11315,22684,138,265,168
11316,22686,136,269,173
11317,22688,146,275,185
11318,22690,208,279,189
11319,22692,216,285,192
11320,22694,233,287,197
11321,22696,286,288,196
11322,22698,293,291,203
11323,22700,319,291,206
11324,22702,328,291,210
11325,22704,314,292,210
11326,22706,289,294,221
11327,22708,337,292,221
11328,22710,343,291,221
11329,22712,358,289,226
11330,22714,338,287,224
11331,22716,370,284,229
11332,22718,376,281,232
11333,22720,405,277,232
11334,22722,355,275,236
11335,22724,345,274,234
11336,22726,321,274,234
11337,22728,329,273,235
11338,22730,373,272,235
11339,22732,370,274,238
11340,22734,376,273,236
11341,22736,370,274,238
11342,22738,374,275,239
11343,22740,386,276,244
11344,22742,369,277,241
11345,22744,364,278,244
11346,22746,318,281,245
11347,22748,326,281,247
11348,22750,330,281,246
11349,22752,348,281,252
11350,22754,351,281,250
11351,22756,312,280,250
11352,22758,309,277,255
11353,22760,328,276,250
11354,22762,314,272,248
11355,22764,305,270,249
11356,22766,269,266,243
11357,22768,245,261,241
11358,22770,252,259,240
11359,22772,216,254,236
11360,22774,242,253,237
11361,22776,174,249,233
11362,22778,189,246,232
11363,22780,161,245,228
11364,22782,134,243,224
11365,22784,122,242,215
11366,22786,94,241,213
11367,22788,109,239,206
11368,22790,119,237,190
11369,22792,120,234,173
11370,22794,132,235,157
11371,22796,110,234,158
11372,22798,116,234,149
11373,22800,141,233,133
11374,22802,123,235,131
11375,22804,119,235,127
11376,22806,100,236,124
11377,22808,101,237,121
11378,22810,123,240,123
11379,22812,122,240,124
11380,22814,124,240,124
11381,22816,126,243,124
11382,22818,209,245,127
11383,22820,212,246,125
11384,22822,221,251,133
11385,22824,227,252,135
11386,22826,183,256,151
11387,22828,233,260,155
11388,22830,244,264,173
11389,22832,256,270,184
11390,22834,210,275,196
11391,22836,207,277,212
11392,22838,210,279,222
11393,22840,284,287,232
11394,22842,267,290,238
11395,22844,279,292,242
11396,22846,330,293,247
11397,22848,284,294,255
11398,22850,289,295,264
11399,22852,315,294,269
11400,22854,294,293,271
11401,22856,296,291,272
11402,22858,313,289,272
11403,22860,347,285,275
11404,22862,339,284,275
11405,22864,348,279,277
11406,22866,291,272,270
11407,22868,310,271,270
11408,22870,357,270,266
11409,22872,327,270,270
11410,22874,325,271,271
11411,22876,335,270,268
11412,22878,356,271,267
11413,22880,360,272,267
11414,22882,343,272,270
11415,22884,333,275,269
11416,22886,292,276,269
11417,22888,296,281,271
11418,22890,287,284,275
11419,22892,329,286,280
11420,22894,294,288,282
11421,22896,333,289,289
11422,22898,298,290,294
11423,22900,337,291,296
11424,22902,317,290,299
11425,22904,298,290,300
11426,22906,245,287,303
11427,22908,256,287,305
11428,22910,277,283,308
11429,22912,320,282,310
11430,22914,300,277,318
11431,22916,297,271,323
11432,22918,286,267,322
11433,22920,297,264,320
11434,22922,228,260,318
11435,22924,232,254,317
11436,22926,213,251,315
11437,22928,214,247,309
11438,22930,228,243,314
11439,22932,173,242,307
11440,22934,175,239,300
11441,22936,156,238,297
11442,22938,172,236,296
11443,22940,220,235,295
11444,22942,183,233,294
11445,22944,165,230,290
11446,22946,165,229,290
11447,22948,184,228,289
11448,22950,195,226,292
11449,22952,198,226,289
11450,22954,195,226,287
11451,22956,196,226,286
11452,22958,205,227,288
11453,22960,227,228,286
11454,22962,206,231,286
11455,22964,211,231,287
11456,22966,190,233,290
11457,22968,183,234,290
11458,22970,191,236,290
11459,22972,197,238,290
11460,22974,245,239,291
11461,22976,221,240,292
11462,22978,260,241,293
11463,22980,289,243,292
11464,22982,272,245,291
11465,22984,278,246,291
11466,22986,236,248,290
11467,22988,240,253,290
11468,22990,270,254,289
11469,22992,277,256,290
11470,22994,270,259,289
11471,22996,248,263,290
11472,22998,296,264,290
11473,23000,322,265,293
11474,23002,249,269,291
11475,23004,266,272,292
11476,23006,240,272,291
11477,23008,285,274,292
11478,23010,298,276,293
11479,23012,260,278,292
11480,23014,254,280,292
11481,23016,252,281,293
11482,23018,271,283,292
11483,23020,280,284,291
11484,23022,274,285,291
11485,23024,260,285,292
11486,23026,244,285,292
11487,23028,281,285,290
11488,23030,292,286,288
11489,23032,271,287,291
11490,23034,283,287,292
11491,23036,265,288,289
11492,23038,290,289,291
11493,23040,309,288,291
11494,23042,282,290,291
11495,23044,278,294,290
11496,23046,258,296,292
11497,23048,278,299,290
11498,23050,295,300,291
11499,23052,288,300,291
11500,23054,284,300,286
11501,23056,279,301,288
11502,23058,308,301,284
11503,23060,324,301,285
11504,23062,271,301,282
11505,23064,275,302,282
11506,23066,270,301,281
11507,23068,276,301,276
11508,23070,304,301,271
11509,23072,293,301,269
11510,23074,299,301,269
11511,23076,293,301,267
11512,23078,327,301,262
11513,23080,324,300,258
11514,23082,298,298,259
11515,23084,293,298,257
11516,23086,271,296,254
11517,23088,277,296,250
11518,23090,294,293,250
11519,23092,292,288,247
11520,23094,303,290,246
11521,23096,275,287,245
11522,23098,296,286,245
11523,23100,286,284,245
11524,23102,243,283,241
11525,23104,232,282,239
11526,23106,189,281,237
11527,23108,198,280,237
11528,23110,211,278,236
11529,23112,212,277,234
11530,23114,218,275,234
11531,23116,222,274,230
11532,23118,240,272,230
11533,23120,238,270,228
11534,23122,229,269,226
11535,23124,215,269,223
11536,23126,184,268,223
11537,23128,218,266,223
11538,23130,237,265,223
11539,23132,222,263,221
11540,23134,227,262,222
11541,23136,225,260,220
11542,23138,245,257,219
11543,23140,240,255,219
11544,23142,239,254,214
11545,23144,228,252,213
11546,23146,202,250,211
11547,23148,214,249,213
11548,23150,226,247,213
11549,23152,228,247,211
11550,23154,224,245,212
11551,23156,237,244,211
11552,23158,256,244,210
11553,23160,259,243,211
11554,23162,220,242,205
11555,23164,239,241,204
11556,23166,210,239,205
11557,23168,213,239,203
11558,23170,227,237,202
11559,23172,203,234,197
11560,23174,205,230,196
11561,23176,205,229,196
11562,23178,241,226,196
11563,23180,236,222,193
11564,23182,223,221,189
11565,23184,247,219,188
11566,23186,219,218,184
11567,23188,229,217,171
11568,23190,220,217,158
11569,23192,213,209,152
11570,23194,212,208,153
11571,23196,233,208,147
11572,23198,264,209,140
11573,23200,263,205,139
11574,23202,223,204,140
11575,23204,247,203,140
11576,23206,213,195,140
11577,23208,204,192,137
11578,23210,241,192,126
11579,23212,246,192,126
11580,23214,211,192,120
11581,23216,238,192,120
11582,23218,267,193,122
11583,23220,270,193,119
11584,23222,253,192,122
11585,23224,227,193,120
11586,23226,231,193,116
11587,23228,241,193,119
11588,23230,255,193,120
11589,23232,245,194,121
11590,23234,234,195,118
11591,23236,237,195,116
11592,23238,263,195,120
11593,23240,256,195,118
11594,23242,255,195,118
11595,23244,247,197,120
11596,23246,239,202,119
11597,23248,255,203,122
11598,23250,283,205,124
11599,23252,280,205,122
11600,23254,278,207,123
11601,23256,267,209,122
11602,23258,279,210,124
11603,23260,263,212,125
11604,23262,272,214,132
11605,23264,248,215,135
11606,23266,250,216,145
11607,23268,258,216,148
11608,23270,289,217,149
11609,23272,280,217,148
11610,23274,271,218,151
11611,23276,258,217,149
11612,23278,307,217,152
11613,23280,287,217,154
11614,23282,275,218,157
11615,23284,248,218,156
11616,23286,230,217,156
11617,23288,208,218,158
11618,23290,234,217,158
11619,23292,186,218,159
11620,23294,184,218,159
11621,23296,172,218,159
11622,23298,217,218,159
11623,23300,214,218,159
11624,23302,177,217,155
11625,23304,189,217,156
11626,23306,194,218,155
11627,23308,208,218,157
11628,23310,223,218,157
11629,23312,214,219,159
11630,23314,227,219,158
11631,23316,230,218,159
11632,23318,206,219,158
11633,23320,213,219,157
11634,23322,188,219,160
11635,23324,181,219,159
11636,23326,155,219,158
11637,23328,181,222,160
11638,23330,199,222,158
11639,23332,187,221,157
11640,23334,211,221,160
11641,23336,186,220,156
11642,23338,222,220,157
11643,23340,210,219,146
11644,23342,190,220,150
11645,23344,201,220,148
11646,23346,206,220,147
11647,23348,189,221,148
11648,23350,198,220,147
11649,23352,202,221,148
11650,23354,219,221,149
11651,23356,198,221,151
11652,23358,221,222,150
11653,23360,211,219,152
11654,23362,196,223,151
11655,23364,192,223,149
11656,23366,156,223,148
11657,23368,186,223,146
11658,23370,193,224,146
11659,23372,198,224,145
11660,23374,195,225,143
11661,23376,195,224,145
11662,23378,220,225,146
11663,23380,201,225,145
11664,23382,194,225,142
11665,23384,191,225,142
11666,23386,160,225,141
11667,23388,147,225,142
11668,23390,171,225,142
11669,23392,158,225,140
11670,23394,197,223,140
11671,23396,184,224,136
11672,23398,219,223,134
11673,23400,176,224,133
11674,23402,157,223,134
11675,23404,183,223,134
11676,23406,184,222,132
11677,23408,190,222,131
11678,23410,187,221,128
11679,23412,191,221,123
11680,23414,202,220,120
11681,23416,187,220,118
11682,23418,216,219,117
11683,23420,214,219,115
11684,23422,143,217,112
11685,23424,150,216,108
11686,23426,139,213,106
11687,23428,149,209,101
11688,23430,158,206,102
11689,23432,151,202,96
11690,23434,161,201,91
11691,23436,148,198,82
11692,23438,183,196,72
11693,23440,177,194,68
11694,23442,161,193,62
11695,23444,154,189,62
11696,23446,123,183,61
11697,23448,132,181,61
11698,23450,138,178,61
11699,23452,148,175,61
11700,23454,147,171,61
11701,23456,138,170,62
11702,23458,163,166,62
11703,23460,164,162,62
11704,23462,152,160,61
11705,23464,131,156,60
11706,23466,97,153,61
11707,23468,120,154,60
11708,23470,133,155,60
11709,23472,131,156,60
11710,23474,135,156,60
11711,23476,129,159,60
11712,23478,161,161,60
11713,23480,151,165,61
11714,23482,132,168,61
11715,23484,142,178,61
11716,23486,107,182,61
11717,23488,113,187,61
11718,23490,134,193,62
11719,23492,130,200,62
11720,23494,127,208,62
11721,23496,118,219,63
11722,23498,185,226,62
11723,23500,165,229,63
11724,23502,163,232,63
11725,23504,228,238,64
11726,23506,205,243,63
11727,23508,236,249,64
11728,23510,240,264,89
11729,23512,241,270,111
11730,23514,247,273,118
11731,23516,228,277,133
11732,23518,272,279,139
11733,23520,276,283,142
11734,23522,284,283,156
11735,23524,273,280,164
11736,23526,294,282,171
11737,23528,246,283,178
11738,23530,272,282,189
11739,23532,280,282,198
11740,23534,310,282,209
11741,23536,315,282,220
11742,23538,287,282,218
11743,23540,249,281,219
11744,23542,279,282,223
11745,23544,321,281,226
11746,23546,270,281,222
11747,23548,292,281,220
11748,23550,312,281,224
11749,23552,286,280,219
11750,23554,284,280,219
11751,23556,272,279,220
11752,23558,293,280,223
11753,23560,288,278,221
11754,23562,278,276,223
11755,23564,270,274,221
11756,23566,226,272,222
11757,23568,232,271,224
11758,23570,197,270,222
11759,23572,196,267,223
11760,23574,204,263,223
11761,23576,194,260,222
11762,23578,224,253,221
11763,23580,218,241,218
11764,23582,140,233,211
11765,23584,195,233,204
11766,23586,179,230,191
11767,23588,200,226,190
11768,23590,207,222,183
11769,23592,169,218,175
11770,23594,169,217,174
11771,23596,194,213,174
11772,23598,200,210,163
11773,23600,198,206,157
11774,23602,151,204,133
11775,23604,172,199,132
11776,23606,100,196,127
11777,23608,140,193,123
11778,23610,157,190,124
11779,23612,156,190,122
11780,23614,159,187,123
11781,23616,148,188,122
11782,23618,182,189,121
11783,23620,156,189,122
11784,23622,105,190,118
11785,23624,114,191,118
11786,23626,49,195,117
11787,23628,50,199,117
11788,23630,70,202,124
11789,23632,124,207,130
11790,23634,109,214,131
11791,23636,123,218,132
11792,23638,148,224,129
11793,23640,152,227,158
11794,23642,143,230,171
11795,23644,132,234,169
11796,23646,92,242,170
11797,23648,117,250,174
11798,23650,132,254,183
11799,23652,134,258,186
11800,23654,134,266,188
11801,23656,133,271,200
11802,23658,175,277,202
11803,23660,176,279,205
11804,23662,201,282,209
11805,23664,198,286,211
11806,23666,162,287,218
11807,23668,212,289,215
11808,23670,274,290,214
11809,23672,245,290,225
11810,23674,270,291,224
11811,23676,290,292,228
11812,23678,299,294,232
11813,23680,322,292,232
11814,23682,316,290,233
11815,23684,259,290,227
11816,23686,261,289,228
11817,23688,293,289,225
11818,23690,315,287,223
11819,23692,277,288,227
11820,23694,314,286,226
11821,23696,318,285,226
11822,23698,343,284,225
11823,23700,341,284,227
11824,23702,323,282,228
11825,23704,348,281,228
11826,23706,347,280,226
11827,23708,341,278,225
11828,23710,362,278,224
11829,23712,343,278,226
11830,23714,341,278,228
11831,23716,344,279,229
11832,23718,356,279,229
11833,23720,371,280,228
11834,23722,363,281,228
11835,23724,335,282,227
11836,23726,299,285,230
11837,23728,334,284,230
11838,23730,319,285,231
11839,23732,332,286,231
11840,23734,336,286,231
11841,23736,339,286,230
11842,23738,314,286,234
11843,23740,332,285,236
11844,23742,318,283,236
11845,23744,326,281,239
11846,23746,312,279,241
11847,23748,306,278,241
11848,23750,331,280,242
11849,23752,324,274,243
11850,23754,323,272,245
11851,23756,314,271,246
11852,23758,309,266,244
11853,23760,304,262,245
11854,23762,287,257,244
11855,23764,279,251,245
11856,23766,296,247,246
11857,23768,311,248,246
11858,23770,308,246,247
11859,23772,285,246,247
11860,23774,278,245,247
11861,23776,238,245,245
11862,23778,316,244,247
11863,23780,304,243,245
11864,23782,303,243,244
11865,23784,271,243,244
11866,23786,253,241,242
11867,23788,280,241,244
11868,23790,292,239,240
11869,23792,263,236,240
11870,23794,278,235,240
11871,23796,291,234,237
11872,23798,306,233,238
11873,23800,291,232,234
11874,23802,275,230,235
11875,23804,254,228,233
11876,23806,240,227,233
11877,23808,246,225,233
11878,23810,259,223,233
11879,23812,245,226,232
11880,23814,246,223,234
11881,23816,226,222,235
11882,23818,266,222,234
11883,23820,251,221,235
11884,23822,208,220,233
11885,23824,198,217,230
11886,23826,170,217,232
11887,23828,179,216,229
11888,23830,192,216,230
11889,23832,189,215,225
11890,23834,202,215,228
11891,23836,202,214,226
11892,23838,223,214,225
11893,23840,208,214,224
11894,23842,191,213,225
11895,23844,175,212,221
11896,23846,153,211,216
11897,23848,149,210,216
11898,23850,175,209,217
11899,23852,179,210,217
11900,23854,172,210,215
11901,23856,163,208,214
11902,23858,198,208,214
11903,23860,198,207,215
11904,23862,162,205,216
11905,23864,152,204,215
11906,23866,127,203,215
11907,23868,138,202,213
11908,23870,160,202,214
11909,23872,152,202,212
11910,23874,174,203,211
11911,23876,149,200,208
11912,23878,187,199,208
11913,23880,180,199,205
11914,23882,155,199,201
11915,23884,160,199,199
11916,23886,159,197,198
11917,23888,178,198,198
11918,23890,197,197,199
11919,23892,197,198,197
11920,23894,200,199,196
11921,23896,204,200,195
11922,23898,227,199,195
11923,23900,212,199,195
11924,23902,201,200,193
11925,23904,199,201,194
11926,23906,178,202,194
11927,23908,197,202,194
11928,23910,199,202,195
11929,23912,204,202,193
11930,23914,219,203,196
11931,23916,207,202,192
11932,23918,230,203,191
11933,23920,261,202,191
11934,23922,245,203,189
11935,23924,236,202,190
11936,23926,228,203,191
11937,23928,223,204,187
11938,23930,239,203,190
11939,23932,239,203,189
11940,23934,236,200,182
11941,23936,238,200,183
11942,23938,264,200,181
11943,23940,255,200,182
11944,23942,238,199,179
11945,23944,234,193,180
11946,23946,208,192,175
11947,23948,216,191,166
11948,23950,226,190,156
11949,23952,207,193,136
11950,23954,199,188,136
11951,23956,199,186,135
11952,23958,224,186,135
11953,23960,224,186,134
11954,23962,204,187,134
11955,23964,189,185,133
11956,23966,174,185,134
11957,23968,184,185,134
11958,23970,206,185,137
11959,23972,194,183,131
11960,23974,201,183,129
11961,23976,185,183,130
11962,23978,220,183,131
11963,23980,215,182,130
11964,23982,211,182,128
11965,23984,191,181,124
11966,23986,178,181,124
11967,23988,145,179,120
11968,23990,151,181,122
11969,23992,155,178,120
11970,23994,151,177,118
11971,23996,145,177,119
11972,23998,176,178,120
11973,24000,164,175,115
11974,24002,152,176,112
11975,24004,157,176,113
11976,24006,131,175,113
11977,24008,142,174,112
11978,24010,151,173,112
11979,24012,144,171,112
11980,24014,161,169,112
11981,24016,147,169,109
11982,24018,126,169,108
11983,24020,158,168,107
11984,24022,123,166,102
11985,24024,158,167,101
11986,24026,114,166,99
11987,24028,106,165,98
11988,24030,130,164,96
11989,24032,121,164,97
11990,24034,141,165,99
11991,24036,150,161,98
11992,24038,165,158,95
11993,24040,178,155,91
11994,24042,112,154,92
11995,24044,93,152,91
11996,24046,38,148,87
11997,24048,47,148,88
11998,24050,64,146,86
11999,24052,62,144,87
12000,24054,64,141,86
12001,24056,72,139,86
12002,24058,87,137,85
12003,24060,105,136,83
12004,24062,99,135,84
12005,24064,105,134,86
12006,24066,89,133,85
12007,24068,87,132,84
12008,24070,95,131,85
12009,24072,99,132,84
12010,24074,115,131,82
12011,24076,117,131,81
12012,24078,155,131,80
12013,24080,151,131,78
12014,24082,119,130,80
12015,24084,101,131,80
12016,24086,97,130,79
12017,24088,108,130,78
12018,24090,139,131,78
12019,24092,149,130,78
12020,24094,152,130,76
12021,24096,146,130,77
12022,24098,175,129,80
12023,24100,174,129,77
12024,24102,141,128,76
12025,24104,103,128,75
12026,24106,110,128,76
12027,24108,123,128,76
12028,24110,105,127,73
12029,24112,125,127,70
12030,24114,105,127,67
12031,24116,115,126,69
12032,24118,157,124,68
12033,24120,172,125,71
12034,24122,144,124,69
12035,24124,118,124,68
12036,24126,112,123,67
12037,24128,111,123,66
12038,24130,119,123,67
12039,24132,133,123,66
12040,24134,137,119,66
12041,24136,110,120,66
12042,24138,125,123,67
12043,24140,126,118,65
12044,24142,81,120,66
12045,24144,71,120,65
12046,24146,101,118,65
12047,24148,113,118,64
12048,24150,104,118,64
12049,24152,135,118,60
12050,24154,158,118,59
12051,24156,133,119,59
12052,24158,139,118,58
12053,24160,113,119,59
12054,24162,102,117,59
12055,24164,78,118,59
12056,24166,54,116,60
12057,24168,64,117,58
12058,24170,112,118,59
12059,24172,118,119,58
12060,24174,128,118,59
12061,24176,130,118,58
12062,24178,140,119,59
12063,24180,146,118,59
12064,24182,134,118,59
12065,24184,127,119,59
12066,24186,99,118,58
12067,24188,112,117,59
12068,24190,125,118,59
12069,24192,121,117,58
12070,24194,108,118,60
12071,24196,84,117,59
12072,24198,94,116,59
12073,24200,102,117,59
12074,24202,86,116,58
12075,24204,79,115,58
12076,24206,56,114,58
12077,24208,61,114,58
12078,24210,108,114,59
12079,24212,64,114,58
12080,24214,130,113,59
12081,24216,126,114,59
12082,24218,160,112,59
12083,24220,141,111,59
12084,24222,101,111,59
12085,24224,92,110,58
12086,24226,100,110,58
12087,24228,130,109,58
12088,24230,157,108,58
12089,24232,155,109,59
12090,24234,151,107,58
12091,24236,119,106,58
12092,24238,185,104,60
12093,24240,189,103,59
12094,24242,152,99,59
12095,24244,114,99,58
12096,24246,105,99,58
12097,24248,124,99,58
12098,24250,135,97,57
12099,24252,142,98,58
12100,24254,150,98,58
12101,24256,146,98,57
12102,24258,176,99,58
12103,24260,179,99,57
12104,24262,147,99,58
12105,24264,138,98,58
12106,24266,116,98,59
12107,24268,132,98,58
12108,24270,154,101,59
12109,24272,149,99,58
12110,24274,152,99,58
12111,24276,157,99,58
12112,24278,180,99,59
12113,24280,179,101,59
12114,24282,157,100,59
12115,24284,145,99,57
12116,24286,136,102,59
12117,24288,134,101,58
12118,24290,147,101,58
12119,24292,147,101,59
12120,24294,162,101,58
12121,24296,153,101,59
12122,24298,186,102,59
12123,24300,188,102,58
12124,24302,171,102,58
12125,24304,139,102,58
12126,24306,133,102,56
12127,24308,138,102,58
12128,24310,153,102,58
12129,24312,145,102,59
12130,24314,150,102,58
12131,24316,147,102,57
12132,24318,201,102,58
12133,24320,183,103,59
12134,24322,159,102,58
12135,24324,135,102,58
12136,24326,120,103,58
12137,24328,129,101,57
12138,24330,151,102,57
12139,24332,159,102,58
12140,24334,153,102,57
12141,24336,147,102,57
12142,24338,185,102,58
12143,24340,185,102,59
12144,24342,161,102,58
12145,24344,134,102,58
12146,24346,126,102,56
12147,24348,127,101,58
12148,24350,149,102,59
12149,24352,153,102,57
12150,24354,156,102,57
12151,24356,159,102,57
12152,24358,188,102,58
12153,24360,187,101,58
12154,24362,160,102,58
12155,24364,135,101,59
12156,24366,116,102,58
12157,24368,124,101,58
12158,24370,139,102,58
12159,24372,126,102,58
12160,24374,131,104,58
12161,24376,140,102,57
12162,24378,181,102,58
12163,24380,166,101,57
12164,24382,151,101,58
12165,24384,124,100,58
12166,24386,114,99,57
12167,24388,116,98,57
12168,24390,138,97,58
12169,24392,134,98,58
12170,24394,153,98,58
12171,24396,133,97,58
12172,24398,185,99,59
12173,24400,173,98,58
12174,24402,136,98,58
12175,24404,112,97,57
12176,24406,96,98,56
12177,24408,103,98,57
12178,24410,130,98,57
12179,24412,119,98,58
12180,24414,121,98,58
12181,24416,133,98,58
12182,24418,175,97,58
12183,24420,169,98,58
12184,24422,145,98,57
12185,24424,123,98,59
12186,24426,104,98,58
12187,24428,115,98,55
12188,24430,131,99,59
12189,24432,121,98,59
12190,24434,133,97,58
12191,24436,136,98,59
12192,24438,167,98,60
12193,24440,160,98,58
12194,24442,135,97,58
12195,24444,113,97,58
12196,24446,105,96,58
12197,24448,115,96,59
12198,24450,132,97,59
12199,24452,127,95,60
12200,24454,136,95,58
12201,24456,138,94,58
12202,24458,160,93,60
12203,24460,168,92,59
12204,24462,142,93,59
12205,24464,111,93,61
12206,24466,94,92,60
12207,24468,120,92,59
12208,24470,120,92,59
12209,24472,108,93,57
12210,24474,115,92,58
12211,24476,118,92,59
12212,24478,141,92,60
12213,24480,143,92,59
12214,24482,124,92,61
12215,24484,99,91,61
12216,24486,83,91,57
12217,24488,116,91,58
12218,24490,124,91,61
12219,24492,119,90,59
12220,24494,119,91,58
12221,24496,125,91,58
12222,24498,158,90,59
12223,24500,157,91,58
12224,24502,132,91,58
12225,24504,101,91,57
12226,24506,82,91,57
12227,24508,111,90,58
12228,24510,115,89,58
12229,24512,117,90,56
12230,24514,115,91,57
12231,24516,124,91,57
12232,24518,156,91,59
12233,24520,150,89,58
12234,24522,131,90,56
12235,24524,94,90,58
12236,24526,85,90,56
12237,24528,115,89,58
12238,24530,115,90,58
12239,24532,122,89,61
12240,24534,118,90,58
12241,24536,118,90,58
12242,24538,153,90,56
12243,24540,152,91,56
12244,24542,140,90,57
12245,24544,93,90,60
12246,24546,90,90,56
12247,24548,105,89,57
12248,24550,117,89,58
12249,24552,116,90,59
12250,24554,113,89,58
12251,24556,122,90,58
12252,24558,159,89,58
12253,24560,156,88,58
12254,24562,125,90,57
12255,24564,109,89,57
12256,24566,88,89,57
12257,24568,110,91,56
12258,24570,120,89,57
12259,24572,118,88,57
12260,24574,115,89,58
12261,24576,121,89,58
12262,24578,156,88,58
12263,24580,145,90,58
12264,24582,123,87,57
12265,24584,102,88,57
12266,24586,81,92,59
12267,24588,112,87,58
12268,24590,113,88,58
12269,24592,122,88,58
12270,24594,124,87,58
12271,24596,124,87,58
12272,24598,159,87,58
12273,24600,150,88,59
12274,24602,124,89,58
12275,24604,105,89,58
12276,24606,87,88,58
12277,24608,112,88,58
12278,24610,119,88,58
12279,24612,117,89,58
12280,24614,122,88,57
12281,24616,123,89,58
12282,24618,161,88,58
12283,24620,155,89,59
12284,24622,128,89,58
12285,24624,97,89,58
12286,24626,95,89,57
12287,24628,115,89,57
12288,24630,110,88,57
12289,24632,126,86,58
12290,24634,117,88,58
12291,24636,119,91,58
12292,24638,156,88,58
12293,24640,151,89,57
12294,24642,123,88,58
12295,24644,105,88,58
12296,24646,91,88,57
12297,24648,116,88,57
12298,24650,120,89,57
12299,24652,122,89,58
12300,24654,116,89,58
12301,24656,119,90,57
12302,24658,152,88,59
12303,24660,146,89,57
12304,24662,117,89,58
12305,24664,98,88,58
12306,24666,90,89,57
12307,24668,114,89,58
12308,24670,113,89,57
12309,24672,116,89,58
12310,24674,122,90,59
12311,24676,126,89,58
12312,24678,156,89,57
12313,24680,156,89,58
12314,24682,125,90,57
12315,24684,107,91,59
12316,24686,93,89,58
12317,24688,121,89,58
12318,24690,123,89,58
12319,24692,131,90,58
12320,24694,125,90,58
12321,24696,124,90,57
12322,24698,156,90,59
12323,24700,144,90,58
12324,24702,120,90,59
12325,24704,93,90,58
12326,24706,99,89,56
12327,24708,121,89,57
12328,24710,128,89,56
12329,24712,130,90,58
12330,24714,124,90,58
12331,24716,124,90,58
12332,24718,156,90,59
12333,24720,155,89,58
12334,24722,124,90,59
12335,24724,102,89,58
12336,24726,97,88,57
12337,24728,112,90,58
12338,24730,124,88,59
12339,24732,127,89,58
12340,24734,120,89,57
12341,24736,117,89,58
12342,24738,156,88,60
12343,24740,147,88,57
12344,24742,119,88,57
12345,24744,101,88,58
12346,24746,100,88,58
12347,24748,130,88,59
12348,24750,128,88,59
12349,24752,125,88,58
12350,24754,120,88,58
12351,24756,127,88,57
12352,24758,152,89,58
12353,24760,153,90,59
12354,24762,131,88,58
12355,24764,99,89,58
12356,24766,97,89,57
12357,24768,125,89,59
12358,24770,123,89,58
12359,24772,125,89,58
12360,24774,114,90,58
12361,24776,118,89,58
12362,24778,153,90,58
12363,24780,145,89,61
12364,24782,121,90,57
12365,24784,99,90,58
12366,24786,96,90,59
12367,24788,122,89,58
12368,24790,119,90,59
12369,24792,119,90,58
12370,24794,120,90,58
12371,24796,116,90,59
12372,24798,148,91,59
12373,24800,152,91,59
12374,24802,119,90,58
12375,24804,96,92,59
12376,24806,101,90,57
12377,24808,123,90,57
12378,24810,123,90,57
12379,24812,130,91,58
12380,24814,122,91,58
12381,24816,121,90,58
12382,24818,153,91,59
12383,24820,150,90,58
12384,24822,129,90,60
12385,24824,110,90,58
12386,24826,99,90,58
12387,24828,129,90,57
12388,24830,117,90,58
12389,24832,131,90,58
12390,24834,125,89,58
12391,24836,128,90,59
12392,24838,159,89,58
12393,24840,149,89,58
12394,24842,128,89,59
12395,24844,108,90,58
12396,24846,97,89,57
12397,24848,123,89,58
12398,24850,130,90,59
12399,24852,126,89,57
12400,24854,127,90,57
12401,24856,124,90,58
12402,24858,171,89,58
12403,24860,160,89,58
12404,24862,131,90,59
12405,24864,105,91,58
12406,24866,101,89,57
12407,24868,130,89,59
12408,24870,130,90,57
12409,24872,125,89,58
12410,24874,124,89,58
12411,24876,121,90,59
12412,24878,165,90,57
12413,24880,157,89,58
12414,24882,138,88,58
12415,24884,113,88,57
12416,24886,98,88,58
12417,24888,136,89,57
12418,24890,125,88,58
12419,24892,131,88,57
12420,24894,117,89,58
12421,24896,126,88,58
12422,24898,163,90,57
12423,24900,160,88,58
12424,24902,142,88,58
12425,24904,111,88,58
12426,24906,93,88,58
12427,24908,127,88,57
12428,24910,130,88,57
12429,24912,130,88,57
12430,24914,128,88,58
12431,24916,129,88,57
12432,24918,162,88,59
12433,24920,158,87,59
12434,24922,139,88,58
12435,24924,102,87,57
12436,24926,102,88,58
12437,24928,132,87,57
12438,24930,129,88,57
12439,24932,122,87,57
12440,24934,136,87,58
12441,24936,124,86,57
12442,24938,170,88,59
12443,24940,166,86,60
12444,24942,138,86,58
12445,24944,109,86,58
12446,24946,101,86,59
12447,24948,132,85,57
12448,24950,123,85,58
12449,24952,131,87,57
12450,24954,128,85,57
12451,24956,135,84,58
12452,24958,164,84,59
12453,24960,159,84,59
12454,24962,138,85,58
12455,24964,111,85,57
12456,24966,98,84,57
12457,24968,129,85,57
12458,24970,125,84,57
12459,24972,133,85,60
12460,24974,124,83,58
12461,24976,129,84,57
12462,24978,163,84,59
12463,24980,152,84,58
12464,24982,140,84,58
12465,24984,105,84,59
12466,24986,97,84,58
12467,24988,131,84,58
12468,24990,115,83,57
12469,24992,125,84,58
12470,24994,129,84,58
12471,24996,130,83,58
12472,24998,164,84,58
12473,25000,151,84,58
12474,25002,143,84,57
12475,25004,106,84,57
12476,25006,98,84,56
12477,25008,122,84,58
12478,25010,119,84,59
12479,25012,122,84,59
12480,25014,120,83,57
12481,25016,128,83,58
12482,25018,169,83,58
12483,25020,159,84,58
12484,25022,131,84,58
12485,25024,100,85,56
12486,25026,104,83,57
12487,25028,123,82,57
12488,25030,118,83,57
12489,25032,122,83,57
12490,25034,121,82,57
12491,25036,120,81,58
12492,25038,155,80,57
12493,25040,150,82,59
12494,25042,135,82,58
12495,25044,107,82,57
12496,25046,92,81,57
12497,25048,121,82,59
12498,25050,116,82,57
12499,25052,118,81,58
12500,25054,131,82,58
12501,25056,151,82,58
12502,25058,173,82,59
12503,25060,170,82,57
12504,25062,149,82,58
12505,25064,119,82,57
12506,25066,108,83,58
12507,25068,135,83,56
12508,25070,137,83,57
12509,25072,136,82,58
12510,25074,140,82,59
12511,25076,143,82,57
12512,25078,169,83,58
12513,25080,163,82,57
12514,25082,162,82,59
12515,25084,102,83,56
12516,25086,102,82,57
12517,25088,121,83,57
12518,25090,125,82,58
12519,25092,133,82,57
12520,25094,128,83,58
12521,25096,132,83,56
12522,25098,162,83,57
12523,25100,158,82,57
12524,25102,141,83,57
12525,25104,110,82,57
12526,25106,113,82,58
12527,25108,129,82,58
12528,25110,117,81,59
12529,25112,134,81,61
12530,25114,112,81,58
12531,25116,123,81,56
12532,25118,162,82,58
12533,25120,144,82,57
12534,25122,128,80,58
12535,25124,101,81,60
12536,25126,84,80,57
12537,25128,110,79,57
12538,25130,98,80,58
12539,25132,101,80,58
12540,25134,103,80,55
12541,25136,138,79,57
12542,25138,151,82,58
12543,25140,142,80,58
12544,25142,132,79,58
12545,25144,98,80,58
12546,25146,98,79,56
12547,25148,121,79,59
12548,25150,119,79,58
12549,25152,122,79,58
12550,25154,124,79,58
12551,25156,92,79,57
12552,25158,157,79,58
12553,25160,102,79,59
12554,25162,121,78,60
12555,25164,93,79,57
12556,25166,85,79,56
12557,25168,85,80,58
12558,25170,95,79,56
12559,25172,102,79,57
12560,25174,99,79,58
12561,25176,105,79,57
12562,25178,132,78,58
12563,25180,134,80,58
12564,25182,108,83,58
12565,25184,80,80,59
12566,25186,66,81,57
12567,25188,80,80,57
12568,25190,83,81,57
12569,25192,64,80,57
12570,25194,88,81,58
12571,25196,116,80,56
12572,25198,153,80,57
12573,25200,143,81,57
12574,25202,140,80,56
12575,25204,124,80,57
12576,25206,120,80,57
12577,25208,146,80,58
12578,25210,146,81,58
12579,25212,151,81,54
12580,25214,144,80,58
12581,25216,154,80,58
12582,25218,185,80,58
12583,25220,182,81,58
12584,25222,162,80,57
12585,25224,131,80,57
12586,25226,129,80,56
12587,25228,154,81,58
12588,25230,155,80,60
12589,25232,144,80,57
12590,25234,153,80,56
12591,25236,162,80,57
12592,25238,189,80,57
12593,25240,181,84,57
12594,25242,161,80,56
12595,25244,131,80,56
12596,25246,123,80,57
12597,25248,156,81,57
12598,25250,152,80,57
12599,25252,148,80,57
12600,25254,150,80,57
12601,25256,150,79,58
12602,25258,181,80,63
12603,25260,167,80,57
12604,25262,157,80,56
12605,25264,120,80,59
12606,25266,117,79,57
12607,25268,120,77,56
12608,25270,130,83,56
12609,25272,129,84,57
12610,25274,118,80,57
12611,25276,131,80,57
12612,25278,166,80,58
12613,25280,156,76,58
12614,25282,134,82,58
12615,25284,105,79,57
12616,25286,104,80,55
12617,25288,125,80,58
12618,25290,121,79,58
12619,25292,130,79,57
12620,25294,126,79,57
12621,25296,127,79,56
12622,25298,166,81,58
12623,25300,150,79,57
12624,25302,126,79,59
12625,25304,97,79,56
12626,25306,106,78,57
12627,25308,122,79,57
12628,25310,128,79,57
12629,25312,119,79,58
12630,25314,127,79,58
12631,25316,122,78,57
12632,25318,161,80,58
12633,25320,147,79,57
12634,25322,125,80,57
12635,25324,97,79,58
12636,25326,101,80,56
12637,25328,133,79,57
12638,25330,121,80,57
12639,25332,129,81,57
12640,25334,125,80,57
12641,25336,126,80,56
12642,25338,158,80,58
12643,25340,152,79,58
12644,25342,124,79,57
12645,25344,104,80,56
12646,25346,102,79,56
12647,25348,129,80,57
12648,25350,124,80,58
12649,25352,131,80,58
12650,25354,127,80,56
12651,25356,127,80,57
12652,25358,155,80,56
12653,25360,148,79,58
12654,25362,127,80,58
12655,25364,100,81,57
12656,25366,110,81,58
12657,25368,126,81,57
12658,25370,132,81,58
12659,25372,124,80,57
12660,25374,131,79,57
12661,25376,127,79,58
12662,25378,156,80,58
12663,25380,143,80,58
12664,25382,119,79,60
12665,25384,94,80,59
12666,25386,99,80,57
12667,25388,122,80,58
12668,25390,127,80,58
12669,25392,125,81,57
12670,25394,125,80,56
12671,25396,119,80,59
12672,25398,158,80,58
12673,25400,146,79,59
12674,25402,126,79,56
12675,25404,103,80,56
12676,25406,108,80,57
12677,25408,122,81,58
12678,25410,126,80,56
12679,25412,126,81,57
12680,25414,123,80,57
12681,25416,118,81,57
12682,25418,157,80,57
12683,25420,151,80,56
12684,25422,129,80,57
12685,25424,98,79,56
12686,25426,104,79,57
12687,25428,130,80,58
12688,25430,131,79,58
12689,25432,122,79,57
12690,25434,126,79,58
12691,25436,129,79,58
12692,25438,157,80,58
12693,25440,152,79,58
12694,25442,124,79,57
12695,25444,102,78,57
12696,25446,94,76,57
12697,25448,120,76,58
12698,25450,116,75,58
12699,25452,119,76,57
12700,25454,110,76,58
12701,25456,108,75,57
12702,25458,152,74,57
12703,25460,119,72,57
12704,25462,103,73,57
12705,25464,95,73,58
12706,25466,86,73,56
12707,25468,103,73,58
12708,25470,134,73,57
12709,25472,134,73,57
12710,25474,108,73,57
12711,25476,122,73,57
12712,25478,135,73,57
12713,25480,152,72,56
12714,25482,144,73,58
12715,25484,72,73,56
12716,25486,85,73,57
12717,25488,107,73,57
12718,25490,115,72,56
12719,25492,116,73,57
12720,25494,137,73,57
12721,25496,104,73,56
12722,25498,161,72,57
12723,25500,119,73,58
12724,25502,100,72,58
12725,25504,82,72,57
12726,25506,79,73,57
12727,25508,105,73,58
12728,25510,128,74,56
12729,25512,112,73,58
12730,25514,125,73,57
12731,25516,129,73,57
12732,25518,174,73,56
12733,25520,117,75,57
12734,25522,83,73,56
12735,25524,112,73,57
12736,25526,75,74,56
12737,25528,143,74,57
12738,25530,129,75,57
12739,25532,121,74,56
12740,25534,144,73,57
12741,25536,143,74,57
12742,25538,166,74,58
12743,25540,135,74,58
12744,25542,139,73,57
12745,25544,106,73,57
12746,25546,112,75,57
12747,25548,132,73,56
12748,25550,121,73,58
12749,25552,129,74,58
12750,25554,143,73,58
12751,25556,150,73,58
12752,25558,165,73,57
12753,25560,143,72,57
12754,25562,135,73,56
12755,25564,102,72,57
12756,25566,110,72,56
12757,25568,127,72,57
12758,25570,118,72,58
12759,25572,122,71,57
12760,25574,149,72,58
12761,25576,145,72,57
12762,25578,176,72,55
12763,25580,130,72,58
12764,25582,126,72,56
12765,25584,105,72,58
12766,25586,112,72,58
12767,25588,135,71,57
12768,25590,125,72,58
12769,25592,144,72,57
12770,25594,120,72,56
12771,25596,118,71,57
12772,25598,176,72,56
12773,25600,142,72,58
12774,25602,145,72,56
12775,25604,118,71,55
12776,25606,106,72,57
12777,25608,137,73,56
12778,25610,119,72,56
12779,25612,131,73,57
12780,25614,117,72,56
12781,25616,140,72,55
12782,25618,177,73,57
12783,25620,166,72,57
12784,25622,157,72,58
12785,25624,129,72,56
12786,25626,117,72,57
12787,25628,130,72,57
12788,25630,110,73,58
12789,25632,142,72,59
12790,25634,142,72,58
12791,25636,133,73,58
12792,25638,145,72,57
12793,25640,176,72,57
12794,25642,148,72,56
12795,25644,88,72,57
12796,25646,84,73,57
12797,25648,153,72,57
12798,25650,141,71,58
12799,25652,129,72,57
12800,25654,149,72,58
12801,25656,143,70,57
12802,25658,159,72,57
12803,25660,138,72,57
12804,25662,135,72,57
12805,25664,111,72,57
12806,25666,116,70,57
12807,25668,136,71,57
12808,25670,130,71,57
12809,25672,112,71,57
12810,25674,126,71,57
12811,25676,129,71,58
12812,25678,163,73,58
12813,25680,141,71,58
12814,25682,140,69,57
12815,25684,98,69,57
12816,25686,97,69,56
12817,25688,143,68,58
12818,25690,137,68,57
12819,25692,141,68,57
12820,25694,138,69,56
12821,25696,143,68,57
12822,25698,175,68,56
12823,25700,157,68,57
12824,25702,149,68,57
12825,25704,112,69,56
12826,25706,98,68,56
12827,25708,142,69,56
12828,25710,129,69,57
12829,25712,136,69,57
12830,25714,140,69,56
12831,25716,144,68,58
12832,25718,181,69,57
12833,25720,166,69,57
12834,25722,155,69,57
12835,25724,123,68,57
12836,25726,107,69,56
12837,25728,140,70,58
12838,25730,140,69,56
12839,25732,140,68,56
12840,25734,140,70,57
12841,25736,145,69,58
12842,25738,182,69,57
12843,25740,167,68,57
12844,25742,154,70,58
12845,25744,119,71,57
12846,25746,114,70,57
12847,25748,154,70,57
12848,25750,141,71,59
12849,25752,137,70,58
12850,25754,147,70,57
12851,25756,160,70,55
12852,25758,185,70,58
12853,25760,168,71,57
12854,25762,145,70,56
12855,25764,123,69,57
12856,25766,120,68,56
12857,25768,147,68,57
12858,25770,142,67,57
12859,25772,134,68,58
12860,25774,138,68,57
12861,25776,155,67,57
12862,25778,177,68,56
12863,25780,163,68,59
12864,25782,151,68,56
12865,25784,121,68,56
12866,25786,118,66,57
12867,25788,145,66,57
12868,25790,146,64,57
12869,25792,142,65,57
12870,25794,151,65,57
12871,25796,145,65,57
12872,25798,186,64,57
12873,25800,170,65,57
12874,25802,156,65,57
12875,25804,119,65,56
12876,25806,123,65,58
12877,25808,148,65,57
12878,25810,150,64,57
12879,25812,139,64,57
12880,25814,131,65,56
12881,25816,143,65,59
12882,25818,171,62,56
12883,25820,167,62,57
12884,25822,149,63,56
12885,25824,133,62,57
12886,25826,122,62,57
12887,25828,145,62,55
12888,25830,146,63,54
12889,25832,158,62,57
12890,25834,149,62,55
12891,25836,144,63,57
12892,25838,173,62,56
12893,25840,173,65,57
12894,25842,159,62,57
12895,25844,133,62,58
12896,25846,122,63,57
12897,25848,145,62,57
12898,25850,150,61,57
12899,25852,148,64,57
12900,25854,156,63,58
12901,25856,169,62,57
12902,25858,185,63,58
12903,25860,169,63,58
12904,25862,158,62,57
12905,25864,122,63,55
12906,25866,126,62,57
12907,25868,148,63,57
12908,25870,146,64,55
12909,25872,149,63,57
12910,25874,156,63,56
12911,25876,136,64,56
12912,25878,185,64,58
12913,25880,169,65,58
12914,25882,148,65,55
12915,25884,121,64,57
12916,25886,129,65,58
12917,25888,139,65,57
12918,25890,146,65,57
12919,25892,148,66,56
12920,25894,143,64,57
12921,25896,136,65,57
12922,25898,182,66,57
12923,25900,165,64,57
12924,25902,162,65,57
12925,25904,131,65,55
12926,25906,124,65,55
12927,25908,143,66,58
12928,25910,142,66,55
12929,25912,155,67,57
12930,25914,139,64,58
12931,25916,153,67,57
12932,25918,184,66,60
12933,25920,170,67,57
12934,25922,150,68,58
12935,25924,124,68,55
12936,25926,119,68,56
12937,25928,153,69,56
12938,25930,142,69,56
12939,25932,157,68,57
12940,25934,147,68,56
12941,25936,150,67,58
12942,25938,181,68,58
12943,25940,164,67,60
12944,25942,157,67,57
12945,25944,129,69,56
12946,25946,127,68,55
12947,25948,150,68,57
12948,25950,151,68,59
12949,25952,150,69,57
12950,25954,150,69,57
12951,25956,152,65,57
12952,25958,187,69,57
12953,25960,166,69,58
12954,25962,165,69,58
12955,25964,116,69,57
12956,25966,125,69,56
12957,25968,151,69,56
12958,25970,145,69,56
12959,25972,152,68,57
12960,25974,151,68,57
12961,25976,155,69,58
12962,25978,188,70,57
12963,25980,163,68,58
12964,25982,146,68,57
12965,25984,126,69,57
12966,25986,122,69,57
12967,25988,148,69,58
12968,25990,147,67,56
12969,25992,149,68,57
12970,25994,146,69,57
12971,25996,142,69,56
12972,25998,188,69,58
12973,26000,158,69,58
12974,26002,146,69,56
12975,26004,123,69,57
12976,26006,129,69,56
12977,26008,145,68,58
12978,26010,142,69,56
12979,26012,141,69,58
12980,26014,140,69,57
12981,26016,141,69,57
12982,26018,182,70,58
12983,26020,163,69,58
12984,26022,159,69,58
12985,26024,119,68,57
12986,26026,130,68,57
12987,26028,154,69,57
12988,26030,154,69,58
12989,26032,154,69,56
12990,26034,148,69,57
12991,26036,150,71,57
12992,26038,186,72,58
12993,26040,168,71,57
12994,26042,159,71,57
12995,26044,122,70,57
12996,26046,129,71,57
12997,26048,151,70,56
12998,26050,146,71,57
12999,26052,145,70,57
13000,26054,156,71,56
13001,26056,153,70,56
13002,26058,193,71,58
13003,26060,167,71,58
13004,26062,154,70,57
13005,26064,135,70,57
13006,26066,129,70,56
13007,26068,149,70,58
13008,26070,150,70,57
13009,26072,153,70,56
13010,26074,152,70,58
13011,26076,147,71,58
13012,26078,181,71,58
13013,26080,162,71,58
13014,26082,145,71,56
13015,26084,124,70,57
13016,26086,123,71,56
13017,26088,136,71,57
13018,26090,142,71,57
13019,26092,148,71,56
13020,26094,146,71,58
13021,26096,138,70,57
13022,26098,187,70,58
13023,26100,161,70,58
13024,26102,166,71,58
13025,26104,119,69,57
13026,26106,117,69,57
13027,26108,145,70,57
13028,26110,145,70,56
13029,26112,146,70,56
13030,26114,143,70,57
13031,26116,144,69,58
13032,26118,183,70,58
13033,26120,156,70,57
13034,26122,139,71,57
13035,26124,121,70,56
13036,26126,116,71,56
13037,26128,145,70,56
13038,26130,140,70,57
13039,26132,148,71,57
13040,26134,155,70,57
13041,26136,150,71,57
13042,26138,186,71,58
13043,26140,166,71,56
13044,26142,149,70,57
13045,26144,124,71,58
13046,26146,124,71,57
13047,26148,153,70,57
13048,26150,148,71,58
13049,26152,147,71,57
13050,26154,147,71,56
13051,26156,144,72,57
13052,26158,179,72,56
13053,26160,170,71,57
13054,26162,150,72,56
13055,26164,125,72,57
13056,26166,124,71,56
13057,26168,153,73,57
13058,26170,145,72,57
13059,26172,154,72,57
13060,26174,142,72,58
13061,26176,143,71,56
13062,26178,172,71,57
13063,26180,159,72,57
13064,26182,144,72,58
13065,26184,132,72,57
13066,26186,123,72,57
13067,26188,147,72,57
13068,26190,146,72,56
13069,26192,146,71,57
13070,26194,148,72,58
13071,26196,142,71,57
13072,26198,173,73,56
13073,26200,153,73,58
13074,26202,146,72,57
13075,26204,122,72,56
13076,26206,125,72,57
13077,26208,141,73,57
13078,26210,125,72,57
13079,26212,142,73,58
13080,26214,134,73,56
13081,26216,137,73,58
13082,26218,176,74,57
13083,26220,131,73,57
13084,26222,139,74,57
13085,26224,124,73,57
13086,26226,121,73,55
13087,26228,153,74,57
13088,26230,150,75,58
13089,26232,140,74,56
13090,26234,156,74,58
13091,26236,138,74,57
13092,26238,183,73,59
13093,26240,164,73,57
13094,26242,152,74,57
13095,26244,117,73,57
13096,26246,118,74,57
13097,26248,153,73,56
13098,26250,144,73,57
13099,26252,144,73,57
13100,26254,139,74,55
13101,26256,145,73,56
13102,26258,178,73,56
13103,26260,178,74,58
13104,26262,149,73,57
13105,26264,126,74,55
13106,26266,119,74,57
13107,26268,149,74,57
13108,26270,147,74,57
13109,26272,140,73,57
13110,26274,154,74,58
13111,26276,139,74,58
13112,26278,178,74,57
13113,26280,164,74,59
13114,26282,144,74,57
13115,26284,126,74,57
13116,26286,121,73,56
13117,26288,148,74,56
13118,26290,145,75,56
13119,26292,144,74,58
13120,26294,144,73,57
13121,26296,148,73,57
13122,26298,182,73,58
13123,26300,165,73,57
13124,26302,164,74,57
13125,26304,129,75,57
13126,26306,117,74,57
13127,26308,149,75,57
13128,26310,146,75,57
13129,26312,138,75,57
13130,26314,146,75,57
13131,26316,142,75,57
13132,26318,176,74,57
13133,26320,155,75,57
13134,26322,145,74,57
13135,26324,116,75,57
13136,26326,116,74,57
13137,26328,142,75,58
13138,26330,150,75,55
13139,26332,139,75,57
13140,26334,139,74,58
13141,26336,148,75,58
13142,26338,175,74,57
13143,26340,175,74,57
13144,26342,156,75,57
13145,26344,121,75,57
13146,26346,123,75,58
13147,26348,147,74,57
13148,26350,136,74,59
13149,26352,138,74,57
13150,26354,144,75,58
13151,26356,136,75,57
13152,26358,169,75,58
13153,26360,157,74,58
13154,26362,147,75,57
13155,26364,125,74,57
13156,26366,122,73,56
13157,26368,137,74,58
13158,26370,139,74,59
13159,26372,146,74,57
13160,26374,143,75,57
13161,26376,146,74,57
13162,26378,182,74,58
13163,26380,176,74,56
13164,26382,147,74,58
13165,26384,126,74,58
13166,26386,110,74,57
13167,26388,148,74,54
13168,26390,130,75,56
13169,26392,150,75,57
13170,26394,151,75,53
13171,26396,144,73,57
13172,26398,178,75,57
13173,26400,163,75,57
13174,26402,146,73,58
13175,26404,82,74,57
13176,26406,83,73,56
13177,26408,127,74,57
13178,26410,114,73,57
13179,26412,118,72,56
13180,26414,114,73,58
13181,26416,129,72,57
13182,26418,156,72,57
13183,26420,140,73,57
13184,26422,126,74,57
13185,26424,94,73,56
13186,26426,103,75,59
13187,26428,127,74,56
13188,26430,119,73,57
13189,26432,128,73,58
13190,26434,120,72,57
13191,26436,124,73,57
13192,26438,166,73,58
13193,26440,145,74,56
13194,26442,135,73,55
13195,26444,104,74,56
13196,26446,104,73,56
13197,26448,118,74,58
13198,26450,116,73,59
13199,26452,123,74,57
13200,26454,121,73,57
13201,26456,131,73,57
13202,26458,155,72,58
13203,26460,134,73,57
13204,26462,128,73,57
13205,26464,96,73,57
13206,26466,97,73,57
13207,26468,118,73,57
13208,26470,116,72,57
13209,26472,122,74,58
13210,26474,116,73,55
13211,26476,115,72,57
13212,26478,140,73,58
13213,26480,120,73,58
13214,26482,103,72,57
13215,26484,74,73,56
13216,26486,108,74,57
13217,26488,119,74,57
13218,26490,132,73,56
13219,26492,106,74,57
13220,26494,125,73,56
13221,26496,120,73,59
13222,26498,144,73,59
13223,26500,140,74,57
13224,26502,114,73,59
13225,26504,104,73,56
13226,26506,97,73,60
13227,26508,125,74,56
13228,26510,119,73,56
13229,26512,119,74,58
13230,26514,123,74,59
13231,26516,109,74,57
13232,26518,156,74,57
13233,26520,135,74,57
13234,26522,125,74,59
13235,26524,90,73,58
13236,26526,101,74,58
13237,26528,107,73,57
13238,26530,116,73,56
13239,26532,120,74,57
13240,26534,118,75,58
13241,26536,120,72,56
13242,26538,165,73,58
13243,26540,142,74,58
13244,26542,121,73,57
13245,26544,95,73,57
13246,26546,100,73,57
13247,26548,118,73,57
13248,26550,123,73,58
13249,26552,119,74,56
13250,26554,118,73,56
13251,26556,112,73,57
13252,26558,172,73,58
13253,26560,140,73,56
13254,26562,120,73,55
13255,26564,103,73,57
13256,26566,101,73,56
13257,26568,128,73,56
13258,26570,133,73,57
13259,26572,125,72,54
13260,26574,114,74,59
13261,26576,116,73,56
13262,26578,149,73,56
13263,26580,146,74,58
13264,26582,127,73,56
13265,26584,109,73,57
13266,26586,97,73,57
13267,26588,129,73,58
13268,26590,127,74,57
13269,26592,116,73,58
13270,26594,118,74,58
13271,26596,115,74,58
13272,26598,159,73,59
13273,26600,137,73,57
13274,26602,128,72,58
13275,26604,110,73,57
13276,26606,109,75,58
13277,26608,129,73,57
13278,26610,133,76,57
13279,26612,135,74,59
13280,26614,122,74,57
13281,26616,120,73,56
13282,26618,159,74,58
13283,26620,139,74,58
13284,26622,127,74,58
13285,26624,91,72,57
13286,26626,95,74,57
13287,26628,113,74,56
13288,26630,131,74,57
13289,26632,106,76,57
13290,26634,133,74,56
13291,26636,113,74,58
13292,26638,149,73,59
13293,26640,125,72,59
13294,26642,124,75,59
13295,26644,100,75,58
13296,26646,119,74,58
13297,26648,156,74,57
13298,26650,147,73,56
13299,26652,145,73,56
13300,26654,138,73,58
13301,26656,123,74,55
13302,26658,145,73,57
13303,26660,118,74,57
13304,26662,94,74,57
13305,26664,92,72,56
13306,26666,129,73,57
13307,26668,130,75,58
13308,26670,121,74,57
13309,26672,118,74,59
13310,26674,114,73,57
13311,26676,110,74,57
13312,26678,150,74,59
13313,26680,125,74,57
13314,26682,141,73,57
13315,26684,118,75,57
13316,26686,106,74,56
13317,26688,123,73,56
13318,26690,145,77,57
13319,26692,138,72,57
13320,26694,127,73,57
13321,26696,131,74,58
13322,26698,173,73,56
13323,26700,139,73,57
13324,26702,128,73,57
13325,26704,118,72,57
13326,26706,113,76,56
13327,26708,123,74,57
13328,26710,134,74,57
13329,26712,136,74,56
13330,26714,136,74,57
13331,26716,134,74,57
13332,26718,172,75,57
13333,26720,149,74,57
13334,26722,130,73,56
13335,26724,110,74,56
13336,26726,89,74,56
13337,26728,122,74,58
13338,26730,144,74,56
13339,26732,146,74,57
13340,26734,141,77,58
13341,26736,137,74,59
13342,26738,172,73,57
13343,26740,164,73,57
13344,26742,147,72,58
13345,26744,131,73,58
13346,26746,129,72,57
13347,26748,140,72,58
13348,26750,133,72,57
13349,26752,150,71,57
13350,26754,148,72,57
13351,26756,148,71,58
13352,26758,176,71,55
13353,26760,159,71,58
13354,26762,151,71,57
13355,26764,117,71,58
13356,26766,116,70,54
13357,26768,144,70,57
13358,26770,149,71,55
13359,26772,152,71,58
13360,26774,149,71,55
13361,26776,139,71,58
13362,26778,183,71,56
13363,26780,152,70,57
13364,26782,178,96,83
13365,26784,147,95,82
13366,26786,152,96,82
13367,26788,147,96,80
13368,26790,165,95,82
13369,26792,162,97,82
13370,26794,155,95,84
13371,26796,163,96,83
13372,26798,195,95,83
13373,26800,174,97,85
13374,26802,157,96,83
13375,26804,144,96,84
13376,26806,143,96,81
13377,26808,177,96,82
13378,26810,168,96,84
13379,26812,166,95,83
13380,26814,161,97,83
13381,26816,160,96,85
13382,26818,203,96,84
13383,26820,179,95,83
13384,26822,169,96,82
13385,26824,147,95,82
13386,26826,147,95,82
13387,26828,155,96,84
13388,26830,169,95,85
13389,26832,179,97,83
13390,26834,163,95,83
13391,26836,169,96,83
13392,26838,195,95,83
13393,26840,179,96,82
13394,26842,168,95,83
13395,26844,148,94,82
13396,26846,126,95,82
13397,26848,147,95,83
13398,26850,145,95,82
13399,26852,142,96,83
13400,26854,141,96,83
13401,26856,136,95,82
13402,26858,175,96,82
13403,26860,155,96,84
13404,26862,135,95,83
13405,26864,103,95,83
13406,26866,115,95,82
13407,26868,137,96,81
13408,26870,160,94,81
13409,26872,168,96,82
13410,26874,174,96,83
13411,26876,167,96,83
13412,26878,197,95,84
13413,26880,175,95,84
13414,26882,172,97,84
13415,26884,138,95,82
13416,26886,147,96,82
13417,26888,165,96,83
13418,26890,164,96,84
13419,26892,164,96,81
13420,26894,165,96,81
13421,26896,168,96,82
13422,26898,200,95,83
13423,26900,187,96,84
13424,26902,168,95,83
13425,26904,143,95,82
13426,26906,136,94,83
13427,26908,163,94,82
13428,26910,159,94,82
13429,26912,168,95,83
13430,26914,166,94,82
13431,26916,162,94,83
13432,26918,197,94,85
13433,26920,188,94,84
13434,26922,167,94,82
13435,26924,138,93,82
13436,26926,144,93,83
13437,26928,162,94,83
13438,26930,166,94,84
13439,26932,168,94,82
13440,26934,173,94,83
13441,26936,172,93,84
13442,26938,206,95,84
13443,26940,188,94,83
13444,26942,174,92,83
13445,26944,141,94,83
13446,26946,140,94,82
13447,26948,168,94,84
13448,26950,165,94,82
13449,26952,169,94,83
13450,26954,168,94,82
13451,26956,172,94,84
13452,26958,201,94,83
13453,26960,187,94,82
13454,26962,163,95,83
13455,26964,141,94,81
13456,26966,142,95,83
13457,26968,168,95,84
13458,26970,163,94,82
13459,26972,183,94,83
13460,26974,175,94,83
13461,26976,171,95,83
13462,26978,198,95,84
13463,26980,186,94,83
13464,26982,164,94,83
13465,26984,145,94,83
13466,26986,140,94,83
13467,26988,159,94,82
13468,26990,158,95,82
13469,26992,168,95,84
13470,26994,172,94,83
13471,26996,168,94,82
13472,26998,197,95,83
13473,27000,182,94,85
13474,27002,164,95,81
13475,27004,143,94,83
13476,27006,146,94,83
13477,27008,156,94,82
13478,27010,153,94,82
13479,27012,161,94,83
13480,27014,170,97,84
13481,27016,175,94,84
13482,27018,203,94,83
13483,27020,192,95,83
13484,27022,160,95,84
13485,27024,137,95,82
13486,27026,145,95,82
13487,27028,159,95,83
13488,27030,173,95,81
13489,27032,161,95,83
13490,27034,162,95,82
13491,27036,163,93,83
13492,27038,199,94,84
13493,27040,181,94,83
13494,27042,168,95,83
13495,27044,134,94,83
13496,27046,139,95,82
13497,27048,161,95,84
13498,27050,167,95,83
13499,27052,156,95,83
13500,27054,168,95,83
13501,27056,165,94,83
13502,27058,199,95,83
13503,27060,167,94,82
13504,27062,169,95,83
13505,27064,144,94,84
13506,27066,131,95,84
13507,27068,158,94,84
13508,27070,156,94,83
13509,27072,171,94,82
13510,27074,171,94,84
13511,27076,163,94,83
13512,27078,196,95,83
13513,27080,196,94,82
13514,27082,159,95,83
13515,27084,134,96,83
13516,27086,145,94,83
13517,27088,160,95,84
13518,27090,158,95,83
13519,27092,164,95,83
13520,27094,159,95,83
13521,27096,155,95,82
13522,27098,195,95,84
13523,27100,182,95,83
13524,27102,159,94,84
13525,27104,145,95,83
13526,27106,148,96,84
13527,27108,151,95,84
13528,27110,160,95,83
13529,27112,153,95,83
13530,27114,164,95,82
13531,27116,171,95,82
13532,27118,176,94,84
13533,27120,157,95,84
13534,27122,167,95,84
13535,27124,153,94,82
13536,27126,150,95,82
13537,27128,166,95,82
13538,27130,159,94,85
13539,27132,142,94,85
13540,27134,178,94,85
13541,27136,163,94,83
13542,27138,186,94,83
13543,27140,185,95,84
13544,27142,168,95,82
13545,27144,147,95,82
13546,27146,152,94,84
13547,27148,173,94,81
13548,27150,158,95,84
13549,27152,179,95,84
13550,27154,180,94,82
13551,27156,173,95,83
13552,27158,205,95,82
13553,27160,162,94,82
13554,27162,169,93,84
13555,27164,139,95,83
13556,27166,150,94,83
13557,27168,166,95,83
13558,27170,157,94,80
13559,27172,171,94,82
13560,27174,176,94,82
13561,27176,141,94,82
13562,27178,179,94,83
13563,27180,190,93,82
13564,27182,178,95,84
13565,27184,155,95,83
13566,27186,167,94,81
13567,27188,181,94,83
13568,27190,188,94,83
13569,27192,187,94,83
13570,27194,186,94,82
13571,27196,180,94,83
13572,27198,210,94,81
13573,27200,190,94,83
13574,27202,177,93,81
13575,27204,161,94,82
13576,27206,164,94,83
13577,27208,174,94,84
13578,27210,183,94,81
13579,27212,186,94,82
13580,27214,178,93,83
13581,27216,179,94,84
13582,27218,225,93,84
13583,27220,198,95,82
13584,27222,182,95,83
13585,27224,164,94,82
13586,27226,168,94,82
13587,27228,178,94,81
13588,27230,176,95,82
13589,27232,192,94,82
13590,27234,177,93,81
13591,27236,183,95,83
13592,27238,209,95,83
13593,27240,193,94,82
13594,27242,182,92,83
13595,27244,148,94,82
13596,27246,165,94,83
13597,27248,180,95,84
13598,27250,178,94,81
13599,27252,191,95,84
13600,27254,176,95,81
13601,27256,175,92,83
13602,27258,191,94,83
13603,27260,186,94,81
13604,27262,173,93,82
13605,27264,150,94,81
13606,27266,157,93,81
13607,27268,181,93,79
13608,27270,183,93,82
13609,27272,178,93,84
13610,27274,175,92,82
13611,27276,164,93,82
13612,27278,209,93,82
13613,27280,189,93,80
13614,27282,187,94,82
13615,27284,154,92,82
13616,27286,157,93,82
13617,27288,174,93,83
13618,27290,178,94,83
13619,27292,176,94,83
13620,27294,174,94,84
13621,27296,173,94,83
13622,27298,203,94,84
13623,27300,184,93,82
13624,27302,172,93,82
13625,27304,149,93,82
13626,27306,167,93,84
13627,27308,180,93,83
13628,27310,172,92,83
13629,27312,173,92,83
13630,27314,167,91,82
13631,27316,173,93,82
13632,27318,212,93,82
13633,27320,190,93,83
13634,27322,178,92,83
13635,27324,153,93,83
13636,27326,169,92,83
13637,27328,180,93,82
13638,27330,178,93,82
13639,27332,190,93,82
13640,27334,177,93,82
13641,27336,166,93,83
13642,27338,206,92,84
13643,27340,184,96,83
13644,27342,174,93,83
13645,27344,153,93,82
13646,27346,169,93,83
13647,27348,176,93,83
13648,27350,180,94,83
13649,27352,181,93,83
13650,27354,165,92,83
13651,27356,170,93,82
13652,27358,201,93,82
13653,27360,192,93,82
13654,27362,180,94,83
13655,27364,149,94,83
13656,27366,165,94,82
13657,27368,180,95,84
13658,27370,177,94,84
13659,27372,184,95,83
13660,27374,178,93,82
13661,27376,170,93,82
13662,27378,213,93,82
13663,27380,182,92,82
13664,27382,177,92,82
13665,27384,152,94,82
13666,27386,165,94,83
13667,27388,189,93,82
13668,27390,181,93,82
13669,27392,180,93,82
13670,27394,180,94,83
13671,27396,172,93,83
13672,27398,204,93,82
13673,27400,188,92,83
13674,27402,173,93,83
13675,27404,147,94,83
13676,27406,159,94,83
13677,27408,172,93,81
13678,27410,173,94,82
13679,27412,178,94,81
13680,27414,179,92,81
13681,27416,161,94,83
13682,27418,205,94,83
13683,27420,183,94,82
13684,27422,169,94,83
13685,27424,146,93,81
13686,27426,163,94,82
13687,27428,172,93,81
13688,27430,179,95,82
13689,27432,177,93,83
13690,27434,165,93,81
13691,27436,165,93,83
13692,27438,206,93,85
13693,27440,195,94,83
13694,27442,171,93,84
13695,27444,145,94,82
13696,27446,161,94,82
13697,27448,178,92,83
13698,27450,171,94,81
13699,27452,173,93,83
13700,27454,171,93,82
13701,27456,166,93,81
13702,27458,217,93,81
13703,27460,183,92,82
13704,27462,172,93,81
13705,27464,151,93,82
13706,27466,154,93,82
13707,27468,170,93,83
13708,27470,178,94,83
13709,27472,175,93,82
13710,27474,172,93,82
13711,27476,171,93,81
13712,27478,201,94,81
13713,27480,186,93,82
13714,27482,180,93,82
13715,27484,142,93,82
13716,27486,160,93,82
13717,27488,171,94,83
13718,27490,160,93,83
13719,27492,174,93,81
13720,27494,171,93,82
13721,27496,170,94,83
13722,27498,204,93,80
13723,27500,182,93,84
13724,27502,179,93,82
13725,27504,143,93,82
13726,27506,154,93,81
13727,27508,167,93,81
13728,27510,182,93,82
13729,27512,166,93,83
13730,27514,170,93,82
13731,27516,178,93,82
13732,27518,211,94,83
13733,27520,193,93,83
13734,27522,175,93,82
13735,27524,141,90,85
13736,27526,158,94,82
13737,27528,173,94,81
13738,27530,173,93,82
13739,27532,170,93,84
13740,27534,176,93,80
13741,27536,170,93,82
13742,27538,201,95,82
13743,27540,194,94,83
13744,27542,188,94,82
13745,27544,159,94,83
13746,27546,160,93,82
13747,27548,172,93,82
13748,27550,165,93,84
13749,27552,166,94,83
13750,27554,177,93,83
13751,27556,174,93,83
13752,27558,212,93,82
13753,27560,193,92,85
13754,27562,177,92,83
13755,27564,143,92,83
13756,27566,159,92,83
13757,27568,170,92,84
13758,27570,163,91,81
13759,27572,171,92,82
13760,27574,157,93,83
13761,27576,169,92,83
13762,27578,205,92,84
13763,27580,188,92,83
13764,27582,177,92,85
13765,27584,143,92,82
13766,27586,159,91,83
13767,27588,176,91,83
13768,27590,171,91,84
13769,27592,171,90,83
13770,27594,166,91,83
13771,27596,169,92,82
13772,27598,202,91,85
13773,27600,181,91,82
13774,27602,177,92,82
13775,27604,148,91,81
13776,27606,157,91,83
13777,27608,177,91,83
13778,27610,175,90,83
13779,27612,167,90,83
13780,27614,174,90,84
13781,27616,176,91,81
13782,27618,203,90,82
13783,27620,190,91,81
13784,27622,177,90,82
13785,27624,152,91,83
13786,27626,159,90,81
13787,27628,181,91,84
13788,27630,176,94,83
13789,27632,177,91,82
13790,27634,171,92,82
13791,27636,177,93,82
13792,27638,201,93,81
13793,27640,188,92,83
13794,27642,173,92,83
13795,27644,148,92,82
13796,27646,160,93,82
13797,27648,166,92,82
13798,27650,160,93,82
13799,27652,169,92,83
13800,27654,168,92,83
13801,27656,176,93,84
13802,27658,208,93,83
13803,27660,189,91,82
13804,27662,177,93,83
13805,27664,146,92,83
13806,27666,158,93,82
13807,27668,173,93,83
13808,27670,170,93,83
13809,27672,173,92,82
13810,27674,179,92,83
13811,27676,170,93,83
13812,27678,204,93,83
13813,27680,183,93,81
13814,27682,176,93,82
13815,27684,148,92,80
13816,27686,159,93,82
13817,27688,162,93,84
13818,27690,168,92,82
13819,27692,169,93,83
13820,27694,180,93,83
13821,27696,174,93,82
13822,27698,204,93,83
13823,27700,188,92,83
13824,27702,182,94,82
13825,27704,159,92,83
13826,27706,157,92,82
13827,27708,175,92,82
13828,27710,170,92,83
13829,27712,173,93,82
13830,27714,175,92,82
13831,27716,177,93,83
13832,27718,204,93,82
13833,27720,184,92,83
13834,27722,178,94,82
13835,27724,131,92,82
13836,27726,156,93,83
13837,27728,173,93,83
13838,27730,171,92,82
13839,27732,165,93,82
13840,27734,173,93,83
13841,27736,177,92,83
13842,27738,203,90,82
13843,27740,185,93,83
13844,27742,177,92,83
13845,27744,144,92,82
13846,27746,161,92,82
13847,27748,177,93,83
13848,27750,164,92,81
13849,27752,173,92,82
13850,27754,162,92,82
13851,27756,171,92,83
13852,27758,210,93,83
13853,27760,188,94,83
13854,27762,175,92,82
13855,27764,138,92,81
13856,27766,159,93,82
13857,27768,172,93,83
13858,27770,180,92,82
13859,27772,171,94,83
13860,27774,174,92,82
13861,27776,181,93,84
13862,27778,210,92,82
13863,27780,198,93,82
13864,27782,177,93,82
13865,27784,155,92,82
13866,27786,148,93,83
13867,27788,161,93,80
13868,27790,164,93,83
13869,27792,167,93,83
13870,27794,183,92,82
13871,27796,182,93,83
13872,27798,222,92,82
13873,27800,190,93,82
13874,27802,180,93,82
13875,27804,150,93,83
13876,27806,157,93,83
13877,27808,178,93,83
13878,27810,176,93,81
13879,27812,178,92,81
13880,27814,182,93,82
13881,27816,177,92,83
13882,27818,199,93,82
13883,27820,185,92,83
13884,27822,180,93,83
13885,27824,147,94,82
13886,27826,159,92,83
13887,27828,168,92,81
13888,27830,163,94,82
13889,27832,168,92,81
13890,27834,178,92,82
13891,27836,169,92,82
13892,27838,203,93,84
13893,27840,187,94,82
13894,27842,162,91,82
13895,27844,147,92,81
13896,27846,158,93,82
13897,27848,176,93,83
13898,27850,178,93,82
13899,27852,186,93,82
13900,27854,178,93,82
13901,27856,172,93,82
13902,27858,197,93,82
13903,27860,183,92,82
13904,27862,181,93,82
13905,27864,147,92,83
13906,27866,167,93,83
13907,27868,176,93,82
13908,27870,182,93,83
13909,27872,173,93,82
13910,27874,178,93,83
13911,27876,172,92,81
13912,27878,209,93,81
13913,27880,183,93,83
13914,27882,189,93,82
13915,27884,158,93,83
13916,27886,162,93,83
13917,27888,158,93,83
13918,27890,167,93,78
13919,27892,170,93,82
13920,27894,174,93,83
13921,27896,175,93,84
13922,27898,204,93,83
13923,27900,171,92,82
13924,27902,173,93,84
13925,27904,145,92,81
13926,27906,153,93,81
13927,27908,170,93,83
13928,27910,174,94,84
13929,27912,176,92,82
13930,27914,178,93,83
13931,27916,182,92,81
13932,27918,211,93,83
13933,27920,185,93,82
13934,27922,184,93,82
13935,27924,143,93,80
13936,27926,165,92,82
13937,27928,176,93,84
13938,27930,180,93,82
13939,27932,173,93,81
13940,27934,175,93,81
13941,27936,179,94,83
13942,27938,206,93,83
13943,27940,186,93,83
13944,27942,171,93,81
13945,27944,139,93,83
13946,27946,163,93,83
13947,27948,175,93,85
13948,27950,182,93,83
13949,27952,178,93,82
13950,27954,163,93,82
13951,27956,184,93,81
13952,27958,210,94,84
13953,27960,180,93,82
13954,27962,174,93,82
13955,27964,150,93,83
13956,27966,159,93,82
13957,27968,173,93,81
13958,27970,184,94,82
13959,27972,179,93,82
13960,27974,173,93,81
13961,27976,181,93,82
13962,27978,197,93,84
13963,27980,176,93,82
13964,27982,165,92,82
13965,27984,149,93,83
13966,27986,167,94,82
13967,27988,177,93,80
13968,27990,171,93,80
13969,27992,178,93,82
13970,27994,172,93,81
13971,27996,168,93,81
13972,27998,207,91,83
13973,28000,179,93,82
13974,28002,172,92,84
13975,28004,150,90,81
13976,28006,168,91,83
13977,28008,179,90,82
13978,28010,176,90,82
13979,28012,171,91,86
13980,28014,164,89,81
13981,28016,178,90,81
13982,28018,202,91,83
13983,28020,178,91,82
13984,28022,173,91,82
13985,28024,142,90,81
13986,28026,159,90,83
13987,28028,170,90,82
13988,28030,174,90,82
13989,28032,180,90,82
13990,28034,175,90,82
13991,28036,180,91,82
13992,28038,185,90,82
13993,28040,180,90,84
13994,28042,169,93,82
13995,28044,137,91,82
13996,28046,158,90,82
13997,28048,172,91,81
13998,28050,171,90,82
13999,28052,177,90,83
14000,28054,171,90,82
14001,28056,179,91,83
14002,28058,201,90,84
14003,28060,177,89,82
14004,28062,165,90,83
14005,28064,135,91,82
14006,28066,151,89,81
14007,28068,167,90,81
14008,28070,181,90,82
14009,28072,175,89,81
14010,28074,170,90,83
14011,28076,177,90,82
14012,28078,199,90,82
14013,28080,175,90,83
14014,28082,161,90,81
14015,28084,140,90,82
14016,28086,158,91,82
14017,28088,173,89,82
14018,28090,177,90,82
14019,28092,179,91,83
14020,28094,172,91,82
14021,28096,186,91,82
14022,28098,208,90,82
14023,28100,185,89,82
14024,28102,174,88,82
14025,28104,140,92,82
14026,28106,154,92,81
14027,28108,167,92,82
14028,28110,179,93,83
14029,28112,172,93,82
14030,28114,170,93,83
14031,28116,184,93,83
14032,28118,198,92,82
14033,28120,177,92,83
14034,28122,163,93,82
14035,28124,136,92,82
14036,28126,147,93,83
14037,28128,168,95,83
14038,28130,168,92,82
14039,28132,181,92,80
14040,28134,177,93,82
14041,28136,193,93,84
14042,28138,200,93,85
14043,28140,182,93,82
14044,28142,174,92,83
14045,28144,140,93,82
14046,28146,155,93,83
14047,28148,171,93,82
14048,28150,170,93,82
14049,28152,174,93,83
14050,28154,175,90,81
14051,28156,200,91,83
14052,28158,201,91,83
14053,28160,179,91,82
14054,28162,173,91,81
14055,28164,138,91,81
14056,28166,156,91,83
14057,28168,172,91,83
14058,28170,170,92,82
14059,28172,203,90,81
14060,28174,183,91,82
14061,28176,203,91,83
14062,28178,200,91,80
14063,28180,179,91,82
14064,28182,172,91,82
14065,28184,138,90,82
14066,28186,155,91,84
14067,28188,177,91,83
14068,28190,166,91,83
14069,28192,173,91,82
14070,28194,180,91,83
14071,28196,200,92,82
14072,28198,199,90,81
14073,28200,179,91,82
14074,28202,178,90,83
14075,28204,134,90,82
14076,28206,155,90,82
14077,28208,171,91,81
14078,28210,175,91,83
14079,28212,174,91,81
14080,28214,174,91,83
14081,28216,207,91,84
14082,28218,202,91,83
14083,28220,189,90,82
14084,28222,169,91,82
14085,28224,138,91,80
14086,28226,149,91,82
14087,28228,161,91,81
14088,28230,174,90,82
14089,28232,176,92,83
14090,28234,176,90,83
14091,28236,206,91,83
14092,28238,204,91,83
14093,28240,184,91,83
14094,28242,172,90,82
14095,28244,143,91,82
14096,28246,157,91,83
14097,28248,173,90,82
14098,28250,176,89,79
14099,28252,176,90,81
14100,28254,180,90,82
14101,28256,209,90,82
14102,28258,203,90,81
14103,28260,188,90,80
14104,28262,178,90,81
14105,28264,140,90,81
14106,28266,152,89,81
14107,28268,170,89,82
14108,28270,182,91,82
14109,28272,173,91,81
14110,28274,185,90,82
14111,28276,210,89,82
14112,28278,202,90,82
14113,28280,187,89,81
14114,28282,177,90,81
14115,28284,140,89,81
14116,28286,157,90,81
14117,28288,175,91,82
14118,28290,175,90,81
14119,28292,181,90,80
14120,28294,179,90,81
14121,28296,214,89,81
14122,28298,209,90,80
14123,28300,184,90,81
14124,28302,167,90,81
14125,28304,146,89,81
14126,28306,153,90,81
14127,28308,178,90,82
14128,28310,176,90,81
14129,28312,178,89,81
14130,28314,176,90,81
14131,28316,219,89,81
14132,28318,209,90,81
14133,28320,195,90,81
14134,28322,176,90,81
14135,28324,143,91,81
14136,28326,150,90,80
14137,28328,158,90,81
14138,28330,168,90,81
14139,28332,172,90,81
14140,28334,163,90,80
14141,28336,205,90,82
14142,28338,203,90,81
14143,28340,178,89,82
14144,28342,171,90,80
14145,28344,145,89,81
14146,28346,152,89,81
14147,28348,162,90,80
14148,28350,170,89,81
14149,28352,181,91,81
14150,28354,181,90,81
14151,28356,204,90,81
14152,28358,192,89,88
14153,28360,184,90,82
14154,28362,175,90,82
14155,28364,144,91,81
14156,28366,156,90,81
14157,28368,168,90,81
14158,28370,179,90,81
14159,28372,175,90,82
14160,28374,173,90,81
14161,28376,201,90,81
14162,28378,189,89,82
14163,28380,184,90,82
14164,28382,165,90,81
14165,28384,126,90,82
14166,28386,144,89,80
14167,28388,161,90,81
14168,28390,170,90,82
14169,28392,175,90,81
14170,28394,177,89,82
14171,28396,195,90,81
14172,28398,191,91,82
14173,28400,172,90,81
14174,28402,163,90,81
14175,28404,134,90,81
14176,28406,150,90,81
14177,28408,173,90,82
14178,28410,166,90,81
14179,28412,168,89,82
14180,28414,180,89,82
14181,28416,206,90,82
14182,28418,194,89,81
14183,28420,181,90,82
14184,28422,169,90,79
14185,28424,139,89,80
14186,28426,155,90,82
14187,28428,173,90,82
14188,28430,169,90,81
14189,28432,167,89,82
14190,28434,176,90,82
14191,28436,203,90,82
14192,28438,202,91,82
14193,28440,176,90,82
14194,28442,163,90,81
14195,28444,142,90,82
14196,28446,151,89,81
14197,28448,176,89,81
14198,28450,172,91,82
14199,28452,173,90,81
14200,28454,173,90,80
14201,28456,201,90,82
14202,28458,202,89,81
14203,28460,181,90,81
14204,28462,170,89,81
14205,28464,143,91,81
14206,28466,154,90,81
14207,28468,173,90,79
14208,28470,186,89,80
14209,28472,178,90,82
14210,28474,171,90,81
14211,28476,201,90,83
14212,28478,195,91,82
14213,28480,178,90,81
14214,28482,169,90,81
14215,28484,135,90,81
14216,28486,146,90,81
14217,28488,175,90,83
14218,28490,161,90,82
14219,28492,176,89,81
14220,28494,165,90,82
14221,28496,202,90,81
14222,28498,191,89,80
14223,28500,174,90,81
14224,28502,166,90,81
14225,28504,135,90,82
14226,28506,146,90,81
14227,28508,150,90,81
14228,28510,162,90,82
14229,28512,171,91,81
14230,28514,164,89,81
14231,28516,197,90,82
14232,28518,183,90,81
14233,28520,172,90,81
14234,28522,164,90,83
14235,28524,131,90,82
14236,28526,150,90,82
14237,28528,174,90,82
14238,28530,174,90,81
14239,28532,171,90,81
14240,28534,164,91,81
14241,28536,199,90,82
14242,28538,191,90,81
14243,28540,167,89,82
14244,28542,167,90,81
14245,28544,143,90,81
14246,28546,153,90,83
14247,28548,169,90,83
14248,28550,171,91,82
14249,28552,169,90,82
14250,28554,167,90,81
14251,28556,201,91,82
14252,28558,199,90,82
14253,28560,179,90,81
14254,28562,165,90,83
14255,28564,142,90,82
14256,28566,149,90,82
14257,28568,169,90,81
14258,28570,174,90,81
14259,28572,173,89,81
14260,28574,162,90,81
14261,28576,201,90,83
14262,28578,200,90,83
14263,28580,169,90,82
14264,28582,172,90,81
14265,28584,150,90,81
14266,28586,156,90,83
14267,28588,173,90,83
14268,28590,179,90,80
14269,28592,184,90,81
14270,28594,166,90,83
14271,28596,200,90,82
14272,28598,189,90,81
14273,28600,171,90,82
14274,28602,169,91,81
14275,28604,142,90,82
14276,28606,153,90,81
14277,28608,171,91,82
14278,28610,174,91,82
14279,28612,180,91,82
14280,28614,166,90,82
14281,28616,200,90,80
14282,28618,196,90,83
14283,28620,175,90,84
14284,28622,168,89,82
14285,28624,146,91,81
14286,28626,159,90,81
14287,28628,169,90,82
14288,28630,178,91,81
14289,28632,189,89,82
14290,28634,177,90,82
14291,28636,204,90,82
14292,28638,199,90,81
14293,28640,180,90,82
14294,28642,172,91,81
14295,28644,150,89,79
14296,28646,160,90,83
14297,28648,176,91,81
14298,28650,180,90,81
14299,28652,177,90,81
14300,28654,179,91,82
14301,28656,209,90,82
14302,28658,199,90,83
14303,28660,173,90,82
14304,28662,180,90,81
14305,28664,143,91,83
14306,28666,155,89,82
14307,28668,177,91,84
14308,28670,174,90,82
14309,28672,180,90,81
14310,28674,173,90,81
14311,28676,199,90,81
14312,28678,199,91,82
14313,28680,177,90,81
14314,28682,168,91,80
14315,28684,143,91,81
14316,28686,159,89,80
14317,28688,175,90,82
14318,28690,178,90,81
14319,28692,177,90,81
14320,28694,173,91,81
14321,28696,196,90,81
14322,28698,198,90,82
14323,28700,177,90,82
14324,28702,167,92,83
14325,28704,145,90,81
14326,28706,157,90,81
14327,28708,170,90,80
14328,28710,169,90,81
14329,28712,187,91,82
14330,28714,170,90,82
14331,28716,195,90,82
14332,28718,198,89,81
14333,28720,177,92,81
14334,28722,167,90,82
14335,28724,146,90,80
14336,28726,159,91,81
14337,28728,175,90,82
14338,28730,182,89,81
14339,28732,183,90,83
14340,28734,179,90,83
14341,28736,202,91,81
14342,28738,200,90,81
14343,28740,169,90,82
14344,28742,168,90,81
14345,28744,145,90,82
14346,28746,159,91,82
14347,28748,162,90,82
14348,28750,174,90,82
14349,28752,175,91,81
14350,28754,178,90,82
14351,28756,197,90,83
14352,28758,198,90,81
14353,28760,180,90,82
14354,28762,175,90,83
14355,28764,146,90,83
14356,28766,155,90,81
14357,28768,167,91,83
14358,28770,174,92,82
14359,28772,168,90,82
14360,28774,165,91,81
14361,28776,200,90,82
14362,28778,195,89,81
14363,28780,179,91,83
14364,28782,169,91,84
14365,28784,144,90,81
14366,28786,161,90,81
14367,28788,179,90,81
14368,28790,176,90,81
14369,28792,179,91,82
14370,28794,173,90,81
14371,28796,206,90,82
14372,28798,205,90,82
14373,28800,179,91,82
14374,28802,175,90,81
14375,28804,158,92,82
14376,28806,162,90,81
14377,28808,178,90,81
14378,28810,183,90,82
14379,28812,186,90,82
14380,28814,176,91,82
14381,28816,210,91,82
14382,28818,211,90,81
14383,28820,189,91,82
14384,28822,175,90,81
14385,28824,152,90,81
14386,28826,163,91,82
14387,28828,178,91,82
14388,28830,179,90,80
14389,28832,180,91,81
14390,28834,175,91,82
14391,28836,207,91,82
14392,28838,206,91,81
14393,28840,191,90,80
14394,28842,180,90,82
14395,28844,150,90,82
14396,28846,166,90,83
14397,28848,182,91,82
14398,28850,178,90,82
14399,28852,184,91,81
14400,28854,175,91,81
14401,28856,206,90,82
14402,28858,199,91,82
14403,28860,188,90,82
14404,28862,182,90,83
14405,28864,151,91,81
14406,28866,164,90,82
14407,28868,182,90,82
14408,28870,174,91,82
14409,28872,178,91,82
14410,28874,180,91,82
14411,28876,212,91,83
14412,28878,203,91,83
14413,28880,196,91,81
14414,28882,173,91,82
14415,28884,152,90,81
14416,28886,160,91,81
14417,28888,177,90,83
14418,28890,172,90,83
14419,28892,175,90,83
14420,28894,172,91,82
14421,28896,211,91,82
14422,28898,208,91,83
14423,28900,187,89,81
14424,28902,172,91,82
14425,28904,149,90,81
14426,28906,161,90,82
14427,28908,171,91,82
14428,28910,172,91,82
14429,28912,172,91,82
14430,28914,172,90,82
14431,28916,206,92,82
14432,28918,213,91,80
14433,28920,187,92,82
14434,28922,172,91,82
14435,28924,154,90,83
14436,28926,156,91,82
14437,28928,175,91,83
14438,28930,180,91,82
14439,28932,175,90,81
14440,28934,178,91,81
14441,28936,206,91,81
14442,28938,209,90,82
14443,28940,189,91,82
14444,28942,175,90,83
14445,28944,152,90,81
14446,28946,157,90,81
14447,28948,174,90,83
14448,28950,174,91,82
14449,28952,178,91,82
14450,28954,170,91,82
14451,28956,209,90,83
14452,28958,203,91,82
14453,28960,183,91,83
14454,28962,171,91,82
14455,28964,151,90,81
14456,28966,160,91,81
14457,28968,181,92,82
14458,28970,171,91,82
14459,28972,178,91,83
14460,28974,169,91,83
14461,28976,206,91,82
14462,28978,202,91,83
14463,28980,183,90,81
14464,28982,169,91,81
14465,28984,142,91,82
14466,28986,154,89,80
14467,28988,169,91,81
14468,28990,166,91,82
14469,28992,192,91,82
14470,28994,179,90,82
14471,28996,204,91,82
14472,28998,199,91,82
14473,29000,177,89,82
14474,29002,163,90,81
14475,29004,140,90,81
14476,29006,152,90,81
14477,29008,171,90,84
14478,29010,165,90,80
14479,29012,176,91,82
14480,29014,183,91,82
14481,29016,207,92,83
14482,29018,201,90,81
14483,29020,184,89,82
14484,29022,165,91,82
14485,29024,146,91,82
14486,29026,155,90,81
14487,29028,170,91,82
14488,29030,171,91,82
14489,29032,187,91,82
14490,29034,174,91,83
14491,29036,202,90,82
14492,29038,206,91,83
14493,29040,182,91,82
14494,29042,169,90,81
14495,29044,145,90,81
14496,29046,151,90,81
14497,29048,174,90,82
14498,29050,172,90,82
14499,29052,174,87,81
14500,29054,175,90,82
14501,29056,209,91,83
14502,29058,204,91,82
14503,29060,181,91,81
14504,29062,158,91,81
14505,29064,138,90,80
14506,29066,153,90,82
14507,29068,162,90,82
14508,29070,160,90,83
14509,29072,165,90,82
14510,29074,166,91,81
14511,29076,207,89,81
14512,29078,194,91,82
14513,29080,173,92,82
14514,29082,156,92,83
14515,29084,136,90,81
14516,29086,152,91,83
14517,29088,165,90,83
14518,29090,184,91,81
14519,29092,170,91,82
14520,29094,163,91,81
14521,29096,196,91,82
14522,29098,188,91,83
14523,29100,181,91,82
14524,29102,167,91,82
14525,29104,135,90,81
14526,29106,147,90,80
14527,29108,169,91,82
14528,29110,164,91,81
14529,29112,171,91,82
14530,29114,172,91,82
14531,29116,207,90,82
14532,29118,205,91,83
14533,29120,175,92,82
14534,29122,156,91,82
14535,29124,143,90,80
14536,29126,150,91,79
14537,29128,168,90,82
14538,29130,177,90,81
14539,29132,170,90,82
14540,29134,166,90,82
14541,29136,205,91,82
14542,29138,188,90,83
14543,29140,174,91,82
14544,29142,161,91,83
14545,29144,151,91,81
14546,29146,152,90,82
14547,29148,166,91,81
14548,29150,170,91,80
14549,29152,174,91,82
14550,29154,166,91,80
14551,29156,205,91,82
14552,29158,197,91,82
14553,29160,166,90,80
14554,29162,156,90,82
14555,29164,136,90,82
14556,29166,166,91,82
14557,29168,164,91,81
14558,29170,166,91,81
14559,29172,179,91,83
14560,29174,164,91,82
14561,29176,203,91,82
14562,29178,195,90,81
14563,29180,177,91,82
14564,29182,150,90,82
14565,29184,141,90,81
14566,29186,155,91,82
14567,29188,171,90,81
14568,29190,172,91,82
14569,29192,175,91,82
14570,29194,162,91,82
14571,29196,200,90,83
14572,29198,199,91,84
14573,29200,168,91,82
14574,29202,161,90,80
14575,29204,134,91,82
14576,29206,154,90,83
14577,29208,170,92,80
14578,29210,169,91,82
14579,29212,168,90,80
14580,29214,167,91,80
14581,29216,210,92,82
14582,29218,202,90,83
14583,29220,177,91,81
14584,29222,158,91,81
14585,29224,147,91,83
14586,29226,152,91,81
14587,29228,171,90,82
14588,29230,189,92,78
14589,29232,174,91,82
14590,29234,173,90,82
14591,29236,210,91,82
14592,29238,199,91,82
14593,29240,171,91,82
14594,29242,159,90,82
14595,29244,135,90,81
14596,29246,142,91,83
14597,29248,168,91,81
14598,29250,171,91,80
14599,29252,162,91,82
14600,29254,167,91,82
14601,29256,201,91,81
14602,29258,194,90,82
14603,29260,166,91,83
14604,29262,147,91,81
14605,29264,149,91,82
14606,29266,152,91,82
14607,29268,169,90,81
14608,29270,171,93,82
14609,29272,168,91,83
14610,29274,167,90,81
14611,29276,201,90,82
14612,29278,198,90,81
14613,29280,172,90,83
14614,29282,158,91,81
14615,29284,149,90,81
14616,29286,154,91,81
14617,29288,173,90,81
14618,29290,179,91,82
14619,29292,176,90,82
14620,29294,168,89,83
14621,29296,206,90,81
14622,29298,203,90,82
14623,29300,172,91,82
14624,29302,156,91,82
14625,29304,143,91,82
14626,29306,164,90,81
14627,29308,174,90,81
14628,29310,178,91,82
14629,29312,169,91,82
14630,29314,169,90,81
14631,29316,201,91,82
14632,29318,191,91,82
14633,29320,174,90,83
14634,29322,154,90,83
14635,29324,143,90,82
14636,29326,168,90,83
14637,29328,170,91,81
14638,29330,170,90,81
14639,29332,170,79,81
14640,29334,175,91,83
14641,29336,206,91,81
14642,29338,197,91,83
14643,29340,172,91,82
14644,29342,152,90,82
14645,29344,152,91,82
14646,29346,167,91,81
14647,29348,168,91,82
14648,29350,172,91,82
14649,29352,176,90,83
14650,29354,166,91,84
14651,29356,209,91,82
14652,29358,197,91,83
14653,29360,178,91,82
14654,29362,157,90,82
14655,29364,153,91,80
14656,29366,174,91,83
14657,29368,170,91,84
14658,29370,172,91,82
14659,29372,174,92,81
14660,29374,166,94,81
14661,29376,210,93,83
14662,29378,208,92,82
14663,29380,170,93,81
14664,29382,153,94,82
14665,29384,147,93,81
14666,29386,172,93,83
14667,29388,165,93,82
14668,29390,174,93,82
14669,29392,169,94,82
14670,29394,170,93,82
14671,29396,202,92,82
14672,29398,202,94,83
14673,29400,173,92,83
14674,29402,164,93,82
14675,29404,159,93,83
14676,29406,171,94,82
14677,29408,171,93,83
14678,29410,179,93,83
14679,29412,168,94,81
14680,29414,178,94,82
14681,29416,202,93,81
14682,29418,204,92,83
14683,29420,178,92,82
14684,29422,149,93,82
14685,29424,145,93,82
14686,29426,168,93,83
14687,29428,181,92,81
14688,29430,168,93,82
14689,29432,177,93,81
14690,29434,169,92,82
14691,29436,198,96,81
14692,29438,202,94,84
14693,29440,185,93,82
14694,29442,155,92,84
14695,29444,150,92,82
14696,29446,172,93,81
14697,29448,177,92,82
14698,29450,170,93,83
14699,29452,169,93,82
14700,29454,173,93,82
14701,29456,209,93,82
14702,29458,202,92,83
14703,29460,172,93,82
14704,29462,151,93,80
14705,29464,149,92,81
14706,29466,164,91,81
14707,29468,174,92,82
14708,29470,177,94,82
14709,29472,171,93,82
14710,29474,171,92,82
14711,29476,205,94,83
14712,29478,206,93,82
14713,29480,175,92,82
14714,29482,154,92,83
14715,29484,150,93,81
14716,29486,169,92,82
14717,29488,168,92,82
14718,29490,156,92,83
14719,29492,165,93,81
14720,29494,171,92,82
14721,29496,203,92,83
14722,29498,199,93,83
14723,29500,172,93,83
14724,29502,148,93,83
14725,29504,143,94,82
14726,29506,168,93,82
14727,29508,158,93,83
14728,29510,165,93,82
14729,29512,167,92,84
14730,29514,176,92,83
14731,29516,206,92,82
14732,29518,201,92,82
14733,29520,174,92,82
14734,29522,149,92,82
14735,29524,140,92,81
14736,29526,164,94,82
14737,29528,171,93,82
14738,29530,168,93,82
14739,29532,170,93,82
14740,29534,168,93,83
14741,29536,202,94,83
14742,29538,197,93,82
14743,29540,178,92,82
14744,29542,154,93,82
14745,29544,138,93,82
14746,29546,168,93,83
14747,29548,163,93,83
14748,29550,163,93,82
14749,29552,177,93,83
14750,29554,172,92,82
14751,29556,195,94,83
14752,29558,185,93,83
14753,29560,181,93,84
14754,29562,145,93,83
14755,29564,144,93,82
14756,29566,165,93,82
14757,29568,169,93,82
14758,29570,167,93,82
14759,29572,167,94,83
14760,29574,177,93,82
14761,29576,209,93,83
14762,29578,202,93,83
14763,29580,176,93,83
14764,29582,107,93,82
14765,29584,84,92,82
14766,29586,122,92,82
14767,29588,116,93,83
14768,29590,121,93,82
14769,29592,104,93,82
14770,29594,116,92,83
14771,29596,168,93,83
14772,29598,162,93,83
14773,29600,126,93,82
14774,29602,118,93,81
14775,29604,102,91,82
14776,29606,131,91,82
14777,29608,152,91,82
14778,29610,138,90,83
14779,29612,139,91,82
14780,29614,143,89,82
14781,29616,180,89,83
14782,29618,169,88,82
14783,29620,153,87,83
14784,29622,109,88,82
14785,29624,106,88,80
14786,29626,134,88,82
14787,29628,147,89,83
14788,29630,138,89,82
14789,29632,142,89,82
14790,29634,137,89,83
14791,29636,167,91,83
14792,29638,175,90,82
14793,29640,133,88,82
14794,29642,107,87,82
14795,29644,121,87,80
14796,29646,135,86,82
14797,29648,149,87,82
14798,29650,145,87,82
14799,29652,129,87,83
14800,29654,139,87,83
14801,29656,174,88,82
14802,29658,159,87,83
14803,29660,139,88,82
14804,29662,99,87,82
14805,29664,128,87,82
14806,29666,159,88,83
14807,29668,152,88,82
14808,29670,166,88,82
14809,29672,160,88,82
14810,29674,161,87,82
14811,29676,193,88,83
14812,29678,188,88,81
14813,29680,167,87,82
14814,29682,135,86,82
14815,29684,125,88,82
14816,29686,144,88,83
14817,29688,145,88,81
14818,29690,151,88,82
14819,29692,156,87,81
14820,29694,157,87,82
14821,29696,194,88,84
14822,29698,181,87,83
14823,29700,157,87,82
14824,29702,126,87,82
14825,29704,117,87,82
14826,29706,141,87,81
14827,29708,153,88,81
14828,29710,155,88,82
14829,29712,151,87,82
14830,29714,163,87,83
14831,29716,193,88,82
14832,29718,177,87,82
14833,29720,152,87,82
14834,29722,113,87,82
14835,29724,135,87,81
14836,29726,167,88,82
14837,29728,164,87,83
14838,29730,177,88,82
14839,29732,166,89,84
14840,29734,172,87,82
14841,29736,193,87,82
14842,29738,188,88,82
14843,29740,164,87,81
14844,29742,134,88,81
14845,29744,124,89,82
14846,29746,153,90,83
14847,29748,151,88,82
14848,29750,155,91,82
14849,29752,150,89,82
14850,29754,167,88,81
14851,29756,195,89,82
14852,29758,174,90,83
14853,29760,164,88,83
14854,29762,125,89,82
14855,29764,124,89,82
14856,29766,139,89,83
14857,29768,140,89,82
14858,29770,136,90,83
14859,29772,147,91,82
14860,29774,152,91,82
14861,29776,190,91,83
14862,29778,173,91,83
14863,29780,155,91,83
14864,29782,120,91,83
14865,29784,125,91,82
14866,29786,147,91,82
14867,29788,145,90,82
14868,29790,147,92,82
14869,29792,150,91,82
14870,29794,148,89,84
14871,29796,189,91,83
14872,29798,179,90,82
14873,29800,152,91,82
14874,29802,126,91,83
14875,29804,130,91,81
14876,29806,152,91,81
14877,29808,151,91,83
14878,29810,153,91,82
14879,29812,146,91,81
14880,29814,149,91,83
14881,29816,197,92,83
14882,29818,175,91,83
14883,29820,154,91,82
14884,29822,127,91,82
14885,29824,130,91,81
14886,29826,150,91,82
14887,29828,146,90,82
14888,29830,151,92,83
14889,29832,143,91,83
14890,29834,141,91,83
14891,29836,185,92,82
14892,29838,178,92,81
14893,29840,158,92,83
14894,29842,127,92,83
14895,29844,120,92,83
14896,29846,150,91,82
14897,29848,146,91,82
14898,29850,153,91,82
14899,29852,154,91,82
14900,29854,146,91,83
14901,29856,178,92,84
14902,29858,175,92,83
14903,29860,149,92,83
14904,29862,121,92,83
14905,29864,137,91,83
14906,29866,163,91,82
14907,29868,165,91,81
14908,29870,157,92,83
14909,29872,158,91,82
14910,29874,161,91,82
14911,29876,192,91,83
14912,29878,181,92,83
14913,29880,159,92,82
14914,29882,138,91,82
14915,29884,138,91,82
14916,29886,158,91,82
14917,29888,164,91,82
14918,29890,163,91,83
14919,29892,159,92,83
14920,29894,161,91,82
14921,29896,198,92,83
14922,29898,175,91,84
14923,29900,151,91,81
14924,29902,132,91,82
14925,29904,140,91,82
14926,29906,158,91,82
14927,29908,160,92,82
14928,29910,151,92,83
14929,29912,159,92,82
14930,29914,157,92,83
14931,29916,203,91,83
14932,29918,178,92,82
14933,29920,167,91,83
14934,29922,146,91,82
14935,29924,148,91,83
14936,29926,163,92,81
14937,29928,165,92,80
14938,29930,170,91,81
14939,29932,164,92,83
14940,29934,163,91,82
14941,29936,201,91,83
14942,29938,187,91,82
14943,29940,162,91,82
14944,29942,137,91,85
14945,29944,144,91,82
14946,29946,163,91,83
14947,29948,165,91,82
14948,29950,180,92,82
14949,29952,166,91,82
14950,29954,158,92,81
14951,29956,203,91,83
14952,29958,189,91,81
14953,29960,170,92,80
14954,29962,140,91,81
14955,29964,141,92,80
14956,29966,164,92,82
14957,29968,169,92,83
14958,29970,168,91,83
14959,29972,161,92,82
14960,29974,157,91,82
14961,29976,195,92,83
14962,29978,185,91,82
14963,29980,160,91,83
14964,29982,137,92,82
14965,29984,146,91,83
14966,29986,169,91,82
14967,29988,165,91,82
14968,29990,161,91,82
14969,29992,161,91,82
14970,29994,160,91,82
14971,29996,195,91,83
14972,29998,179,91,84
14973,30000,170,91,82
14974,30002,132,91,82
14975,30004,127,90,82
14976,30006,158,91,82
14977,30008,158,92,84
14978,30010,145,94,85
14979,30012,149,91,83
14980,30014,144,91,83
14981,30016,183,92,83
14982,30018,170,91,83
14983,30020,153,90,83
14984,30022,135,90,82
14985,30024,138,90,83
14986,30026,165,90,81
14987,30028,168,91,81
14988,30030,162,91,84
14989,30032,163,90,81
14990,30034,159,90,83
14991,30036,198,90,82
14992,30038,185,91,84
14993,30040,171,90,81
14994,30042,142,89,82
14995,30044,144,90,82
14996,30046,165,91,82
14997,30048,160,89,84
14998,30050,161,90,82
14999,30052,166,90,82
15000,30054,155,94,83
15001,30056,205,88,82
15002,30058,185,87,83
15003,30060,163,87,82
15004,30062,135,88,82
15005,30064,145,88,81
15006,30066,165,88,82
15007,30068,162,89,83
15008,30070,162,88,82
15009,30072,167,89,83
15010,30074,157,89,82
15011,30076,204,89,83
15012,30078,190,89,82
15013,30080,164,88,79
15014,30082,139,89,82
15015,30084,137,89,82
15016,30086,156,88,82
15017,30088,169,89,82
15018,30090,169,87,82
15019,30092,153,89,82
15020,30094,155,88,83
15021,30096,195,89,83
15022,30098,186,89,83
15023,30100,169,88,83
15024,30102,139,89,84
15025,30104,144,88,82
15026,30106,168,88,82
15027,30108,158,88,82
15028,30110,163,88,82
15029,30112,165,87,83
15030,30114,162,87,83
15031,30116,191,89,83
15032,30118,186,89,82
15033,30120,168,89,83
15034,30122,135,88,83
15035,30124,132,91,81
15036,30126,159,89,82
15037,30128,156,89,82
15038,30130,158,89,85
15039,30132,176,89,82
15040,30134,155,88,82
15041,30136,200,89,83
15042,30138,183,88,82
15043,30140,172,92,83
15044,30142,137,90,82
15045,30144,139,86,82
15046,30146,165,90,81
15047,30148,155,90,84
15048,30150,163,90,82
15049,30152,155,90,83
15050,30154,162,90,83
15051,30156,200,90,84
15052,30158,174,90,83
15053,30160,156,90,84
15054,30162,140,90,83
15055,30164,143,90,82
15056,30166,167,90,81
15057,30168,159,92,82
15058,30170,156,91,82
15059,30172,163,94,82
15060,30174,164,92,82
15061,30176,207,92,82
15062,30178,187,91,84
15063,30180,173,92,83
15064,30182,135,92,84
15065,30184,137,92,82
15066,30186,170,92,84
15067,30188,167,92,83
15068,30190,173,93,83
15069,30192,168,92,83
15070,30194,171,92,83
15071,30196,199,92,84
15072,30198,185,92,84
15073,30200,174,92,83
15074,30202,148,91,82
15075,30204,143,92,82
15076,30206,168,93,83
15077,30208,155,92,83
15078,30210,152,93,83
15079,30212,157,92,83
15080,30214,157,92,85
15081,30216,197,91,83
15082,30218,199,91,83
15083,30220,177,92,83
15084,30222,139,92,84
15085,30224,138,91,82
15086,30226,163,92,84
15087,30228,163,91,83
15088,30230,163,92,84
15089,30232,165,92,84
15090,30234,165,91,83
15091,30236,198,91,82
15092,30238,194,91,83
15093,30240,173,91,83
15094,30242,144,91,82
15095,30244,135,91,83
15096,30246,164,91,83
15097,30248,171,92,82
15098,30250,158,91,84
15099,30252,162,91,82
15100,30254,168,92,82
15101,30256,194,91,83
15102,30258,179,91,84
15103,30260,165,91,82
15104,30262,142,91,82
15105,30264,129,92,84
15106,30266,161,91,82
15107,30268,152,91,83
15108,30270,154,92,82
15109,30272,165,92,83
15110,30274,164,92,84
15111,30276,196,93,85
15112,30278,175,91,83
15113,30280,165,92,81
15114,30282,136,92,82
15115,30284,141,92,82
15116,30286,177,92,83
15117,30288,159,91,83
15118,30290,175,92,82
15119,30292,158,90,82
15120,30294,169,90,83
15121,30296,197,91,84
15122,30298,203,92,82
15123,30300,174,92,84
15124,30302,145,91,83
15125,30304,135,91,82
15126,30306,180,92,82
15127,30308,172,90,84
15128,30310,158,92,83
15129,30312,163,91,82
15130,30314,167,91,84
15131,30316,197,91,82
15132,30318,189,91,82
15133,30320,179,90,82
15134,30322,106,42,33
15135,30324,101,43,33
15136,30326,130,42,32
15137,30328,117,42,32
15138,30330,124,41,32
15139,30332,120,42,33
15140,30334,121,42,33
15141,30336,159,42,33
15142,30338,135,41,32
15143,30340,128,42,32
15144,30342,84,42,32
15145,30344,86,42,33
15146,30346,117,42,31
15147,30348,112,42,33
15148,30350,115,43,33
15149,30352,110,42,33
15150,30354,108,42,32
15151,30356,137,42,33
15152,30358,133,42,33
15153,30360,118,41,33
15154,30362,96,42,33
15155,30364,92,42,33
15156,30366,116,41,32
15157,30368,113,42,33
15158,30370,113,43,32
15159,30372,106,42,32
15160,30374,121,42,34
15161,30376,148,43,33
15162,30378,128,42,32
15163,30380,121,42,32
15164,30382,90,42,32
15165,30384,91,42,32
15166,30386,114,42,32
15167,30388,109,42,34
15168,30390,131,42,34
15169,30392,129,42,34
15170,30394,136,41,33
15171,30396,157,41,32
15172,30398,148,42,34
15173,30400,139,42,33
15174,30402,112,42,31
15175,30404,114,42,32
15176,30406,135,42,32
15177,30408,140,42,33
15178,30410,131,41,33
15179,30412,134,42,33
15180,30414,135,42,32
15181,30416,169,42,33
15182,30418,148,41,33
15183,30420,143,42,32
15184,30422,111,42,32
15185,30424,119,41,32
15186,30426,144,40,33
15187,30428,137,42,33
15188,30430,132,41,33
15189,30432,141,41,32
15190,30434,136,42,33
15191,30436,173,42,32
15192,30438,160,42,32
15193,30440,159,42,32
15194,30442,124,41,32
15195,30444,115,42,32
15196,30446,143,42,32
15197,30448,134,42,32
15198,30450,149,41,33
15199,30452,143,42,32
15200,30454,139,41,32
15201,30456,171,42,32
15202,30458,159,42,33
15203,30460,147,42,32
15204,30462,116,41,32
15205,30464,115,42,33
15206,30466,137,42,33
15207,30468,144,42,31
15208,30470,140,42,32
15209,30472,140,42,32
15210,30474,141,42,32
15211,30476,174,42,32
15212,30478,157,42,33
15213,30480,155,42,33
15214,30482,126,41,31
15215,30484,126,41,34
15216,30486,155,41,32
15217,30488,141,42,32
15218,30490,150,41,32
15219,30492,149,42,32
15220,30494,145,42,33
15221,30496,181,42,32
15222,30498,163,41,33
15223,30500,150,42,33
15224,30502,133,42,31
15225,30504,131,42,32
15226,30506,155,42,33
15227,30508,156,41,32
15228,30510,143,42,32
15229,30512,149,42,32
15230,30514,146,42,32
15231,30516,178,42,34
15232,30518,168,42,33
15233,30520,152,42,31
15234,30522,122,41,33
15235,30524,136,42,32
15236,30526,158,41,33
15237,30528,152,42,33
15238,30530,154,42,33
15239,30532,155,42,33
15240,30534,155,41,31
15241,30536,186,41,33
15242,30538,164,41,32
15243,30540,155,42,34
15244,30542,133,42,32
15245,30544,143,41,32
15246,30546,152,42,32
15247,30548,161,42,32
15248,30550,143,42,32
15249,30552,140,41,32
15250,30554,148,42,33
15251,30556,192,42,33
15252,30558,170,42,32
15253,30560,153,42,32
15254,30562,134,42,32
15255,30564,131,42,31
15256,30566,160,42,32
15257,30568,157,41,33
15258,30570,161,43,32
15259,30572,155,41,33
15260,30574,154,42,34
15261,30576,190,42,33
15262,30578,165,42,33
15263,30580,150,42,33
15264,30582,143,42,31
15265,30584,135,42,31
15266,30586,160,42,33
15267,30588,153,42,32
15268,30590,159,42,33
15269,30592,155,41,31
15270,30594,152,42,33
15271,30596,185,41,32
15272,30598,173,42,33
15273,30600,156,42,32
15274,30602,138,42,32
15275,30604,132,42,32
15276,30606,161,42,34
15277,30608,149,42,32
15278,30610,154,42,32
15279,30612,145,42,32
15280,30614,147,42,34
15281,30616,192,41,31
15282,30618,166,41,33
15283,30620,157,42,32
15284,30622,136,42,32
15285,30624,135,42,32
15286,30626,156,41,34
15287,30628,150,43,33
15288,30630,154,42,32
15289,30632,148,42,32
15290,30634,141,41,31
15291,30636,180,41,33
15292,30638,162,42,33
15293,30640,153,42,33
15294,30642,130,41,32
15295,30644,133,42,31
15296,30646,151,43,32
15297,30648,148,41,32
15298,30650,142,42,32
15299,30652,149,43,33
15300,30654,148,42,32
15301,30656,181,42,33
15302,30658,164,42,33
15303,30660,153,42,33
15304,30662,137,42,32
15305,30664,139,42,35
15306,30666,154,42,32
15307,30668,152,42,32
15308,30670,148,42,32
15309,30672,158,42,33
15310,30674,152,42,32
15311,30676,185,42,32
15312,30678,169,42,33
15313,30680,148,42,33
15314,30682,130,42,32
15315,30684,134,42,32
15316,30686,153,42,33
15317,30688,156,41,31
15318,30690,152,42,32
15319,30692,152,42,32
15320,30694,147,42,32
15321,30696,186,42,33
15322,30698,168,42,33
15323,30700,161,42,33
15324,30702,134,41,34
15325,30704,135,42,31
15326,30706,152,42,35
15327,30708,157,41,31
15328,30710,162,42,31
15329,30712,154,42,33
15330,30714,156,42,32
15331,30716,187,42,33
15332,30718,172,43,33
15333,30720,159,43,32
15334,30722,136,45,32
15335,30724,132,42,32
15336,30726,156,42,31
15337,30728,144,43,32
15338,30730,150,42,33
15339,30732,156,42,33
15340,30734,151,41,32
15341,30736,175,42,33
15342,30738,167,42,33
15343,30740,148,43,32
15344,30742,120,42,32
15345,30744,130,41,32
15346,30746,150,42,32
15347,30748,136,42,32
15348,30750,144,42,32
15349,30752,145,42,32
15350,30754,142,42,32
15351,30756,167,43,33
15352,30758,165,42,33
15353,30760,153,42,32
15354,30762,127,42,33
15355,30764,127,43,32
15356,30766,145,42,33
15357,30768,142,42,34
15358,30770,148,38,33
15359,30772,138,42,31
15360,30774,137,45,32
15361,30776,172,42,32
15362,30778,152,42,33
15363,30780,133,43,32
15364,30782,108,43,32
15365,30784,104,43,33
15366,30786,138,42,32
15367,30788,137,40,34
15368,30790,147,42,32
15369,30792,147,43,34
15370,30794,136,43,33
15371,30796,177,42,33
15372,30798,145,43,33
15373,30800,140,42,33
15374,30802,110,42,32
15375,30804,115,42,33
15376,30806,132,42,32
15377,30808,137,43,32
15378,30810,131,42,32
15379,30812,131,42,33
15380,30814,134,42,32
15381,30816,165,42,32
15382,30818,154,42,32
15383,30820,137,42,33
15384,30822,115,42,31
15385,30824,107,40,32
15386,30826,137,41,32
15387,30828,143,42,32
15388,30830,137,42,32
15389,30832,140,42,32
15390,30834,140,42,32
15391,30836,171,42,33
15392,30838,152,43,35
15393,30840,141,42,33
15394,30842,115,42,33
15395,30844,110,42,33
15396,30846,143,42,35
15397,30848,135,42,33
15398,30850,154,42,31
15399,30852,145,41,31
15400,30854,141,42,31
15401,30856,170,42,33
15402,30858,160,42,33
15403,30860,142,42,33
15404,30862,120,42,32
15405,30864,112,42,32
15406,30866,143,43,32
15407,30868,134,42,32
15408,30870,151,42,31
15409,30872,140,42,33
15410,30874,140,43,32
15411,30876,171,42,33
15412,30878,156,42,33
15413,30880,142,42,33
15414,30882,115,43,33
15415,30884,116,41,32
15416,30886,140,43,33
15417,30888,130,42,32
15418,30890,139,42,32
15419,30892,137,43,33
15420,30894,141,42,33
15421,30896,167,42,35
15422,30898,157,42,32
15423,30900,141,42,33
15424,30902,113,43,33
15425,30904,117,42,32
15426,30906,130,42,33
15427,30908,133,42,33
15428,30910,143,43,33
15429,30912,143,41,32
15430,30914,134,43,34
15431,30916,176,42,34
15432,30918,160,42,33
15433,30920,144,42,31
15434,30922,121,42,31
15435,30924,115,42,32
15436,30926,130,42,32
15437,30928,139,42,32
15438,30930,140,42,32
15439,30932,143,44,31
15440,30934,156,43,32
15441,30936,174,44,34
15442,30938,163,43,32
15443,30940,146,44,33
15444,30942,120,44,32
15445,30944,110,45,33
15446,30946,138,44,33
15447,30948,125,47,34
15448,30950,139,44,33
15449,30952,135,44,32
15450,30954,133,45,32
15451,30956,163,45,32
15452,30958,155,48,32
15453,30960,134,51,32
15454,30962,109,52,32
15455,30964,96,55,32
15456,30966,101,55,32
15457,30968,134,57,32
15458,30970,145,60,33
15459,30972,113,66,33
15460,30974,150,78,34
15461,30976,193,81,35
15462,30978,137,87,34
15463,30980,182,95,34
15464,30982,177,98,34
15465,30984,152,102,34
15466,30986,204,111,35
15467,30988,207,115,34
15468,30990,208,125,35
15469,30992,230,130,36
15470,30994,233,133,41
15471,30996,259,138,46
15472,30998,259,144,50
15473,31000,245,147,55
15474,31002,222,149,64
15475,31004,221,152,68
15476,31006,228,153,67
15477,31008,249,159,71
15478,31010,236,157,68
15479,31012,259,157,69
15480,31014,257,157,61
15481,31016,246,158,39
15482,31018,266,158,37
15483,31020,258,158,37
15484,31022,237,156,36
15485,31024,269,156,37
15486,31026,286,155,36
15487,31028,283,154,37
15488,31030,281,156,36
15489,31032,266,156,37
15490,31034,272,159,37
15491,31036,296,159,38
15492,31038,272,160,37
15493,31040,248,159,38
15494,31042,228,161,38
15495,31044,161,160,36
15496,31046,151,161,36
15497,31048,181,163,37
15498,31050,165,162,37
15499,31052,148,158,36
15500,31054,157,157,37
15501,31056,190,158,37
15502,31058,171,157,37
15503,31060,164,157,38
15504,31062,147,158,35
15505,31064,151,156,38
15506,31066,157,156,36
15507,31068,156,155,35
15508,31070,151,155,36
15509,31072,90,154,36
15510,31074,88,151,37
15511,31076,124,148,35
15512,31078,110,148,37
15513,31080,82,148,37
15514,31082,59,146,35
15515,31084,61,146,37
15516,31086,88,143,37
15517,31088,47,143,37
15518,31090,52,142,35
15519,31092,48,141,36
15520,31094,52,140,35
15521,31096,88,139,36
15522,31098,63,138,36
15523,31100,48,136,36
15524,31102,21,136,36
15525,31104,23,135,36
15526,31106,41,135,35
15527,31108,50,136,37
15528,31110,49,137,36
15529,31112,43,137,35
15530,31114,47,136,37
15531,31116,89,137,36
15532,31118,66,138,36
15533,31120,78,138,36
15534,31122,60,140,37
15535,31124,65,141,37
15536,31126,84,141,35
15537,31128,89,145,37
15538,31130,90,147,36
15539,31132,91,149,37
15540,31134,84,153,36
15541,31136,129,163,37
15542,31138,105,167,36
15543,31140,129,170,39
15544,31142,153,172,38
15545,31144,162,174,36
15546,31146,169,178,38
15547,31148,143,182,37
15548,31150,168,182,37
15549,31152,200,184,38
15550,31154,190,184,37
15551,31156,216,186,38
15552,31158,175,187,46
15553,31160,164,188,40
15554,31162,156,188,46
15555,31164,146,188,59
15556,31166,150,189,62
15557,31168,123,189,67
15558,31170,148,189,72
15559,31172,143,188,73
15560,31174,121,188,74
15561,31176,141,187,75
15562,31178,139,186,78
15563,31180,119,186,77
15564,31182,103,183,78
15565,31184,85,183,77
15566,31186,121,183,79
15567,31188,96,181,76
15568,31190,102,180,76
15569,31192,92,179,74
15570,31194,88,179,71
15571,31196,86,179,68
15572,31198,68,175,66
15573,31200,62,172,65
15574,31202,20,167,63
15575,31204,28,163,62
15576,31206,49,162,61
15577,31208,52,161,60
15578,31210,45,159,58
15579,31212,48,158,57
15580,31214,44,157,56
15581,31216,80,156,56
15582,31218,60,156,58
15583,31220,45,156,59
15584,31222,22,157,61
15585,31224,30,158,62
15586,31226,53,159,62
15587,31228,51,160,63
15588,31230,53,161,71
15589,31232,52,163,73
15590,31234,44,165,74
15591,31236,85,168,78
15592,31238,70,175,82
15593,31240,182,179,83
15594,31242,67,181,84
15595,31244,71,183,89
15596,31246,94,190,93
15597,31248,99,192,99
15598,31250,148,195,119
15599,31252,148,197,126
15600,31254,141,202,134
15601,31256,164,207,136
15602,31258,147,207,141
15603,31260,123,209,150
15604,31262,182,210,155
15605,31264,187,211,156
15606,31266,184,214,155
15607,31268,137,215,157
15608,31270,142,218,160
15609,31272,121,220,158
15610,31274,139,219,159
15611,31276,208,219,152
15612,31278,213,219,146
15613,31280,186,218,142
15614,31282,196,217,139
15615,31284,189,216,138
15616,31286,186,214,135
15617,31288,190,212,115
15618,31290,193,210,110
15619,31292,219,209,116
15620,31294,216,208,114
15621,31296,215,207,120
15622,31298,198,206,118
15623,31300,179,206,120
15624,31302,186,206,121
15625,31304,190,203,117
15626,31306,204,202,111
15627,31308,203,200,109
15628,31310,199,200,107
15629,31312,197,199,118
15630,31314,190,198,117
15631,31316,224,197,130
15632,31318,194,195,132
15633,31320,185,187,132
15634,31322,167,186,148
15635,31324,175,186,152
15636,31326,188,185,149
15637,31328,193,185,150
15638,31330,180,184,148
15639,31332,148,184,139
15640,31334,151,181,140
15641,31336,177,179,137
15642,31338,156,178,137
15643,31340,153,175,137
15644,31342,134,169,141
15645,31344,125,168,132
15646,31346,129,165,127
15647,31348,114,162,131
15648,31350,123,160,126
15649,31352,123,159,121
15650,31354,117,157,101
15651,31356,128,157,96
15652,31358,108,155,96
15653,31360,104,154,96
15654,31362,78,153,92
15655,31364,94,154,91
15656,31366,85,153,91
15657,31368,136,154,93
15658,31370,93,157,90
15659,31372,128,158,91
15660,31374,113,160,90
15661,31376,122,160,92
15662,31378,93,162,90
15663,31380,111,163,91
15664,31382,89,164,89
15665,31384,87,164,91
15666,31386,102,165,89
15667,31388,111,168,89
15668,31390,147,168,91
15669,31392,123,173,93
15670,31394,124,177,93
15671,31396,165,177,93
15672,31398,140,179,93
15673,31400,142,179,93
15674,31402,121,181,95
15675,31404,104,181,95
15676,31406,130,180,95
15677,31408,133,183,96
15678,31410,135,178,97
15679,31412,132,174,96
15680,31414,125,173,97
15681,31416,154,170,101
15682,31418,134,169,102
15683,31420,175,169,102
15684,31422,175,163,104
15685,31424,190,163,107
15686,31426,205,163,106
15687,31428,192,162,111
15688,31430,211,162,107
15689,31432,210,160,111
15690,31434,211,160,110
15691,31436,236,159,111
15692,31438,223,158,110
15693,31440,206,159,112
15694,31442,158,157,112
15695,31444,151,158,107
15696,31446,190,156,110
15697,31448,187,159,112
15698,31450,194,158,111
15699,31452,202,157,109
15700,31454,205,155,110
15701,31456,237,157,110
15702,31458,223,157,111
15703,31460,214,157,111
15704,31462,196,158,112
15705,31464,177,157,109
15706,31466,200,159,111
15707,31468,209,158,114
15708,31470,209,159,117
15709,31472,218,159,116
15710,31474,218,156,118
15711,31476,237,158,119
15712,31478,220,157,118
15713,31480,216,156,121
15714,31482,196,155,118
15715,31484,203,156,118
15716,31486,218,155,119
15717,31488,210,155,116
15718,31490,212,153,114
15719,31492,212,151,114
15720,31494,213,150,114
15721,31496,235,149,115
15722,31498,233,148,111
15723,31500,214,145,112
15724,31502,188,142,109
15725,31504,186,139,108
15726,31506,199,131,117
15727,31508,170,133,113
15728,31510,147,133,106
15729,31512,140,128,115
15730,31514,115,125,117
15731,31516,179,123,118
15732,31518,160,120,114
15733,31520,156,119,114
15734,31522,130,117,115
15735,31524,119,113,114
15736,31526,158,112,111
15737,31528,143,112,107
15738,31530,116,111,97
15739,31532,140,113,106
15740,31534,147,107,95
15741,31536,161,106,94
15742,31538,134,105,89
15743,31540,135,104,90
15744,31542,84,103,88
15745,31544,130,102,88
15746,31546,157,100,87
15747,31548,147,99,86
15748,31550,154,98,85
15749,31552,150,98,81
15750,31554,143,97,85
15751,31556,146,97,85
15752,31558,143,97,81
15753,31560,151,96,79
15754,31562,125,97,79
15755,31564,135,97,78
15756,31566,149,95,78
15757,31568,157,97,77
15758,31570,152,93,79
15759,31572,148,91,80
15760,31574,141,93,77
15761,31576,176,91,78
15762,31578,170,90,76
15763,31580,161,90,76
15764,31582,126,88,76
15765,31584,136,88,77
15766,31586,160,85,73
15767,31588,146,89,73
15768,31590,154,87,70
15769,31592,151,87,68
15770,31594,157,85,68
15771,31596,174,85,66
15772,31598,161,86,65
15773,31600,168,85,63
15774,31602,114,85,64
15775,31604,129,83,64
15776,31606,148,83,64
15777,31608,136,82,64
15778,31610,141,82,63
15779,31612,130,81,63
15780,31614,152,80,60
15781,31616,165,81,60
15782,31618,155,79,61
15783,31620,155,77,61
15784,31622,122,76,60
15785,31624,133,76,60
15786,31626,144,75,57
15787,31628,155,74,59
15788,31630,137,73,58
15789,31632,135,73,55
15790,31634,134,73,54
15791,31636,158,73,54
15792,31638,175,73,55
15793,31640,168,72,56
15794,31642,142,69,56
15795,31644,146,69,53
15796,31646,150,69,54
15797,31648,147,63,52
15798,31650,114,61,52
15799,31652,109,61,52
15800,31654,74,62,47
15801,31656,109,61,48
15802,31658,92,62,47
15803,31660,80,61,47
15804,31662,73,61,41
15805,31664,77,61,43
15806,31666,106,60,43
15807,31668,54,60,43
15808,31670,114,60,41
15809,31672,56,60,40
15810,31674,103,59,42
15811,31676,113,57,41
15812,31678,126,58,41
15813,31680,125,57,41
15814,31682,89,57,40
15815,31684,85,55,41
15816,31686,100,56,41
15817,31688,83,54,37
15818,31690,111,51,39
15819,31692,63,50,39
15820,31694,127,50,39
15821,31696,141,49,38
15822,31698,79,49,39
15823,31700,124,49,38
15824,31702,92,48,38
15825,31704,75,48,38
15826,31706,104,46,37
15827,31708,125,46,38
15828,31710,103,46,37
15829,31712,90,45,35
15830,31714,103,45,35
15831,31716,163,45,35
15832,31718,138,45,33
15833,31720,131,45,33
15834,31722,104,46,33
15835,31724,109,45,32
15836,31726,119,45,32
15837,31728,109,46,31
15838,31730,109,45,33
15839,31732,116,45,32
15840,31734,122,45,32
15841,31736,148,45,32
15842,31738,116,46,34
15843,31740,115,46,33
15844,31742,92,45,33
15845,31744,99,45,32
15846,31746,115,46,33
15847,31748,126,45,33
15848,31750,108,46,33
15849,31752,103,45,33
15850,31754,108,44,32
15851,31756,121,45,32
15852,31758,118,45,33
15853,31760,53,44,32
15854,31762,79,44,32
15855,31764,82,45,32
15856,31766,120,45,30
15857,31768,119,44,34
15858,31770,120,45,32
15859,31772,116,44,32
15860,31774,115,44,32
15861,31776,141,45,33
15862,31778,116,45,34
15863,31780,118,45,32
15864,31782,87,45,31
15865,31784,93,44,32
15866,31786,108,44,32
15867,31788,121,45,33
15868,31790,116,44,32
15869,31792,108,45,34
15870,31794,114,45,30
15871,31796,134,44,32
15872,31798,120,44,33
15873,31800,108,44,32
15874,31802,76,44,33
15875,31804,96,44,33
15876,31806,112,45,33
15877,31808,106,44,31
15878,31810,112,45,32
15879,31812,108,45,33
15880,31814,114,44,32
15881,31816,137,43,33
15882,31818,115,44,34
15883,31820,112,44,32
15884,31822,86,44,34
15885,31824,100,44,32
15886,31826,125,45,32
15887,31828,129,45,33
15888,31830,121,44,33
15889,31832,112,45,34
15890,31834,117,45,31
15891,31836,149,44,32
15892,31838,117,45,33
15893,31840,112,45,33
15894,31842,99,46,32
15895,31844,105,45,33
15896,31846,119,46,34
15897,31848,121,45,32
15898,31850,126,45,32
15899,31852,120,46,33
15900,31854,125,45,34
15901,31856,151,45,32
15902,31858,133,46,33
15903,31860,129,45,32
15904,31862,100,46,32
15905,31864,119,44,32
15906,31866,111,45,29
15907,31868,118,46,31
15908,31870,129,46,34
15909,31872,124,45,33
15910,31874,133,45,32
15911,31876,154,47,34
15912,31878,124,46,33
15913,31880,122,47,33
15914,31882,100,46,34
15915,31884,105,47,32
15916,31886,126,46,31
15917,31888,113,46,33
15918,31890,120,46,31
15919,31892,126,46,32
15920,31894,134,47,33
15921,31896,166,46,33
15922,31898,123,47,33
15923,31900,95,46,35
15924,31902,78,47,32
15925,31904,99,46,33
15926,31906,126,47,32
15927,31908,131,47,30
15928,31910,144,47,33
15929,31912,117,46,33
15930,31914,130,45,31
15931,31916,155,46,34
15932,31918,102,47,31
15933,31920,91,46,33
15934,31922,81,47,32
15935,31924,111,47,32
15936,31926,96,47,33
15937,31928,119,47,33
15938,31930,94,47,33
15939,31932,95,47,33
15940,31934,114,47,34
15941,31936,139,46,32
15942,31938,108,46,32
15943,31940,112,46,33
15944,31942,89,47,33
15945,31944,106,47,33
15946,31946,113,47,32
15947,31948,102,46,32
15948,31950,117,47,33
15949,31952,112,44,33
15950,31954,116,46,34
15951,31956,118,47,33
15952,31958,115,48,33
15953,31960,82,47,35
15954,31962,65,47,32
15955,31964,76,47,32
15956,31966,109,47,34
15957,31968,94,47,32
15958,31970,101,47,33
15959,31972,91,47,32
15960,31974,97,47,33
15961,31976,102,47,32
15962,31978,125,46,35
15963,31980,119,47,32
15964,31982,88,46,33
15965,31984,112,47,32
15966,31986,127,48,34
15967,31988,125,47,32
15968,31990,123,48,33
15969,31992,124,47,33
15970,31994,134,47,32
15971,31996,151,47,34
15972,31998,125,47,31
15973,32000,107,47,31
15974,32002,93,48,33
15975,32004,109,47,33
15976,32006,108,47,33
15977,32008,111,46,33
15978,32010,106,46,31
15979,32012,97,46,33
15980,32014,85,46,33
15981,32016,104,48,34
15982,32018,68,50,33
15983,32020,104,51,32
15984,32022,87,56,33
15985,32024,36,60,33
15986,32026,49,60,33
15987,32028,134,60,35
15988,32030,131,64,35
15989,32032,97,70,33
15990,32034,176,78,33
15991,32036,129,87,36
15992,32038,135,94,37
15993,32040,75,100,39
15994,32042,128,109,43
15995,32044,106,115,51
15996,32046,159,125,56
15997,32048,153,138,67
15998,32050,101,142,71
15999,32052,119,150,71
16000,32054,156,154,73
16001,32056,147,155,75
16002,32058,133,155,79
16003,32060,145,159,79
16004,32062,133,162,84
16005,32064,193,163,85
16006,32066,204,166,87
16007,32068,214,167,91
16008,32070,202,173,91
16009,32072,207,175,94
16010,32074,226,178,96
16011,32076,220,179,96
16012,32078,245,181,99
16013,32080,224,180,98
16014,32082,206,181,100
16015,32084,216,181,100
16016,32086,198,183,102
16017,32088,199,182,104
16018,32090,192,184,104
16019,32092,197,184,104
16020,32094,212,185,107
16021,32096,209,186,108
16022,32098,200,191,109
16023,32100,212,193,109
16024,32102,177,196,109
16025,32104,187,198,108
16026,32106,178,200,111
16027,32108,167,203,110
16028,32110,163,202,120
16029,32112,157,204,120
16030,32114,156,202,112
16031,32116,181,201,112
16032,32118,162,199,110
16033,32120,152,198,111
16034,32122,135,197,109
16035,32124,129,197,110
16036,32126,139,196,110
16037,32128,139,190,108
16038,32130,130,189,106
16039,32132,140,185,104
16040,32134,160,185,101
16041,32136,161,185,97
16042,32138,134,185,98
16043,32140,103,185,97
16044,32142,77,184,97
16045,32144,88,184,97
16046,32146,102,184,95
16047,32148,104,184,94
16048,32150,108,185,92
16049,32152,106,187,95
16050,32154,138,185,94
16051,32156,132,189,92
16052,32158,113,190,91
16053,32160,103,189,92
16054,32162,73,190,88
16055,32164,85,194,94
16056,32166,108,196,114
16057,32168,98,203,118
16058,32170,117,208,123
16059,32172,116,208,126
16060,32174,145,211,130
16061,32176,154,212,129
16062,32178,145,214,134
16063,32180,138,218,134
16064,32182,62,219,136
16065,32184,120,220,139
16066,32186,88,227,145
16067,32188,130,230,146
16068,32190,150,231,165
16069,32192,150,232,156
16070,32194,196,234,164
16071,32196,134,235,165
16072,32198,126,236,169
16073,32200,152,237,167
16074,32202,139,238,169
16075,32204,175,238,169
16076,32206,152,239,169
16077,32208,123,240,171
16078,32210,160,241,170
16079,32212,164,241,174
16080,32214,207,242,172
16081,32216,217,243,178
16082,32218,233,243,180
16083,32220,226,245,182
16084,32222,212,247,186
16085,32224,214,248,186
16086,32226,233,251,186
16087,32228,226,251,188
16088,32230,234,251,190
16089,32232,234,252,192
16090,32234,254,253,194
16091,32236,261,253,194
16092,32238,234,254,198
16093,32240,231,255,201
16094,32242,199,255,199
16095,32244,213,255,199
16096,32246,230,255,199
16097,32248,215,255,201
16098,32250,225,256,203
16099,32252,230,256,205
16100,32254,257,256,205
16101,32256,221,256,204
16102,32258,197,257,202
16103,32260,165,257,203
16104,32262,122,256,203
16105,32264,119,257,208
16106,32266,124,257,205
16107,32268,105,257,203
16108,32270,154,257,203
16109,32272,105,257,206
16110,32274,145,259,209
16111,32276,178,259,208
16112,32278,187,260,209
16113,32280,160,262,207
16114,32282,186,264,209
16115,32284,188,266,208
16116,32286,194,269,204
16117,32288,177,270,212
16118,32290,181,272,213
16119,32292,176,273,219
16120,32294,216,279,220
16121,32296,218,283,226
16122,32298,242,288,226
16123,32300,207,290,231
16124,32302,178,293,232
16125,32304,177,296,235
16126,32306,221,297,235
16127,32308,215,299,237
16128,32310,236,301,237
16129,32312,228,302,241
16130,32314,269,305,246
16131,32316,268,306,249
16132,32318,272,307,251
16133,32320,233,307,255
16134,32322,211,309,256
16135,32324,227,310,255
16136,32326,278,310,261
16137,32328,280,310,259
16138,32330,274,312,261
16139,32332,288,312,255
16140,32334,341,312,257
16141,32336,320,313,256
16142,32338,306,313,255
16143,32340,295,313,255
16144,32342,265,314,259
16145,32344,285,313,255
16146,32346,232,314,257
16147,32348,251,313,261
16148,32350,266,313,261
16149,32352,307,313,261
16150,32354,327,313,266
16151,32356,277,313,270
16152,32358,243,316,270
16153,32360,242,317,273
16154,32362,266,324,279
16155,32364,241,327,275
16156,32366,291,330,277
16157,32368,229,328,280
16158,32370,226,326,277
16159,32372,219,323,273
16160,32374,225,320,275
16161,32376,142,315,277
16162,32378,72,306,280
16163,32380,101,304,277
16164,32382,73,297,275
16165,32384,101,290,271
16166,32386,125,282,269
16167,32388,106,275,261
16168,32390,120,265,259
16169,32392,59,251,254
16170,32394,94,240,244
16171,32396,86,234,235
16172,32398,62,225,230
16173,32400,57,221,231
16174,32402,39,216,228
16175,32404,45,213,224
16176,32406,54,211,218
16177,32408,65,210,217
16178,32410,68,211,209
16179,32412,119,212,210
16180,32414,124,215,210
16181,32416,138,220,210
16182,32418,169,223,209
16183,32420,139,228,210
16184,32422,120,236,209
16185,32424,169,243,213
16186,32426,167,250,221
16187,32428,174,264,225
16188,32430,184,271,228
16189,32432,168,281,228
16190,32434,203,290,229
16191,32436,211,300,226
16192,32438,220,304,228
16193,32440,202,314,230
16194,32442,176,320,238
16195,32444,237,326,239
16196,32446,280,330,242
16197,32448,268,333,251
16198,32450,260,335,252
16199,32452,273,336,255
16200,32454,302,335,263
16201,32456,315,334,262
16202,32458,311,333,262
16203,32460,301,329,262
16204,32462,288,327,271
16205,32464,322,326,272
16206,32466,305,326,277
16207,32468,318,326,274
16208,32470,313,327,279
16209,32472,321,328,279
16210,32474,342,328,280
16211,32476,365,330,282
16212,32478,335,332,283
16213,32480,307,337,289
16214,32482,278,340,291
16215,32484,285,342,292
16216,32486,307,345,294
16217,32488,281,347,297
16218,32490,293,348,300
16219,32492,270,348,300
16220,32494,265,348,301
16221,32496,253,349,303
16222,32498,230,348,301
16223,32500,226,346,304
16224,32502,218,343,298
16225,32504,234,340,299
16226,32506,236,335,300
16227,32508,254,331,300
16228,32510,255,326,300
16229,32512,222,318,298
16230,32514,244,314,297
16231,32516,204,310,295
16232,32518,170,305,288
16233,32520,188,301,274
16234,32522,166,298,261
16235,32524,142,296,252
16236,32526,151,291,240
16237,32528,169,290,241
16238,32530,187,290,243
16239,32532,172,289,243
16240,32534,182,289,239
16241,32536,174,289,234
16242,32538,147,290,233
16243,32540,151,290,234
16244,32542,139,290,232
16245,32544,135,291,235
16246,32546,159,294,236
16247,32548,186,296,235
16248,32550,189,299,237
16249,32552,184,301,237
16250,32554,210,303,233
16251,32556,191,304,238
16252,32558,196,307,237
16253,32560,182,308,227
16254,32562,153,310,226
16255,32564,214,311,234
16256,32566,192,313,232
16257,32568,231,314,229
16258,32570,227,314,234
16259,32572,226,315,230
16260,32574,276,313,224
16261,32576,265,312,227
16262,32578,242,310,227
16263,32580,260,305,226
16264,32582,250,301,226
16265,32584,279,297,224
16266,32586,298,294,222
16267,32588,285,290,224
16268,32590,269,284,226
16269,32592,308,283,224
16270,32594,350,284,226
16271,32596,300,283,227
16272,32598,302,283,227
16273,32600,300,282,226
16274,32602,271,283,227
16275,32604,262,282,228
16276,32606,278,282,227
16277,32608,292,281,231
16278,32610,297,281,227
16279,32612,296,280,227
16280,32614,320,277,229
16281,32616,322,276,229
16282,32618,296,275,230
16283,32620,286,276,230
16284,32622,272,274,226
16285,32624,267,273,226
16286,32626,260,268,223
16287,32628,252,267,222
16288,32630,255,265,224
16289,32632,245,263,225
16290,32634,276,258,227
16291,32636,276,257,220
16292,32638,265,255,231
16293,32640,277,251,220
16294,32642,242,248,216
16295,32644,196,246,216
16296,32646,206,240,211
16297,32648,188,235,207
16298,32650,189,230,200
16299,32652,185,225,194
16300,32654,217,220,196
16301,32656,209,218,183
16302,32658,206,216,170
16303,32660,199,213,172
16304,32662,179,212,165
16305,32664,173,212,163
16306,32666,180,210,165
16307,32668,169,208,164
16308,32670,171,206,161
16309,32672,199,205,161
16310,32674,231,202,158
16311,32676,210,200,148
16312,32678,193,199,124
16313,32680,169,197,106
16314,32682,171,195,103
16315,32684,164,194,104
16316,32686,186,193,101
16317,32688,167,190,96
16318,32690,196,189,93
16319,32692,175,186,85
16320,32694,184,183,86
16321,32696,180,181,84
16322,32698,173,177,83
16323,32700,132,174,81
16324,32702,106,170,76
16325,32704,117,169,70
16326,32706,129,168,67
16327,32708,143,166,66
16328,32710,150,164,52
16329,32712,115,160,39
16330,32714,137,157,37
16331,32716,139,155,37
16332,32718,133,153,37
16333,32720,148,153,38
16334,32722,108,149,36
16335,32724,122,147,36
16336,32726,144,146,37
16337,32728,110,142,36
16338,32730,157,140,36
16339,32732,117,136,36
16340,32734,144,134,36
16341,32736,139,131,35
16342,32738,131,128,36
16343,32740,105,122,36
16344,32742,44,122,35
16345,32744,59,119,36
16346,32746,80,111,33
16347,32748,111,109,35
16348,32750,132,106,35
16349,32752,116,102,34
16350,32754,147,97,35
16351,32756,155,90,35
16352,32758,125,88,34
16353,32760,113,86,34
16354,32762,105,85,36
16355,32764,116,84,33
16356,32766,130,83,34
16357,32768,123,80,33
16358,32770,136,79,34
16359,32772,111,79,34
16360,32774,149,80,34
16361,32776,122,77,33
16362,32778,112,76,33
16363,32780,70,70,32
16364,32782,55,68,33
16365,32784,52,66,34
16366,32786,63,62,32
16367,32788,74,62,34
16368,32790,62,60,33
16369,32792,82,57,33
16370,32794,138,58,34
16371,32796,119,57,31
16372,32798,103,57,34
16373,32800,96,56,36
16374,32802,46,54,31
16375,32804,67,52,31
16376,32806,71,47,32
16377,32808,89,48,33
16378,32810,93,48,32
16379,32812,71,48,34
16380,32814,131,48,33
16381,32816,130,47,33
16382,32818,47,45,32
16383,32820,25,44,31
16384,32822,0,47,32
16385,32824,15,43,32
16386,32826,39,43,33
16387,32828,33,42,32
16388,32830,50,43,33
16389,32832,39,41,33
16390,32834,132,39,33
16391,32836,120,37,31
16392,32838,99,37,31
16393,32840,94,37,43
16394,32842,52,36,33
16395,32844,84,34,34
16396,32846,57,32,31
16397,32848,61,32,33
16398,32850,116,32,32
16399,32852,126,32,31
16400,32854,156,32,33
16401,32856,148,36,32
16402,32858,63,32,31
16403,32860,32,32,31
16404,32862,33,32,32
16405,32864,125,32,32
16406,32866,115,32,33
16407,32868,125,33,32
16408,32870,65,31,32
16409,32872,34,32,33
16410,32874,70,31,32
16411,32876,108,32,32
16412,32878,79,32,32
16413,32880,54,30,33
16414,32882,28,32,32
16415,32884,18,31,32
16416,32886,34,32,33
16417,32888,29,32,33
16418,32890,29,33,32
16419,32892,41,32,32
16420,32894,66,32,32
16421,32896,71,32,32
16422,32898,50,32,32
16423,32900,17,32,32
16424,32902,1,32,30
16425,32904,13,32,32
16426,32906,41,32,32
16427,32908,27,32,32
16428,32910,51,31,33
16429,32912,39,31,31
16430,32914,143,33,31
16431,32916,77,32,32
16432,32918,101,32,32
16433,32920,117,32,32
16434,32922,85,33,32
16435,32924,88,33,32
16436,32926,35,32,31
16437,32928,35,31,33
16438,32930,42,46,32
16439,32932,52,54,32
16440,32934,70,62,33
16441,32936,66,81,33
16442,32938,149,91,33
16443,32940,174,111,35
16444,32942,169,127,35
16445,32944,168,140,36
16446,32946,150,146,37
16447,32948,187,147,36
16448,32950,190,152,37
16449,32952,185,167,37
16450,32954,212,181,38
16451,32956,221,185,37
16452,32958,199,186,37
16453,32960,186,185,38
16454,32962,166,190,37
16455,32964,176,192,38
16456,32966,167,192,38
16457,32968,154,193,38
16458,32970,134,191,37
16459,32972,137,188,38
16460,32974,165,188,38
16461,32976,156,188,37
16462,32978,77,187,36
16463,32980,32,181,38
16464,32982,22,175,36
16465,32984,28,167,38
16466,32986,48,154,35
16467,32988,118,150,35
16468,32990,129,150,36
16469,32992,154,149,36
16470,32994,184,145,37
16471,32996,198,141,36
16472,32998,144,138,35
16473,33000,81,132,35
16474,33002,89,124,35
16475,33004,110,116,36
16476,33006,114,109,34
16477,33008,83,106,35
16478,33010,81,96,34
16479,33012,77,93,32
16480,33014,107,91,34
16481,33016,92,87,34
16482,33018,80,85,33
16483,33020,49,83,34
16484,33022,40,83,34
16485,33024,92,83,34
16486,33026,85,79,33
16487,33028,95,77,34
16488,33030,92,76,33
16489,33032,100,77,33
16490,33034,124,78,34
16491,33036,103,80,34
16492,33038,81,81,34
16493,33040,50,82,33
16494,33042,22,87,33
16495,33044,54,91,35
16496,33046,42,96,34
16497,33048,43,108,37
16498,33050,58,114,35
16499,33052,50,122,47
16500,33054,132,128,58
16501,33056,124,136,66
16502,33058,159,145,72
16503,33060,133,154,72
16504,33062,129,156,74
16505,33064,157,157,77
16506,33066,205,158,84
16507,33068,198,158,88
16508,33070,169,160,88
16509,33072,205,164,90
16510,33074,215,172,94
16511,33076,204,178,95
16512,33078,180,182,95
16513,33080,149,186,96
16514,33082,210,186,99
16515,33084,162,188,101
16516,33086,192,188,106
16517,33088,208,189,108
16518,33090,211,186,112
16519,33092,206,185,111
16520,33094,242,182,109
16521,33096,230,177,113
16522,33098,206,170,103
16523,33100,187,166,99
16524,33102,182,160,99
16525,33104,236,156,93
16526,33106,210,153,91
16527,33108,214,150,88
16528,33110,201,149,74
16529,33112,200,148,73
16530,33114,226,147,64
16531,33116,224,147,82
16532,33118,227,144,71
16533,33120,195,142,72
16534,33122,197,141,69
16535,33124,202,140,73
16536,33126,201,138,70
16537,33128,239,132,67
16538,33130,185,131,69
16539,33132,174,126,37
16540,33134,222,124,41
16541,33136,170,122,43
16542,33138,147,118,38
16543,33140,131,117,35
16544,33142,137,113,34
16545,33144,134,110,36
16546,33146,138,104,35
16547,33148,106,99,34
16548,33150,66,97,33
16549,33152,90,96,34
16550,33154,112,90,33
16551,33156,78,86,35
16552,33158,70,84,37
16553,33160,48,83,34
16554,33162,6,85,37
16555,33164,97,86,38
16556,33166,26,89,37
16557,33168,36,95,38
16558,33170,152,100,46
16559,33172,72,105,45
16560,33174,109,111,51
16561,33176,171,121,57
16562,33178,134,132,61
16563,33180,115,145,67
16564,33182,155,153,71
16565,33184,188,158,75
16566,33186,210,160,75
16567,33188,224,160,80
16568,33190,177,166,84
16569,33192,231,176,88
16570,33194,257,190,95
16571,33196,214,200,100
16572,33198,196,202,103
16573,33200,175,207,113
16574,33202,180,208,122
16575,33204,208,209,125
16576,33206,204,210,126
16577,33208,275,209,126
16578,33210,235,208,132
16579,33212,208,206,135
16580,33214,245,205,136
16581,33216,256,206,139
16582,33218,223,204,137
16583,33220,204,202,141
16584,33222,215,196,140
16585,33224,220,189,136
16586,33226,209,185,133
16587,33228,208,181,135
16588,33230,193,180,132
16589,33232,180,179,132
16590,33234,221,176,133
16591,33236,227,172,129
16592,33238,189,168,131
16593,33240,163,166,131
16594,33242,161,162,116
16595,33244,190,161,116
16596,33246,163,160,115
16597,33248,180,159,115
16598,33250,152,158,111
16599,33252,149,157,109
16600,33254,191,155,106
16601,33256,187,152,104
16602,33258,124,150,103
16603,33260,121,146,101
16604,33262,110,139,98
16605,33264,52,137,100
16606,33266,113,132,96
16607,33268,102,129,95
16608,33270,97,124,95
16609,33272,107,122,91
16610,33274,131,120,90
16611,33276,136,118,88
16612,33278,104,116,89
16613,33280,67,112,87
16614,33282,86,111,86
16615,33284,44,110,87
16616,33286,36,108,87
16617,33288,58,108,88
16618,33290,42,109,87
16619,33292,45,111,86
16620,33294,74,116,87
16621,33296,71,121,90
16622,33298,76,125,92
16623,33300,63,128,93
16624,33302,61,134,94
16625,33304,84,140,99
16626,33306,85,148,103
16627,33308,98,153,108
16628,33310,89,160,114
16629,33312,97,164,151
16630,33314,195,166,161
16631,33316,194,166,172
16632,33318,175,171,182
16633,33320,152,184,185
16634,33322,161,199,191
16635,33324,171,208,194
16636,33326,189,216,199
16637,33328,197,225,202
16638,33330,214,228,213
16639,33332,209,233,218
16640,33334,250,236,218
16641,33336,232,237,218
16642,33338,204,237,221
16643,33340,185,237,221
16644,33342,225,237,222
16645,33344,230,236,224
16646,33346,247,237,221
16647,33348,217,235,213
16648,33350,219,233,214
16649,33352,241,232,213
16650,33354,275,227,216
16651,33356,273,223,208
16652,33358,239,216,208
16653,33360,236,208,209
16654,33362,242,198,207
16655,33364,262,193,206
16656,33366,279,190,199
16657,33368,255,189,194
16658,33370,192,186,196
16659,33372,188,186,193
16660,33374,211,182,193
16661,33376,195,181,195
16662,33378,168,179,192
16663,33380,159,175,191
16664,33382,148,171,191
16665,33384,109,166,187
16666,33386,120,161,186
16667,33388,155,158,186
16668,33390,148,155,184
16669,33392,155,148,181
16670,33394,185,143,162
16671,33396,157,138,166
16672,33398,143,135,159
16673,33400,51,130,156
16674,33402,108,128,155
16675,33404,91,122,155
16676,33406,66,119,156
16677,33408,113,118,149
16678,33410,99,116,142
16679,33412,94,112,132
16680,33414,84,109,114
16681,33416,80,103,102
16682,33418,66,101,96
16683,33420,45,95,91
16684,33422,46,90,84
16685,33424,53,91,81
16686,33426,53,90,74
16687,33428,46,90,72
16688,33430,50,90,69
16689,33432,36,91,60
16690,33434,78,90,54
16691,33436,102,91,35
16692,33438,81,91,34
16693,33440,50,91,34
16694,33442,101,93,34
16695,33444,146,94,34
16696,33446,139,95,33
16697,33448,150,100,33
16698,33450,150,101,33
16699,33452,151,99,34
16700,33454,180,100,35
16701,33456,178,99,35
16702,33458,157,104,33
16703,33460,134,106,35
16704,33462,45,108,35
16705,33464,78,110,33
16706,33466,79,110,29
16707,33468,86,111,35
16708,33470,100,112,36
16709,33472,82,110,35
16710,33474,143,110,35
16711,33476,122,112,36
16712,33478,125,112,35
16713,33480,80,111,34
16714,33482,62,111,30
16715,33484,105,112,33
16716,33486,104,112,36
16717,33488,128,113,35
16718,33490,161,112,36
16719,33492,198,111,36
16720,33494,228,111,36
16721,33496,221,111,35
16722,33498,167,109,34
16723,33500,126,108,36
16724,33502,128,110,34
16725,33504,158,110,35
16726,33506,153,110,34
16727,33508,144,111,37
16728,33510,158,108,34
16729,33512,171,107,33
16730,33514,198,106,35
16731,33516,140,104,35
16732,33518,107,103,34
16733,33520,91,101,37
16734,33522,98,99,35
16735,33524,121,96,35
16736,33526,106,91,34
16737,33528,112,92,34
16738,33530,110,88,34
16739,33532,112,82,34
16740,33534,125,78,32
16741,33536,113,75,34
16742,33538,102,71,34
16743,33540,78,69,33
16744,33542,73,69,33
16745,33544,107,66,33
16746,33546,120,65,34
16747,33548,120,64,33
16748,33550,122,62,34
16749,33552,126,65,33
16750,33554,158,61,33
16751,33556,145,61,33
16752,33558,136,59,33
16753,33560,99,58,33
16754,33562,89,56,32
16755,33564,77,54,33
16756,33566,64,52,32
16757,33568,34,50,32
16758,33570,71,49,33
16759,33572,87,49,32
16760,33574,126,48,33
16761,33576,100,47,33
16762,33578,93,47,31
16763,33580,114,44,33
16764,33582,95,43,33
16765,33584,117,40,32
16766,33586,62,41,33
16767,33588,73,38,32
16768,33590,42,37,32
16769,33592,38,37,34
16770,33594,72,35,32
16771,33596,55,35,33
16772,33598,40,34,34
16773,33600,11,32,32
16774,33602,8,32,33
16775,33604,32,32,33
16776,33606,31,32,32
16777,33608,32,32,33
16778,33610,32,32,32
16779,33612,35,32,32
16780,33614,63,32,32
16781,33616,57,33,32
16782,33618,44,32,31
16783,33620,10,32,30
16784,33622,5,32,32
16785,33624,33,33,32
16786,33626,28,32,34
16787,33628,44,32,32
16788,33630,36,31,33
16789,33632,38,32,32
16790,33634,54,32,34
16791,33636,50,33,31
16792,33638,37,32,33
16793,33640,18,32,31
16794,33642,9,31,32
16795,33644,30,33,33
16796,33646,25,32,33
16797,33648,30,32,32
16798,33650,30,35,32
16799,33652,35,36,32
16800,33654,65,37,35
16801,33656,54,38,32
16802,33658,76,42,33
16803,33660,62,42,32
16804,33662,69,42,32
16805,33664,99,44,32
16806,33666,71,45,33
16807,33668,44,45,33
16808,33670,43,46,33
16809,33672,34,46,32
16810,33674,71,48,33
16811,33676,64,48,32
16812,33678,37,47,32
16813,33680,21,47,32
16814,33682,31,47,33
16815,33684,44,46,33
16816,33686,27,46,32
16817,33688,35,45,33
16818,33690,24,46,32
16819,33692,33,46,32
16820,33694,85,46,34
16821,33696,58,44,33
16822,33698,37,43,32
16823,33700,9,44,33
16824,33702,7,44,32
16825,33704,31,46,33
16826,33706,29,48,34
16827,33708,30,55,33
16828,33710,26,63,33
16829,33712,28,67,33
16830,33714,67,83,34
16831,33716,61,91,35
16832,33718,53,96,35
16833,33720,18,106,34
16834,33722,20,126,35
16835,33724,41,139,36
16836,33726,46,150,36
16837,33728,43,166,37
16838,33730,59,172,38
16839,33732,84,175,38
16840,33734,153,176,39
16841,33736,153,175,37
16842,33738,153,173,37
16843,33740,124,170,37
16844,33742,170,157,37
16845,33744,228,157,37
16846,33746,151,159,37
16847,33748,176,158,37
16848,33750,142,159,54
16849,33752,155,158,76
16850,33754,180,159,90
16851,33756,156,159,90
16852,33758,167,157,96
16853,33760,124,152,102
16854,33762,128,154,108
16855,33764,165,153,111
16856,33766,193,151,114
16857,33768,185,154,120
16858,33770,204,152,141
16859,33772,185,153,144
16860,33774,208,152,142
16861,33776,186,149,144
16862,33778,174,149,145
16863,33780,128,149,143
16864,33782,121,149,141
16865,33784,148,148,146
16866,33786,158,148,140
16867,33788,174,149,146
16868,33790,193,148,143
16869,33792,180,146,141
16870,33794,224,145,149
16871,33796,183,142,144
16872,33798,139,139,135
16873,33800,130,137,135
16874,33802,63,135,143
16875,33804,85,131,140
16876,33806,87,128,140
16877,33808,102,131,140
16878,33810,41,122,140
16879,33812,41,116,125
16880,33814,81,113,129
16881,33816,71,111,125
16882,33818,44,108,101
16883,33820,18,105,95
16884,33822,17,102,93
16885,33824,39,100,92
16886,33826,44,99,85
16887,33828,38,98,83
16888,33830,42,97,84
16889,33832,37,96,74
16890,33834,70,95,76
16891,33836,58,97,74
16892,33838,35,96,73
16893,33840,2,97,70
16894,33842,13,98,68
16895,33844,41,99,68
16896,33846,34,99,67
16897,33848,39,103,68
16898,33850,41,107,68
16899,33852,39,109,70
16900,33854,77,115,68
16901,33856,55,118,67
16902,33858,40,121,68
16903,33860,10,123,70
16904,33862,16,128,71
16905,33864,43,131,74
16906,33866,84,136,75
16907,33868,95,141,75
16908,33870,80,146,73
16909,33872,81,151,74
16910,33874,119,155,80
16911,33876,105,162,84
16912,33878,91,163,83
16913,33880,63,166,83
16914,33882,115,166,84
16915,33884,154,167,87
16916,33886,159,169,85
16917,33888,158,169,90
16918,33890,154,169,87
16919,33892,137,170,87
16920,33894,174,170,88
16921,33896,158,170,87
16922,33898,137,167,85
16923,33900,111,167,85
16924,33902,123,167,85
16925,33904,146,167,87
16926,33906,147,166,85
16927,33908,148,166,86
16928,33910,143,167,83
16929,33912,142,166,84
16930,33914,175,165,84
16931,33916,154,165,84
16932,33918,143,165,83
16933,33920,125,165,84
16934,33922,127,164,84
16935,33924,145,166,85
16936,33926,152,163,85
16937,33928,160,163,81
16938,33930,187,162,78
16939,33932,193,162,78
16940,33934,186,161,75
16941,33936,211,161,68
16942,33938,198,159,65
16943,33940,170,155,63
16944,33942,173,151,56
16945,33944,187,142,35
16946,33946,187,138,36
16947,33948,140,130,36
16948,33950,148,128,35
16949,33952,41,124,36
16950,33954,80,119,36
16951,33956,55,113,35
16952,33958,46,104,36
16953,33960,3,96,34
16954,33962,5,90,37
16955,33964,37,80,34
16956,33966,36,76,34
16957,33968,36,69,34
16958,33970,42,61,32
16959,33972,60,62,33
16960,33974,116,60,33
16961,33976,50,59,32
16962,33978,31,57,34
16963,33980,15,54,33
16964,33982,15,50,33
16965,33984,36,49,33
16966,33986,44,47,33
16967,33988,32,46,34
16968,33990,34,45,29
16969,33992,32,44,35
16970,33994,57,40,32
16971,33996,39,39,34
16972,33998,33,35,33
16973,34000,19,32,32
16974,34002,25,32,31
16975,34004,34,32,32
16976,34006,27,33,32
16977,34008,34,32,31
16978,34010,25,32,32
16979,34012,27,32,32
16980,34014,49,32,32
16981,34016,46,31,32
16982,34018,36,32,32
16983,34020,15,32,32
16984,34022,11,32,32
16985,34024,49,32,32
16986,34026,103,32,31
16987,34028,121,31,31
16988,34030,96,32,32
16989,34032,94,32,32
16990,34034,140,32,31
16991,34036,55,32,31
16992,34038,55,31,32
16993,34040,111,32,31
16994,34042,84,32,31
16995,34044,37,32,32
16996,34046,48,32,34
16997,34048,103,32,32
16998,34050,28,32,32
16999,34052,29,40,30
17000,34054,68,43,32
17001,34056,60,47,33
17002,34058,71,51,36
17003,34060,79,59,32
17004,34062,63,61,33
17005,34064,86,65,32
17006,34066,73,88,33
17007,34068,79,98,35
17008,34070,97,116,37
17009,34072,110,131,36
17010,34074,165,148,36
17011,34076,154,167,38
17012,34078,182,172,37
17013,34080,161,177,37
17014,34082,163,184,38
17015,34084,207,193,59
17016,34086,231,198,76
17017,34088,259,207,87
17018,34090,248,209,94
17019,34092,252,210,101
17020,34094,296,208,105
17021,34096,247,199,110
17022,34098,227,195,116
17023,34100,187,194,125
17024,34102,192,193,130
17025,34104,277,189,129
17026,34106,221,186,123
17027,34108,243,185,127
17028,34110,235,184,115
17029,34112,227,184,108
17030,34114,276,184,109
17031,34116,224,181,106
17032,34118,233,179,107
17033,34120,204,179,107
17034,34122,192,180,111
17035,34124,218,177,109
17036,34126,240,178,109
17037,34128,211,178,106
17038,34130,197,179,105
17039,34132,214,182,108
17040,34134,230,187,115
17041,34136,221,188,129
17042,34138,247,196,138
17043,34140,196,199,145
17044,34142,182,201,146
17045,34144,167,215,155
17046,34146,166,222,177
17047,34148,194,226,174
17048,34150,219,230,177
17049,34152,226,232,178
17050,34154,245,234,188
17051,34156,241,234,187
17052,34158,233,229,190
17053,34160,199,228,194
17054,34162,139,227,195
17055,34164,215,224,192
17056,34166,214,215,192
17057,34168,95,203,188
17058,34170,178,198,189
17059,34172,189,196,191
17060,34174,200,193,189
17061,34176,181,190,189
17062,34178,165,189,187
17063,34180,133,186,176
17064,34182,129,184,169
17065,34184,163,182,172
17066,34186,156,178,159
17067,34188,160,173,158
17068,34190,149,169,155
17069,34192,143,166,154
17070,34194,170,165,147
17071,34196,166,162,130
17072,34198,137,162,130
17073,34200,144,160,130
17074,34202,135,163,124
17075,34204,144,161,124
17076,34206,145,162,120
17077,34208,153,164,115
17078,34210,34,167,110
17079,34212,40,173,106
17080,34214,73,172,105
17081,34216,61,174,104
17082,34218,48,176,105
17083,34220,18,180,104
17084,34222,15,186,102
17085,34224,49,189,98
17086,34226,36,194,96
17087,34228,60,197,96
17088,34230,44,201,91
17089,34232,50,207,93
17090,34234,95,209,91
17091,34236,73,212,93
17092,34238,54,215,92
17093,34240,23,217,87
17094,34242,16,219,86
17095,34244,88,221,86
17096,34246,98,221,86
17097,34248,99,222,83
17098,34250,100,223,79
17099,34252,120,224,79
17100,34254,199,224,69
17101,34256,189,229,68
17102,34258,172,229,66
17103,34260,154,230,63
17104,34262,151,230,60
17105,34264,166,232,54
17106,34266,158,231,39
17107,34268,155,231,39
17108,34270,161,231,39
17109,34272,153,232,39
17110,34274,179,231,38
17111,34276,165,232,40
17112,34278,157,232,39
17113,34280,146,231,41
17114,34282,135,229,38
17115,34284,165,228,40
17116,34286,155,227,39
17117,34288,166,226,39
17118,34290,149,226,38
17119,34292,151,228,40
17120,34294,189,233,39
17121,34296,167,233,38
17122,34298,150,235,39
17123,34300,100,238,40
17124,34302,78,238,39
17125,34304,103,237,40
17126,34306,102,237,40
17127,34308,106,236,40
17128,34310,57,235,40
17129,34312,56,230,37
17130,34314,101,228,39
17131,34316,82,222,38
17132,34318,66,217,39
17133,34320,45,214,37
17134,34322,59,209,37
17135,34324,79,207,38
17136,34326,78,205,38
17137,34328,85,205,39
17138,34330,58,203,37
17139,34332,66,201,39
17140,34334,123,202,37
17141,34336,73,203,38
17142,34338,82,203,38
17143,34340,56,206,36
17144,34342,40,206,38
17145,34344,76,207,39
17146,34346,80,213,39
17147,34348,79,218,39
17148,34350,79,222,39
17149,34352,97,225,39
17150,34354,135,227,39
17151,34356,117,231,42
17152,34358,135,232,40
17153,34360,135,234,39
17154,34362,146,234,39
17155,34364,169,234,40
17156,34366,164,233,41
17157,34368,164,228,40
17158,34370,164,232,40
17159,34372,171,236,39
17160,34374,206,237,39
17161,34376,194,241,40
17162,34378,180,244,40
17163,34380,161,246,39
17164,34382,159,246,39
17165,34384,232,247,40
17166,34386,242,247,42
17167,34388,237,249,38
17168,34390,267,249,39
17169,34392,278,248,38
17170,34394,305,248,40
17171,34396,258,248,38
17172,34398,302,248,40
17173,34400,231,247,41
17174,34402,280,249,40
17175,34404,279,248,39
17176,34406,293,248,40
17177,34408,285,249,39
17178,34410,274,248,41
17179,34412,275,247,43
17180,34414,311,246,43
17181,34416,277,247,45
17182,34418,233,245,45
17183,34420,217,242,43
17184,34422,221,240,40
17185,34424,187,239,40
17186,34426,234,237,39
17187,34428,187,235,37
17188,34430,191,234,40
17189,34432,169,235,38
17190,34434,196,236,39
17191,34436,171,236,39
17192,34438,172,234,40
17193,34440,84,233,39
17194,34442,15,231,41
17195,34444,59,229,37
17196,34446,48,226,37
17197,34448,48,221,40
17198,34450,41,214,40
17199,34452,48,211,37
17200,34454,76,201,39
17201,34456,61,193,38
17202,34458,39,185,37
17203,34460,30,183,38
17204,34462,21,178,38
17205,34464,41,177,36
17206,34466,41,175,37
17207,34468,39,172,38
17208,34470,35,168,37
17209,34472,36,158,38
17210,34474,64,158,36
17211,34476,55,156,38
17212,34478,41,155,37
17213,34480,18,153,36
17214,34482,17,155,37
17215,34484,39,154,36
17216,34486,31,155,37
17217,34488,37,155,36
17218,34490,36,157,36
17219,34492,33,159,37
17220,34494,67,162,38
17221,34496,52,170,38
17222,34498,50,175,37
17223,34500,21,181,38
17224,34502,28,188,37
17225,34504,41,191,38
17226,34506,80,196,38
17227,34508,70,202,38
17228,34510,63,206,39
17229,34512,88,209,37
17230,34514,112,215,38
17231,34516,98,221,39
17232,34518,78,224,38
17233,34520,62,226,40
17234,34522,88,227,40
17235,34524,112,230,39
17236,34526,108,231,39
17237,34528,101,233,39
17238,34530,120,233,39
17239,34532,107,227,39
17240,34534,174,226,37
17241,34536,174,227,40
17242,34538,164,228,39
17243,34540,144,230,39
17244,34542,201,232,39
17245,34544,219,237,40
17246,34546,229,239,40
17247,34548,230,239,40
17248,34550,262,241,40
17249,34552,277,240,39
17250,34554,290,240,53
17251,34556,254,241,58
17252,34558,233,242,62
17253,34560,215,243,69
17254,34562,234,243,70
17255,34564,219,248,73
17256,34566,258,249,84
17257,34568,259,251,86
17258,34570,257,252,91
17259,34572,250,256,91
17260,34574,272,259,92
17261,34576,262,262,96
17262,34578,226,264,97
17263,34580,203,266,103
17264,34582,216,266,107
17265,34584,209,268,107
17266,34586,169,267,114
17267,34588,169,268,116
17268,34590,177,267,126
17269,34592,167,266,128
17270,34594,205,264,129
17271,34596,174,265,129
17272,34598,161,263,142
17273,34600,73,260,137
17274,34602,77,256,123
17275,34604,92,253,122
17276,34606,60,246,116
17277,34608,68,236,113
17278,34610,57,228,102
17279,34612,57,227,95
17280,34614,102,222,92
17281,34616,68,219,88
17282,34618,46,215,75
17283,34620,19,212,66
17284,34622,20,208,58
17285,34624,42,204,38
17286,34626,43,198,38
17287,34628,43,193,38
17288,34630,39,190,37
17289,34632,43,185,37
17290,34634,75,181,38
17291,34636,59,180,37
17292,34638,40,179,37
17293,34640,21,179,37
17294,34642,21,178,37
17295,34644,44,177,38
17296,34646,42,177,37
17297,34648,54,178,37
17298,34650,42,177,37
17299,34652,41,180,37
17300,34654,70,181,37
17301,34656,54,182,37
17302,34658,40,182,37
17303,34660,21,185,37
17304,34662,65,190,38
17305,34664,92,191,37
17306,34666,95,196,38
17307,34668,90,198,37
17308,34670,91,203,38
17309,34672,88,207,38
17310,34674,161,210,38
17311,34676,194,212,40
17312,34678,173,215,38
17313,34680,146,214,38
17314,34682,167,220,38
17315,34684,178,220,35
17316,34686,177,223,38
17317,34688,151,233,39
17318,34690,158,239,42
17319,34692,150,243,40
17320,34694,169,246,40
17321,34696,160,249,41
17322,34698,197,252,56
17323,34700,213,254,65
17324,34702,228,256,85
17325,34704,249,256,85
17326,34706,275,259,86
17327,34708,271,259,88
17328,34710,265,260,92
17329,34712,236,261,101
17330,34714,296,261,103
17331,34716,248,260,102
17332,34718,250,262,102
17333,34720,221,261,103
17334,34722,233,263,104
17335,34724,255,263,105
17336,34726,254,264,105
17337,34728,254,264,107
17338,34730,260,265,111
17339,34732,262,265,112
17340,34734,258,268,113
17341,34736,235,268,115
17342,34738,210,270,120
17343,34740,191,268,123
17344,34742,174,270,125
17345,34744,190,269,128
17346,34746,183,269,125
17347,34748,194,268,126
17348,34750,168,266,128
17349,34752,159,265,126
17350,34754,147,262,126
17351,34756,129,260,121
17352,34758,121,258,116
17353,34760,99,258,111
17354,34762,80,253,104
17355,34764,109,249,96
17356,34766,138,241,87
17357,34768,109,235,74
17358,34770,97,232,45
17359,34772,94,227,40
17360,34774,90,222,40
17361,34776,86,219,39
17362,34778,65,211,38
17363,34780,38,213,38
17364,34782,45,211,39
17365,34784,59,210,38
17366,34786,54,207,38
17367,34788,54,207,38
17368,34790,56,204,38
17369,34792,77,205,39
17370,34794,95,204,38
17371,34796,87,204,38
17372,34798,81,204,38
17373,34800,54,206,40
17374,34802,52,206,40
17375,34804,73,208,40
17376,34806,63,209,38
17377,34808,68,213,39
17378,34810,79,213,39
17379,34812,84,215,38
17380,34814,121,217,39
17381,34816,99,224,39
17382,34818,69,227,38
17383,34820,134,232,40
17384,34822,149,232,39
17385,34824,141,237,39
17386,34826,138,238,38
17387,34828,169,238,39
17388,34830,183,240,40
17389,34832,159,243,39
17390,34834,173,247,40
17391,34836,165,249,40
17392,34838,169,252,40
17393,34840,156,255,40
17394,34842,164,258,64
17395,34844,215,262,71
17396,34846,239,264,84
17397,34848,241,263,86
17398,34850,263,265,92
17399,34852,250,266,100
17400,34854,272,265,103
17401,34856,266,265,103
17402,34858,250,267,107
17403,34860,232,267,111
17404,34862,244,267,114
17405,34864,273,268,120
17406,34866,264,268,122
17407,34868,262,268,124
17408,34870,265,267,128
17409,34872,264,266,126
17410,34874,296,267,126
17411,34876,272,265,126
17412,34878,255,266,128
17413,34880,230,267,127
17414,34882,255,266,129
17415,34884,260,265,128
17416,34886,252,265,130
17417,34888,248,266,131
17418,34890,235,261,129
17419,34892,193,259,128
17420,34894,232,257,122
17421,34896,225,255,122
17422,34898,203,252,102
17423,34900,134,250,100
17424,34902,145,246,98
17425,34904,145,243,69
17426,34906,166,240,43
17427,34908,165,238,39
17428,34910,165,230,39
17429,34912,148,227,39
17430,34914,193,226,39
17431,34916,172,218,39
17432,34918,93,217,39
17433,34920,19,213,38
17434,34922,27,211,38
17435,34924,84,210,38
17436,34926,82,208,39
17437,34928,97,206,39
17438,34930,93,205,38
17439,34932,93,204,39
17440,34934,116,203,38
17441,34936,96,203,38
17442,34938,91,202,38
17443,34940,64,202,38
17444,34942,89,203,37
17445,34944,96,204,39
17446,34946,92,206,38
17447,34948,90,208,38
17448,34950,91,209,39
17449,34952,99,211,39
17450,34954,126,214,40
17451,34956,116,214,39
17452,34958,103,222,38
17453,34960,78,228,39
17454,34962,89,230,39
17455,34964,153,274,87
17456,34966,155,280,90
17457,34968,161,282,90
17458,34970,155,288,90
17459,34972,165,291,91
17460,34974,213,294,91
17461,34976,277,297,91
17462,34978,278,300,91
17463,34980,250,303,114
17464,34982,268,307,125
17465,34984,297,307,145
17466,34986,302,308,146
17467,34988,348,307,152
17468,34990,345,307,153
17469,34992,323,309,155
17470,34994,340,308,159
17471,34996,330,309,166
17472,34998,314,307,170
17473,35000,285,304,165
17474,35002,316,299,161
17475,35004,313,299,167
17476,35006,327,299,168
17477,35008,332,299,169
17478,35010,360,298,172
17479,35012,382,298,177
17480,35014,407,298,180
17481,35016,384,296,179
17482,35018,374,295,177
17483,35020,359,296,178
17484,35022,363,294,182
17485,35024,378,294,182
17486,35026,380,293,182
17487,35028,381,293,183
17488,35030,372,292,181
17489,35032,349,294,186
17490,35034,354,292,186
17491,35036,352,294,187
17492,35038,335,293,188
17493,35040,303,292,188
17494,35042,288,293,186
17495,35044,291,291,184
17496,35046,284,291,185
17497,35048,301,291,181
17498,35050,280,287,179
17499,35052,292,288,175
17500,35054,301,286,177
17501,35056,285,285,169
17502,35058,284,283,164
17503,35060,270,280,163
17504,35062,248,276,165
17505,35064,212,276,166
17506,35066,268,273,155
17507,35068,242,268,145
17508,35070,226,265,139
17509,35072,223,264,140
17510,35074,246,261,124
17511,35076,218,257,113
17512,35078,202,253,110
17513,35080,190,250,95
17514,35082,200,245,84
17515,35084,212,241,85
17516,35086,215,239,85
17517,35088,201,238,84
17518,35090,211,238,83
17519,35092,202,237,84
17520,35094,249,237,85
17521,35096,234,237,85
17522,35098,230,237,85
17523,35100,196,238,85
17524,35102,220,238,85
17525,35104,243,239,85
17526,35106,205,240,85
17527,35108,225,242,85
17528,35110,216,243,85
17529,35112,217,244,85
17530,35114,250,251,87
17531,35116,249,252,85
17532,35118,238,255,86
17533,35120,233,260,84
17534,35122,249,261,86
17535,35124,283,263,86
17536,35126,288,267,86
17537,35128,295,270,86
17538,35130,290,270,85
17539,35132,274,272,86
17540,35134,309,275,86
17541,35136,297,276,90
17542,35138,291,277,108
17543,35140,224,278,112
17544,35142,253,278,111
17545,35144,283,278,122
17546,35146,278,278,126
17547,35148,288,279,123
17548,35150,286,279,127
17549,35152,280,276,126
17550,35154,327,274,129
17551,35156,317,268,128
17552,35158,340,263,129
17553,35160,314,263,136
17554,35162,335,261,139
17555,35164,343,262,140
17556,35166,347,262,143
17557,35168,350,262,150
17558,35170,332,262,153
17559,35172,314,261,155
17560,35174,348,261,156
17561,35176,348,262,158
17562,35178,345,261,160
17563,35180,307,262,161
17564,35182,304,261,160
17565,35184,303,261,160
17566,35186,297,261,163
17567,35188,301,262,163
17568,35190,302,261,165
17569,35192,291,265,168
17570,35194,333,266,170
17571,35196,300,272,172
17572,35198,288,274,172
17573,35200,267,274,172
17574,35202,288,276,175
17575,35204,285,276,171
17576,35206,273,276,170
17577,35208,276,277,171
17578,35210,275,277,167
17579,35212,233,276,166
17580,35214,281,272,163
17581,35216,253,271,161
17582,35218,230,266,159
17583,35220,191,266,159
17584,35222,202,264,158
17585,35224,202,261,151
17586,35226,213,258,146
17587,35228,206,254,137
17588,35230,215,252,138
17589,35232,213,250,138
17590,35234,235,249,127
17591,35236,226,249,124
17592,35238,218,248,115
17593,35240,106,247,109
17594,35242,194,246,109
17595,35244,209,246,107
17596,35246,220,246,107
17597,35248,211,246,90
17598,35250,210,247,86
17599,35252,209,246,86
17600,35254,236,249,86
17601,35256,218,247,87
17602,35258,212,248,88
17603,35260,133,250,86
17604,35262,206,252,87
17605,35264,209,254,88
17606,35266,202,256,86
17607,35268,213,260,87
17608,35270,216,263,87
17609,35272,214,266,88
17610,35274,273,270,89
17611,35276,281,273,95
17612,35278,286,277,100
17613,35280,260,279,98
17614,35282,267,280,119
17615,35284,272,281,123
17616,35286,285,281,123
17617,35288,308,283,121
17618,35290,336,282,123
17619,35292,298,280,124
17620,35294,323,277,123
17621,35296,366,272,122
17622,35298,301,263,133
17623,35300,302,263,134
17624,35302,368,258,134
17625,35304,343,258,134
17626,35306,366,258,135
17627,35308,377,255,137
17628,35310,377,255,135
17629,35312,374,254,137
17630,35314,385,252,137
17631,35316,394,253,137
17632,35318,371,253,137
17633,35320,338,252,140
17634,35322,351,253,147
17635,35324,358,253,149
17636,35326,363,254,148
17637,35328,374,254,152
17638,35330,378,256,158
17639,35332,368,257,162
17640,35334,330,261,162
17641,35336,348,268,163
17642,35338,312,271,165
17643,35340,289,274,163
17644,35342,285,275,152
17645,35344,219,277,163
17646,35346,246,276,154
17647,35348,200,276,155
17648,35350,255,275,160
17649,35352,252,273,148
17650,35354,275,269,146
17651,35356,258,265,145
17652,35358,215,254,141
17653,35360,187,246,137
17654,35362,186,242,137
17655,35364,207,239,135
17656,35366,187,236,131
17657,35368,156,234,119
17658,35370,192,232,112
17659,35372,184,229,105
17660,35374,214,227,88
17661,35376,186,222,86
17662,35378,191,218,84
17663,35380,155,215,88
17664,35382,168,213,85
17665,35384,180,210,86
17666,35386,172,209,85
17667,35388,176,207,86
17668,35390,185,207,85
17669,35392,191,207,85
17670,35394,209,208,86
17671,35396,186,209,86
17672,35398,186,211,86
17673,35400,148,215,86
17674,35402,151,215,85
17675,35404,176,221,90
17676,35406,72,226,86
17677,35408,84,231,87
17678,35410,88,235,86
17679,35412,90,238,86
17680,35414,131,241,87
17681,35416,134,244,87
17682,35418,120,250,89
17683,35420,102,259,86
17684,35422,128,268,87
17685,35424,136,277,89
17686,35426,207,281,88
17687,35428,178,285,92
17688,35430,185,289,89
17689,35432,233,296,89
17690,35434,261,298,91
17691,35436,260,299,99
17692,35438,271,300,116
17693,35440,236,301,129
17694,35442,247,301,129
17695,35444,248,301,133
17696,35446,252,301,130
17697,35448,252,300,141
17698,35450,270,297,141
17699,35452,324,295,139
17700,35454,293,293,148
17701,35456,308,290,149
17702,35458,356,285,148
17703,35460,273,282,146
17704,35462,326,279,149
17705,35464,295,278,150
17706,35466,282,277,149
17707,35468,295,277,151
17708,35470,295,279,154
17709,35472,298,280,156
17710,35474,333,281,160
17711,35476,305,285,156
17712,35478,306,287,164
17713,35480,264,291,167
17714,35482,291,294,169
17715,35484,313,296,171
17716,35486,335,298,176
17717,35488,305,300,182
17718,35490,242,300,178
17719,35492,234,302,177
17720,35494,261,301,169
17721,35496,248,301,172
17722,35498,249,301,170
17723,35500,204,300,163
17724,35502,201,298,161
17725,35504,140,295,156
17726,35506,90,290,148
17727,35508,121,289,143
17728,35510,136,280,137
17729,35512,155,269,135
17730,35514,139,263,133
17731,35516,113,257,127
17732,35518,117,256,123
17733,35520,80,254,112
17734,35522,104,253,89
17735,35524,102,245,87
17736,35526,111,246,88
17737,35528,104,243,88
17738,35530,110,240,88
17739,35532,120,239,88
17740,35534,142,237,87
17741,35536,124,238,86
17742,35538,98,238,87
17743,35540,66,240,87
17744,35542,87,241,88
17745,35544,117,245,88
17746,35546,122,247,87
17747,35548,92,249,86
17748,35550,83,252,88
17749,35552,141,255,87
17750,35554,163,257,88
17751,35556,135,263,88
17752,35558,124,274,88
17753,35560,138,279,88
17754,35562,192,287,89
17755,35564,205,293,109
17756,35566,200,297,114
17757,35568,197,304,119
17758,35570,257,306,141
17759,35572,276,311,145
17760,35574,303,312,149
17761,35576,280,312,152
17762,35578,288,313,154
17763,35580,272,317,165
17764,35582,271,318,168
17765,35584,282,317,169
17766,35586,303,318,173
17767,35588,301,317,179
17768,35590,307,318,198
17769,35592,305,318,200
17770,35594,321,318,203
17771,35596,318,319,205
17772,35598,315,318,206
17773,35600,281,318,210
17774,35602,297,319,210
17775,35604,314,320,211
17776,35606,315,319,213
17777,35608,310,324,214
17778,35610,307,321,224
17779,35612,323,325,238
17780,35614,310,322,250
17781,35616,290,327,257
17782,35618,283,331,252
17783,35620,254,333,246
17784,35622,270,332,243
17785,35624,260,333,239
17786,35626,259,334,226
17787,35628,271,335,221
17788,35630,214,333,221
17789,35632,232,330,213
17790,35634,233,327,201
17791,35636,210,325,195
17792,35638,197,320,182
17793,35640,119,313,156
17794,35642,96,306,143
17795,35644,109,296,134
17796,35646,99,286,126
17797,35648,100,284,111
17798,35650,109,279,88
17799,35652,113,278,87
17800,35654,139,276,89
17801,35656,116,271,88
17802,35658,106,268,88
17803,35660,78,267,88
17804,35662,96,267,89
17805,35664,102,268,89
17806,35666,101,270,88
17807,35668,100,274,89
17808,35670,103,278,89
17809,35672,166,280,89
17810,35674,197,282,89
17811,35676,180,294,90
17812,35678,197,299,90
17813,35680,171,306,89
17814,35682,205,318,90
17815,35684,230,325,90
17816,35686,225,331,111
17817,35688,267,337,134
17818,35690,309,338,168
17819,35692,308,342,202
17820,35694,327,343,219
17821,35696,310,350,228
17822,35698,300,349,235
17823,35700,305,346,252
17824,35702,302,347,263
17825,35704,324,343,264
17826,35706,300,335,266
17827,35708,322,335,277
17828,35710,291,338,258
17829,35712,325,337,250
17830,35714,351,337,238
17831,35716,350,338,235
17832,35718,344,339,237
17833,35720,314,339,243
17834,35722,335,343,247
17835,35724,338,345,245
17836,35726,336,350,244
17837,35728,334,354,246
17838,35730,319,357,249
17839,35732,367,361,261
17840,35734,366,366,266
17841,35736,317,370,264
17842,35738,328,372,269
17843,35740,290,374,267
17844,35742,310,377,265
17845,35744,321,377,268
17846,35746,309,376,272
17847,35748,335,374,275
17848,35750,308,372,273
17849,35752,317,371,274
17850,35754,308,365,274
17851,35756,263,358,276
17852,35758,279,358,270
17853,35760,245,354,263
17854,35762,232,351,262
17855,35764,232,347,255
17856,35766,212,344,254
17857,35768,259,343,254
17858,35770,246,339,254
17859,35772,233,336,249
17860,35774,241,334,249
17861,35776,186,332,246
17862,35778,177,332,246
17863,35780,162,331,245
17864,35782,203,332,245
17865,35784,222,333,244
17866,35786,224,336,247
17867,35788,239,339,246
17868,35790,232,341,250
17869,35792,257,344,253
17870,35794,266,346,253
17871,35796,261,348,253
17872,35798,261,350,256
17873,35800,252,353,250
17874,35802,250,354,252
17875,35804,280,361,261
17876,35806,312,366,268
17877,35808,317,368,263
17878,35810,313,371,266
17879,35812,323,375,273
17880,35814,361,376,276
17881,35816,360,378,279
17882,35818,357,380,283
17883,35820,348,381,283
17884,35822,358,382,282
17885,35824,368,384,284
17886,35826,371,387,286
17887,35828,391,388,289
17888,35830,379,387,287
17889,35832,395,389,293
17890,35834,381,388,289
17891,35836,362,387,287
17892,35838,379,386,288
17893,35840,351,385,285
17894,35842,373,384,279
17895,35844,346,382,276
17896,35846,361,381,271
17897,35848,363,376,263
17898,35850,351,375,265
17899,35852,359,371,259
17900,35854,356,364,251
17901,35856,310,362,253
17902,35858,304,359,248
17903,35860,275,356,251
17904,35862,290,352,248
17905,35864,304,348,246
17906,35866,300,344,249
17907,35868,287,338,245
17908,35870,280,331,238
17909,35872,259,323,221
17910,35874,247,313,209
17911,35876,236,304,205
17912,35878,216,293,200
17913,35880,181,290,189
17914,35882,125,287,189
17915,35884,148,280,186
17916,35886,144,273,166
17917,35888,141,267,136
17918,35890,149,263,111
17919,35892,165,258,88
17920,35894,159,250,90
17921,35896,108,244,88
17922,35898,103,243,87
17923,35900,82,241,88
17924,35902,102,240,88
17925,35904,109,241,88
17926,35906,131,240,86
17927,35908,101,243,87
17928,35910,96,245,88
17929,35912,167,246,89
17930,35914,166,247,86
17931,35916,133,251,87
17932,35918,117,254,87
17933,35920,128,259,87
17934,35922,128,263,87
17935,35924,165,267,88
17936,35926,183,267,87
17937,35928,209,271,86
17938,35930,222,281,90
17939,35932,248,286,89
17940,35934,261,288,88
17941,35936,232,293,88
17942,35938,227,295,90
17943,35940,233,298,88
17944,35942,238,307,94
17945,35944,261,321,95
17946,35946,286,328,95
17947,35948,295,335,94
17948,35950,301,346,113
17949,35952,337,353,163
17950,35954,343,358,171
17951,35956,325,361,184
17952,35958,322,364,194
17953,35960,285,369,204
17954,35962,308,375,210
17955,35964,331,383,208
17956,35966,333,384,215
17957,35968,337,386,220
17958,35970,336,387,227
17959,35972,347,388,242
17960,35974,358,389,257
17961,35976,338,390,262
17962,35978,333,390,266
17963,35980,307,391,266
17964,35982,334,390,265
17965,35984,343,391,260
17966,35986,335,391,262
17967,35988,338,391,264
17968,35990,341,390,269
17969,35992,359,390,270
17970,35994,348,388,272
17971,35996,334,386,272
17972,35998,310,383,268
17973,36000,294,380,270
17974,36002,299,373,267
17975,36004,314,371,264
17976,36006,309,369,262
17977,36008,314,365,262
17978,36010,299,362,263
17979,36012,311,354,256
17980,36014,290,350,264
17981,36016,284,346,262
17982,36018,281,342,259
17983,36020,260,340,258
17984,36022,258,337,252
17985,36024,270,336,257
17986,36026,272,330,254
17987,36028,270,329,252
17988,36030,259,328,251
17989,36032,227,323,248
17990,36034,239,319,246
17991,36036,223,315,243
17992,36038,227,313,238
17993,36040,198,311,237
17994,36042,216,308,232
17995,36044,234,303,230
17996,36046,224,303,226
17997,36048,232,302,218
17998,36050,213,302,219
17999,36052,209,301,220
18000,36054,170,301,219
18001,36056,153,301,206
18002,36058,143,301,204
18003,36060,126,301,199
18004,36062,139,302,188
18005,36064,140,304,188
18006,36066,174,303,187
18007,36068,172,305,199
18008,36070,157,306,200
18009,36072,230,310,203
18010,36074,228,312,212
18011,36076,220,315,207
18012,36078,225,316,208
18013,36080,203,321,216
18014,36082,216,324,214
18015,36084,261,326,222
18016,36086,277,334,222
18017,36088,295,339,225
18018,36090,301,343,237
18019,36092,318,347,238
18020,36094,326,351,252
18021,36096,326,354,254
18022,36098,306,359,260
18023,36100,300,364,265
18024,36102,317,366,264
18025,36104,341,370,263
18026,36106,349,373,268
18027,36108,339,374,267
18028,36110,361,376,268
18029,36112,342,377,272
18030,36114,356,378,273
18031,36116,338,379,272
18032,36118,330,379,275
18033,36120,292,378,274
18034,36122,322,381,279
18035,36124,321,382,281
18036,36126,318,381,289
18037,36128,326,382,293
18038,36130,310,380,292
18039,36132,336,379,294
18040,36134,336,375,294
18041,36136,332,369,298
18042,36138,325,357,303
18043,36140,309,353,298
18044,36142,304,355,301
18045,36144,316,356,304
18046,36146,326,355,302
18047,36148,324,355,291
18048,36150,335,356,295
18049,36152,357,356,289
18050,36154,349,354,290
18051,36156,333,354,288
18052,36158,336,355,283
18053,36160,320,356,286
18054,36162,317,355,285
18055,36164,333,355,277
18056,36166,331,355,281
18057,36168,320,355,276
18058,36170,323,355,279
18059,36172,353,355,275
18060,36174,355,354,269
18061,36176,325,353,269
18062,36178,317,351,267
18063,36180,273,349,265
18064,36182,290,348,267
18065,36184,291,347,267
18066,36186,279,343,266
18067,36188,284,342,267
18068,36190,273,338,263
18069,36192,299,335,263
18070,36194,276,333,260
18071,36196,273,329,259
18072,36198,264,325,260
18073,36200,250,321,259
18074,36202,261,321,261
18075,36204,270,320,260
18076,36206,272,319,261
18077,36208,284,325,258
18078,36210,249,325,257
18079,36212,280,329,257
18080,36214,285,332,257
18081,36216,262,332,257
18082,36218,256,332,257
18083,36220,225,337,254
18084,36222,250,339,257
18085,36224,269,343,257
18086,36226,269,344,260
18087,36228,276,348,258
18088,36230,283,350,257
18089,36232,305,350,258
18090,36234,301,352,253
18091,36236,284,362,254
18092,36238,291,362,254
18093,36240,311,365,252
18094,36242,319,368,261
18095,36244,336,371,262
18096,36246,333,372,258
18097,36248,333,374,258
18098,36250,330,375,260
18099,36252,390,376,263
18100,36254,347,376,266
18101,36256,339,375,264
18102,36258,337,378,267
18103,36260,307,380,263
18104,36262,324,378,268
18105,36264,339,378,269
18106,36266,343,379,270
18107,36268,357,381,276
18108,36270,347,380,275
18109,36272,406,381,277
18110,36274,397,380,277
18111,36276,385,380,280
18112,36278,383,380,279
18113,36280,365,382,279
18114,36282,367,379,281
18115,36284,380,377,279
18116,36286,382,375,280
18117,36288,361,374,279
18118,36290,352,374,273
18119,36292,382,374,275
18120,36294,370,373,272
18121,36296,357,372,270
18122,36298,351,370,272
18123,36300,323,369,274
18124,36302,343,365,276
18125,36304,349,359,276
18126,36306,333,354,273
18127,36308,341,354,271
18128,36310,324,351,272
18129,36312,356,350,272
18130,36314,349,346,270
18131,36316,331,342,268
18132,36318,315,339,267
18133,36320,274,335,267
18134,36322,267,333,265
18135,36324,264,330,265
18136,36326,278,324,260
18137,36328,275,322,245
18138,36330,271,321,236
18139,36332,301,319,236
18140,36334,294,316,231
18141,36336,281,314,220
18142,36338,274,312,224
18143,36340,248,311,219
18144,36342,255,309,212
18145,36344,280,306,213
18146,36346,269,301,206
18147,36348,288,302,210
18148,36350,277,300,207
18149,36352,308,301,202
18150,36354,296,301,194
18151,36356,289,301,200
18152,36358,278,300,196
18153,36360,267,301,193
18154,36362,275,300,186
18155,36364,288,302,185
18156,36366,304,301,182
18157,36368,354,303,181
18158,36370,349,301,180
18159,36372,370,303,180
18160,36374,362,303,181
18161,36376,337,304,177
18162,36378,326,303,176
18163,36380,306,303,177
18164,36382,317,302,178
18165,36384,324,301,152
18166,36386,322,299,153
18167,36388,325,297,154
18168,36390,322,297,156
18169,36392,358,296,157
18170,36394,361,295,157
18171,36396,351,294,157
18172,36398,341,294,156
18173,36400,327,295,156
18174,36402,325,294,157
18175,36404,345,293,155
18176,36406,345,293,159
18177,36408,339,293,161
18178,36410,336,292,160
18179,36412,375,292,159
18180,36414,397,291,160
18181,36416,368,292,160
18182,36418,340,290,161
18183,36420,320,290,166
18184,36422,323,289,167
18185,36424,354,288,168
18186,36426,349,286,167
18187,36428,341,286,169
18188,36430,361,285,169
18189,36432,359,283,167
18190,36434,368,283,166
18191,36436,344,280,164
18192,36438,330,279,163
18193,36440,301,278,167
18194,36442,324,274,168
18195,36444,327,273,169
18196,36446,326,269,170
18197,36448,330,268,170
18198,36450,320,266,169
18199,36452,352,261,172
18200,36454,346,258,170
18201,36456,327,255,173
18202,36458,320,252,174
18203,36460,305,249,195
18204,36462,314,249,198
18205,36464,316,249,196
18206,36466,319,249,197
18207,36468,314,248,201
18208,36470,314,245,200
18209,36472,344,246,202
18210,36474,336,245,203
18211,36476,334,246,204
18212,36478,315,245,203
18213,36480,285,246,204
18214,36482,298,245,204
18215,36484,306,245,203
18216,36486,305,240,202
18217,36488,305,244,202
18218,36490,291,243,199
18219,36492,325,243,201
18220,36494,321,242,199
18221,36496,302,241,194
18222,36498,294,241,173
18223,36500,277,242,172
18224,36502,287,241,173
18225,36504,297,241,170
18226,36506,298,240,171
18227,36508,299,239,171
18228,36510,292,237,171
18229,36512,326,234,169
18230,36514,319,231,168
18231,36516,300,229,168
18232,36518,283,227,166
18233,36520,271,220,163
18234,36522,257,219,162
18235,36524,275,218,157
18236,36526,262,216,158
18237,36528,268,216,157
18238,36530,257,215,154
18239,36532,284,215,154
18240,36534,320,215,153
18241,36536,260,214,158
18242,36538,256,214,153
18243,36540,246,213,156
18244,36542,249,213,152
18245,36544,258,213,152
18246,36546,273,212,151
18247,36548,280,211,150
18248,36550,265,209,147
18249,36552,284,209,148
18250,36554,285,208,149
18251,36556,271,206,144
18252,36558,264,203,148
18253,36560,234,202,144
18254,36562,244,201,145
18255,36564,257,200,145
18256,36566,257,200,143
18257,36568,259,199,143
18258,36570,257,199,140
18259,36572,290,198,139
18260,36574,277,194,139
18261,36576,263,195,138
18262,36578,248,193,138
18263,36580,241,193,137
18264,36582,239,192,139
18265,36584,261,192,135
18266,36586,262,191,136
18267,36588,264,190,134
18268,36590,261,188,135
18269,36592,292,189,138
18270,36594,285,187,138
18271,36596,267,187,135
18272,36598,258,187,138
18273,36600,251,187,135
18274,36602,252,186,135
18275,36604,254,186,135
18276,36606,260,186,135
18277,36608,265,186,135
18278,36610,257,185,134
18279,36612,285,186,134
18280,36614,288,186,133
18281,36616,270,186,133
18282,36618,253,185,130
18283,36620,239,184,128
18284,36622,244,184,130
18285,36624,259,185,127
18286,36626,254,184,125
18287,36628,265,181,124
18288,36630,259,180,120
18289,36632,285,180,120
18290,36634,284,178,116
18291,36636,261,178,117
18292,36638,253,177,116
18293,36640,232,176,116
18294,36642,231,175,114
18295,36644,250,175,110
18296,36646,235,172,107
18297,36648,238,167,105
18298,36650,231,167,102
18299,36652,252,167,98
18300,36654,251,166,90
18301,36656,236,166,87
18302,36658,220,165,86
18303,36660,206,165,81
18304,36662,207,164,83
18305,36664,219,162,81
18306,36666,185,161,83
18307,36668,187,161,83
18308,36670,204,159,84
18309,36672,223,155,83
18310,36674,218,155,82
18311,36676,209,154,82
18312,36678,207,153,82
18313,36680,139,151,81
18314,36682,150,152,82
18315,36684,168,150,82
18316,36686,162,148,82
18317,36688,163,146,83
18318,36690,153,135,82
18319,36692,184,131,81
18320,36694,158,132,83
18321,36696,148,128,83
18322,36698,128,128,81
18323,36700,113,124,81
18324,36702,143,122,80
18325,36704,148,122,82
18326,36706,147,121,78
18327,36708,92,121,82
18328,36710,88,121,81
18329,36712,138,119,81
18330,36714,113,118,81
18331,36716,94,119,81
18332,36718,86,119,82
18333,36720,83,118,80
18334,36722,92,118,81
18335,36724,108,118,82
18336,36726,116,118,80
18337,36728,97,120,81
18338,36730,109,120,80
18339,36732,122,120,81
18340,36734,111,121,82
18341,36736,90,123,82
18342,36738,67,125,82
18343,36740,42,126,80
18344,36742,59,127,82
18345,36744,82,131,82
18346,36746,76,132,82
18347,36748,79,137,82
18348,36750,89,136,81
18349,36752,116,144,83
18350,36754,118,152,83
18351,36756,97,157,82
18352,36758,70,164,82
18353,36760,55,167,82
18354,36762,65,171,83
18355,36764,132,179,84
18356,36766,127,187,84
18357,36768,132,198,83
18358,36770,145,205,85
18359,36772,160,214,86
18360,36774,158,218,86
18361,36776,147,221,84
18362,36778,129,226,80
18363,36780,138,232,85
18364,36782,172,238,85
18365,36784,192,239,107
18366,36786,204,243,116
18367,36788,251,244,127
18368,36790,245,235,131
18369,36792,284,238,133
18370,36794,271,240,138
18371,36796,242,239,140
18372,36798,298,239,142
18373,36800,240,239,142
18374,36802,258,238,154
18375,36804,277,238,153
18376,36806,287,237,157
18377,36808,287,237,159
18378,36810,280,234,164
18379,36812,313,232,165
18380,36814,303,232,167
18381,36816,286,232,165
18382,36818,264,231,167
18383,36820,248,226,170
18384,36822,262,227,169
18385,36824,274,225,170
18386,36826,269,226,172
18387,36828,271,228,166
18388,36830,274,229,175
18389,36832,304,230,179
18390,36834,309,232,195
18391,36836,277,231,205
18392,36838,259,230,205
18393,36840,241,230,203
18394,36842,249,231,206
18395,36844,266,234,203
18396,36846,266,236,206
18397,36848,266,238,201
18398,36850,271,241,188
18399,36852,183,240,185
18400,36854,182,241,187
18401,36856,158,240,181
18402,36858,121,234,157
18403,36860,100,234,161
18404,36862,127,234,155
18405,36864,94,233,150
18406,36866,94,230,149
18407,36868,92,229,144
18408,36870,85,226,138
18409,36872,132,222,140
18410,36874,123,217,137
18411,36876,101,211,134
18412,36878,74,207,132
18413,36880,58,206,128
18414,36882,89,203,131
18415,36884,87,199,122
18416,36886,88,197,121
18417,36888,88,194,115
18418,36890,98,192,106
18419,36892,119,191,97
18420,36894,112,192,86
18421,36896,96,194,84
18422,36898,67,193,84
18423,36900,56,195,83
18424,36902,77,193,84
18425,36904,84,196,84
18426,36906,84,197,84
18427,36908,84,200,85
18428,36910,89,204,81
18429,36912,120,204,84
18430,36914,111,206,85
18431,36916,97,204,84
18432,36918,73,210,84
18433,36920,59,211,85
18434,36922,82,214,84
18435,36924,100,215,85
18436,36926,82,220,85
18437,36928,92,222,85
18438,36930,96,227,86
18439,36932,131,231,86
18440,36934,121,235,85
18441,36936,95,238,85
18442,36938,89,240,85
18443,36940,78,241,85
18444,36942,98,242,86
18445,36944,100,245,86
18446,36946,103,245,84
18447,36948,99,244,85
18448,36950,100,244,86
18449,36952,156,245,86
18450,36954,150,245,86
18451,36956,140,246,86
18452,36958,118,248,85
18453,36960,143,249,85
18454,36962,191,248,85
18455,36964,206,250,87
18456,36966,228,248,85
18457,36968,212,248,85
18458,36970,235,249,87
18459,36972,274,249,86
18460,36974,274,249,86
18461,36976,263,248,86
18462,36978,199,248,85
18463,36980,226,247,86
18464,36982,245,246,85
18465,36984,246,245,86
18466,36986,247,243,86
18467,36988,247,241,85
18468,36990,257,239,86
18469,36992,271,235,83
18470,36994,271,236,85
18471,36996,242,236,85
18472,36998,228,235,87
18473,37000,223,234,86
18474,37002,230,234,84
18475,37004,234,234,85
18476,37006,216,233,85
18477,37008,213,231,85
18478,37010,220,231,85
18479,37012,242,231,86
18480,37014,230,230,85
18481,37016,211,229,86
18482,37018,137,228,85
18483,37020,157,227,85
18484,37022,189,224,83
18485,37024,201,221,83
18486,37026,202,217,86
18487,37028,214,215,82
18488,37030,107,209,84
18489,37032,141,206,84
18490,37034,129,199,84
18491,37036,99,194,84
18492,37038,82,187,83
18493,37040,82,184,83
18494,37042,99,179,84
18495,37044,109,173,82
18496,37046,104,169,83
18497,37048,100,164,83
18498,37050,95,158,82
18499,37052,136,157,82
18500,37054,141,153,82
18501,37056,96,150,82
18502,37058,85,149,82
18503,37060,79,149,82
18504,37062,98,149,83
18505,37064,99,148,82
18506,37066,111,149,82
18507,37068,98,149,82
18508,37070,99,150,81
18509,37072,121,152,82
18510,37074,132,155,83
18511,37076,102,159,83
18512,37078,86,162,83
18513,37080,80,164,84
18514,37082,103,170,83
18515,37084,113,172,83
18516,37086,110,174,83
18517,37088,106,178,83
18518,37090,103,182,84
18519,37092,135,184,82
18520,37094,211,187,85
18521,37096,194,191,84
18522,37098,172,196,85
18523,37100,162,198,84
18524,37102,207,203,83
18525,37104,206,207,85
18526,37106,228,208,83
18527,37108,227,209,84
18528,37110,220,210,85
18529,37112,239,209,85
18530,37114,233,209,84
18531,37116,217,208,87
18532,37118,199,205,83
18533,37120,188,204,85
18534,37122,213,203,83
18535,37124,230,204,84
18536,37126,227,202,83
18537,37128,220,202,82
18538,37130,214,200,83
18539,37132,270,199,87
18540,37134,265,196,84
18541,37136,236,194,83
18542,37138,246,193,84
18543,37140,260,191,83
18544,37142,266,191,83
18545,37144,265,191,84
18546,37146,276,189,81
18547,37148,266,189,84
18548,37150,259,189,83
18549,37152,285,190,84
18550,37154,291,188,83
18551,37156,270,189,84
18552,37158,251,188,83
18553,37160,246,188,83
18554,37162,261,189,84
18555,37164,261,189,83
18556,37166,270,190,84
18557,37168,261,189,84
18558,37170,220,191,84
18559,37172,251,193,85
18560,37174,239,192,84
18561,37176,222,193,84
18562,37178,188,195,83
18563,37180,201,195,83
18564,37182,233,195,84
18565,37184,233,196,85
18566,37186,217,197,83
18567,37188,203,197,84
18568,37190,210,197,83
18569,37192,231,197,83
18570,37194,230,200,82
18571,37196,206,199,82
18572,37198,176,196,83
18573,37200,170,196,83
18574,37202,199,193,83
18575,37204,172,190,83
18576,37206,84,187,83
18577,37208,80,187,83
18578,37210,84,187,85
18579,37212,118,186,84
18580,37214,106,184,84
18581,37216,84,184,84
18582,37218,66,183,83
18583,37220,58,181,83
18584,37222,95,173,84
18585,37224,96,161,83
18586,37226,102,154,82
18587,37228,100,147,80
18588,37230,95,141,81
18589,37232,122,135,80
18590,37234,111,129,82
18591,37236,91,127,81
18592,37238,59,123,82
18593,37240,53,114,80
18594,37242,79,107,79
18595,37244,72,106,81
18596,37246,77,101,80
18597,37248,76,97,80
18598,37250,66,95,80
18599,37252,110,92,80
18600,37254,99,87,80
18601,37256,77,83,80
18602,37258,50,80,78
18603,37260,52,80,78
18604,37262,73,80,80
18605,37264,73,80,80
18606,37266,82,79,81
18607,37268,76,80,80
18608,37270,76,81,81
18609,37272,106,80,80
18610,37274,100,79,79
18611,37276,82,80,80
18612,37278,48,79,80
18613,37280,55,79,80
18614,37282,68,79,79
18615,37284,75,80,80
18616,37286,76,80,80
18617,37288,74,80,79
18618,37290,72,80,81
18619,37292,113,81,79
18620,37294,97,79,79
18621,37296,86,80,80
18622,37298,56,77,79
18623,37300,52,79,79
18624,37302,82,79,78
18625,37304,79,80,79
18626,37306,78,80,80
18627,37308,82,80,79
18628,37310,81,80,81
18629,37312,111,78,79
18630,37314,106,79,79
18631,37316,87,80,78
18632,37318,53,80,80
18633,37320,50,80,79
18634,37322,76,80,80
18635,37324,96,80,80
18636,37326,88,80,80
18637,37328,80,80,81
18638,37330,86,80,79
18639,37332,114,80,80
18640,37334,119,80,80
18641,37336,94,81,80
18642,37338,62,82,80
18643,37340,64,82,80
18644,37342,77,85,79
18645,37344,84,83,80
18646,37346,77,83,80
18647,37348,84,83,80
18648,37350,88,84,81
18649,37352,113,83,79
18650,37354,106,83,80
18651,37356,83,83,79
18652,37358,55,83,80
18653,37360,53,83,78
18654,37362,77,83,79
18655,37364,80,84,80
18656,37366,84,83,81
18657,37368,76,84,79
18658,37370,83,83,80
18659,37372,121,83,80
18660,37374,108,83,80
18661,37376,87,83,79
18662,37378,57,84,79
18663,37380,51,84,80
18664,37382,79,84,80
18665,37384,82,84,80
18666,37386,80,85,79
18667,37388,86,84,79
18668,37390,81,84,81
18669,37392,117,85,78
18670,37394,113,85,78
18671,37396,85,86,79
18672,37398,55,86,79
18673,37400,57,87,79
18674,37402,83,87,79
18675,37404,78,87,80
18676,37406,74,86,80
18677,37408,79,87,80
18678,37410,82,88,80
18679,37412,121,88,79
18680,37414,108,87,79
18681,37416,94,87,79
18682,37418,53,86,79
18683,37420,63,86,79
18684,37422,78,86,80
18685,37424,80,87,80
18686,37426,73,86,81
18687,37428,80,87,80
18688,37430,84,87,81
18689,37432,111,87,80
18690,37434,102,86,80
18691,37436,88,86,80
18692,37438,53,86,80
18693,37440,57,87,77
18694,37442,79,87,80
18695,37444,77,86,80
18696,37446,76,85,80
18697,37448,77,89,80
18698,37450,91,90,80
18699,37452,117,90,81
18700,37454,113,89,80
18701,37456,87,90,80
18702,37458,62,88,80
18703,37460,52,90,80
18704,37462,75,90,80
18705,37464,73,90,80
18706,37466,72,89,80
18707,37468,86,90,80
18708,37470,90,89,80
18709,37472,113,89,79
18710,37474,109,89,81
18711,37476,85,89,80
18712,37478,52,89,80
18713,37480,52,89,81
18714,37482,80,89,80
18715,37484,79,89,80
18716,37486,80,89,80
18717,37488,75,88,78
18718,37490,77,89,80
18719,37492,112,89,79
18720,37494,102,89,80
18721,37496,87,89,79
18722,37498,58,90,80
18723,37500,50,87,80
18724,37502,73,87,80
18725,37504,66,86,84
18726,37506,74,86,80
18727,37508,69,87,81
18728,37510,79,86,79
18729,37512,111,87,81
18730,37514,103,87,80
18731,37516,88,88,79
18732,37518,51,86,79
18733,37520,46,87,80
18734,37522,75,88,79
18735,37524,73,86,80
18736,37526,68,87,78
18737,37528,77,85,80
18738,37530,78,84,81
18739,37532,113,84,80
18740,37534,106,85,80
18741,37536,87,85,80
18742,37538,50,85,78
18743,37540,44,85,79
18744,37542,77,84,79
18745,37544,73,83,81
18746,37546,73,84,82
18747,37548,73,84,80
18748,37550,75,82,79
18749,37552,111,83,79
18750,37554,100,83,82
18751,37556,81,84,80
18752,37558,56,83,80
18753,37560,55,84,81
18754,37562,75,83,78
18755,37564,77,84,79
18756,37566,73,84,80
18757,37568,74,85,77
18758,37570,82,84,81
18759,37572,114,84,80
18760,37574,102,85,79
18761,37576,83,89,78
18762,37578,51,89,81
18763,37580,49,90,80
18764,37582,80,92,78
18765,37584,68,94,80
18766,37586,82,98,81
18767,37588,75,101,80
18768,37590,78,101,80
18769,37592,115,105,81
18770,37594,105,107,81
18771,37596,88,110,80
18772,37598,55,113,81
18773,37600,49,119,82
18774,37602,81,134,82
18775,37604,76,141,82
18776,37606,77,151,82
18777,37608,89,156,82
18778,37610,83,161,82
18779,37612,120,172,83
18780,37614,104,182,85
18781,37616,140,195,83
18782,37618,104,208,84
18783,37620,146,213,84
18784,37622,177,217,86
18785,37624,166,219,85
18786,37626,163,221,84
18787,37628,201,229,85
18788,37630,202,232,84
18789,37632,238,238,86
18790,37634,230,242,86
18791,37636,222,247,84
18792,37638,188,249,85
18793,37640,188,252,86
18794,37642,210,255,86
18795,37644,248,258,85
18796,37646,246,260,86
18797,37648,243,261,91
18798,37650,251,263,95
18799,37652,275,264,110
18800,37654,265,265,115
18801,37656,256,268,115
18802,37658,262,269,121
18803,37660,261,271,116
18804,37662,289,273,121
18805,37664,267,269,120
18806,37666,268,275,121
18807,37668,266,274,124
18808,37670,263,276,124
18809,37672,303,277,124
18810,37674,293,277,129
18811,37676,276,276,124
18812,37678,253,276,130
18813,37680,251,277,136
18814,37682,268,275,140
18815,37684,262,277,141
18816,37686,261,276,142
18817,37688,258,275,141
18818,37690,253,274,143
18819,37692,299,275,146
18820,37694,246,273,148
18821,37696,212,272,146
18822,37698,216,272,147
18823,37700,214,270,147
18824,37702,241,265,147
18825,37704,232,260,147
18826,37706,232,253,147
18827,37708,218,251,145
18828,37710,224,250,145
18829,37712,263,248,142
18830,37714,238,247,141
18831,37716,175,244,140
18832,37718,143,243,139
18833,37720,118,244,135
18834,37722,152,243,134
18835,37724,141,242,128
18836,37726,85,239,123
18837,37728,84,238,121
18838,37730,90,235,121
18839,37732,123,232,119
18840,37734,108,228,114
18841,37736,98,227,115
18842,37738,63,225,87
18843,37740,61,222,83
18844,37742,92,221,86
18845,37744,82,219,87
18846,37746,84,220,84
18847,37748,82,220,85
18848,37750,87,219,85
18849,37752,121,220,84
18850,37754,112,221,86
18851,37756,98,223,85
18852,37758,66,224,85
18853,37760,65,228,85
18854,37762,109,230,86
18855,37764,105,232,85
18856,37766,104,236,86
18857,37768,82,238,86
18858,37770,86,240,86
18859,37772,129,243,85
18860,37774,118,247,87
18861,37776,96,244,86
18862,37778,132,248,84
18863,37780,107,253,86
18864,37782,133,261,86
18865,37784,190,266,86
18866,37786,184,272,86
18867,37788,186,275,86
18868,37790,200,278,87
18869,37792,253,283,87
18870,37794,257,284,89
18871,37796,228,287,88
18872,37798,202,289,87
18873,37800,201,289,87
18874,37802,221,289,87
18875,37804,255,289,87
18876,37806,264,291,88
18877,37808,255,290,87
18878,37810,253,290,87
18879,37812,274,289,87
18880,37814,287,288,89
18881,37816,263,288,87
18882,37818,245,283,87
18883,37820,253,281,88
18884,37822,269,280,88
18885,37824,259,280,87
18886,37826,263,275,87
18887,37828,254,273,86
18888,37830,249,271,87
18889,37832,287,266,88
18890,37834,275,266,87
18891,37836,254,266,86
18892,37838,228,262,86
18893,37840,236,260,85
18894,37842,223,261,86
18895,37844,201,258,86
18896,37846,216,257,85
18897,37848,208,256,84
18898,37850,180,255,86
18899,37852,209,254,87
18900,37854,150,253,83
18901,37856,137,253,86
18902,37858,55,249,86
18903,37860,57,246,85
18904,37862,89,241,86
18905,37864,82,230,85
18906,37866,85,226,84
18907,37868,83,219,84
18908,37870,70,212,83
18909,37872,110,205,87
18910,37874,93,198,85
18911,37876,80,190,86
18912,37878,55,183,83
18913,37880,71,177,82
18914,37882,83,170,82
18915,37884,91,164,83
18916,37886,98,160,81
18917,37888,78,157,82
18918,37890,70,154,82
18919,37892,103,154,81
18920,37894,90,155,82
18921,37896,82,154,82
18922,37898,57,154,83
18923,37900,60,157,82
18924,37902,81,160,83
18925,37904,76,166,83
18926,37906,102,173,82
18927,37908,86,183,84
18928,37910,80,191,84
18929,37912,131,202,86
18930,37914,171,217,83
18931,37916,167,225,86
18932,37918,132,238,85
18933,37920,192,245,84
18934,37922,192,249,86
18935,37924,253,263,86
18936,37926,276,271,86
18937,37928,299,275,87
18938,37930,253,282,88
18939,37932,323,286,88
18940,37934,312,287,86
18941,37936,279,290,87
18942,37938,285,291,104
18943,37940,303,289,110
18944,37942,306,290,106
18945,37944,307,294,87
18946,37946,283,295,111
18947,37948,294,290,118
18948,37950,292,281,130
18949,37952,318,269,126
18950,37954,368,254,136
18951,37956,289,235,137
18952,37958,272,226,138
18953,37960,281,224,144
18954,37962,316,224,147
18955,37964,311,225,149
18956,37966,306,224,146
18957,37968,322,226,146
18958,37970,301,229,145
18959,37972,321,237,155
18960,37974,311,250,164
18961,37976,305,260,171
18962,37978,268,274,184
18963,37980,319,281,193
18964,37982,339,290,212
18965,37984,301,297,220
18966,37986,293,302,230
18967,37988,289,305,232
18968,37990,292,307,233
18969,37992,313,310,234
18970,37994,288,310,240
18971,37996,282,312,245
18972,37998,251,312,244
18973,38000,260,310,243
18974,38002,252,309,242
18975,38004,247,307,239
18976,38006,229,303,237
18977,38008,236,298,233
18978,38010,236,290,227
18979,38012,235,283,230
18980,38014,169,274,222
18981,38016,155,264,219
18982,38018,74,250,214
18983,38020,77,245,215
18984,38022,110,246,214
18985,38024,115,241,204
18986,38026,126,238,191
18987,38028,121,237,188
18988,38030,131,234,189
18989,38032,163,234,191
18990,38034,149,232,182
18991,38036,142,233,187
18992,38038,114,232,181
18993,38040,112,233,179
18994,38042,113,235,176
18995,38044,113,236,177
18996,38046,108,240,178
18997,38048,109,241,179
18998,38050,119,243,181
18999,38052,152,247,183
19000,38054,139,248,190
19001,38056,126,251,190
19002,38058,90,256,201
19003,38060,125,268,207
19004,38062,244,272,213
19005,38064,238,276,215
19006,38066,247,283,219
19007,38068,244,289,222
19008,38070,246,294,224
19009,38072,270,298,224
19010,38074,256,301,227
19011,38076,254,301,228
19012,38078,264,305,232
19013,38080,271,309,235
19014,38082,288,307,239
19015,38084,283,308,244
19016,38086,281,308,245
19017,38088,286,308,245
19018,38090,287,307,247
19019,38092,334,306,248
19020,38094,324,305,246
19021,38096,316,306,247
19022,38098,288,305,249
19023,38100,287,305,248
19024,38102,323,306,249
19025,38104,318,306,249
19026,38106,326,306,247
19027,38108,313,307,248
19028,38110,323,307,251
19029,38112,340,309,253
19030,38114,321,309,253
19031,38116,321,312,255
19032,38118,286,313,257
19033,38120,298,315,262
19034,38122,285,317,263
19035,38124,287,317,262
19036,38126,295,318,262
19037,38128,305,319,260
19038,38130,290,318,264
19039,38132,318,318,265
19040,38134,298,316,258
19041,38136,282,316,261
19042,38138,261,314,257
19043,38140,225,310,267
19044,38142,249,309,261
19045,38144,233,306,261
19046,38146,248,300,257
19047,38148,229,293,245
19048,38150,158,287,238
19049,38152,195,281,232
19050,38154,146,274,213
19051,38156,111,272,203
19052,38158,88,263,202
19053,38160,87,259,200
19054,38162,115,258,200
19055,38164,100,256,195
19056,38166,102,253,192
19057,38168,104,254,191
19058,38170,100,250,172
19059,38172,129,249,159
19060,38174,114,249,159
19061,38176,101,250,159
19062,38178,70,251,159
19063,38180,65,251,158
19064,38182,97,254,158
19065,38184,102,263,162
19066,38186,105,270,165
19067,38188,115,275,179
19068,38190,110,279,182
19069,38192,147,287,198
19070,38194,129,293,199
19071,38196,113,298,197
19072,38198,82,310,199
19073,38200,179,317,203
19074,38202,217,322,209
19075,38204,240,327,213
19076,38206,255,331,215
19077,38208,263,334,218
19078,38210,268,339,239
19079,38212,296,343,249
19080,38214,280,342,259
19081,38216,303,339,261
19082,38218,275,332,260
19083,38220,267,333,259
19084,38222,288,335,259
19085,38224,293,335,273
19086,38226,308,337,271
19087,38228,303,336,270
19088,38230,293,337,272
19089,38232,330,338,273
19090,38234,303,338,274
19091,38236,294,338,280
19092,38238,269,337,268
19093,38240,265,338,272
19094,38242,286,338,269
19095,38244,309,338,271
19096,38246,310,338,270
19097,38248,301,338,279
19098,38250,278,338,277
19099,38252,315,339,278
19100,38254,321,337,281
19101,38256,305,338,282
19102,38258,278,338,281
19103,38260,264,338,278
19104,38262,309,338,281
19105,38264,289,335,280
19106,38266,286,330,281
19107,38268,295,323,280
19108,38270,291,320,277
19109,38272,315,320,280
19110,38274,309,317,277
19111,38276,268,313,277
19112,38278,179,311,275
19113,38280,128,308,280
19114,38282,157,305,278
19115,38284,109,299,270
19116,38286,112,296,271
19117,38288,109,290,264
19118,38290,108,286,259
19119,38292,139,282,251
19120,38294,115,280,247
19121,38296,98,278,248
19122,38298,82,277,248
19123,38300,73,275,249
19124,38302,103,276,246
19125,38304,105,280,248
19126,38306,105,282,247
19127,38308,109,287,246
19128,38310,137,292,245
19129,38312,213,295,244
19130,38314,172,310,255
19131,38316,166,319,255
19132,38318,134,328,251
19133,38320,141,335,262
19134,38322,219,342,264
19135,38324,223,350,266
19136,38326,219,355,270
19137,38328,202,359,267
19138,38330,205,363,277
19139,38332,275,369,283
19140,38334,251,370,286
19141,38336,279,371,287
19142,38338,263,374,290
19143,38340,282,374,291
19144,38342,309,374,293
19145,38344,314,374,295
19146,38346,314,373,297
19147,38348,306,373,298
19148,38350,305,370,301
19149,38352,339,367,301
19150,38354,361,360,302
19151,38356,338,359,300
19152,38358,321,355,301
19153,38360,318,356,304
19154,38362,341,346,303
19155,38364,353,347,304
19156,38366,348,344,308
19157,38368,322,346,304
19158,38370,336,343,306
19159,38372,360,342,310
19160,38374,345,341,308
19161,38376,329,340,308
19162,38378,332,342,310
19163,38380,277,340,310
19164,38382,317,337,312
19165,38384,307,332,311
19166,38386,310,331,312
19167,38388,304,329,312
19168,38390,287,325,311
19169,38392,293,322,312
19170,38394,284,320,309
19171,38396,223,317,304
19172,38398,128,310,298
19173,38400,133,303,295
19174,38402,161,295,289
19175,38404,108,289,285
19176,38406,112,282,277
19177,38408,108,276,272
19178,38410,162,267,265
19179,38412,167,263,265
19180,38414,148,255,262
19181,38416,160,252,257
19182,38418,130,251,258
19183,38420,142,250,255
19184,38422,153,251,255
19185,38424,155,251,256
19186,38426,159,252,254
19187,38428,158,253,252
19188,38430,153,257,251
19189,38432,188,266,252
19190,38434,161,269,251
19191,38436,169,276,251
19192,38438,182,282,251
19193,38440,214,288,256
19194,38442,244,295,258
19195,38444,257,303,261
19196,38446,278,310,261
19197,38448,271,315,263
19198,38450,270,320,265
19199,38452,315,322,273
19200,38454,307,332,275
19201,38456,332,335,276
19202,38458,307,338,278
19203,38460,316,341,286
19204,38462,350,347,293
19205,38464,381,348,299
19206,38466,341,350,298
19207,38468,329,350,301
19208,38470,324,352,306
19209,38472,408,354,307
19210,38474,381,357,312
19211,38476,352,357,316
19212,38478,347,357,317
19213,38480,342,359,321
19214,38482,375,361,324
19215,38484,375,362,324
19216,38486,356,362,329
19217,38488,344,364,327
19218,38490,345,365,330
19219,38492,394,367,330
19220,38494,382,366,330
19221,38496,358,365,328
19222,38498,357,365,324
19223,38500,321,364,326
19224,38502,330,357,323
19225,38504,324,356,324
19226,38506,300,355,316
19227,38508,303,353,313
19228,38510,285,349,306
19229,38512,307,346,303
19230,38514,264,343,289
19231,38516,249,339,286
19232,38518,260,333,283
19233,38520,261,328,272
19234,38522,178,317,269
19235,38524,165,312,269
19236,38526,144,310,262
19237,38528,165,302,255
19238,38530,158,299,251
19239,38532,217,295,237
19240,38534,179,294,224
19241,38536,174,292,230
19242,38538,159,290,224
19243,38540,144,290,220
19244,38542,184,291,215
19245,38544,191,290,217
19246,38546,201,290,216
19247,38548,209,290,216
19248,38550,202,295,218
19249,38552,257,297,222
19250,38554,255,298,225
19251,38556,282,305,229
19252,38558,264,313,244
19253,38560,283,320,243
19254,38562,285,323,258
19255,38564,272,325,263
19256,38566,240,329,267
19257,38568,253,331,266
19258,38570,281,334,268
19259,38572,319,334,272
19260,38574,339,334,266
19261,38576,350,334,272
19262,38578,318,333,274
19263,38580,321,333,277
19264,38582,348,330,281
19265,38584,346,329,281
19266,38586,348,328,283
19267,38588,344,327,282
19268,38590,341,327,285
19269,38592,380,327,287
19270,38594,365,327,287
19271,38596,359,328,286
19272,38598,342,328,289
19273,38600,339,328,286
19274,38602,351,326,290
19275,38604,359,325,288
19276,38606,347,324,284
19277,38608,332,321,283
19278,38610,331,317,277
19279,38612,327,311,273
19280,38614,318,301,274
19281,38616,297,288,258
19282,38618,272,278,238
19283,38620,246,274,219
19284,38622,248,266,217
19285,38624,232,260,207
19286,38626,183,251,176
19287,38628,137,240,143
19288,38630,146,231,134
19289,38632,149,223,125
19290,38634,103,210,82
19291,38636,91,207,82
19292,38638,124,205,81
19293,38640,127,196,82
19294,38642,143,192,81
19295,38644,141,189,82
19296,38646,138,189,81
19297,38648,138,190,83
19298,38650,130,192,82
19299,38652,192,196,83
19300,38654,171,200,82
19301,38656,167,207,83
19302,38658,192,212,84
19303,38660,185,220,82
19304,38662,229,230,82
19305,38664,237,240,82
19306,38666,271,251,83
19307,38668,264,257,85
19308,38670,280,261,84
19309,38672,332,263,84
19310,38674,340,270,106
19311,38676,325,279,130
19312,38678,292,290,137
19313,38680,303,300,144
19314,38682,346,302,174
19315,38684,333,306,181
19316,38686,337,309,205
19317,38688,340,309,214
19318,38690,331,309,215
19319,38692,349,310,222
19320,38694,345,310,223
19321,38696,330,308,223
19322,38698,299,307,227
19323,38700,297,306,229
19324,38702,330,305,228
19325,38704,334,303,234
19326,38706,340,302,234
19327,38708,323,300,236
19328,38710,332,297,236
19329,38712,376,299,236
19330,38714,352,300,237
19331,38716,330,297,236
19332,38718,312,296,233
19333,38720,282,292,226
19334,38722,291,290,227
19335,38724,287,287,222
19336,38726,287,284,221
19337,38728,298,275,212
19338,38730,285,263,190
19339,38732,302,261,188
19340,38734,283,260,174
19341,38736,264,258,148
19342,38738,215,252,146
19343,38740,136,250,139
19344,38742,157,249,137
19345,38744,157,248,127
19346,38746,158,247,121
19347,38748,153,246,114
19348,38750,166,246,112
19349,38752,197,246,108
19350,38754,208,247,83
19351,38756,258,249,84
19352,38758,230,250,83
19353,38760,241,252,102
19354,38762,274,256,104
19355,38764,275,266,108
19356,38766,305,275,114
19357,38768,313,283,120
19358,38770,316,286,129
19359,38772,350,295,138
19360,38774,341,301,148
19361,38776,323,305,176
19362,38778,305,310,202
19363,38780,293,312,209
19364,38782,334,314,212
19365,38784,334,317,214
19366,38786,314,319,224
19367,38788,324,317,231
19368,38790,312,319,244
19369,38792,359,319,248
19370,38794,333,318,253
19371,38796,342,315,261
19372,38798,308,315,264
19373,38800,316,311,263
19374,38802,344,309,267
19375,38804,353,309,271
19376,38806,337,309,272
19377,38808,345,309,274
19378,38810,340,310,281
19379,38812,368,309,280
19380,38814,355,310,287
19381,38816,333,310,286
19382,38818,323,312,285
19383,38820,324,311,290
19384,38822,332,312,292
19385,38824,332,312,293
19386,38826,309,313,287
19387,38828,265,312,281
19388,38830,270,311,278
19389,38832,322,309,277
19390,38834,287,304,273
19391,38836,285,302,279
19392,38838,258,297,272
19393,38840,241,289,269
19394,38842,260,283,266
19395,38844,246,269,256
19396,38846,188,252,244
19397,38848,187,247,238
19398,38850,204,243,231
19399,38852,190,238,212
19400,38854,128,234,211
19401,38856,109,231,207
19402,38858,76,227,202
19403,38860,63,224,200
19404,38862,95,221,194
19405,38864,89,217,188
19406,38866,94,215,182
19407,38868,84,214,179
19408,38870,101,216,180
19409,38872,137,216,179
19410,38874,122,218,177
19411,38876,117,224,177
19412,38878,80,228,177
19413,38880,150,231,190
19414,38882,157,233,197
19415,38884,154,237,202
19416,38886,171,241,205
19417,38888,177,246,207
19418,38890,259,262,210
19419,38892,270,273,212
19420,38894,288,282,218
19421,38896,287,287,218
19422,38898,262,291,225
19423,38900,260,296,236
19424,38902,292,298,251
19425,38904,281,298,255
19426,38906,289,298,262
19427,38908,308,301,269
19428,38910,313,301,275
19429,38912,354,300,276
19430,38914,335,302,283
19431,38916,334,301,282
19432,38918,320,301,286
19433,38920,323,299,288
19434,38922,340,297,289
19435,38924,339,296,290
19436,38926,343,295,293
19437,38928,330,294,292
19438,38930,334,296,290
19439,38932,368,297,297
19440,38934,351,299,297
19441,38936,333,303,301
19442,38938,307,306,297
19443,38940,303,308,299
19444,38942,305,310,298
19445,38944,314,312,300
19446,38946,320,313,297
19447,38948,298,316,297
19448,38950,324,318,296
19449,38952,364,319,296
19450,38954,352,316,296
19451,38956,309,314,294
19452,38958,275,312,291
19453,38960,238,309,289
19454,38962,259,307,287
19455,38964,221,302,286
19456,38966,220,302,282
19457,38968,217,299,272
19458,38970,213,295,268
19459,38972,208,289,258
19460,38974,182,283,243
19461,38976,171,281,239
19462,38978,152,274,222
19463,38980,140,269,217
19464,38982,137,265,207
19465,38984,107,263,200
19466,38986,102,261,184
19467,38988,99,260,169
19468,38990,125,258,156
19469,38992,139,260,150
19470,38994,114,259,135
19471,38996,93,259,84
19472,38998,72,260,84
19473,39000,127,264,85
19474,39002,158,264,85
19475,39004,164,267,88
19476,39006,163,273,139
19477,39008,194,276,141
19478,39010,211,280,150
19479,39012,260,287,160
19480,39014,248,292,180
19481,39016,251,296,193
19482,39018,267,296,200
19483,39020,274,301,210
19484,39022,290,302,220
19485,39024,311,305,230
19486,39026,292,306,237
19487,39028,312,305,244
19488,39030,312,305,251
19489,39032,355,302,248
19490,39034,328,298,248
19491,39036,310,295,251
19492,39038,305,294,252
19493,39040,309,291,250
19494,39042,328,291,250
19495,39044,321,290,251
19496,39046,323,288,251
19497,39048,315,288,250
19498,39050,309,287,249
19499,39052,353,287,249
19500,39054,325,288,250
19501,39056,302,287,250
19502,39058,312,289,249
19503,39060,322,289,250
19504,39062,324,288,250
19505,39064,293,286,249
19506,39066,284,284,247
19507,39068,273,281,245
19508,39070,258,279,241
19509,39072,287,275,235
19510,39074,273,265,216
19511,39076,255,256,206
19512,39078,192,245,190
19513,39080,165,243,157
19514,39082,181,242,144
19515,39084,160,237,138
19516,39086,154,233,129
19517,39088,110,229,122
19518,39090,116,223,95
19519,39092,150,217,82
19520,39094,123,211,82
19521,39096,102,207,82
19522,39098,86,198,81
19523,39100,80,190,82
19524,39102,97,183,81
19525,39104,101,178,83
19526,39106,102,169,80
19527,39108,97,162,80
19528,39110,97,155,80
19529,39112,131,155,81
19530,39114,115,155,81
19531,39116,88,156,80
19532,39118,78,156,80
19533,39120,78,156,79
19534,39122,96,158,80
19535,39124,90,159,79
19536,39126,91,162,81
19537,39128,85,173,81
19538,39130,89,180,82
19539,39132,127,189,80
19540,39134,171,193,81
19541,39136,120,200,82
19542,39138,104,206,83
19543,39140,115,213,82
19544,39142,196,218,82
19545,39144,239,227,83
19546,39146,252,234,83
19547,39148,246,239,83
19548,39150,236,240,84
19549,39152,300,242,84
19550,39154,281,245,84
19551,39156,302,252,84
19552,39158,292,254,84
19553,39160,297,260,83
19554,39162,307,264,84
19555,39164,287,264,85
19556,39166,309,263,85
19557,39168,319,263,85
19558,39170,273,261,85
19559,39172,316,255,84
19560,39174,318,252,84
19561,39176,309,244,83
19562,39178,295,239,83
19563,39180,310,236,84
19564,39182,320,228,83
19565,39184,322,226,95
19566,39186,320,225,97
19567,39188,318,225,99
19568,39190,309,225,102
19569,39192,328,232,105
19570,39194,300,238,108
19571,39196,291,243,109
19572,39198,255,247,110
19573,39200,260,252,111
19574,39202,268,252,110
19575,39204,284,256,112
19576,39206,261,256,109
19577,39208,255,258,107
19578,39210,248,257,104
19579,39212,269,256,102
19580,39214,217,255,96
19581,39216,221,251,85
19582,39218,201,241,83
19583,39220,195,239,82
19584,39222,124,236,83
19585,39224,141,234,82
19586,39226,93,231,82
19587,39228,86,227,83
19588,39230,86,219,81
19589,39232,130,212,83
19590,39234,102,205,82
19591,39236,89,200,82
19592,39238,68,194,82
19593,39240,69,187,81
19594,39242,91,183,80
19595,39244,86,178,81
19596,39246,85,175,81
19597,39248,85,174,81
19598,39250,87,172,81
19599,39252,124,173,82
19600,39254,105,175,81
19601,39256,95,176,81
19602,39258,69,181,81
19603,39260,136,188,82
19604,39262,147,195,81
19605,39264,169,204,82
19606,39266,197,209,82
19607,39268,170,214,83
19608,39270,215,223,83
19609,39272,258,229,84
19610,39274,243,231,83
19611,39276,234,233,83
19612,39278,211,237,83
19613,39280,227,239,83
19614,39282,244,241,84
19615,39284,289,242,83
19616,39286,292,242,84
19617,39288,306,243,103
19618,39290,291,242,107
19619,39292,325,240,118
19620,39294,318,232,119
19621,39296,303,229,122
19622,39298,281,225,125
19623,39300,284,219,125
19624,39302,296,217,126
19625,39304,303,212,124
19626,39306,305,208,133
19627,39308,305,208,131
19628,39310,294,208,131
19629,39312,349,209,135
19630,39314,333,208,135
19631,39316,320,208,136
19632,39318,302,208,135
19633,39320,307,210,135
19634,39322,312,214,141
19635,39324,291,221,144
19636,39326,293,225,145
19637,39328,297,229,144
19638,39330,295,233,151
19639,39332,326,236,157
19640,39334,308,238,152
19641,39336,290,241,152
19642,39338,257,243,150
19643,39340,261,243,149
19644,39342,277,244,149
19645,39344,259,244,143
19646,39346,252,244,138
19647,39348,262,245,133
19648,39350,226,243,127
19649,39352,258,240,123
19650,39354,241,238,115
19651,39356,221,234,102
19652,39358,178,228,81
19653,39360,162,222,83
19654,39362,143,216,82
19655,39364,139,210,82
19656,39366,153,206,82
19657,39368,135,201,81
19658,39370,134,196,81
19659,39372,127,190,82
19660,39374,102,184,81
19661,39376,83,178,79
19662,39378,53,172,81
19663,39380,65,169,81
19664,39382,79,167,81
19665,39384,78,164,82
19666,39386,86,163,81
19667,39388,81,163,80
19668,39390,80,164,80
19669,39392,121,165,81
19670,39394,99,166,80
19671,39396,88,170,80
19672,39398,57,174,81
19673,39400,69,177,80
19674,39402,86,183,81
19675,39404,83,188,81
19676,39406,120,191,82
19677,39408,146,194,82
19678,39410,195,197,82
19679,39412,217,201,81
19680,39414,205,207,82
19681,39416,233,214,80
19682,39418,228,220,83
19683,39420,238,222,82
19684,39422,263,228,83
19685,39424,284,236,83
19686,39426,287,239,83
19687,39428,296,242,83
19688,39430,302,242,82
19689,39432,325,242,84
19690,39434,312,242,83
19691,39436,293,242,83
19692,39438,289,241,83
19693,39440,294,240,83
19694,39442,314,239,82
19695,39444,296,236,83
19696,39446,300,232,83
19697,39448,317,229,82
19698,39450,343,225,83
19699,39452,362,222,83
19700,39454,356,221,83
19701,39456,350,219,81
19702,39458,314,219,82
19703,39460,316,217,82
19704,39462,341,218,84
19705,39464,334,218,83
19706,39466,362,219,82
19707,39468,345,219,83
19708,39470,344,222,83
19709,39472,368,225,84
19710,39474,351,228,83
19711,39476,339,232,82
19712,39478,321,234,82
19713,39480,330,239,95
19714,39482,331,243,97
19715,39484,334,248,109
19716,39486,348,250,117
19717,39488,346,251,130
19718,39490,347,254,134
19719,39492,379,257,137
19720,39494,367,258,145
19721,39496,352,261,151
19722,39498,323,261,150
19723,39500,333,262,151
19724,39502,338,266,188
19725,39504,335,269,195
19726,39506,333,273,216
19727,39508,335,279,220
19728,39510,347,287,229
19729,39512,367,289,236
19730,39514,357,291,245
19731,39516,338,294,247
19732,39518,329,293,248
19733,39520,306,296,251
19734,39522,331,297,254
19735,39524,329,298,256
19736,39526,321,300,257
19737,39528,325,301,258
19738,39530,315,300,264
19739,39532,341,302,263
19740,39534,344,303,272
19741,39536,320,303,271
19742,39538,290,303,276
19743,39540,288,305,277
19744,39542,314,304,283
19745,39544,304,307,274
19746,39546,307,308,275
19747,39548,318,310,278
19748,39550,303,311,278
19749,39552,333,312,277
19750,39554,342,313,279
19751,39556,305,314,280
19752,39558,279,317,281
19753,39560,270,317,280
19754,39562,280,317,284
19755,39564,260,318,286
19756,39566,277,318,285
19757,39568,287,318,288
19758,39570,288,319,293
19759,39572,308,319,293
19760,39574,285,319,294
19761,39576,296,320,292
19762,39578,287,320,297
19763,39580,304,319,294
19764,39582,319,321,296
19765,39584,331,319,296
19766,39586,313,320,293
19767,39588,317,319,289
19768,39590,307,320,290
19769,39592,349,323,286
19770,39594,337,323,285
19771,39596,326,324,273
19772,39598,313,323,269
19773,39600,326,324,262
19774,39602,355,321,257
19775,39604,343,319,256
19776,39606,341,319,246
19777,39608,354,318,249
19778,39610,354,315,236
19779,39612,384,312,226
19780,39614,350,311,222
19781,39616,351,309,212
19782,39618,331,308,208
19783,39620,327,306,209
19784,39622,347,305,217
19785,39624,353,303,196
19786,39626,339,302,192
19787,39628,319,303,183
19788,39630,352,301,184
19789,39632,370,302,180
19790,39634,354,302,181
19791,39636,332,303,182
19792,39638,297,301,184
19793,39640,306,303,187
19794,39642,335,303,188
19795,39644,358,305,183
19796,39646,317,307,184
19797,39648,282,309,185
19798,39650,298,309,188
19799,39652,297,311,194
19800,39654,277,312,193
19801,39656,276,313,192
19802,39658,243,313,200
19803,39660,259,316,227
19804,39662,272,316,230
19805,39664,267,318,239
19806,39666,279,317,241
19807,39668,264,318,242
19808,39670,258,318,251
19809,39672,293,318,251
19810,39674,278,319,252
19811,39676,268,323,257
19812,39678,242,320,257
19813,39680,264,319,259
19814,39682,273,321,262
19815,39684,275,322,263
19816,39686,270,323,268
19817,39688,261,323,261
19818,39690,264,323,261
19819,39692,282,324,259
19820,39694,263,323,265
19821,39696,255,323,266
19822,39698,231,322,272
19823,39700,252,322,271
19824,39702,257,322,269
19825,39704,230,325,271
19826,39706,184,326,265
19827,39708,177,326,264
19828,39710,161,325,263
19829,39712,215,325,264
19830,39714,194,322,264
19831,39716,192,322,266
19832,39718,180,322,266
19833,39720,146,319,262
19834,39722,166,319,262
19835,39724,172,320,263
19836,39726,115,319,262
19837,39728,98,318,260
19838,39730,105,316,261
19839,39732,152,315,263
19840,39734,117,313,262
19841,39736,115,311,261
19842,39738,107,311,261
19843,39740,117,310,259
19844,39742,112,310,261
19845,39744,103,310,262
19846,39746,113,307,261
19847,39748,105,306,269
19848,39750,111,308,272
19849,39752,150,311,277
19850,39754,118,314,276
19851,39756,153,317,279
19852,39758,145,320,282
19853,39760,148,325,285
19854,39762,168,328,284
19855,39764,183,329,285
19856,39766,186,331,285
19857,39768,237,333,288
19858,39770,214,338,287
19859,39772,304,342,297
19860,39774,291,340,298
19861,39776,290,339,298
19862,39778,264,336,302
19863,39780,280,333,297
19864,39782,334,335,291
19865,39784,349,335,293
19866,39786,342,335,286
19867,39788,341,336,276
19868,39790,335,336,274
19869,39792,345,330,266
19870,39794,327,324,259
19871,39796,316,322,251
19872,39798,287,316,249
19873,39800,303,313,245
19874,39802,317,312,246
19875,39804,319,307,244
19876,39806,318,306,241
19877,39808,313,305,241
19878,39810,307,305,240
19879,39812,334,304,238
19880,39814,316,307,242
19881,39816,309,306,242
19882,39818,282,309,241
19883,39820,279,310,244
19884,39822,306,311,245
19885,39824,264,312,246
19886,39826,257,314,250
19887,39828,246,315,253
19888,39830,241,318,256
19889,39832,294,318,258
19890,39834,259,318,261
19891,39836,252,319,261
19892,39838,223,319,265
19893,39840,245,318,261
19894,39842,217,318,265
19895,39844,216,319,267
19896,39846,219,323,267
19897,39848,223,322,273
19898,39850,191,325,270
19899,39852,196,326,271
19900,39854,186,321,270
19901,39856,179,315,270
19902,39858,97,308,266
19903,39860,112,301,264
19904,39862,125,294,260
19905,39864,129,286,253
19906,39866,130,284,248
19907,39868,121,269,245
19908,39870,116,265,235
19909,39872,150,262,225
19910,39874,119,256,216
19911,39876,120,255,211
19912,39878,93,256,217
19913,39880,105,256,215
19914,39882,122,257,214
19915,39884,120,257,202
19916,39886,136,258,213
19917,39888,134,259,215
19918,39890,139,261,204
19919,39892,204,269,218
19920,39894,201,275,217
19921,39896,187,279,221
19922,39898,164,286,224
19923,39900,183,293,227
19924,39902,229,297,228
19925,39904,248,303,237
19926,39906,277,306,240
19927,39908,267,310,242
19928,39910,268,311,242
19929,39912,294,315,248
19930,39914,280,317,243
19931,39916,302,319,243
19932,39918,284,321,249
19933,39920,286,319,249
19934,39922,305,319,251
19935,39924,287,317,245
19936,39926,280,315,246
19937,39928,312,310,244
19938,39930,310,307,243
19939,39932,340,303,242
19940,39934,320,299,241
19941,39936,317,293,241
19942,39938,310,291,238
19943,39940,317,292,238
19944,39942,305,292,239
19945,39944,315,292,238
19946,39946,305,294,238
19947,39948,268,297,237
19948,39950,295,300,240
19949,39952,325,302,238
19950,39954,303,305,239
19951,39956,301,307,242
19952,39958,275,309,239
19953,39960,286,311,243
19954,39962,312,314,242
19955,39964,280,314,241
19956,39966,287,314,239
19957,39968,277,315,243
19958,39970,283,317,244
19959,39972,305,317,243
19960,39974,236,314,242
19961,39976,211,312,242
19962,39978,202,309,239
19963,39980,166,307,242
19964,39982,177,301,246
19965,39984,179,294,241
19966,39986,176,288,232
19967,39988,176,276,214
19968,39990,172,267,209
19969,39992,178,265,204
19970,39994,183,261,203
19971,39996,166,258,201
19972,39998,94,256,199
19973,40000,93,251,196
19974,40002,109,247,192
19975,40004,83,243,167
19976,40006,99,238,159
19977,40008,87,237,96
19978,40010,87,234,86
19979,40012,112,232,83
19980,40014,96,232,82
19981,40016,87,231,83
19982,40018,52,231,84
19983,40020,70,232,82
19984,40022,86,232,84
19985,40024,94,234,84
19986,40026,110,237,81
19987,40028,122,240,82
19988,40030,111,243,84
19989,40032,176,249,111
19990,40034,162,253,118
19991,40036,147,254,128
19992,40038,106,264,141
19993,40040,144,274,148
19994,40042,179,284,179
19995,40044,195,290,196
19996,40046,191,301,208
19997,40048,267,305,224
19998,40050,266,308,240
19999,40052,301,312,247
20000,40054,323,316,253
20001,40056,336,318,254
20002,40058,303,321,252
20003,40060,319,324,253
20004,40062,334,325,255
20005,40064,342,324,254
20006,40066,359,321,249
20007,40068,353,317,247
20008,40070,376,314,246
20009,40072,396,309,246
20010,40074,371,305,248
20011,40076,373,303,250
20012,40078,327,302,249
20013,40080,335,301,249
20014,40082,347,302,249
20015,40084,333,301,251
20016,40086,353,304,251
20017,40088,365,307,253
20018,40090,337,309,251
20019,40092,351,313,258
20020,40094,355,316,259
20021,40096,341,320,269
20022,40098,331,322,270
20023,40100,342,324,272
20024,40102,339,325,272
20025,40104,339,324,270
20026,40106,347,322,271
20027,40108,309,322,266
20028,40110,312,320,263
20029,40112,305,318,257
20030,40114,291,316,261
20031,40116,223,312,251
20032,40118,195,310,244
20033,40120,155,308,245
20034,40122,165,302,247
20035,40124,161,295,243
20036,40126,148,289,235
20037,40128,105,283,230
20038,40130,113,279,223
20039,40132,123,274,216
20040,40134,167,267,209
20041,40136,149,265,191
20042,40138,122,257,186
20043,40140,76,256,183
20044,40142,92,256,182
20045,40144,93,254,180
20046,40146,96,253,172
20047,40148,94,252,160
20048,40150,90,252,125
20049,40152,121,252,114
20050,40154,100,252,111
20051,40156,149,253,97
20052,40158,121,254,92
20053,40160,126,255,96
20054,40162,141,256,94
20055,40164,140,257,100
20056,40166,168,258,102
20057,40168,193,261,117
20058,40170,206,264,127
20059,40172,253,273,128
20060,40174,218,279,133
20061,40176,240,285,141
20062,40178,239,291,175
20063,40180,257,300,189
20064,40182,299,303,205
20065,40184,310,306,206
20066,40186,324,310,215
20067,40188,347,312,214
20068,40190,348,315,234
20069,40192,375,318,247
20070,40194,350,319,253
20071,40196,346,322,260
20072,40198,320,324,267
20073,40200,365,327,270
20074,40202,383,328,270
20075,40204,381,333,271
20076,40206,387,335,278
20077,40208,375,336,282
20078,40210,391,337,283
20079,40212,407,338,287
20080,40214,391,339,289
20081,40216,385,339,289
20082,40218,361,340,287
20083,40220,371,341,291
20084,40222,381,340,289
20085,40224,373,341,291
20086,40226,369,343,293
20087,40228,384,346,291
20088,40230,384,348,293
20089,40232,389,350,290
20090,40234,362,351,289
20091,40236,363,351,288
20092,40238,328,345,288
20093,40240,337,343,286
20094,40242,332,343,289
20095,40244,326,341,291
20096,40246,297,342,287
20097,40248,285,339,282
20098,40250,312,339,277
20099,40252,305,336,267
20100,40254,274,331,262
20101,40256,275,327,246
20102,40258,210,319,224
20103,40260,217,312,216
20104,40262,229,305,209
20105,40264,160,298,204
20106,40266,167,287,196
20107,40268,161,278,185
20108,40270,158,277,158
20109,40272,166,273,131
20110,40274,99,271,85
20111,40276,86,270,85
20112,40278,53,268,85
20113,40280,70,267,84
20114,40282,87,266,84
20115,40284,85,267,83
20116,40286,82,267,83
20117,40288,84,267,84
20118,40290,94,270,84
20119,40292,121,272,84
20120,40294,99,274,83
20121,40296,89,276,84
20122,40298,135,278,85
20123,40300,133,281,84
20124,40302,165,293,87
20125,40304,170,298,85
20126,40306,174,301,85
20127,40308,160,308,85
20128,40310,165,315,85
20129,40312,187,321,86
20130,40314,208,327,106
20131,40316,238,334,169
20132,40318,218,335,182
20133,40320,262,339,199
20134,40322,277,341,202
20135,40324,298,344,216
20136,40326,297,344,234
20137,40328,317,344,252
20138,40330,319,345,251
20139,40332,334,344,257
20140,40334,316,342,255
20141,40336,315,341,266
20142,40338,298,342,263
20143,40340,333,342,260
20144,40342,324,341,266
20145,40344,325,342,267
20146,40346,341,343,259
20147,40348,326,344,261
20148,40350,335,342,262
20149,40352,341,344,268
20150,40354,337,342,266
20151,40356,340,342,263
20152,40358,319,342,266
20153,40360,345,342,269
20154,40362,338,343,269
20155,40364,348,343,271
20156,40366,350,342,272
20157,40368,328,343,272
20158,40370,339,343,266
20159,40372,325,343,269
20160,40374,289,341,266
20161,40376,297,341,267
20162,40378,266,338,261
20163,40380,273,340,255
20164,40382,288,335,250
20165,40384,291,334,241
20166,40386,261,326,231
20167,40388,256,321,210
20168,40390,252,309,193
20169,40392,260,296,173
20170,40394,154,291,143
20171,40396,153,289,137
20172,40398,63,285,128
20173,40400,73,278,85
20174,40402,79,268,85
20175,40404,91,259,84
20176,40406,83,250,83
20177,40408,79,242,83
20178,40410,86,237,84
20179,40412,105,231,83
20180,40414,85,228,82
20181,40416,110,224,83
20182,40418,109,213,82
20183,40420,117,206,81
20184,40422,123,203,81
20185,40424,110,196,81
20186,40426,80,192,81
20187,40428,81,190,82
20188,40430,85,190,81
20189,40432,102,190,81
20190,40434,91,190,82
20191,40436,86,195,82
20192,40438,63,197,81
20193,40440,79,203,82
20194,40442,84,211,82
20195,40444,127,224,82
20196,40446,134,234,82
20197,40448,149,241,82
20198,40450,162,250,84
20199,40452,199,258,84
20200,40454,195,270,84
20201,40456,246,277,84
20202,40458,203,283,85
20203,40460,224,286,85
20204,40462,232,302,84
20205,40464,249,310,85
20206,40466,315,316,86
20207,40468,325,325,85
20208,40470,332,327,86
20209,40472,370,331,87
20210,40474,381,329,130
20211,40476,366,327,150
20212,40478,361,325,157
20213,40480,358,325,187
20214,40482,379,323,194
20215,40484,379,313,202
20216,40486,380,314,209
20217,40488,368,313,207
20218,40490,384,311,220
20219,40492,399,310,220
20220,40494,395,308,224
20221,40496,392,304,229
20222,40498,376,302,228
20223,40500,362,300,233
20224,40502,373,300,233
20225,40504,384,301,237
20226,40506,412,300,236
20227,40508,377,300,240
20228,40510,402,301,248
20229,40512,402,301,250
20230,40514,387,302,253
20231,40516,375,303,262
20232,40518,357,304,262
20233,40520,365,304,268
20234,40522,357,304,271
20235,40524,382,303,268
20236,40526,362,304,270
20237,40528,369,305,271
20238,40530,377,304,267
20239,40532,334,299,266
20240,40534,324,294,262
20241,40536,292,289,260
20242,40538,283,283,256
20243,40540,262,276,239
20244,40542,283,271,228
20245,40544,262,263,220
20246,40546,281,253,211
20247,40548,193,250,206
20248,40550,216,245,205
20249,40552,231,241,192
20250,40554,214,235,142
20251,40556,187,226,124
20252,40558,166,217,109
20253,40560,178,213,82
20254,40562,173,208,83
20255,40564,186,201,81
20256,40566,190,198,81
20257,40568,193,194,80
20258,40570,146,193,81
20259,40572,155,190,81
20260,40574,133,190,81
20261,40576,124,190,81
20262,40578,107,194,81
20263,40580,129,198,81
20264,40582,138,203,81
20265,40584,233,207,81
20266,40586,214,216,82
20267,40588,222,223,82
20268,40590,302,230,83
20269,40592,294,236,82
20270,40594,285,243,83
20271,40596,276,247,83
20272,40598,251,252,83
20273,40600,265,253,83
20274,40602,269,258,83
20275,40604,280,268,105
20276,40606,339,275,126
20277,40608,279,282,136
20278,40610,372,288,156
20279,40612,382,293,202
20280,40614,359,295,208
20281,40616,346,296,213
20282,40618,331,297,228
20283,40620,345,297,236
20284,40622,359,297,255
20285,40624,358,297,261
20286,40626,363,296,265
20287,40628,375,295,260
20288,40630,415,293,269
20289,40632,382,290,258
20290,40634,368,287,259
20291,40636,366,287,259
20292,40638,334,280,258
20293,40640,343,278,251
20294,40642,363,277,252
20295,40644,364,277,249
20296,40646,368,277,251
20297,40648,369,279,249
20298,40650,381,282,250
20299,40652,382,284,251
20300,40654,346,286,251
20301,40656,311,290,252
20302,40658,312,291,251
20303,40660,326,293,252
20304,40662,379,295,265
20305,40664,366,295,263
20306,40666,322,295,267
20307,40668,343,295,265
20308,40670,396,294,263
20309,40672,360,293,268
20310,40674,364,289,268
20311,40676,347,288,265
20312,40678,266,283,261
20313,40680,252,281,254
20314,40682,294,276,252
20315,40684,273,273,254
20316,40686,273,269,248
20317,40688,281,266,246
20318,40690,283,263,246
20319,40692,273,261,242
20320,40694,269,252,235
20321,40696,258,250,235
20322,40698,230,247,207
20323,40700,192,246,175
20324,40702,195,244,144
20325,40704,198,241,140
20326,40706,202,241,135
20327,40708,207,240,123
20328,40710,233,241,125
20329,40712,195,241,122
20330,40714,206,241,119
20331,40716,197,242,119
20332,40718,179,244,118
20333,40720,195,246,120
20334,40722,217,247,120
20335,40724,207,250,127
20336,40726,276,254,130
20337,40728,306,263,133
20338,40730,335,265,142
20339,40732,330,271,149
20340,40734,340,274,162
20341,40736,324,278,203
20342,40738,351,281,207
20343,40740,359,288,215
20344,40742,373,292,215
20345,40744,358,295,218
20346,40746,400,299,233
20347,40748,403,303,235
20348,40750,400,303,246
20349,40752,394,306,251
20350,40754,367,306,252
20351,40756,348,307,260
20352,40758,365,308,264
20353,40760,385,308,266
20354,40762,387,307,262
20355,40764,388,307,255
20356,40766,395,305,256
20357,40768,380,304,258
20358,40770,412,304,257
20359,40772,417,304,258
20360,40774,402,304,259
20361,40776,401,304,260
20362,40778,361,304,261
20363,40780,397,306,263
20364,40782,417,307,271
20365,40784,413,309,271
20366,40786,413,310,274
20367,40788,405,313,274
20368,40790,416,314,273
20369,40792,436,316,275
20370,40794,425,317,276
20371,40796,402,318,274
20372,40798,379,323,278
20373,40800,386,327,272
20374,40802,399,325,273
20375,40804,381,325,274
20376,40806,406,325,272
20377,40808,379,324,270
20378,40810,450,321,269
20379,40812,436,317,264
20380,40814,400,312,259
20381,40816,388,313,246
20382,40818,373,310,243
20383,40820,368,308,239
20384,40822,359,305,232
20385,40824,351,301,216
20386,40826,365,300,190
20387,40828,343,300,152
20388,40830,366,296,138
20389,40832,370,292,121
20390,40834,321,288,89
20391,40836,313,285,84
20392,40838,291,284,85
20393,40840,317,281,84
20394,40842,315,281,86
20395,40844,311,279,85
20396,40846,332,277,84
20397,40848,334,277,85
20398,40850,345,278,85
20399,40852,315,278,84
20400,40854,333,278,84
20401,40856,318,278,81
20402,40858,298,279,85
20403,40860,301,279,85
20404,40862,323,280,84
20405,40864,329,282,85
20406,40866,336,285,85
20407,40868,355,288,85
20408,40870,375,289,85
20409,40872,354,294,86
20410,40874,357,297,86
20411,40876,366,298,85
20412,40878,337,300,84
20413,40880,352,302,85
20414,40882,390,303,84
20415,40884,403,312,87
20416,40886,403,314,88
20417,40888,432,317,125
20418,40890,424,318,143
20419,40892,445,320,150
20420,40894,433,321,161
20421,40896,417,323,175
20422,40898,419,323,178
20423,40900,407,325,193
20424,40902,420,323,207
20425,40904,390,323,237
20426,40906,370,322,236
20427,40908,353,321,238
20428,40910,409,321,241
20429,40912,409,320,241
20430,40914,385,319,245
20431,40916,379,319,246
20432,40918,384,316,254
20433,40920,394,315,258
20434,40922,410,315,261
20435,40924,415,315,262
20436,40926,408,317,264
20437,40928,390,319,265
20438,40930,416,323,266
20439,40932,426,323,268
20440,40934,395,324,270
20441,40936,412,325,272
20442,40938,382,325,272
20443,40940,434,325,271
20444,40942,435,326,279
20445,40944,441,325,281
20446,40946,440,324,284
20447,40948,414,315,279
20448,40950,408,315,281
20449,40952,408,314,276
20450,40954,447,312,273
20451,40956,432,311,268
20452,40958,414,313,260
20453,40960,409,311,259
20454,40962,408,310,255
20455,40964,419,307,244
20456,40966,351,305,237
20457,40968,351,304,232
20458,40970,391,301,230
20459,40972,381,302,227
20460,40974,362,301,226
20461,40976,355,299,222
20462,40978,344,296,212
20463,40980,358,295,180
20464,40982,366,295,175
20465,40984,364,294,168
20466,40986,356,293,163
20467,40988,363,291,154
20468,40990,378,292,153
20469,40992,369,292,154
20470,40994,365,293,153
20471,40996,365,294,155
20472,40998,342,295,155
20473,41000,324,297,154
20474,41002,374,300,155
20475,41004,376,299,161
20476,41006,381,300,169
20477,41008,362,303,176
20478,41010,416,305,210
20479,41012,399,307,219
20480,41014,379,308,226
20481,41016,413,311,233
20482,41018,403,311,241
20483,41020,396,313,263
20484,41022,372,317,266
20485,41024,383,317,270
20486,41026,382,317,273
20487,41028,364,319,273
20488,41030,381,320,272
20489,41032,387,321,275
20490,41034,390,321,277
20491,41036,380,323,278
20492,41038,394,326,276
20493,41040,382,327,276
20494,41042,398,328,276
20495,41044,403,329,274
20496,41046,397,332,277
20497,41048,397,333,276
20498,41050,417,337,278
20499,41052,423,339,281
20500,41054,395,341,282
20501,41056,397,343,283
20502,41058,383,345,285
20503,41060,391,346,285
20504,41062,393,348,289
20505,41064,409,349,291
20506,41066,395,349,298
20507,41068,402,345,297
20508,41070,390,344,298
20509,41072,399,344,301
20510,41074,374,345,303
20511,41076,348,347,301
20512,41078,334,347,301
20513,41080,339,345,296
20514,41082,389,344,295
20515,41084,348,341,290
20516,41086,382,340,282
20517,41088,376,338,277
20518,41090,399,335,275
20519,41092,414,331,268
20520,41094,376,326,256
20521,41096,352,317,242
20522,41098,294,312,231
20523,41100,317,306,217
20524,41102,310,304,201
20525,41104,319,294,195
20526,41106,319,293,191
20527,41108,276,292,158
20528,41110,307,289,154
20529,41112,294,286,148
20530,41114,283,288,145
20531,41116,284,286,143
20532,41118,254,285,136
20533,41120,264,287,135
20534,41122,278,287,134
20535,41124,286,288,134
20536,41126,238,297,135
20537,41128,274,299,136
20538,41130,317,303,138
20539,41132,317,307,140
20540,41134,302,318,145
20541,41136,325,323,154
20542,41138,353,328,157
20543,41140,350,333,181
20544,41142,358,335,196
20545,41144,382,338,195
20546,41146,402,338,203
20547,41148,427,337,225
20548,41150,423,337,238
20549,41152,423,342,246
20550,41154,415,347,260
20551,41156,388,346,265
20552,41158,346,347,266
20553,41160,356,347,269
20554,41162,369,350,267
20555,41164,382,349,271
20556,41166,374,349,271
20557,41168,398,350,269
20558,41170,399,351,268
20559,41172,391,352,260
20560,41174,375,352,260
20561,41176,383,353,262
20562,41178,356,354,261
20563,41180,367,355,261
20564,41182,392,356,260
20565,41184,401,357,266
20566,41186,402,361,273
20567,41188,391,361,278
20568,41190,407,363,283
20569,41192,420,367,282
20570,41194,406,370,286
20571,41196,393,374,292
20572,41198,379,376,296
20573,41200,349,378,297
20574,41202,349,379,305
20575,41204,355,379,297
20576,41206,342,377,298
20577,41208,354,377,293
20578,41210,410,376,291
20579,41212,374,375,291
20580,41214,349,374,290
20581,41216,389,369,282
20582,41218,393,361,281
20583,41220,385,358,284
20584,41222,405,355,278
20585,41224,313,354,271
20586,41226,335,350,264
20587,41228,313,347,260
20588,41230,326,344,252
20589,41232,307,340,229
20590,41234,314,336,218
20591,41236,315,332,209
20592,41238,298,328,210
20593,41240,280,327,204
20594,41242,280,326,203
20595,41244,260,327,203
20596,41246,243,327,206
20597,41248,253,327,207
20598,41250,298,331,210
20599,41252,299,335,213
20600,41254,266,339,222
20601,41256,253,344,238
20602,41258,282,347,260
20603,41260,296,349,267
20604,41262,356,353,273
20605,41264,345,355,279
20606,41266,349,357,284
20607,41268,372,364,294
20608,41270,413,367,303
20609,41272,416,369,308
20610,41274,410,374,319
20611,41276,382,373,328
20612,41278,388,373,331
20613,41280,377,375,324
20614,41282,414,376,314
20615,41284,417,378,302
20616,41286,399,379,286
20617,41288,408,379,292
20618,41290,431,380,295
20619,41292,414,378,294
20620,41294,411,378,287
20621,41296,386,377,283
20622,41298,363,376,283
20623,41300,388,372,282
20624,41302,401,370,280
20625,41304,378,367,288
20626,41306,394,364,283
20627,41308,394,362,285
20628,41310,422,359,286
20629,41312,414,349,289
20630,41314,397,347,291
20631,41316,374,345,290
20632,41318,363,342,293
20633,41320,354,338,295
20634,41322,347,336,295
20635,41324,386,335,296
20636,41326,393,329,295
20637,41328,368,324,295
20638,41330,383,319,294
20639,41332,365,310,289
20640,41334,369,303,285
20641,41336,364,293,284
20642,41338,358,292,283
20643,41340,368,290,279
20644,41342,363,287,273
20645,41344,358,279,265
20646,41346,353,274,259
20647,41348,348,269,249
20648,41350,319,266,240
20649,41352,285,264,236
20650,41354,276,259,234
20651,41356,271,255,232
20652,41358,247,254,224
20653,41360,279,255,219
20654,41362,294,255,212
20655,41364,280,256,209
20656,41366,293,258,214
20657,41368,296,263,204
20658,41370,367,264,205
20659,41372,352,267,208
20660,41374,321,269,213
20661,41376,347,272,218
20662,41378,317,279,218
20663,41380,311,286,219
20664,41382,290,290,220
20665,41384,276,292,220
20666,41386,297,294,228
20667,41388,291,296,229
20668,41390,319,300,241
20669,41392,327,315,254
20670,41394,331,319,261
20671,41396,321,326,270
20672,41398,337,335,277
20673,41400,354,341,286
20674,41402,364,343,287
20675,41404,369,345,293
20676,41406,373,344,296
20677,41408,387,344,295
20678,41410,406,344,297
20679,41412,412,345,297
20680,41414,378,346,298
20681,41416,378,346,299
20682,41418,371,344,298
20683,41420,380,342,294
20684,41422,397,341,292
20685,41424,383,340,292
20686,41426,384,338,286
20687,41428,362,339,283
20688,41430,387,339,280
20689,41432,384,339,282
20690,41434,372,339,275
20691,41436,364,338,271
20692,41438,355,339,269
20693,41440,378,339,275
20694,41442,379,339,264
20695,41444,370,340,257
20696,41446,344,339,249
20697,41448,349,339,240
20698,41450,355,339,230
20699,41452,346,339,223
20700,41454,327,338,223
20701,41456,325,337,211
20702,41458,291,336,210
20703,41460,297,331,194
20704,41462,254,329,186
20705,41464,263,325,153
20706,41466,248,319,148
20707,41468,261,303,86
20708,41470,254,299,86
20709,41472,236,298,85
20710,41474,218,296,84
20711,41476,203,293,84
20712,41478,102,291,86
20713,41480,121,285,85
20714,41482,125,283,84
20715,41484,102,280,85
20716,41486,149,279,85
20717,41488,147,279,85
20718,41490,173,280,85
20719,41492,159,282,86
20720,41494,170,284,85
20721,41496,171,286,86
20722,41498,131,289,85
20723,41500,198,292,85
20724,41502,241,295,85
20725,41504,270,299,84
20726,41506,288,310,85
20727,41508,272,317,86
20728,41510,293,329,87
20729,41512,326,336,88
20730,41514,296,343,87
20731,41516,331,346,87
20732,41518,317,357,87
20733,41520,320,363,101
20734,41522,374,367,149
20735,41524,382,372,201
20736,41526,387,377,237
20737,41528,398,380,270
20738,41530,439,382,286
20739,41532,439,383,298
20740,41534,398,384,311
20741,41536,388,385,316
20742,41538,349,386,333
20743,41540,369,385,344
20744,41542,389,387,354
20745,41544,396,386,352
20746,41546,390,387,351
20747,41548,395,386,356
20748,41550,416,387,357
20749,41552,418,386,354
20750,41554,399,387,345
20751,41556,385,387,342
20752,41558,371,387,343
20753,41560,370,388,340
20754,41562,393,387,328
20755,41564,394,386,329
20756,41566,387,384,324
20757,41568,375,382,317
20758,41570,401,382,315
20759,41572,396,380,313
20760,41574,355,375,301
20761,41576,339,369,294
20762,41578,308,359,290
20763,41580,384,354,296
20764,41582,331,351,283
20765,41584,317,343,276
20766,41586,299,339,268
20767,41588,261,326,264
20768,41590,272,318,262
20769,41592,264,301,260
20770,41594,179,291,252
20771,41596,180,287,233
20772,41598,155,280,212
20773,41600,177,270,177
20774,41602,197,260,144
20775,41604,199,248,135
20776,41606,192,238,122
20777,41608,115,230,86
20778,41610,147,218,83
20779,41612,142,204,81
20780,41614,119,197,80
20781,41616,112,194,81
20782,41618,98,191,80
20783,41620,97,192,82
20784,41622,119,193,82
20785,41624,123,200,81
20786,41626,117,205,81
20787,41628,135,209,81
20788,41630,165,224,82
20789,41632,155,235,83
20790,41634,157,239,85
20791,41636,205,246,83
20792,41638,202,251,83
20793,41640,230,264,84
20794,41642,271,277,85
20795,41644,282,286,84
20796,41646,275,298,85
20797,41648,301,315,86
20798,41650,306,330,96
20799,41652,331,337,137
20800,41654,354,351,176
20801,41656,331,359,192
20802,41658,326,366,210
20803,41660,364,371,224
20804,41662,363,378,236
20805,41664,379,379,260
20806,41666,393,381,276
20807,41668,378,383,277
20808,41670,405,384,284
20809,41672,416,384,294
20810,41674,376,385,298
20811,41676,377,385,306
20812,41678,396,385,326
20813,41680,377,387,332
20814,41682,397,385,335
20815,41684,400,384,341
20816,41686,427,384,336
20817,41688,408,382,337
20818,41690,416,383,337
20819,41692,436,383,339
20820,41694,384,384,339
20821,41696,370,384,337
20822,41698,358,385,335
20823,41700,357,386,332
20824,41702,373,388,331
20825,41704,366,389,333
20826,41706,369,391,331
20827,41708,356,393,334
20828,41710,429,394,334
20829,41712,416,393,326
20830,41714,388,394,320
20831,41716,326,394,313
20832,41718,316,395,307
20833,41720,320,395,302
20834,41722,328,391,303
20835,41724,329,388,301
20836,41726,346,381,295
20837,41728,295,375,290
20838,41730,351,370,285
20839,41732,324,362,286
20840,41734,292,355,284
20841,41736,250,344,283
20842,41738,229,342,275
20843,41740,256,338,273
20844,41742,231,331,268
20845,41744,233,324,273
20846,41746,198,320,274
20847,41748,199,316,271
20848,41750,245,311,264
20849,41752,248,308,257
20850,41754,250,309,255
20851,41756,146,308,257
20852,41758,122,310,256
20853,41760,152,311,258
20854,41762,177,315,255
20855,41764,184,322,259
20856,41766,217,328,256
20857,41768,188,335,264
20858,41770,288,342,274
20859,41772,298,346,283
20860,41774,296,355,286
20861,41776,288,363,292
20862,41778,304,370,296
20863,41780,304,378,304
20864,41782,360,383,309
20865,41784,404,387,323
20866,41786,356,390,327
20867,41788,358,394,332
20868,41790,380,398,332
20869,41792,351,399,341
20870,41794,375,400,356
20871,41796,352,399,364
20872,41798,332,400,364
20873,41800,353,400,369
20874,41802,367,400,365
20875,41804,345,398,364
20876,41806,342,399,354
20877,41808,345,398,361
20878,41810,375,397,362
20879,41812,392,396,358
20880,41814,369,395,351
20881,41816,358,394,346
20882,41818,335,394,337
20883,41820,348,393,334
20884,41822,329,393,330
20885,41824,335,395,338
20886,41826,369,396,338
20887,41828,365,397,344
20888,41830,384,399,346
20889,41832,374,399,347
20890,41834,356,400,345
20891,41836,350,400,348
20892,41838,347,401,345
20893,41840,371,401,346
20894,41842,368,401,348
20895,41844,392,401,347
20896,41846,388,402,345
20897,41848,392,401,347
20898,41850,406,400,347
20899,41852,351,399,341
20900,41854,333,396,329
20901,41856,282,390,318
20902,41858,276,383,316
20903,41860,256,376,312
20904,41862,297,364,310
20905,41864,261,358,302
20906,41866,275,354,296
20907,41868,250,346,279
20908,41870,249,338,274
20909,41872,232,326,259
20910,41874,201,315,238
20911,41876,221,307,184
20912,41878,215,300,122
20913,41880,205,290,85
20914,41882,232,286,86
20915,41884,226,283,85
20916,41886,205,280,85
20917,41888,229,277,85
20918,41890,212,274,84
20919,41892,207,274,85
20920,41894,203,274,85
20921,41896,181,278,84
20922,41898,177,283,86
20923,41900,245,288,85
20924,41902,287,294,86
20925,41904,316,300,85
20926,41906,316,309,86
20927,41908,305,321,112
20928,41910,337,334,135
20929,41912,351,342,143
20930,41914,322,351,182
20931,41916,372,362,201
20932,41918,369,370,224
20933,41920,400,377,239
20934,41922,373,381,259
20935,41924,363,387,275
20936,41926,396,390,280
20937,41928,369,391,285
20938,41930,403,389,294
20939,41932,387,388,302
20940,41934,363,386,302
20941,41936,380,382,305
20942,41938,347,377,310
20943,41940,353,373,310
20944,41942,349,370,315
20945,41944,349,367,306
20946,41946,369,364,305
20947,41948,358,365,298
20948,41950,384,366,298
20949,41952,410,366,302
20950,41954,385,366,304
20951,41956,380,367,308
20952,41958,365,366,310
20953,41960,367,369,312
20954,41962,372,373,313
20955,41964,362,376,312
20956,41966,365,379,314
20957,41968,367,382,315
20958,41970,389,386,322
20959,41972,396,388,324
20960,41974,369,390,330
20961,41976,364,392,332
20962,41978,392,391,331
20963,41980,411,393,334
20964,41982,406,390,334
20965,41984,392,383,328
20966,41986,400,378,316
20967,41988,346,374,315
20968,41990,366,367,313
20969,41992,358,355,312
20970,41994,326,348,314
20971,41996,258,342,309
20972,41998,269,330,298
20973,42000,296,320,283
20974,42002,346,307,258
20975,42004,288,290,176
20976,42006,264,279,138
20977,42008,252,266,85
20978,42010,281,258,87
20979,42012,254,249,84
20980,42014,211,244,83
20981,42016,235,241,84
20982,42018,223,234,83
20983,42020,241,232,84
20984,42022,250,231,84
20985,42024,250,231,85
20986,42026,228,231,84
20987,42028,189,231,84
20988,42030,330,234,83
20989,42032,318,240,84
20990,42034,288,246,85
20991,42036,298,253,84
20992,42038,305,258,84
20993,42040,282,267,85
20994,42042,329,275,85
20995,42044,328,289,86
20996,42046,323,300,86
20997,42048,323,313,103
20998,42050,336,326,125
20999,42052,343,337,145
21000,42054,341,345,188
21001,42056,379,354,207
21002,42058,388,362,227
21003,42060,382,366,249
21004,42062,401,366,276
21005,42064,399,367,288
21006,42066,411,364,293
21007,42068,400,358,301
21008,42070,438,358,298
21009,42072,421,351,300
21010,42074,388,345,304
21011,42076,347,343,297
21012,42078,335,339,294
21013,42080,377,338,292
21014,42082,402,335,288
21015,42084,383,333,282
21016,42086,374,333,279
21017,42088,371,332,286
21018,42090,387,332,281
21019,42092,390,330,281
21020,42094,352,330,280
21021,42096,356,332,280
21022,42098,351,334,284
21023,42100,360,336,287
21024,42102,368,338,294
21025,42104,371,339,291
21026,42106,339,343,301
21027,42108,355,345,306
21028,42110,408,353,304
21029,42112,379,361,306
21030,42114,372,365,305
21031,42116,361,369,310
21032,42118,359,371,310
21033,42120,376,372,307
21034,42122,397,371,306
21035,42124,393,370,304
21036,42126,388,370,306
21037,42128,390,371,304
21038,42130,371,368,301
21039,42132,373,365,297
21040,42134,347,358,292
21041,42136,358,345,286
21042,42138,359,337,284
21043,42140,357,334,279
21044,42142,362,321,276
21045,42144,292,307,273
21046,42146,323,297,271
21047,42148,270,283,261
21048,42150,324,273,250
21049,42152,317,257,238
21050,42154,267,243,198
21051,42156,224,231,144
21052,42158,184,221,129
21053,42160,190,213,86
21054,42162,191,202,82
21055,42164,180,197,82
21056,42166,201,192,82
21057,42168,195,183,81
21058,42170,224,183,82
21059,42172,219,183,82
21060,42174,202,183,81
21061,42176,191,184,82
21062,42178,162,188,82
21063,42180,130,194,82
21064,42182,271,203,83
21065,42184,274,211,83
21066,42186,274,218,83
21067,42188,238,229,83
21068,42190,297,240,84
21069,42192,289,247,85
21070,42194,274,259,86
21071,42196,277,270,119
21072,42198,307,280,132
21073,42200,341,289,144
21074,42202,324,297,180
21075,42204,335,303,190
21076,42206,330,315,207
21077,42208,326,321,226
21078,42210,353,327,245
21079,42212,328,331,264
21080,42214,313,333,271
21081,42216,300,334,281
21082,42218,288,334,286
21083,42220,281,334,288
21084,42222,298,331,293
21085,42224,294,326,289
21086,42226,285,316,290
21087,42228,276,306,286
21088,42230,302,302,263
21089,42232,297,296,245
21090,42234,283,293,223
21091,42236,264,293,223
21092,42238,253,294,226
21093,42240,269,295,227
21094,42242,278,296,225
21095,42244,299,300,227
21096,42246,289,303,251
21097,42248,283,308,253
21098,42250,325,317,260
21099,42252,333,324,265
21100,42254,312,329,276
21101,42256,268,332,280
21102,42258,270,336,284
21103,42260,290,338,285
21104,42262,285,339,290
21105,42264,301,339,298
21106,42266,289,342,302
21107,42268,286,341,301
21108,42270,327,339,299
21109,42272,315,334,301
21110,42274,295,330,299
21111,42276,272,319,295
21112,42278,304,317,292
21113,42280,314,311,292
21114,42282,309,304,290
21115,42284,328,297,288
21116,42286,291,290,284
21117,42288,274,277,283
21118,42290,317,269,268
21119,42292,313,260,264
21120,42294,284,257,241
21121,42296,269,251,169
21122,42298,259,239,149
21123,42300,268,234,134
21124,42302,275,227,108
21125,42304,286,225,94
21126,42306,281,224,83
21127,42308,291,221,84
21128,42310,300,221,83
21129,42312,295,222,82
21130,42314,280,224,82
21131,42316,264,224,83
21132,42318,254,225,84
21133,42320,278,228,83
21134,42322,283,233,84
21135,42324,289,237,86
21136,42326,280,243,83
21137,42328,273,244,84
21138,42330,309,257,109
21139,42332,318,260,118
21140,42334,315,266,129
21141,42336,316,273,133
21142,42338,338,278,142
21143,42340,392,289,148
21144,42342,399,296,185
21145,42344,399,303,197
21146,42346,299,305,202
21147,42348,331,309,210
21148,42350,335,320,236
21149,42352,358,325,261
21150,42354,316,328,268
21151,42356,296,329,273
21152,42358,309,330,271
21153,42360,327,332,276
21154,42362,325,330,278
21155,42364,320,324,272
21156,42366,322,316,269
21157,42368,301,312,273
21158,42370,349,307,268
21159,42372,338,303,253
21160,42374,314,301,222
21161,42376,298,298,216
21162,42378,312,297,212
21163,42380,332,296,212
21164,42382,324,297,213
21165,42384,316,298,214
21166,42386,300,298,213
21167,42388,305,299,217
21168,42390,329,301,219
21169,42392,338,303,223
21170,42394,326,305,223
21171,42396,302,307,223
21172,42398,311,311,225
21173,42400,322,315,226
21174,42402,329,320,242
21175,42404,288,322,256
21176,42406,286,331,254
21177,42408,269,334,264
21178,42410,290,336,264
21179,42412,277,339,268
21180,42414,249,338,269
21181,42416,243,340,274
21182,42418,238,339,279
21183,42420,279,336,282
21184,42422,252,327,282
21185,42424,278,323,281
21186,42426,252,319,277
21187,42428,247,310,276
21188,42430,277,304,275
21189,42432,291,293,272
21190,42434,278,280,271
21191,42436,243,271,264
21192,42438,240,263,253
21193,42440,246,255,250
21194,42442,219,245,242
21195,42444,248,236,238
21196,42446,270,225,208
21197,42448,284,221,157
21198,42450,281,214,133
21199,42452,253,207,118
21200,42454,250,203,111
21201,42456,227,195,94
21202,42458,230,196,82
21203,42460,217,196,83
21204,42462,242,195,82
21205,42464,267,195,83
21206,42466,220,196,82
21207,42468,171,201,82
21208,42470,193,205,85
21209,42472,192,206,84
21210,42474,247,215,83
21211,42476,232,220,83
21212,42478,225,228,83
21213,42480,254,235,84
21214,42482,247,241,108
21215,42484,255,252,112
21216,42486,255,258,132
21217,42488,271,265,140
21218,42490,290,274,178
21219,42492,305,282,195
21220,42494,321,290,205
21221,42496,291,296,219
21222,42498,254,298,222
21223,42500,264,309,243
21224,42502,245,313,255
21225,42504,275,317,268
21226,42506,288,319,272
21227,42508,277,320,280
21228,42510,298,323,283
21229,42512,296,324,282
21230,42514,295,325,282
21231,42516,275,319,283
21232,42518,280,313,280
21233,42520,292,311,280
21234,42522,307,305,272
21235,42524,292,304,256
21236,42526,289,302,223
21237,42528,273,302,224
21238,42530,297,302,224
21239,42532,308,302,224
21240,42534,297,303,224
21241,42536,276,304,224
21242,42538,272,305,228
21243,42540,296,308,231
21244,42542,296,310,234
21245,42544,290,315,258
21246,42546,284,321,263
21247,42548,281,326,279
21248,42550,287,328,283
21249,42552,303,336,288
21250,42554,273,337,293
21251,42556,265,337,296
21252,42558,241,343,300
21253,42560,247,344,302
21254,42562,256,343,304
21255,42564,240,334,303
21256,42566,238,334,304
21257,42568,232,330,305
21258,42570,272,329,303
21259,42572,270,326,300
21260,42574,239,320,294
21261,42576,253,310,296
21262,42578,247,304,289
21263,42580,185,296,283
21264,42582,174,285,278
21265,42584,171,281,274
21266,42586,222,266,269
21267,42588,228,259,251
21268,42590,264,251,244
21269,42592,260,244,219
21270,42594,254,231,179
21271,42596,230,226,171
21272,42598,217,222,132
21273,42600,239,215,120
21274,42602,240,211,111
21275,42604,270,209,93
21276,42606,263,209,84
21277,42608,240,209,82
21278,42610,176,210,84
21279,42612,181,211,84
21280,42614,174,212,83
21281,42616,142,216,83
21282,42618,134,221,84
21283,42620,147,224,84
21284,42622,244,230,84
21285,42624,248,237,84
21286,42626,248,241,96
21287,42628,240,247,111
21288,42630,281,263,124
21289,42632,274,268,166
21290,42634,270,278,184
21291,42636,240,286,191
21292,42638,238,294,204
21293,42640,263,305,220
21294,42642,321,310,225
21295,42644,257,316,242
21296,42646,248,325,252
21297,42648,250,329,271
21298,42650,302,331,288
21299,42652,273,330,299
21300,42654,272,330,302
21301,42656,260,331,310
21302,42658,259,332,306
21303,42660,272,331,308
21304,42662,265,329,306
21305,42664,264,319,304
21306,42666,265,314,307
21307,42668,261,307,307
21308,42670,287,302,307
21309,42672,283,296,305
21310,42674,266,294,304
21311,42676,243,292,303
21312,42678,252,291,302
21313,42680,254,292,304
21314,42682,243,293,304
21315,42684,243,294,307
21316,42686,257,296,307
21317,42688,267,299,309
21318,42690,283,303,312
21319,42692,277,306,312
21320,42694,258,309,312
21321,42696,248,313,310
21322,42698,240,315,310
21323,42700,219,319,306
21324,42702,224,320,303
21325,42704,237,320,296
21326,42706,238,323,289
21327,42708,240,322,288
21328,42710,273,321,286
21329,42712,238,317,273
21330,42714,246,313,259
21331,42716,227,305,225
21332,42718,213,297,210
21333,42720,239,284,209
21334,42722,209,277,200
21335,42724,132,270,179
21336,42726,133,255,84
21337,42728,138,242,85
21338,42730,162,235,82
21339,42732,153,227,84
21340,42734,143,220,83
21341,42736,112,211,83
21342,42738,101,204,83
21343,42740,119,197,83
21344,42742,129,190,83
21345,42744,128,187,83
21346,42746,133,184,82
21347,42748,136,181,83
21348,42750,161,180,82
21349,42752,160,180,82
21350,42754,142,179,82
21351,42756,117,179,81
21352,42758,110,182,82
21353,42760,132,184,82
21354,42762,128,185,81
21355,42764,131,190,82
21356,42766,138,195,82
21357,42768,139,200,83
21358,42770,172,208,83
21359,42772,167,212,83
21360,42774,188,220,83
21361,42776,193,226,83
21362,42778,216,235,84
21363,42780,241,246,85
21364,42782,222,255,83
21365,42784,151,262,85
21366,42786,150,268,84
21367,42788,162,276,84
21368,42790,263,282,86
21369,42792,250,288,86
21370,42794,245,292,86
21371,42796,241,296,86
21372,42798,243,298,117
21373,42800,261,298,168
21374,42802,288,298,202
21375,42804,282,299,211
21376,42806,265,299,216
21377,42808,280,298,240
21378,42810,305,298,256
21379,42812,290,299,269
21380,42814,285,297,275
21381,42816,254,296,278
21382,42818,265,295,287
21383,42820,295,295,293
21384,42822,308,294,292
21385,42824,297,295,292
21386,42826,272,297,292
21387,42828,276,298,295
21388,42830,298,300,296
21389,42832,283,303,298
21390,42834,300,307,296
21391,42836,290,309,299
21392,42838,273,309,302
21393,42840,272,313,300
21394,42842,270,313,301
21395,42844,273,314,299
21396,42846,279,319,293
21397,42848,261,325,288
21398,42850,285,329,282
21399,42852,277,333,274
21400,42854,265,333,263
21401,42856,250,327,249
21402,42858,238,324,231
21403,42860,256,318,216
21404,42862,255,311,211
21405,42864,234,301,200
21406,42866,172,291,137
21407,42868,176,282,125
21408,42870,158,263,84
21409,42872,143,256,84
21410,42874,145,244,84
21411,42876,111,238,84
21412,42878,115,229,84
21413,42880,124,216,84
21414,42882,118,193,83
21415,42884,85,184,82
21416,42886,79,174,83
21417,42888,80,165,82
21418,42890,108,160,82
21419,42892,101,154,81
21420,42894,84,147,81
21421,42896,64,143,80
21422,42898,59,141,80
21423,42900,79,140,81
21424,42902,78,139,81
21425,42904,78,138,80
21426,42906,78,137,80
21427,42908,78,138,80
21428,42910,110,139,81
21429,42912,94,142,81
21430,42914,120,143,80
21431,42916,116,150,81
21432,42918,114,159,81
21433,42920,181,163,81
21434,42922,213,169,82
21435,42924,157,181,82
21436,42926,234,191,83
21437,42928,250,199,83
21438,42930,286,206,83
21439,42932,275,214,83
21440,42934,295,220,84
21441,42936,275,231,84
21442,42938,263,243,84
21443,42940,298,252,85
21444,42942,262,261,87
21445,42944,266,263,84
21446,42946,215,268,85
21447,42948,283,274,85
21448,42950,315,277,85
21449,42952,316,279,86
21450,42954,295,278,86
21451,42956,281,280,104
21452,42958,277,282,134
21453,42960,287,281,142
21454,42962,303,282,175
21455,42964,292,281,194
21456,42966,298,282,204
21457,42968,306,282,207
21458,42970,330,282,210
21459,42972,326,281,215
21460,42974,312,281,218
21461,42976,296,280,229
21462,42978,298,280,230
21463,42980,315,281,235
21464,42982,304,280,235
21465,42984,322,281,239
21466,42986,324,282,242
21467,42988,300,281,242
21468,42990,329,279,246
21469,42992,335,278,246
21470,42994,314,276,240
21471,42996,305,273,236
21472,42998,289,273,224
21473,43000,286,268,219
21474,43002,285,265,197
21475,43004,276,261,173
21476,43006,237,258,145
21477,43008,213,254,140
21478,43010,326,249,126
21479,43012,303,243,108
21480,43014,272,237,93
21481,43016,261,232,84
21482,43018,236,222,83
21483,43020,252,216,82
21484,43022,271,210,81
21485,43024,245,204,82
21486,43026,273,200,83
21487,43028,287,195,82
21488,43030,297,188,82
21489,43032,282,184,81
21490,43034,257,183,82
21491,43036,251,181,82
21492,43038,254,182,82
21493,43040,263,183,82
21494,43042,263,185,82
21495,43044,265,189,82
21496,43046,261,194,82
21497,43048,274,196,82
21498,43050,293,201,83
21499,43052,246,203,83
21500,43054,265,206,83
21501,43056,258,209,83
21502,43058,272,222,82
21503,43060,302,228,83
21504,43062,304,236,86
21505,43064,287,239,84
21506,43066,316,243,83
21507,43068,302,247,84
21508,43070,347,252,85
21509,43072,343,257,85
21510,43074,319,264,84
21511,43076,317,271,85
21512,43078,311,270,85
21513,43080,308,273,86
21514,43082,260,260,97
21515,43084,274,262,108
21516,43086,269,263,123
21517,43088,286,264,143
21518,43090,306,264,175
21519,43092,305,264,188
21520,43094,301,265,216
21521,43096,285,266,222
21522,43098,281,266,236
21523,43100,264,266,242
21524,43102,276,266,251
21525,43104,281,268,262
21526,43106,275,269,268
21527,43108,282,272,270
21528,43110,303,273,272
21529,43112,291,273,271
21530,43114,279,276,274
21531,43116,258,278,275
21532,43118,243,280,277
21533,43120,263,283,278
21534,43122,259,283,279
21535,43124,266,285,278
21536,43126,272,286,280
21537,43128,279,284,281
21538,43130,283,286,280
21539,43132,279,288,281
21540,43134,252,285,282
21541,43136,218,283,280
21542,43138,239,274,275
21543,43140,256,272,270
21544,43142,248,268,268
21545,43144,269,266,268
21546,43146,254,262,258
21547,43148,254,259,251
21548,43150,257,252,245
21549,43152,179,249,242
21550,43154,223,245,230
21551,43156,231,241,196
21552,43158,228,238,158
21553,43160,246,234,125
21554,43162,254,228,103
21555,43164,252,220,61
21556,43166,210,208,60
21557,43168,258,203,59
21558,43170,278,199,61
21559,43172,138,194,60
21560,43174,130,189,59
21561,43176,99,181,59
21562,43178,104,175,59
21563,43180,120,174,59
21564,43182,117,169,57
21565,43184,123,166,58
21566,43186,123,164,58
21567,43188,124,164,58
21568,43190,158,165,57
21569,43192,161,164,58
21570,43194,147,168,58
21571,43196,117,170,58
21572,43198,121,175,59
21573,43200,186,183,59
21574,43202,260,188,60
21575,43204,258,197,60
21576,43206,249,201,60
21577,43208,250,207,60
21578,43210,276,222,60
21579,43212,266,232,61
21580,43214,280,241,61
21581,43216,244,246,62
21582,43218,247,253,77
21583,43220,247,258,94
21584,43222,262,268,103
21585,43224,267,273,120
21586,43226,280,277,154
21587,43228,274,284,172
21588,43230,310,296,191
21589,43232,300,303,199
21590,43234,314,307,219
21591,43236,296,309,226
21592,43238,286,308,240
21593,43240,318,309,241
21594,43242,312,309,248
21595,43244,325,312,246
21596,43246,318,313,243
21597,43248,271,313,246
21598,43250,303,314,246
21599,43252,289,313,237
21600,43254,327,315,230
21601,43256,292,315,206
21602,43258,296,320,206
21603,43260,303,322,204
21604,43262,298,322,206
21605,43264,294,325,206
21606,43266,323,325,206
21607,43268,323,326,207
21608,43270,346,320,226
21609,43272,317,320,228
21610,43274,312,321,227
21611,43276,239,319,225
21612,43278,241,318,231
21613,43280,260,316,232
21614,43282,280,314,229
21615,43284,283,312,226
21616,43286,277,311,222
21617,43288,277,307,218
21618,43290,304,305,210
21619,43292,302,303,201
21620,43294,287,298,165
21621,43296,269,295,145
21622,43298,261,291,137
21623,43300,277,287,128
21624,43302,258,286,126
21625,43304,258,279,122
21626,43306,276,276,119
21627,43308,264,273,111
21628,43310,291,264,95
21629,43312,290,254,80
21630,43314,270,252,62
21631,43316,246,248,61
21632,43318,226,243,61
21633,43320,252,240,61
21634,43322,244,235,60
21635,43324,241,235,61
21636,43326,237,235,61
21637,43328,250,234,61
21638,43330,282,234,61
21639,43332,249,234,61
21640,43334,249,237,61
21641,43336,225,239,61
21642,43338,225,241,61
21643,43340,240,244,61
21644,43342,242,247,61
21645,43344,242,252,62
21646,43346,267,261,61
21647,43348,274,268,63
21648,43350,293,275,63
21649,43352,285,281,63
21650,43354,276,285,63
21651,43356,247,289,63
21652,43358,253,292,62
21653,43360,273,298,63
21654,43362,247,299,64
21655,43364,239,304,81
21656,43366,245,306,112
21657,43368,256,309,124
21658,43370,289,316,160
21659,43372,278,320,169
21660,43374,257,324,169
21661,43376,237,326,183
21662,43378,238,328,201
21663,43380,269,330,205
21664,43382,260,331,207
21665,43384,267,331,211
21666,43386,273,332,224
21667,43388,280,334,235
21668,43390,301,333,242
21669,43392,294,334,247
21670,43394,280,333,251
21671,43396,244,333,256
21672,43398,241,333,254
21673,43400,267,332,257
21674,43402,265,331,258
21675,43404,268,329,256
21676,43406,270,329,257
21677,43408,274,328,250
21678,43410,306,327,255
21679,43412,296,322,249
21680,43414,280,317,249
21681,43416,248,315,248
21682,43418,243,312,244
21683,43420,267,309,244
21684,43422,257,308,239
21685,43424,257,306,235
21686,43426,253,303,229
21687,43428,265,299,224
21688,43430,301,298,214
21689,43432,286,290,206
21690,43434,267,287,186
21691,43436,233,282,167
21692,43438,243,274,151
21693,43440,263,269,124
21694,43442,257,260,115
21695,43444,245,250,102
21696,43446,268,245,90
21697,43448,261,237,62
21698,43450,282,232,60
21699,43452,262,225,60
21700,43454,136,222,61
21701,43456,112,217,60
21702,43458,85,213,59
21703,43460,103,206,60
21704,43462,62,198,59
21705,43464,58,192,59
21706,43466,58,188,59
21707,43468,67,178,59
21708,43470,96,172,59
21709,43472,88,169,58
21710,43474,68,168,58
21711,43476,33,168,58
21712,43478,32,169,59
21713,43480,60,167,59
21714,43482,53,168,58
21715,43484,87,168,59
21716,43486,112,168,58
21717,43488,115,170,58
21718,43490,146,171,59
21719,43492,137,174,58
21720,43494,118,180,58
21721,43496,145,182,59
21722,43498,150,186,59
21723,43500,185,192,59
21724,43502,180,194,59
21725,43504,178,199,59
21726,43506,189,206,59
21727,43508,145,210,60
21728,43510,185,218,60
21729,43512,205,225,61
21730,43514,197,238,61
21731,43516,239,243,85
21732,43518,212,248,101
21733,43520,251,255,116
21734,43522,252,259,123
21735,43524,257,261,161
21736,43526,257,268,186
21737,43528,267,271,196
21738,43530,316,274,205
21739,43532,282,276,212
21740,43534,264,279,225
21741,43536,240,282,233
21742,43538,232,283,241
21743,43540,231,284,242
21744,43542,224,284,242
21745,43544,235,286,243
21746,43546,224,288,239
21747,43548,254,287,242
21748,43550,281,288,241
21749,43552,276,288,241
21750,43554,267,289,245
21751,43556,249,289,245
21752,43558,251,290,247
21753,43560,275,289,244
21754,43562,290,290,246
21755,43564,247,288,245
21756,43566,255,288,244
21757,43568,256,288,247
21758,43570,289,287,246
21759,43572,269,283,247
21760,43574,257,280,248
21761,43576,239,285,249
21762,43578,244,283,248
21763,43580,270,281,253
21764,43582,282,277,246
21765,43584,287,276,242
21766,43586,289,273,238
21767,43588,285,272,235
21768,43590,318,268,229
21769,43592,306,262,225
21770,43594,290,260,203
21771,43596,264,248,191
21772,43598,268,241,166
21773,43600,281,236,161
21774,43602,259,229,123
21775,43604,260,227,119
21776,43606,249,220,106
21777,43608,228,213,91
21778,43610,157,207,60
21779,43612,127,200,60
21780,43614,91,196,59
21781,43616,32,180,59
21782,43618,32,174,58
21783,43620,65,170,58
21784,43622,62,167,60
21785,43624,67,163,58
21786,43626,61,162,59
21787,43628,65,161,58
21788,43630,103,160,58
21789,43632,87,156,58
21790,43634,70,157,58
21791,43636,34,159,58
21792,43638,37,160,58
21793,43640,106,162,59
21794,43642,99,168,59
21795,43644,127,170,59
21796,43646,118,175,59
21797,43648,123,181,58
21798,43650,247,188,59
21799,43652,236,193,59
21800,43654,220,198,60
21801,43656,205,205,57
21802,43658,222,211,59
21803,43660,244,221,65
21804,43662,243,237,61
21805,43664,244,248,61
21806,43666,240,257,62
21807,43668,238,262,81
21808,43670,298,268,143
21809,43672,285,273,163
21810,43674,276,278,180
21811,43676,257,281,192
21812,43678,268,287,193
21813,43680,288,295,199
21814,43682,290,297,213
21815,43684,257,302,226
21816,43686,264,301,238
21817,43688,295,302,246
21818,43690,269,302,256
21819,43692,263,304,256
21820,43694,247,304,260
21821,43696,211,304,259
21822,43698,238,305,264
21823,43700,240,305,262
21824,43702,244,302,257
21825,43704,253,303,260
21826,43706,253,302,259
21827,43708,247,302,260
21828,43710,259,306,263
21829,43712,242,305,264
21830,43714,226,306,264
21831,43716,213,305,264
21832,43718,218,307,264
21833,43720,245,300,263
21834,43722,243,301,263
21835,43724,242,300,263
21836,43726,285,301,264
21837,43728,287,299,262
21838,43730,301,298,260
21839,43732,290,294,258
21840,43734,236,294,256
21841,43736,215,291,249
21842,43738,223,285,249
21843,43740,275,281,246
21844,43742,252,275,230
21845,43744,260,271,220
21846,43746,137,267,204
21847,43748,154,255,191
21848,43750,182,247,190
21849,43752,151,240,181
21850,43754,132,233,171
21851,43756,123,227,141
21852,43758,119,221,107
21853,43760,127,217,60
21854,43762,119,211,60
21855,43764,109,202,61
21856,43766,115,189,59
21857,43768,118,182,60
21858,43770,142,177,59
21859,43772,124,169,59
21860,43774,87,163,60
21861,43776,30,158,57
21862,43778,34,156,59
21863,43780,59,154,60
21864,43782,57,153,59
21865,43784,64,150,58
21866,43786,58,153,57
21867,43788,86,154,58
21868,43790,149,157,58
21869,43792,120,159,58
21870,43794,121,162,57
21871,43796,98,167,58
21872,43798,99,173,59
21873,43800,127,177,58
21874,43802,141,184,59
21875,43804,144,187,60
21876,43806,136,194,60
21877,43808,146,202,60
21878,43810,178,209,60
21879,43812,252,216,60
21880,43814,247,223,61
21881,43816,252,230,60
21882,43818,260,246,61
21883,43820,275,252,84
21884,43822,276,259,108
21885,43824,278,265,151
21886,43826,284,269,185
21887,43828,287,273,194
21888,43830,275,280,199
21889,43832,269,284,204
21890,43834,258,285,219
21891,43836,224,287,233
21892,43838,245,287,225
21893,43840,260,288,221
21894,43842,242,287,211
21895,43844,255,287,186
21896,43846,261,288,186
21897,43848,250,287,184
21898,43850,276,288,186
21899,43852,270,288,192
21900,43854,266,291,194
21901,43856,242,287,195
21902,43858,241,288,195
21903,43860,253,288,195
21904,43862,259,288,194
21905,43864,260,289,196
21906,43866,257,288,202
21907,43868,252,289,202
21908,43870,278,290,202
21909,43872,258,289,208
21910,43874,254,288,224
21911,43876,239,286,230
21912,43878,209,285,234
21913,43880,230,283,237
21914,43882,219,283,239
21915,43884,273,280,243
21916,43886,264,276,250
21917,43888,264,273,239
21918,43890,289,269,234
21919,43892,298,265,234
21920,43894,234,260,234
21921,43896,205,256,233
21922,43898,244,253,229
21923,43900,259,248,227
21924,43902,264,244,224
21925,43904,251,232,220
21926,43906,242,229,219
21927,43908,238,222,214
21928,43910,282,217,218
21929,43912,254,213,203
21930,43914,242,209,188
21931,43916,210,207,172
21932,43918,211,203,172
21933,43920,132,200,150
21934,43922,120,198,142
21935,43924,134,195,110
21936,43926,157,193,106
21937,43928,133,192,101
21938,43930,160,190,97
21939,43932,137,189,67
21940,43934,127,187,59
21941,43936,96,186,59
21942,43938,95,187,59
21943,43940,121,187,59
21944,43942,113,187,59
21945,43944,120,188,59
21946,43946,118,190,60
21947,43948,125,192,59
21948,43950,150,192,59
21949,43952,152,192,59
21950,43954,138,194,59
21951,43956,200,198,59
21952,43958,203,202,60
21953,43960,238,206,60
21954,43962,226,207,60
21955,43964,243,214,59
21956,43966,236,220,94
21957,43968,267,231,108
21958,43970,289,237,118
21959,43972,307,243,144
21960,43974,297,247,155
21961,43976,273,253,180
21962,43978,270,254,182
21963,43980,279,260,186
21964,43982,285,263,196
21965,43984,285,268,198
21966,43986,287,271,214
21967,43988,300,279,227
21968,43990,301,284,235
21969,43992,266,288,248
21970,43994,269,290,251
21971,43996,247,292,257
21972,43998,220,295,260
21973,44000,259,298,259
21974,44002,254,297,264
21975,44004,256,300,272
21976,44006,293,301,273
21977,44008,294,304,273
21978,44010,300,305,280
21979,44012,277,308,280
21980,44014,275,309,283
21981,44016,255,311,285
21982,44018,247,312,288
21983,44020,272,314,289
21984,44022,252,315,290
21985,44024,261,317,291
21986,44026,265,316,290
21987,44028,265,318,295
21988,44030,267,324,296
21989,44032,239,329,297
21990,44034,236,332,297
21991,44036,215,333,296
21992,44038,206,334,296
21993,44040,276,333,295
21994,44042,261,333,296
21995,44044,285,333,296
21996,44046,317,332,297
21997,44048,299,330,296
21998,44050,323,328,299
21999,44052,321,325,295
22000,44054,322,317,295
22001,44056,305,309,289
22002,44058,254,307,276
22003,44060,277,302,263
22004,44062,273,298,259
22005,44064,273,291,257
22006,44066,273,288,253
22007,44068,273,284,246
22008,44070,309,277,238
22009,44072,294,268,236
22010,44074,289,262,231
22011,44076,259,260,225
22012,44078,184,254,222
22013,44080,204,251,216
22014,44082,201,240,208
22015,44084,199,238,194
22016,44086,184,235,189
22017,44088,192,231,167
22018,44090,220,229,159
22019,44092,209,230,152
22020,44094,195,229,147
22021,44096,176,230,146
22022,44098,176,231,139
22023,44100,188,233,129
22024,44102,187,235,129
22025,44104,161,238,131
22026,44106,191,246,131
22027,44108,276,251,131
22028,44110,275,257,132
22029,44112,298,262,133
22030,44114,293,266,147
22031,44116,265,271,151
22032,44118,227,276,153
22033,44120,261,281,156
22034,44122,263,287,180
22035,44124,256,292,183
22036,44126,253,294,192
22037,44128,271,299,208
22038,44130,310,304,215
22039,44132,301,310,223
22040,44134,311,315,229
22041,44136,277,322,246
22042,44138,267,326,254
22043,44140,305,330,261
22044,44142,357,332,264
22045,44144,341,335,265
22046,44146,317,338,269
22047,44148,323,338,272
22048,44150,294,341,275
22049,44152,281,340,278
22050,44154,267,341,281
22051,44156,254,342,281
22052,44158,263,342,278
22053,44160,298,344,281
22054,44162,297,344,281
22055,44164,275,345,280
22056,44166,277,345,286
22057,44168,272,345,284
22058,44170,303,345,287
22059,44172,291,345,284
22060,44174,268,344,285
22061,44176,238,344,284
22062,44178,256,344,283
22063,44180,258,344,284
22064,44182,266,344,288
22065,44184,264,342,286
22066,44186,270,341,286
22067,44188,266,340,285
22068,44190,311,340,289
22069,44192,294,340,289
22070,44194,298,338,288
22071,44196,287,336,288
22072,44198,290,333,279
22073,44200,301,330,279
22074,44202,310,328,277
22075,44204,308,326,272
22076,44206,243,319,264
22077,44208,282,316,255
22078,44210,302,309,251
22079,44212,294,304,234
22080,44214,276,299,213
22081,44216,277,292,201
22082,44218,274,288,193
22083,44220,279,284,187
22084,44222,291,277,178
22085,44224,160,268,176
22086,44226,142,263,150
22087,44228,141,259,125
22088,44230,171,250,107
22089,44232,155,239,82
22090,44234,129,236,61
22091,44236,106,233,60
22092,44238,121,232,61
22093,44240,141,229,56
22094,44242,154,228,61
22095,44244,156,226,60
22096,44246,169,226,61
22097,44248,174,225,61
22098,44250,192,225,62
22099,44252,143,225,61
22100,44254,123,226,60
22101,44256,96,228,60
22102,44258,97,229,61
22103,44260,128,231,61
22104,44262,117,233,62
22105,44264,128,238,61
22106,44266,132,245,61
22107,44268,134,247,62
22108,44270,168,251,62
22109,44272,148,252,62
22110,44274,148,256,63
22111,44276,115,261,62
22112,44278,209,271,61
22113,44280,239,284,63
22114,44282,237,293,63
22115,44284,240,303,64
22116,44286,236,309,84
22117,44288,236,313,88
22118,44290,297,317,132
22119,44292,271,323,153
22120,44294,273,325,173
22121,44296,240,328,190
22122,44298,268,330,199
22123,44300,278,332,209
22124,44302,308,334,232
22125,44304,281,335,252
22126,44306,243,335,266
22127,44308,246,337,273
22128,44310,273,337,276
22129,44312,264,339,287
22130,44314,266,339,290
22131,44316,252,340,291
22132,44318,251,339,296
22133,44320,271,338,291
22134,44322,273,340,297
22135,44324,280,339,298
22136,44326,286,340,304
22137,44328,273,340,305
22138,44330,302,340,307
22139,44332,301,340,301
22140,44334,278,341,303
22141,44336,244,342,298
22142,44338,262,342,300
22143,44340,259,344,302
22144,44342,268,345,297
22145,44344,277,347,299
22146,44346,273,346,302
22147,44348,270,347,301
22148,44350,290,346,300
22149,44352,271,346,303
22150,44354,304,347,303
22151,44356,286,346,305
22152,44358,285,346,303
22153,44360,308,345,305
22154,44362,312,344,299
22155,44364,335,344,302
22156,44366,336,344,300
22157,44368,334,342,299
22158,44370,329,341,296
22159,44372,304,336,295
22160,44374,284,335,291
22161,44376,269,333,290
22162,44378,250,329,286
22163,44380,264,328,285
22164,44382,249,327,285
22165,44384,258,323,277
22166,44386,248,322,275
22167,44388,243,321,266
22168,44390,270,316,251
22169,44392,272,315,237
22170,44394,158,315,228
22171,44396,135,315,207
22172,44398,122,312,206
22173,44400,157,313,189
22174,44402,152,313,185
22175,44404,165,313,186
22176,44406,148,314,175
22177,44408,192,315,175
22178,44410,224,317,173
22179,44412,219,319,170
22180,44414,196,321,173
22181,44416,176,324,176
22182,44418,128,325,178
22183,44420,197,326,183
22184,44422,199,327,182
22185,44424,198,330,186
22186,44426,197,332,206
22187,44428,253,336,215
22188,44430,278,336,228
22189,44432,278,339,240
22190,44434,264,339,243
22191,44436,240,343,268
22192,44438,241,345,275
22193,44440,270,347,281
22194,44442,296,348,285
22195,44444,289,348,299
22196,44446,288,348,299
22197,44448,272,351,302
22198,44450,314,353,307
22199,44452,293,353,310
22200,44454,288,355,312
22201,44456,261,355,315
22202,44458,263,355,318
22203,44460,280,356,319
22204,44462,274,357,321
22205,44464,266,356,320
22206,44466,264,356,323
22207,44468,261,357,324
22208,44470,334,357,326
22209,44472,327,357,327
22210,44474,293,357,326
22211,44476,255,357,327
22212,44478,258,357,324
22213,44480,270,356,324
22214,44482,274,355,324
22215,44484,272,356,323
22216,44486,276,356,323
22217,44488,275,358,320
22218,44490,290,355,318
22219,44492,286,355,315
22220,44494,276,353,312
22221,44496,251,354,310
22222,44498,257,353,313
22223,44500,280,354,312
22224,44502,278,352,312
22225,44504,278,349,308
22226,44506,285,350,299
22227,44508,278,348,297
22228,44510,291,349,299
22229,44512,275,348,296
22230,44514,264,347,296
22231,44516,246,347,296
22232,44518,248,347,291
22233,44520,266,345,293
22234,44522,260,344,292
22235,44524,259,343,291
22236,44526,262,342,290
22237,44528,266,341,289
22238,44530,289,340,289
22239,44532,280,339,288
22240,44534,276,336,287
22241,44536,245,334,288
22242,44538,248,332,282
22243,44540,266,329,280
22244,44542,269,331,276
22245,44544,284,329,272
22246,44546,272,327,267
22247,44548,260,324,265
22248,44550,281,320,265
22249,44552,270,316,262
22250,44554,249,313,265
22251,44556,287,311,261
22252,44558,288,309,250
22253,44560,310,306,246
22254,44562,292,302,245
22255,44564,283,293,244
22256,44566,299,286,246
22257,44568,243,280,243
22258,44570,278,277,242
22259,44572,265,274,238
22260,44574,250,274,231
22261,44576,240,268,230
22262,44578,220,266,223
22263,44580,243,265,220
22264,44582,246,264,211
22265,44584,269,262,210
22266,44586,260,260,204
22267,44588,251,259,195
22268,44590,282,258,196
22269,44592,253,256,188
22270,44594,252,254,184
22271,44596,229,253,182
22272,44598,225,253,161
22273,44600,241,251,157
22274,44602,241,251,146
22275,44604,167,250,144
22276,44606,159,249,141
22277,44608,150,247,123
22278,44610,168,247,113
22279,44612,152,247,106
22280,44614,136,246,70
22281,44616,100,246,62
22282,44618,100,247,62
22283,44620,128,247,62
22284,44622,127,247,61
22285,44624,127,247,62
22286,44626,128,250,61
22287,44628,129,250,61
22288,44630,171,252,62
22289,44632,146,255,62
22290,44634,134,258,62
22291,44636,100,260,62
22292,44638,196,263,62
22293,44640,239,271,63
22294,44642,232,278,86
22295,44644,233,282,108
22296,44646,244,290,127
22297,44648,244,296,134
22298,44650,287,303,161
22299,44652,275,309,173
22300,44654,291,313,197
22301,44656,271,317,206
22302,44658,244,319,216
22303,44660,303,321,235
22304,44662,315,325,250
22305,44664,301,328,266
22306,44666,281,330,275
22307,44668,279,331,280
22308,44670,307,331,284
22309,44672,292,330,292
22310,44674,281,329,293
22311,44676,284,329,296
22312,44678,279,329,297
22313,44680,296,328,298
22314,44682,298,328,300
22315,44684,289,328,300
22316,44686,307,327,297
22317,44688,302,325,295
22318,44690,328,319,298
22319,44692,310,318,298
22320,44694,295,315,297
22321,44696,280,313,300
22322,44698,273,313,303
22323,44700,295,314,303
22324,44702,284,314,303
22325,44704,284,314,304
22326,44706,284,314,304
22327,44708,286,315,306
22328,44710,304,316,307
22329,44712,291,318,307
22330,44714,281,319,307
22331,44716,255,321,302
22332,44718,256,320,301
22333,44720,313,317,297
22334,44722,290,315,298
22335,44724,285,314,299
22336,44726,285,313,296
22337,44728,282,311,297
22338,44730,321,308,295
22339,44732,319,304,293
22340,44734,312,300,294
22341,44736,283,299,293
22342,44738,255,294,288
22343,44740,267,291,287
22344,44742,266,286,282
22345,44744,264,274,281
22346,44746,260,269,276
22347,44748,295,265,276
22348,44750,310,262,274
22349,44752,308,257,265
22350,44754,279,253,247
22351,44756,234,250,239
22352,44758,243,246,230
22353,44760,253,243,220
22354,44762,254,241,206
22355,44764,247,238,178
22356,44766,243,234,156
22357,44768,243,232,148
22358,44770,262,227,142
22359,44772,261,226,119
22360,44774,251,224,116
22361,44776,232,223,98
22362,44778,227,222,74
22363,44780,244,217,60
22364,44782,252,216,59
22365,44784,245,214,61
22366,44786,230,215,60
22367,44788,232,216,59
22368,44790,259,220,60
22369,44792,245,223,60
22370,44794,251,229,62
22371,44796,238,233,61
22372,44798,231,235,61
22373,44800,250,239,61
22374,44802,251,242,62
22375,44804,235,245,61
22376,44806,234,248,61
22377,44808,272,252,62
22378,44810,300,256,62
22379,44812,284,260,62
22380,44814,280,262,63
22381,44816,228,267,62
22382,44818,234,270,84
22383,44820,262,276,98
22384,44822,264,284,143
22385,44824,265,287,151
22386,44826,269,293,166
22387,44828,296,298,170
22388,44830,340,301,173
22389,44832,357,304,184
22390,44834,340,308,189
22391,44836,295,307,189
22392,44838,298,308,191
22393,44840,306,308,192
22394,44842,306,309,200
22395,44844,310,310,198
22396,44846,289,310,205
22397,44848,293,311,205
22398,44850,315,311,212
22399,44852,304,311,212
22400,44854,284,309,216
22401,44856,271,309,214
22402,44858,268,309,214
22403,44860,291,308,214
22404,44862,288,308,226
22405,44864,283,307,229
22406,44866,282,306,229
22407,44868,285,306,230
22408,44870,312,306,230
22409,44872,296,307,227
22410,44874,290,306,228
22411,44876,279,307,226
22412,44878,269,307,231
22413,44880,289,307,230
22414,44882,284,306,231
22415,44884,284,306,233
22416,44886,265,304,232
22417,44888,258,304,233
22418,44890,278,303,231
22419,44892,270,298,226
22420,44894,260,298,230
22421,44896,290,293,228
22422,44898,287,292,225
22423,44900,302,290,226
22424,44902,298,287,223
22425,44904,287,284,226
22426,44906,281,282,224
22427,44908,288,279,223
22428,44910,339,276,222
22429,44912,323,272,218
22430,44914,310,269,220
22431,44916,294,266,218
22432,44918,238,263,210
22433,44920,265,258,207
22434,44922,260,254,203
22435,44924,259,252,200
22436,44926,246,248,199
22437,44928,245,248,189
22438,44930,305,242,190
22439,44932,288,242,173
22440,44934,281,239,159
22441,44936,264,235,156
22442,44938,265,234,148
22443,44940,242,233,139
22444,44942,237,228,118
22445,44944,237,223,114
22446,44946,229,222,110
22447,44948,233,221,104
22448,44950,262,220,102
22449,44952,260,219,95
22450,44954,238,218,91
22451,44956,215,217,88
22452,44958,211,216,82
22453,44960,233,217,82
22454,44962,230,218,80
22455,44964,234,224,80
22456,44966,230,227,85
22457,44968,232,229,84
22458,44970,255,231,86
22459,44972,245,233,86
22460,44974,232,237,88
22461,44976,217,242,93
22462,44978,218,246,106
22463,44980,243,252,111
22464,44982,247,254,120
22465,44984,254,259,126
22466,44986,251,262,155
22467,44988,264,267,174
22468,44990,282,272,180
22469,44992,297,279,188
22470,44994,293,286,194
22471,44996,272,289,199
22472,44998,285,291,204
22473,45000,343,294,217
22474,45002,360,297,224
22475,45004,312,300,227
22476,45006,307,301,230
22477,45008,312,303,230
22478,45010,301,304,236
22479,45012,295,304,241
22480,45014,281,303,238
22481,45016,271,303,242
22482,45018,278,303,241
22483,45020,284,302,244
22484,45022,288,299,250
22485,45024,296,296,243
22486,45026,291,294,249
22487,45028,279,291,249
22488,45030,312,289,246
22489,45032,297,286,248
22490,45034,286,286,248
22491,45036,263,286,247
22492,45038,262,286,251
22493,45040,278,285,253
22494,45042,273,287,249
22495,45044,275,288,248
22496,45046,257,289,249
22497,45048,262,291,251
22498,45050,309,290,249
22499,45052,308,291,250
22500,45054,283,290,249
22501,45056,277,290,248
22502,45058,274,283,251
22503,45060,290,283,248
22504,45062,293,281,247
22505,45064,318,279,248
22506,45066,315,277,248
22507,45068,305,277,245
22508,45070,344,273,242
22509,45072,308,269,238
22510,45074,266,265,238
22511,45076,249,262,237
22512,45078,241,261,236
22513,45080,263,260,238
22514,45082,259,256,234
22515,45084,254,254,236
22516,45086,244,251,233
22517,45088,248,250,229
22518,45090,277,247,225
22519,45092,257,245,217
22520,45094,252,243,214
22521,45096,231,241,199
22522,45098,226,240,199
22523,45100,246,238,190
22524,45102,253,235,179
22525,45104,248,236,162
22526,45106,241,235,157
22527,45108,236,236,154
22528,45110,267,236,153
22529,45112,248,236,145
22530,45114,237,235,131
22531,45116,216,236,122
22532,45118,216,237,123
22533,45120,230,240,123
22534,45122,230,241,124
22535,45124,235,243,124
22536,45126,231,246,126
22537,45128,227,250,144
22538,45130,283,252,149
22539,45132,288,255,149
22540,45134,276,257,161
22541,45136,255,258,177
22542,45138,260,261,189
22543,45140,249,265,201
22544,45142,249,268,209
22545,45144,255,274,218
22546,45146,260,277,220
22547,45148,258,284,225
22548,45150,287,287,227
22549,45152,278,289,232
22550,45154,291,294,231
22551,45156,273,296,241
22552,45158,281,297,253
22553,45160,292,300,255
22554,45162,337,302,259
22555,45164,328,304,265
22556,45166,321,304,267
22557,45168,305,305,269
22558,45170,333,304,274
22559,45172,284,305,276
22560,45174,271,305,278
22561,45176,251,304,276
22562,45178,245,305,276
22563,45180,258,307,278
22564,45182,263,305,278
22565,45184,257,305,280
22566,45186,261,305,278
22567,45188,261,305,279
22568,45190,295,306,280
22569,45192,279,307,282
22570,45194,273,308,285
22571,45196,244,308,284
22572,45198,241,309,285
22573,45200,279,309,285
22574,45202,301,309,291
22575,45204,305,307,292
22576,45206,308,308,291
22577,45208,305,311,294
22578,45210,326,310,294
22579,45212,310,314,295
22580,45214,307,313,295
22581,45216,314,312,294
22582,45218,316,308,298
22583,45220,318,307,295
22584,45222,276,305,296
22585,45224,269,305,295
22586,45226,297,299,294
22587,45228,266,299,295
22588,45230,293,294,296
22589,45232,274,289,296
22590,45234,267,283,294
22591,45236,241,276,290
22592,45238,244,271,289
22593,45240,255,269,290
22594,45242,255,264,285
22595,45244,256,263,280
22596,45246,266,261,278
22597,45248,260,261,267
22598,45250,294,258,266
22599,45252,263,256,266
22600,45254,241,254,259
22601,45256,216,253,252
22602,45258,221,246,246
22603,45260,245,248,236
22604,45262,156,247,231
22605,45264,147,248,224
22606,45266,147,247,218
22607,45268,144,247,214
22608,45270,172,246,202
22609,45272,160,246,188
22610,45274,144,246,185
22611,45276,123,245,182
22612,45278,115,245,183
22613,45280,141,246,196
22614,45282,142,247,193
22615,45284,146,248,197
22616,45286,142,249,199
22617,45288,149,252,202
22618,45290,182,254,205
22619,45292,165,256,210
22620,45294,148,259,218
22621,45296,128,262,220
22622,45298,127,264,224
22623,45300,153,267,228
22624,45302,247,269,233
22625,45304,245,271,238
22626,45306,258,282,244
22627,45308,298,288,255
22628,45310,324,291,259
22629,45312,317,293,261
22630,45314,304,296,264
22631,45316,278,299,268
22632,45318,273,302,272
22633,45320,261,307,274
22634,45322,301,309,276
22635,45324,316,310,279
22636,45326,310,313,282
22637,45328,331,314,287
22638,45330,322,315,289
22639,45332,287,317,294
22640,45334,283,318,292
22641,45336,255,320,300
22642,45338,257,320,303
22643,45340,277,320,302
22644,45342,275,321,303
22645,45344,269,321,305
22646,45346,284,322,305
22647,45348,285,321,307
22648,45350,303,322,309
22649,45352,295,322,309
22650,45354,285,322,309
22651,45356,272,323,313
22652,45358,254,325,316
22653,45360,305,327,316
22654,45362,298,333,315
22655,45364,285,335,314
22656,45366,290,335,313
22657,45368,284,336,315
22658,45370,325,336,313
22659,45372,318,337,310
22660,45374,298,337,310
22661,45376,275,337,308
22662,45378,292,335,307
22663,45380,264,333,302
22664,45382,279,331,302
22665,45384,260,327,300
22666,45386,266,326,304
22667,45388,257,321,298
22668,45390,293,312,296
22669,45392,317,310,293
22670,45394,288,304,285
22671,45396,255,300,281
22672,45398,258,288,276
22673,45400,247,282,269
22674,45402,242,276,263
22675,45404,148,271,254
22676,45406,148,264,238
22677,45408,138,250,225
22678,45410,174,242,208
22679,45412,160,232,191
22680,45414,137,227,182
22681,45416,108,218,160
22682,45418,96,208,148
22683,45420,121,194,126
22684,45422,109,188,112
22685,45424,109,175,59
22686,45426,64,165,57
22687,45428,58,150,58
22688,45430,103,129,57
22689,45432,142,109,56
22690,45434,146,92,56
22691,45436,128,80,55
22692,45438,49,71,55
22693,45440,55,68,55
22694,45442,52,67,55
22695,45444,52,58,54
22696,45446,50,54,54
22697,45448,91,55,54
22698,45450,76,54,54
22699,45452,96,55,55
22700,45454,145,54,54
22701,45456,147,55,54
22702,45458,116,55,54
22703,45460,54,56,54
22704,45462,77,54,54
22705,45464,81,54,55
22706,45466,87,55,54
22707,45468,80,54,54
22708,45470,78,55,54
22709,45472,85,54,55
22710,45474,99,54,54
22711,45476,82,54,54
22712,45478,72,55,54
22713,45480,73,54,54
22714,45482,98,55,54
22715,45484,91,54,54
22716,45486,100,54,54
22717,45488,106,54,54
22718,45490,109,55,54
22719,45492,100,54,55
22720,45494,100,55,54
22721,45496,111,54,55
22722,45498,108,54,55
22723,45500,108,54,55
22724,45502,110,54,54
22725,45504,109,54,54
22726,45506,110,54,54
22727,45508,109,54,54
22728,45510,107,55,53
22729,45512,106,54,55
22730,45514,105,54,57
22731,45516,106,54,55
22732,45518,100,55,55
22733,45520,103,54,55
22734,45522,110,54,55
22735,45524,111,54,55
22736,45526,103,54,55
22737,45528,97,55,54
22738,45530,111,54,54
22739,45532,111,54,54
22740,45534,105,54,54
22741,45536,112,55,54
22742,45538,103,54,55
22743,45540,109,54,55
22744,45542,103,54,55
22745,45544,111,54,54
22746,45546,111,54,54
22747,45548,100,54,55
22748,45550,104,54,54
22749,45552,104,54,54
22750,45554,109,54,54
22751,45556,111,54,54
22752,45558,110,54,55
22753,45560,113,54,54
22754,45562,113,54,55
22755,45564,110,54,55
22756,45566,108,54,55
22757,45568,110,54,55
22758,45570,111,55,54
22759,45572,115,54,54
22760,45574,105,54,55
22761,45576,111,54,54
22762,45578,107,54,54
22763,45580,106,54,55
22764,45582,112,54,54
22765,45584,110,54,55
22766,45586,107,54,55
22767,45588,111,54,54
22768,45590,106,55,54
22769,45592,108,54,55
22770,45594,110,54,55
22771,45596,111,54,55
22772,45598,112,54,55
22773,45600,113,54,55
22774,45602,113,54,54
22775,45604,105,54,52
22776,45606,112,54,54
22777,45608,113,55,54
22778,45610,113,54,55
22779,45612,107,54,55
22780,45614,107,54,55
22781,45616,110,54,54
22782,45618,107,55,55
22783,45620,107,55,54
22784,45622,107,54,55
22785,45624,103,54,54
22786,45626,109,54,55
22787,45628,102,55,55
22788,45630,103,54,54
22789,45632,102,54,55
22790,45634,100,54,55
22791,45636,101,54,55
22792,45638,99,54,54
22793,45640,106,54,55
22794,45642,101,54,55
22795,45644,97,55,55
22796,45646,108,54,54
22797,45648,101,55,54
22798,45650,108,54,55
22799,45652,102,54,54
22800,45654,106,54,54
22801,45656,106,54,55
22802,45658,109,54,55
22803,45660,111,54,55
22804,45662,111,54,56
22805,45664,111,55,54
22806,45666,104,55,54
22807,45668,106,54,51
22808,45670,111,55,54
22809,45672,109,54,54
22810,45674,109,54,54
22811,45676,100,54,54
22812,45678,104,55,55
22813,45680,102,54,55
22814,45682,106,54,55
22815,45684,109,54,52
22816,45686,107,54,54
22817,45688,105,54,54
22818,45690,111,54,54
22819,45692,112,54,55
22820,45694,112,54,55
22821,45696,108,54,55
22822,45698,105,54,55
22823,45700,105,54,55
22824,45702,109,55,54
22825,45704,110,54,54
22826,45706,105,55,55
22827,45708,104,55,54
22828,45710,109,54,54
22829,45712,102,54,54
22830,45714,108,53,55
22831,45716,103,54,55
22832,45718,98,54,53
22833,45720,100,54,55
22834,45722,100,54,55
22835,45724,101,54,55
22836,45726,98,54,55
22837,45728,99,55,54
22838,45730,108,54,54
22839,45732,86,54,55
22840,45734,104,55,54
22841,45736,97,54,54
22842,45738,109,54,53
22843,45740,111,54,54
22844,45742,102,54,55
22845,45744,109,55,55
22846,45746,107,55,54
22847,45748,112,54,54
22848,45750,104,55,54
22849,45752,100,54,55
22850,45754,94,54,54
22851,45756,98,54,54
22852,45758,90,54,54
22853,45760,74,54,54
22854,45762,66,54,55
22855,45764,53,54,53
22856,45766,53,54,54
22857,45768,53,54,54
22858,45770,55,54,55
22859,45772,55,54,54
22860,45774,54,54,54
22861,45776,52,54,54
22862,45778,52,54,53
22863,45780,53,54,54
22864,45782,54,54,54
22865,45784,54,54,54
22866,45786,53,54,56
22867,45788,53,54,54
22868,45790,54,54,55
22869,45792,55,54,55
22870,45794,54,54,55
22871,45796,52,54,54
22872,45798,52,54,54
22873,45800,54,55,55
22874,45802,53,55,54
22875,45804,53,54,54
22876,45806,53,54,55
22877,45808,53,55,54
22878,45810,56,54,52
22879,45812,55,54,55
22880,45814,53,54,54
22881,45816,52,55,54
22882,45818,51,54,54
22883,45820,53,55,54
22884,45822,53,57,55
22885,45824,53,52,54
22886,45826,52,54,55
22887,45828,53,56,54
22888,45830,56,54,54
22889,45832,54,56,54
22890,45834,53,55,54
22891,45836,52,54,54
22892,45838,51,54,54
22893,45840,53,54,54
22894,45842,53,54,54
22895,45844,53,57,54
22896,45846,53,54,55
22897,45848,53,54,54
22898,45850,55,54,55
22899,45852,54,54,54
22900,45854,53,54,55
22901,45856,52,54,54
22902,45858,52,54,55
22903,45860,52,54,54
22904,45862,53,54,55
22905,45864,52,54,54
22906,45866,53,54,55
22907,45868,53,54,54
22908,45870,54,54,55
22909,45872,55,55,55
22910,45874,54,54,54
22911,45876,52,54,54
22912,45878,52,54,54
22913,45880,53,54,54
22914,45882,53,54,55
22915,45884,53,54,54
22916,45886,54,54,54
22917,45888,54,54,54
22918,45890,55,54,55
22919,45892,54,54,54
22920,45894,54,54,55
22921,45896,52,54,54
22922,45898,52,54,55
22923,45900,53,54,54
22924,45902,53,53,55
22925,45904,54,54,54
22926,45906,53,53,55
22927,45908,53,54,54
22928,45910,55,57,55
22929,45912,55,51,54
22930,45914,55,55,55
22931,45916,52,54,54
22932,45918,51,54,55
22933,45920,53,54,54
22934,45922,52,55,54
22935,45924,54,54,54
22936,45926,54,56,54
22937,45928,51,54,55
22938,45930,55,56,55
22939,45932,54,55,54
22940,45934,54,54,55
22941,45936,52,55,54
22942,45938,51,54,55
22943,45940,53,55,54
22944,45942,53,54,55
22945,45944,53,55,54
22946,45946,54,54,54
22947,45948,53,54,54
22948,45950,55,54,55
22949,45952,54,55,54
22950,45954,54,54,55
22951,45956,51,55,54
22952,45958,52,54,55
22953,45960,53,55,53
22954,45962,53,54,55
22955,45964,53,54,55
22956,45966,54,55,54
22957,45968,53,55,54
22958,45970,56,54,55
22959,45972,55,54,54
22960,45974,54,54,55
22961,45976,52,54,54
22962,45978,52,54,54
22963,45980,54,54,54
22964,45982,53,54,55
22965,45984,53,54,54
22966,45986,53,54,55
22967,45988,53,54,54
22968,45990,56,54,53
22969,45992,54,54,54
22970,45994,53,54,55
22971,45996,51,54,55
22972,45998,52,54,55
22973,46000,53,54,54
22974,46002,51,54,55
22975,46004,53,54,54
22976,46006,52,54,55
22977,46008,52,54,54
22978,46010,55,54,54
22979,46012,54,54,54
22980,46014,53,54,55
22981,46016,52,55,54
22982,46018,51,55,54
22983,46020,53,55,54
22984,46022,53,54,55
22985,46024,53,54,54
22986,46026,53,54,54
22987,46028,53,54,55
22988,46030,55,54,55
22989,46032,54,54,54
22990,46034,54,54,54
22991,46036,52,54,54
22992,46038,52,54,55
22993,46040,53,55,54
22994,46042,52,54,54
22995,46044,53,54,54
22996,46046,54,55,55
22997,46048,53,54,54
22998,46050,55,54,55
22999,46052,54,54,55
23000,46054,54,54,55
23001,46056,51,55,55
23002,46058,51,54,55
23003,46060,54,54,54
23004,46062,53,54,55
23005,46064,53,54,54
23006,46066,53,54,55
23007,46068,52,54,54
23008,46070,54,54,55
23009,46072,55,54,54
23010,46074,53,54,54
23011,46076,51,54,54
23012,46078,51,55,55
23013,46080,53,54,54
23014,46082,53,55,54
23015,46084,54,54,55
23016,46086,53,54,55
23017,46088,53,54,54
23018,46090,55,54,54
23019,46092,53,55,54
23020,46094,53,54,54
23021,46096,51,54,54
23022,46098,52,54,55
23023,46100,54,54,54
23024,46102,53,54,54
23025,46104,54,54,54
23026,46106,53,54,55
23027,46108,53,54,54
23028,46110,56,54,55
23029,46112,53,55,54
23030,46114,53,54,55
23031,46116,53,54,54
23032,46118,51,55,55
23033,46120,53,54,54
23034,46122,53,54,55
23035,46124,53,54,54
23036,46126,53,54,54
23037,46128,53,55,54
23038,46130,55,54,55
23039,46132,54,54,54
23040,46134,53,55,55
23041,46136,52,54,54
23042,46138,51,54,55
23043,46140,53,55,54
23044,46142,53,54,55
23045,46144,53,54,54
23046,46146,53,54,55
23047,46148,53,54,54
23048,46150,55,55,55
23049,46152,54,54,54
23050,46154,52,54,55
23051,46156,51,54,54
23052,46158,51,54,55
23053,46160,53,54,55
23054,46162,53,55,55
23055,46164,52,54,54
23056,46166,53,54,56
23057,46168,52,54,54
23058,46170,55,54,54
23059,46172,54,55,55
23060,46174,53,54,55
23061,46176,52,55,55
23062,46178,52,54,54
23063,46180,52,54,54
23064,46182,52,54,55
23065,46184,53,54,54
23066,46186,52,54,52
23067,46188,52,54,54
23068,46190,56,54,55
23069,46192,54,54,54
23070,46194,53,54,55
23071,46196,51,54,54
23072,46198,51,55,55
23073,46200,51,54,54
23074,46202,54,57,55
23075,46204,53,54,54
23076,46206,52,54,55
23077,46208,51,54,54
23078,46210,56,54,55
23079,46212,54,54,55
23080,46214,52,54,55
23081,46216,51,54,54
23082,46218,48,55,55
23083,46220,70,54,54
23084,46222,68,54,55
23085,46224,67,54,55
23086,46226,70,55,54
23087,46228,58,54,54
23088,46230,132,55,55
23089,46232,88,54,54
23090,46234,89,54,54
23091,46236,77,54,55
23092,46238,78,55,54
23093,46240,84,54,54
23094,46242,85,54,54
23095,46244,85,54,54
23096,46246,140,54,54
23097,46248,144,55,54
23098,46250,169,54,54
23099,46252,158,55,55
23100,46254,156,54,56
23101,46256,141,55,55
23102,46258,141,54,55
23103,46260,154,54,54
23104,46262,155,55,55
23105,46264,154,54,54
23106,46266,158,54,54
23107,46268,142,55,54
23108,46270,172,54,54
23109,46272,160,54,55
23110,46274,157,54,55
23111,46276,138,55,55
23112,46278,141,55,55
23113,46280,157,56,54
23114,46282,155,55,55
23115,46284,150,55,54
23116,46286,150,54,55
23117,46288,142,54,54
23118,46290,174,55,54
23119,46292,157,54,54
23120,46294,165,63,54
23121,46296,145,63,55
23122,46298,154,77,55
23123,46300,160,83,55
23124,46302,162,99,56
23125,46304,165,105,56
23126,46306,156,120,56
23127,46308,159,132,57
23128,46310,181,141,57
23129,46312,173,145,59
23130,46314,162,147,58
23131,46316,145,150,59
23132,46318,153,156,57
23133,46320,158,155,58
23134,46322,185,158,59
23135,46324,192,158,56
23136,46326,190,159,57
23137,46328,185,161,58
23138,46330,218,170,60
23139,46332,195,172,59
23140,46334,191,174,59
23141,46336,176,177,59
23142,46338,182,178,59
23143,46340,190,178,58
23144,46342,193,177,58
23145,46344,192,177,58
23146,46346,194,177,58
23147,46348,194,178,58
23148,46350,225,180,60
23149,46352,208,180,58
23150,46354,193,182,60
23151,46356,169,182,59
23152,46358,177,182,59
23153,46360,197,183,59
23154,46362,196,184,59
23155,46364,196,190,61
23156,46366,192,192,59
23157,46368,189,199,61
23158,46370,218,209,61
23159,46372,204,217,61
23160,46374,202,220,83
23161,46376,179,226,93
23162,46378,207,239,103
23163,46380,225,253,111
23164,46382,228,260,112
23165,46384,222,267,115
23166,46386,240,271,122
23167,46388,239,280,149
23168,46390,279,292,157
23169,46392,257,299,178
23170,46394,271,311,190
23171,46396,256,318,206
23172,46398,271,322,211
23173,46400,303,329,226
23174,46402,293,332,228
23175,46404,281,333,223
23176,46406,300,336,227
23177,46408,303,336,225
23178,46410,330,337,219
23179,46412,324,338,221
23180,46414,314,338,223
23181,46416,301,338,217
23182,46418,304,338,221
23183,46420,288,338,214
23184,46422,266,336,220
23185,46424,261,338,214
23186,46426,265,335,209
23187,46428,263,335,216
23188,46430,285,335,208
23189,46432,228,337,191
23190,46434,219,335,182
23191,46436,198,335,178
23192,46438,175,334,177
23193,46440,216,333,176
23194,46442,217,333,176
23195,46444,158,332,175
23196,46446,142,332,173
23197,46448,142,333,177
23198,46450,175,332,177
23199,46452,154,333,178
23200,46454,141,334,183
23201,46456,121,333,193
23202,46458,122,334,196
23203,46460,187,336,196
23204,46462,184,337,200
23205,46464,188,337,204
23206,46466,252,337,202
23207,46468,242,337,201
23208,46470,240,338,198
23209,46472,237,336,198
23210,46474,225,335,201
23211,46476,212,336,199
23212,46478,219,336,198
23213,46480,227,335,195
23214,46482,233,334,192
23215,46484,235,331,177
23216,46486,233,331,179
23217,46488,227,332,181
23218,46490,252,331,186
23219,46492,240,330,197
23220,46494,223,330,201
23221,46496,210,331,204
23222,46498,218,332,215
23223,46500,238,333,216
23224,46502,234,334,224
23225,46504,224,337,244
23226,46506,236,338,246
23227,46508,235,341,250
23228,46510,271,341,255
23229,46512,243,342,264
23230,46514,221,343,260
23231,46516,197,343,258
23232,46518,209,344,264
23233,46520,218,343,268
23234,46522,230,342,272
23235,46524,218,340,266
23236,46526,252,339,268
23237,46528,229,338,263
23238,46530,266,336,256
23239,46532,287,321,254
23240,46534,275,306,250
23241,46536,262,304,247
23242,46538,267,296,233
23243,46540,273,294,230
23244,46542,213,293,224
23245,46544,216,288,211
23246,46546,197,286,191
23247,46548,207,282,177
23248,46550,244,276,164
23249,46552,171,270,159
23250,46554,200,266,126
23251,46556,192,262,123
23252,46558,196,260,121
23253,46560,209,258,114
23254,46562,210,256,105
23255,46564,201,257,92
23256,46566,167,254,89
23257,46568,201,255,80
23258,46570,208,257,65
23259,46572,201,257,68
23260,46574,208,259,68
23261,46576,200,261,67
23262,46578,185,265,61
23263,46580,179,268,61
23264,46582,143,270,62
23265,46584,156,276,64
23266,46586,169,280,67
23267,46588,189,282,69
23268,46590,222,286,94
23269,46592,213,290,111
23270,46594,211,300,123
23271,46596,201,312,131
23272,46598,230,320,141
23273,46600,250,338,180
23274,46602,296,342,206
23275,46604,309,344,235
23276,46606,303,350,249
23277,46608,303,357,249
23278,46610,326,361,251
23279,46612,315,360,253
23280,46614,258,361,255
23281,46616,230,361,253
23282,46618,245,362,250
23283,46620,249,362,252
23284,46622,271,361,268
23285,46624,274,357,276
23286,46626,293,357,281
23287,46628,292,355,283
23288,46630,322,355,279
23289,46632,304,354,281
23290,46634,295,353,282
23291,46636,278,354,290
23292,46638,261,358,289
23293,46640,296,358,298
23294,46642,295,361,300
23295,46644,302,363,297
23296,46646,289,367,291
23297,46648,285,369,280
23298,46650,294,370,281
23299,46652,263,372,281
23300,46654,231,372,272
23301,46656,206,371,269
23302,46658,229,373,264
23303,46660,221,374,253
23304,46662,246,373,250
23305,46664,255,372,253
23306,46666,259,372,257
23307,46668,267,372,253
23308,46670,281,371,251
23309,46672,280,362,245
23310,46674,261,361,242
23311,46676,246,360,239
23312,46678,256,358,235
23313,46680,265,357,232
23314,46682,258,356,229
23315,46684,255,347,226
23316,46686,267,343,219
23317,46688,263,339,215
23318,46690,274,336,212
23319,46692,268,333,204
23320,46694,255,325,197
23321,46696,237,321,202
23322,46698,256,319,194
23323,46700,279,310,187
23324,46702,267,307,172
23325,46704,224,306,172
23326,46706,221,304,168
23327,46708,216,303,166
23328,46710,249,303,163
23329,46712,236,301,163
23330,46714,217,301,163
23331,46716,195,300,162
23332,46718,211,301,162
23333,46720,227,302,162
23334,46722,227,304,163
23335,46724,228,304,164
23336,46726,275,306,166
23337,46728,286,306,166
23338,46730,306,309,165
23339,46732,300,313,169
23340,46734,279,322,171
23341,46736,285,325,178
23342,46738,285,330,179
23343,46740,302,340,187
23344,46742,332,345,192
23345,46744,316,348,196
23346,46746,322,359,212
23347,46748,326,363,220
23348,46750,358,362,225
23349,46752,341,364,229
23350,46754,321,372,237
23351,46756,260,374,243
23352,46758,280,378,242
23353,46760,268,381,245
23354,46762,283,382,246
23355,46764,284,382,248
23356,46766,279,383,250
23357,46768,290,384,257
23358,46770,314,385,261
23359,46772,298,387,257
23360,46774,288,386,261
23361,46776,275,386,264
23362,46778,275,388,267
23363,46780,291,389,276
23364,46782,295,388,278
23365,46784,294,388,280
23366,46786,299,388,282
23367,46788,292,389,284
23368,46790,318,389,288
23369,46792,301,389,292
23370,46794,306,390,292
23371,46796,279,389,297
23372,46798,288,389,299
23373,46800,304,389,291
23374,46802,293,389,290
23375,46804,289,390,296
23376,46806,293,390,295
23377,46808,290,389,292
23378,46810,314,390,296
23379,46812,312,390,295
23380,46814,313,390,292
23381,46816,280,389,293
23382,46818,274,389,290
23383,46820,311,388,290
23384,46822,313,387,288
23385,46824,298,387,286
23386,46826,303,384,280
23387,46828,284,384,278
23388,46830,328,382,270
23389,46832,331,379,266
23390,46834,332,377,265
23391,46836,307,375,261
23392,46838,312,372,256
23393,46840,319,368,249
23394,46842,327,364,242
23395,46844,311,362,241
23396,46846,304,360,233
23397,46848,320,358,231
23398,46850,325,357,233
23399,46852,323,355,229
23400,46854,312,354,227
23401,46856,300,354,219
23402,46858,313,354,219
23403,46860,321,353,216
23404,46862,316,353,216
23405,46864,320,353,215
23406,46866,315,354,220
23407,46868,312,354,217
23408,46870,334,355,218
23409,46872,319,356,217
23410,46874,307,357,216
23411,46876,301,359,216
23412,46878,317,360,215
23413,46880,339,362,215
23414,46882,341,363,220
23415,46884,342,369,219
23416,46886,326,372,224
23417,46888,312,374,228
23418,46890,342,377,243
23419,46892,340,379,245
23420,46894,351,382,247
23421,46896,307,383,253
23422,46898,320,385,259
23423,46900,335,386,260
23424,46902,335,387,264
23425,46904,310,386,267
23426,46906,283,387,269
23427,46908,254,386,274
23428,46910,294,387,269
23429,46912,288,386,272
23430,46914,281,384,272
23431,46916,249,383,268
23432,46918,278,382,273
23433,46920,300,381,277
23434,46922,297,379,283
23435,46924,312,379,283
23436,46926,310,378,278
23437,46928,306,376,281
23438,46930,312,375,283
23439,46932,305,376,284
23440,46934,308,375,290
23441,46936,290,375,291
23442,46938,308,375,291
23443,46940,309,376,294
23444,46942,299,376,295
23445,46944,299,375,295
23446,46946,275,377,297
23447,46948,278,378,295
23448,46950,310,380,297
23449,46952,312,380,296
23450,46954,301,382,298
23451,46956,291,382,299
23452,46958,298,383,301
23453,46960,303,384,298
23454,46962,275,385,300
23455,46964,282,385,299
23456,46966,288,386,299
23457,46968,287,387,294
23458,46970,339,388,297
23459,46972,316,387,295
23460,46974,324,387,294
23461,46976,297,387,292
23462,46978,317,387,289
23463,46980,316,384,281
23464,46982,311,384,281
23465,46984,308,383,278
23466,46986,300,381,261
23467,46988,292,376,264
23468,46990,313,369,261
23469,46992,293,367,258
23470,46994,295,365,253
23471,46996,267,362,253
23472,46998,234,361,245
23473,47000,213,357,237
23474,47002,230,353,228
23475,47004,233,346,224
23476,47006,249,344,218
23477,47008,243,342,216
23478,47010,269,340,219
23479,47012,216,337,215
23480,47014,170,337,212
23481,47016,204,335,207
23482,47018,176,334,204
23483,47020,216,334,198
23484,47022,220,335,196
23485,47024,192,334,182
23486,47026,216,335,184
23487,47028,216,336,183
23488,47030,191,339,184
23489,47032,176,338,185
23490,47034,231,340,186
23491,47036,229,342,185
23492,47038,226,348,187
23493,47040,235,350,192
23494,47042,241,353,196
23495,47044,243,361,193
23496,47046,273,365,211
23497,47048,244,367,228
23498,47050,270,375,236
23499,47052,260,376,242
23500,47054,231,378,260
23501,47056,241,379,266
23502,47058,226,383,274
23503,47060,245,385,278
23504,47062,289,385,275
23505,47064,254,388,281
23506,47066,255,389,284
23507,47068,295,389,286
23508,47070,324,388,290
23509,47072,310,389,292
23510,47074,310,389,294
23511,47076,285,388,293
23512,47078,309,389,297
23513,47080,322,389,294
23514,47082,313,388,299
23515,47084,313,388,304
23516,47086,312,387,299
23517,47088,313,387,300
23518,47090,350,388,303
23519,47092,330,387,298
23520,47094,315,388,300
23521,47096,304,388,299
23522,47098,302,389,294
23523,47100,327,388,300
23524,47102,323,388,300
23525,47104,318,387,303
23526,47106,320,387,308
23527,47108,319,387,310
23528,47110,349,387,312
23529,47112,329,387,314
23530,47114,324,388,314
23531,47116,304,387,314
23532,47118,315,387,314
23533,47120,326,388,314
23534,47122,313,387,314
23535,47124,311,387,315
23536,47126,340,387,316
23537,47128,322,387,314
23538,47130,336,388,313
23539,47132,320,388,312
23540,47134,316,387,312
23541,47136,268,385,310
23542,47138,312,385,307
23543,47140,316,385,310
23544,47142,329,384,303
23545,47144,317,383,297
23546,47146,313,381,290
23547,47148,319,376,282
23548,47150,324,373,277
23549,47152,296,365,272
23550,47154,310,362,267
23551,47156,300,359,262
23552,47158,298,354,253
23553,47160,273,350,253
23554,47162,289,345,246
23555,47164,290,337,240
23556,47166,286,331,235
23557,47168,283,328,228
23558,47170,297,325,228
23559,47172,277,317,226
23560,47174,256,308,219
23561,47176,248,305,205
23562,47178,224,303,192
23563,47180,231,299,182
23564,47182,218,292,175
23565,47184,222,290,136
23566,47186,210,289,130
23567,47188,222,288,125
23568,47190,220,288,122
23569,47192,204,287,112
23570,47194,196,287,113
23571,47196,175,287,106
23572,47198,184,288,100
23573,47200,233,288,97
23574,47202,235,290,95
23575,47204,270,292,97
23576,47206,264,297,99
23577,47208,266,301,105
23578,47210,303,306,107
23579,47212,299,311,110
23580,47214,291,318,115
23581,47216,263,327,122
23582,47218,264,330,146
23583,47220,284,335,178
23584,47222,307,342,199
23585,47224,308,348,200
23586,47226,326,355,205
23587,47228,329,366,212
23588,47230,349,368,219
23589,47232,302,372,244
23590,47234,319,375,263
23591,47236,297,372,267
23592,47238,315,372,271
23593,47240,332,370,273
23594,47242,288,369,272
23595,47244,292,366,272
23596,47246,250,365,277
23597,47248,251,364,276
23598,47250,291,362,272
23599,47252,297,358,275
23600,47254,293,353,272
23601,47256,272,350,272
23602,47258,292,346,269
23603,47260,316,343,271
23604,47262,322,342,272
23605,47264,323,340,267
23606,47266,325,334,268
23607,47268,318,336,262
23608,47270,347,332,264
23609,47272,324,333,257
23610,47274,309,333,256
23611,47276,268,334,257
23612,47278,276,335,258
23613,47280,282,339,262
23614,47282,280,339,262
23615,47284,285,341,265
23616,47286,279,344,269
23617,47288,283,346,271
23618,47290,301,347,272
23619,47292,283,349,274
23620,47294,274,349,276
23621,47296,254,352,277
23622,47298,243,353,277
23623,47300,249,353,278
23624,47302,243,352,276
23625,47304,284,352,276
23626,47306,301,353,275
23627,47308,320,351,272
23628,47310,360,349,270
23629,47312,346,348,268
23630,47314,299,334,261
23631,47316,313,332,258
23632,47318,324,329,252
23633,47320,334,328,244
23634,47322,323,324,242
23635,47324,313,324,238
23636,47326,310,322,232
23637,47328,306,318,229
23638,47330,329,316,232
23639,47332,312,310,232
23640,47334,306,308,227
23641,47336,282,305,221
23642,47338,272,303,220
23643,47340,308,301,216
23644,47342,289,301,210
23645,47344,278,299,205
23646,47346,264,298,204
23647,47348,234,294,198
23648,47350,287,293,193
23649,47352,234,293,191
23650,47354,240,292,198
23651,47356,230,294,190
23652,47358,268,294,195
23653,47360,281,296,194
23654,47362,264,297,194
23655,47364,283,300,197
23656,47366,277,301,200
23657,47368,283,304,201
23658,47370,301,307,203
23659,47372,264,312,202
23660,47374,246,316,205
23661,47376,227,319,206
23662,47378,223,323,214
23663,47380,235,329,216
23664,47382,248,333,221
23665,47384,292,339,224
23666,47386,290,341,226
23667,47388,298,345,229
23668,47390,349,353,243
23669,47392,339,359,255
23670,47394,331,363,258
23671,47396,307,364,261
23672,47398,288,366,265
23673,47400,330,367,265
23674,47402,312,366,266
23675,47404,328,366,269
23676,47406,347,366,267
23677,47408,334,364,269
23678,47410,351,363,271
23679,47412,279,363,270
23680,47414,267,361,272
23681,47416,272,360,271
23682,47418,260,360,269
23683,47420,277,359,271
23684,47422,278,359,273
23685,47424,275,358,266
23686,47426,283,357,266
23687,47428,276,356,259
23688,47430,276,356,258
23689,47432,263,355,258
23690,47434,250,355,258
23691,47436,217,356,261
23692,47438,239,355,261
23693,47440,255,356,261
23694,47442,258,358,263
23695,47444,254,358,263
23696,47446,265,359,267
23697,47448,281,359,267
23698,47450,306,360,267
23699,47452,271,360,268
23700,47454,298,361,269
23701,47456,275,361,273
23702,47458,283,361,277
23703,47460,298,363,275
23704,47462,302,362,274
23705,47464,306,361,271
23706,47466,311,359,272
23707,47468,334,350,271
23708,47470,357,349,269
23709,47472,339,348,267
23710,47474,335,344,261
23711,47476,315,341,258
23712,47478,325,339,256
23713,47480,304,338,256
23714,47482,281,335,251
23715,47484,279,332,244
23716,47486,271,328,243
23717,47488,265,323,236
23718,47490,301,319,236
23719,47492,297,317,233
23720,47494,284,315,232
23721,47496,238,314,228
23722,47498,262,313,228
23723,47500,259,312,225
23724,47502,252,311,227
23725,47504,254,310,223
23726,47506,226,310,226
23727,47508,200,310,223
23728,47510,223,309,219
23729,47512,219,310,217
23730,47514,222,311,215
23731,47516,209,312,215
23732,47518,222,312,214
23733,47520,231,314,214
23734,47522,220,315,197
23735,47524,177,320,192
23736,47526,186,323,184
23737,47528,191,325,183
23738,47530,270,328,181
23739,47532,231,329,183
23740,47534,237,333,187
23741,47536,218,336,196
23742,47538,225,341,206
23743,47540,242,348,212
23744,47542,248,350,217
23745,47544,259,352,230
23746,47546,243,362,238
23747,47548,271,367,256
23748,47550,290,370,263
23749,47552,276,373,267
23750,47554,275,376,270
23751,47556,307,378,275
23752,47558,333,378,277
23753,47560,346,380,283
23754,47562,327,379,277
23755,47564,296,378,280
23756,47566,312,378,280
23757,47568,323,379,284
23758,47570,327,378,285
23759,47572,315,377,284
23760,47574,327,376,290
23761,47576,274,375,294
23762,47578,300,373,296
23763,47580,319,373,296
23764,47582,326,371,300
23765,47584,278,370,294
23766,47586,268,370,292
23767,47588,272,370,289
23768,47590,297,370,296
23769,47592,276,370,298
23770,47594,266,369,299
23771,47596,243,369,299
23772,47598,258,370,300
23773,47600,277,369,302
23774,47602,272,370,304
23775,47604,290,370,303
23776,47606,297,370,305
23777,47608,279,370,304
23778,47610,313,368,304
23779,47612,292,370,306
23780,47614,283,370,306
23781,47616,312,370,305
23782,47618,325,370,307
23783,47620,330,369,306
23784,47622,335,370,307
23785,47624,335,371,302
23786,47626,329,371,302
23787,47628,319,372,300
23788,47630,362,374,300
23789,47632,341,371,299
23790,47634,337,370,299
23791,47636,316,367,297
23792,47638,326,364,294
23793,47640,339,360,292
23794,47642,338,355,291
23795,47644,341,344,288
23796,47646,327,341,289
23797,47648,318,338,283
23798,47650,338,338,285
23799,47652,323,336,279
23800,47654,298,332,275
23801,47656,280,330,269
23802,47658,295,327,264
23803,47660,305,324,256
23804,47662,326,338,272
23805,47664,332,337,268
23806,47666,329,333,265
23807,47668,319,333,271
23808,47670,347,332,264
23809,47672,312,331,264
23810,47674,316,332,266
23811,47676,302,333,264
23812,47678,316,330,262
23813,47680,316,330,261
23814,47682,309,330,259
23815,47684,317,331,259
23816,47686,310,330,256
23817,47688,305,331,257
23818,47690,330,332,256
23819,47692,320,333,256
23820,47694,315,335,257
23821,47696,292,336,255
23822,47698,296,338,257
23823,47700,319,340,256
23824,47702,340,343,258
23825,47704,339,346,260
23826,47706,323,347,260
23827,47708,334,349,267
23828,47710,371,353,272
23829,47712,353,358,276
23830,47714,347,360,276
23831,47716,322,364,280
23832,47718,342,365,282
23833,47720,349,363,285
23834,47722,357,364,288
23835,47724,353,367,287
23836,47726,334,367,288
23837,47728,345,368,290
23838,47730,366,367,295
23839,47732,302,370,297
23840,47734,287,371,293
23841,47736,257,371,290
23842,47738,266,370,287
23843,47740,282,370,288
23844,47742,285,368,286
23845,47744,290,366,284
23846,47746,278,364,285
23847,47748,274,363,283
23848,47750,302,363,277
23849,47752,302,362,281
23850,47754,292,362,277
23851,47756,267,362,276
23852,47758,280,362,276
23853,47760,286,362,278
23854,47762,296,362,276
23855,47764,292,363,278
23856,47766,292,363,279
23857,47768,270,363,280
23858,47770,287,365,282
23859,47772,279,365,285
23860,47774,264,365,283
23861,47776,225,364,283
23862,47778,248,364,283
23863,47780,259,365,283
23864,47782,258,364,283
23865,47784,255,364,283
23866,47786,289,362,282
23867,47788,343,361,279
23868,47790,364,360,279
23869,47792,352,356,276
23870,47794,340,351,277
23871,47796,324,348,276
23872,47798,340,348,274
23873,47800,341,346,274
23874,47802,339,344,277
23875,47804,329,340,273
23876,47806,341,338,268
23877,47808,329,336,264
23878,47810,345,332,261
23879,47812,327,331,258
23880,47814,317,327,253
23881,47816,296,325,256
23882,47818,313,323,253
23883,47820,293,319,252
23884,47822,267,316,248
23885,47824,273,313,252
23886,47826,278,311,247
23887,47828,279,309,250
23888,47830,300,309,251
23889,47832,256,307,250
23890,47834,256,306,245
23891,47836,225,306,243
23892,47838,232,305,239
23893,47840,222,306,236
23894,47842,246,307,230
23895,47844,188,308,229
23896,47846,234,309,223
23897,47848,281,311,222
23898,47850,310,314,205
23899,47852,328,317,204
23900,47854,318,320,202
23901,47856,297,324,200
23902,47858,306,329,206
23903,47860,328,331,213
23904,47862,325,333,222
23905,47864,327,335,224
23906,47866,327,339,230
23907,47868,319,342,241
23908,47870,347,344,246
23909,47872,341,347,250
23910,47874,325,349,256
23911,47876,272,355,258
23912,47878,295,358,264
23913,47880,302,361,280
23914,47882,303,363,286
23915,47884,325,366,289
23916,47886,325,365,289
23917,47888,333,366,293
23918,47890,344,367,293
23919,47892,330,367,296
23920,47894,340,366,294
23921,47896,304,366,294
23922,47898,277,365,295
23923,47900,271,366,294
23924,47902,265,365,300
23925,47904,275,362,300
23926,47906,274,360,298
23927,47908,284,360,299
23928,47910,322,360,299
23929,47912,305,359,299
23930,47914,294,358,293
23931,47916,272,358,294
23932,47918,281,358,292
23933,47920,297,358,293
23934,47922,296,358,295
23935,47924,295,359,293
23936,47926,296,358,293
23937,47928,301,358,292
23938,47930,324,358,293
23939,47932,308,357,295
23940,47934,290,364,296
23941,47936,269,362,299
23942,47938,256,362,299
23943,47940,266,364,300
23944,47942,271,364,300
23945,47944,256,365,301
23946,47946,264,365,302
23947,47948,278,366,301
23948,47950,296,365,301
23949,47952,291,365,303
23950,47954,305,365,303
23951,47956,236,366,302
23952,47958,269,365,303
23953,47960,314,363,300
23954,47962,311,361,302
23955,47964,338,357,301
23956,47966,349,353,295
23957,47968,347,351,299
23958,47970,361,350,292
23959,47972,350,349,290
23960,47974,348,348,286
23961,47976,305,345,283
23962,47978,318,341,275
23963,47980,336,339,266
23964,47982,323,338,261
23965,47984,313,334,259
23966,47986,321,333,258
23967,47988,322,329,255
23968,47990,350,327,257
23969,47992,315,325,254
23970,47994,306,324,256
23971,47996,279,322,250
23972,47998,286,318,250
23973,48000,300,318,244
23974,48002,293,315,246
23975,48004,293,314,247
23976,48006,299,314,245
23977,48008,302,313,245
23978,48010,333,313,244
23979,48012,306,314,239
23980,48014,284,314,228
23981,48016,232,315,220
23982,48018,282,316,217
23983,48020,250,318,215
23984,48022,264,323,213
23985,48024,268,324,212
23986,48026,295,326,213
23987,48028,300,328,213
23988,48030,330,330,209
23989,48032,318,332,212
23990,48034,305,335,217
23991,48036,283,337,226
23992,48038,296,340,229
23993,48040,307,342,231
23994,48042,300,345,241
23995,48044,310,345,243
23996,48046,321,346,250
23997,48048,324,348,254
23998,48050,340,348,259
23999,48052,348,356,260
24000,48054,334,357,263
24001,48056,309,358,266
24002,48058,326,360,264
24003,48060,335,360,271
24004,48062,335,361,272
24005,48064,316,360,274
24006,48066,290,361,280
24007,48068,292,362,283
24008,48070,314,360,289
24009,48072,290,360,287
24010,48074,285,357,290
24011,48076,258,358,290
24012,48078,275,357,290
24013,48080,284,358,290
24014,48082,283,358,290
24015,48084,281,357,290
24016,48086,283,357,291
24017,48088,293,357,295
24018,48090,304,357,297
24019,48092,296,357,298
24020,48094,293,358,298
24021,48096,262,358,300
24022,48098,277,358,300
24023,48100,296,361,303
24024,48102,292,362,304
24025,48104,294,361,304
24026,48106,293,363,304
24027,48108,295,364,302
24028,48110,317,364,304
24029,48112,301,364,305
24030,48114,340,364,304
24031,48116,315,366,304
24032,48118,335,364,302
24033,48120,346,363,301
24034,48122,340,361,298
24035,48124,341,359,296
24036,48126,342,358,296
24037,48128,352,351,290
24038,48130,364,351,290
24039,48132,350,348,287
24040,48134,350,350,288
24041,48136,324,347,288
24042,48138,320,345,287
24043,48140,334,340,284
24044,48142,329,338,280
24045,48144,315,337,272
24046,48146,286,332,264
24047,48148,268,330,262
24048,48150,320,328,262
24049,48152,258,325,258
24050,48154,243,319,254
24051,48156,227,314,251
24052,48158,240,311,249
24053,48160,247,306,246
24054,48162,242,303,240
24055,48164,227,300,236
24056,48166,242,299,215
24057,48168,239,297,187
24058,48170,240,297,168
24059,48172,219,296,165
24060,48174,205,294,165
24061,48176,161,296,160
24062,48178,206,295,153
24063,48180,240,297,152
24064,48182,229,297,151
24065,48184,243,298,149
24066,48186,237,301,151
24067,48188,242,303,152
24068,48190,217,305,153
24069,48192,244,309,154
24070,48194,241,315,162
24071,48196,286,322,168
24072,48198,291,325,171
24073,48200,308,329,177
24074,48202,302,332,179
24075,48204,307,336,185
24076,48206,301,339,193
24077,48208,303,343,218
24078,48210,346,348,222
24079,48212,337,352,233
24080,48214,328,356,246
24081,48216,317,357,259
24082,48218,330,358,274
24083,48220,339,360,281
24084,48222,345,361,282
24085,48224,328,362,285
24086,48226,349,358,285
24087,48228,355,358,284
24088,48230,359,359,283
24089,48232,297,358,285
24090,48234,274,357,288
24091,48236,247,356,282
24092,48238,257,355,283
24093,48240,263,353,280
24094,48242,279,345,278
24095,48244,283,343,276
24096,48246,272,342,275
24097,48248,278,340,268
24098,48250,310,339,266
24099,48252,281,338,267
24100,48254,275,338,266
24101,48256,246,338,266
24102,48258,261,337,268
24103,48260,283,338,268
24104,48262,290,338,267
24105,48264,275,338,267
24106,48266,295,338,269
24107,48268,292,340,271
24108,48270,320,339,271
24109,48272,306,341,279
24110,48274,295,343,281
24111,48276,268,343,281
24112,48278,286,343,283
24113,48280,271,344,286
24114,48282,288,346,285
24115,48284,277,345,289
24116,48286,271,352,289
24117,48288,267,353,291
24118,48290,291,353,290
24119,48292,264,354,291
24120,48294,268,354,288
24121,48296,296,350,288
24122,48298,315,344,288
24123,48300,328,343,287
24124,48302,332,342,283
24125,48304,335,345,277
24126,48306,352,343,277
24127,48308,348,341,272
24128,48310,356,340,266
24129,48312,336,338,262
24130,48314,317,335,260
24131,48316,315,331,256
24132,48318,325,327,254
24133,48320,332,323,250
24134,48322,339,319,249
24135,48324,295,317,249
24136,48326,273,313,247
24137,48328,275,306,242
24138,48330,288,299,236
24139,48332,244,291,232
24140,48334,226,290,222
24141,48336,196,289,214
24142,48338,236,288,206
24143,48340,232,287,194
24144,48342,240,286,188
24145,48344,229,286,187
24146,48346,181,286,154
24147,48348,209,286,153
24148,48350,220,285,153
24149,48352,216,286,155
24150,48354,216,287,152
24151,48356,209,287,149
24152,48358,250,289,150
24153,48360,264,291,150
24154,48362,271,291,149
24155,48364,271,292,149
24156,48366,285,292,149
24157,48368,285,292,150
24158,48370,318,293,149
24159,48372,300,295,152
24160,48374,287,296,155
24161,48376,280,302,156
24162,48378,313,310,156
24163,48380,293,317,159
24164,48382,305,320,170
24165,48384,329,322,184
24166,48386,328,326,198
24167,48388,336,330,206
24168,48390,330,336,222
24169,48392,311,341,229
24170,48394,340,344,243
24171,48396,328,344,250
24172,48398,343,344,258
24173,48400,354,346,260
24174,48402,342,346,259
24175,48404,320,347,263
24176,48406,292,348,269
24177,48408,298,346,273
24178,48410,313,347,280
24179,48412,299,347,281
24180,48414,291,349,284
24181,48416,258,348,286
24182,48418,278,350,286
24183,48420,299,355,287
24184,48422,295,356,289
24185,48424,311,356,288
24186,48426,308,356,288
24187,48428,303,356,290
24188,48430,314,356,292
24189,48432,310,356,294
24190,48434,296,357,294
24191,48436,272,357,295
24192,48438,289,358,295
24193,48440,300,359,297
24194,48442,304,361,297
24195,48444,324,362,298
24196,48446,321,362,299
24197,48448,331,361,303
24198,48450,339,363,303
24199,48452,326,360,304
24200,48454,311,360,305
24201,48456,268,355,306
24202,48458,277,355,308
24203,48460,284,355,309
24204,48462,295,355,308
24205,48464,295,355,308
24206,48466,298,354,301
24207,48468,306,351,299
24208,48470,324,351,298
24209,48472,314,348,297
24210,48474,349,349,295
24211,48476,327,346,292
24212,48478,332,343,294
24213,48480,338,335,286
24214,48482,326,333,279
24215,48484,333,331,274
24216,48486,318,328,268
24217,48488,312,319,266
24218,48490,321,311,262
24219,48492,279,305,259
24220,48494,270,303,254
24221,48496,250,302,248
24222,48498,260,301,249
24223,48500,264,300,247
24224,48502,250,297,244
24225,48504,244,295,237
24226,48506,247,294,221
24227,48508,245,292,207
24228,48510,248,289,182
24229,48512,227,285,167
24230,48514,238,282,154
24231,48516,217,282,146
24232,48518,229,280,142
24233,48520,233,279,134
24234,48522,231,279,133
24235,48524,235,278,129
24236,48526,229,279,128
24237,48528,242,279,108
24238,48530,252,280,95
24239,48532,239,284,88
24240,48534,228,287,88
24241,48536,227,288,88
24242,48538,241,293,88
24243,48540,232,293,89
24244,48542,231,297,87
24245,48544,207,298,88
24246,48546,259,301,124
24247,48548,288,303,133
24248,48550,298,309,146
24249,48552,279,312,152
24250,48554,272,317,170
24251,48556,255,323,177
24252,48558,292,329,182
24253,48560,290,333,208
24254,48562,322,336,225
24255,48564,349,339,228
24256,48566,328,342,260
24257,48568,347,346,283
24258,48570,368,348,293
24259,48572,342,346,293
24260,48574,302,347,299
24261,48576,265,349,300
24262,48578,275,357,301
24263,48580,289,359,303
24264,48582,289,359,301
24265,48584,292,360,306
24266,48586,289,361,308
24267,48588,299,361,306
24268,48590,325,363,310
24269,48592,308,363,308
24270,48594,295,363,308
24271,48596,268,364,314
24272,48598,278,364,315
24273,48600,300,365,321
24274,48602,293,364,325
24275,48604,301,367,326
24276,48606,292,365,327
24277,48608,314,368,328
24278,48610,326,366,330
24279,48612,324,364,324
24280,48614,299,366,322
24281,48616,272,368,327
24282,48618,282,368,327
24283,48620,295,369,329
24284,48622,289,368,332
24285,48624,293,368,334
24286,48626,296,367,335
24287,48628,309,360,337
24288,48630,314,356,337
24289,48632,303,355,340
24290,48634,288,353,340
24291,48636,265,353,339
24292,48638,297,353,341
24293,48640,302,352,340
24294,48642,314,350,341
24295,48644,320,349,338
24296,48646,310,347,338
24297,48648,308,346,336
24298,48650,312,342,336
24299,48652,292,339,328
24300,48654,276,333,325
24301,48656,224,330,320
24302,48658,284,328,318
24303,48660,293,323,318
24304,48662,286,313,316
24305,48664,274,304,314
24306,48666,252,303,311
24307,48668,231,302,309
24308,48670,233,299,307
24309,48672,212,298,303
24310,48674,228,297,307
24311,48676,224,296,307
24312,48678,200,296,301
24313,48680,218,296,299
24314,48682,235,296,296
24315,48684,242,295,294
24316,48686,235,295,291
24317,48688,250,295,291
24318,48690,252,295,293
24319,48692,218,296,293
24320,48694,220,296,294
24321,48696,227,296,290
24322,48698,229,296,296
24323,48700,237,296,296
24324,48702,246,298,296
24325,48704,244,298,300
24326,48706,242,300,301
24327,48708,287,301,300
24328,48710,297,306,303
24329,48712,305,312,306
24330,48714,297,318,305
24331,48716,278,324,303
24332,48718,282,327,305
24333,48720,288,329,307
24334,48722,303,333,309
24335,48724,309,340,311
24336,48726,302,344,312
24337,48728,335,347,317
24338,48730,293,348,314
24339,48732,300,349,320
24340,48734,299,351,320
24341,48736,251,352,325
24342,48738,247,352,328
24343,48740,255,355,332
24344,48742,252,364,333
24345,48744,261,368,335
24346,48746,257,367,334
24347,48748,282,368,332
24348,48750,285,369,325
24349,48752,275,370,327
24350,48754,256,373,327
24351,48756,225,371,323
24352,48758,249,371,320
24353,48760,253,372,310
24354,48762,266,371,312
24355,48764,261,372,310
24356,48766,260,371,309
24357,48768,286,372,312
24358,48770,281,371,308
24359,48772,257,371,299
24360,48774,257,371,301
24361,48776,227,373,302
24362,48778,252,370,303
24363,48780,264,372,306
24364,48782,268,373,309
24365,48784,265,373,310
24366,48786,270,373,313
24367,48788,298,375,316
24368,48790,292,375,319
24369,48792,265,374,323
24370,48794,264,375,333
24371,48796,234,376,334
24372,48798,252,374,332
24373,48800,264,376,333
24374,48802,262,373,334
24375,48804,289,371,329
24376,48806,286,369,326
24377,48808,308,367,328
24378,48810,303,367,328
24379,48812,300,367,330
24380,48814,267,366,327
24381,48816,246,365,325
24382,48818,273,363,323
24383,48820,276,362,320
24384,48822,275,361,320
24385,48824,303,358,326
24386,48826,294,353,328
24387,48828,315,352,329
24388,48830,314,349,318
24389,48832,304,347,320
24390,48834,307,342,317
24391,48836,261,329,316
24392,48838,280,323,309
24393,48840,290,319,309
24394,48842,298,318,309
24395,48844,310,318,302
24396,48846,316,316,300
24397,48848,332,312,295
24398,48850,305,311,295
24399,48852,255,310,290
24400,48854,237,309,288
24401,48856,254,307,285
24402,48858,265,307,283
24403,48860,276,306,281
24404,48862,265,306,279
24405,48864,272,305,278
24406,48866,268,303,278
24407,48868,285,304,277
24408,48870,275,303,277
24409,48872,260,304,280
24410,48874,250,304,278
24411,48876,193,305,276
24412,48878,156,305,275
24413,48880,240,306,278
24414,48882,251,305,277
24415,48884,253,307,275
24416,48886,245,308,275
24417,48888,266,310,275
24418,48890,273,313,276
24419,48892,251,315,276
24420,48894,292,315,277
24421,48896,289,317,277
24422,48898,297,322,278
24423,48900,313,325,277
24424,48902,315,325,278
24425,48904,311,329,280
24426,48906,301,343,283
24427,48908,319,356,285
24428,48910,329,361,287
24429,48912,311,363,288
24430,48914,299,364,290
24431,48916,286,367,292
24432,48918,284,368,298
24433,48920,317,371,301
24434,48922,333,372,301
24435,48924,327,373,303
24436,48926,315,374,311
24437,48928,333,375,313
24438,48930,320,375,313
24439,48932,288,377,311
24440,48934,278,378,312
24441,48936,226,380,313
24442,48938,241,382,312
24443,48940,253,385,306
24444,48942,258,384,297
24445,48944,254,385,290
24446,48946,251,384,288
24447,48948,285,385,290
24448,48950,279,384,291
24449,48952,257,384,284
24450,48954,249,383,287
24451,48956,225,384,282
24452,48958,233,382,282
24453,48960,257,383,282
24454,48962,260,382,282
24455,48964,266,382,281
24456,48966,243,381,281
24457,48968,282,382,285
24458,48970,273,382,285
24459,48972,255,379,284
24460,48974,248,378,286
24461,48976,216,376,284
24462,48978,237,375,285
24463,48980,254,375,287
24464,48982,253,371,285
24465,48984,269,371,286
24466,48986,255,371,285
24467,48988,278,371,286
24468,48990,270,370,289
24469,48992,256,370,287
24470,48994,249,369,287
24471,48996,262,367,286
24472,48998,244,366,286
24473,49000,280,365,285
24474,49002,279,362,286
24475,49004,270,362,279
24476,49006,268,357,277
24477,49008,301,355,276
24478,49010,316,347,274
24479,49012,296,336,276
24480,49014,301,331,272
24481,49016,295,328,263
24482,49018,303,326,260
24483,49020,316,327,249
24484,49022,293,325,244
24485,49024,307,321,237
24486,49026,281,318,222
24487,49028,306,318,212
24488,49030,312,317,205
24489,49032,296,317,206
24490,49034,291,317,207
24491,49036,272,315,203
24492,49038,272,313,194
24493,49040,281,314,196
24494,49042,285,313,188
24495,49044,284,313,187
24496,49046,278,313,185
24497,49048,291,315,188
24498,49050,306,314,189
24499,49052,288,316,191
24500,49054,288,318,187
24501,49056,269,319,194
24502,49058,300,321,197
24503,49060,308,322,199
24504,49062,312,326,198
24505,49064,313,328,205
24506,49066,319,329,207
24507,49068,342,331,218
24508,49070,351,333,227
24509,49072,343,340,237
24510,49074,338,351,244
24511,49076,332,360,251
24512,49078,341,362,252
24513,49080,293,363,264
24514,49082,324,367,267
24515,49084,335,368,274
24516,49086,330,369,278
24517,49088,374,373,286
24518,49090,339,372,288
24519,49092,325,374,293
24520,49094,352,373,297
24521,49096,309,373,302
24522,49098,321,373,302
24523,49100,334,373,302
24524,49102,342,373,305
24525,49104,342,373,305
24526,49106,344,375,308
24527,49108,360,376,306
24528,49110,340,375,308
24529,49112,324,376,309
24530,49114,308,375,310
24531,49116,296,375,310
24532,49118,294,375,313
24533,49120,315,375,313
24534,49122,309,375,313
24535,49124,318,375,313
24536,49126,327,375,312
24537,49128,373,375,314
24538,49130,362,373,311
24539,49132,352,373,312
24540,49134,343,372,306
24541,49136,327,372,307
24542,49138,326,370,313
24543,49140,338,370,311
24544,49142,349,370,308
24545,49144,342,369,305
24546,49146,354,370,302
24547,49148,378,370,304
24548,49150,369,369,300
24549,49152,362,369,298
24550,49154,348,367,294
24551,49156,319,367,288
24552,49158,337,366,286
24553,49160,341,364,284
24554,49162,336,360,281
24555,49164,345,358,283
24556,49166,316,355,283
24557,49168,372,356,278
24558,49170,356,354,270
24559,49172,322,352,266
24560,49174,327,344,261
24561,49176,296,338,261
24562,49178,309,336,260
24563,49180,333,334,259
24564,49182,319,331,261
24565,49184,309,331,260
24566,49186,275,328,252
24567,49188,302,322,249
24568,49190,308,320,248
24569,49192,291,320,245
24570,49194,293,319,242
24571,49196,260,320,232
24572,49198,275,319,229
24573,49200,282,320,216
24574,49202,281,320,208
24575,49204,322,325,203
24576,49206,338,329,201
24577,49208,358,330,197
24578,49210,350,334,200
24579,49212,316,336,198
24580,49214,316,338,201
24581,49216,282,339,198
24582,49218,303,342,202
24583,49220,312,350,201
24584,49222,297,352,202
24585,49224,318,353,201
24586,49226,303,354,202
24587,49228,335,355,204
24588,49230,326,357,205
24589,49232,325,359,206
24590,49234,321,363,214
24591,49236,287,363,233
24592,49238,297,364,241
24593,49240,347,366,248
24594,49242,346,366,253
24595,49244,323,366,253
24596,49246,348,368,261
24597,49248,375,369,264
24598,49250,339,372,272
24599,49252,355,376,277
24600,49254,345,376,280
24601,49256,313,375,282
24602,49258,330,374,285
24603,49260,341,375,283
24604,49262,346,374,282
24605,49264,354,375,285
24606,49266,350,374,290
24607,49268,371,370,292
24608,49270,371,370,294
24609,49272,353,368,296
24610,49274,349,369,299
24611,49276,283,367,298
24612,49278,293,367,297
24613,49280,333,367,294
24614,49282,339,367,295
24615,49284,334,368,296
24616,49286,335,366,294
24617,49288,364,367,294
24618,49290,362,366,295
24619,49292,344,366,293
24620,49294,339,367,295
24621,49296,316,370,296
24622,49298,320,368,296
24623,49300,341,367,297
24624,49302,341,368,296
24625,49304,344,369,297
24626,49306,337,370,299
24627,49308,368,369,299
24628,49310,369,367,300
24629,49312,348,367,298
24630,49314,347,361,298
24631,49316,322,360,296
24632,49318,336,361,297
24633,49320,352,360,295
24634,49322,346,358,296
24635,49324,349,356,294
24636,49326,315,352,287
24637,49328,361,351,288
24638,49330,357,348,282
24639,49332,346,347,276
24640,49334,335,346,276
24641,49336,313,345,268
24642,49338,319,343,263
24643,49340,332,341,261
24644,49342,316,337,258
24645,49344,289,332,252
24646,49346,291,328,239
24647,49348,305,326,235
24648,49350,283,319,231
24649,49352,225,317,208
24650,49354,223,313,209
24651,49356,206,308,200
24652,49358,207,307,194
24653,49360,219,305,174
24654,49362,217,303,174
24655,49364,219,302,169
24656,49366,246,302,170
24657,49368,277,302,170
24658,49370,268,302,170
24659,49372,250,303,171
24660,49374,259,303,172
24661,49376,259,304,172
24662,49378,264,305,171
24663,49380,279,308,171
24664,49382,285,313,171
24665,49384,247,318,171
24666,49386,242,322,172
24667,49388,270,326,174
24668,49390,281,330,176
24669,49392,271,331,172
24670,49394,249,334,176
24671,49396,251,339,176
24672,49398,280,342,172
24673,49400,299,345,176
24674,49402,284,347,176
24675,49404,268,346,178
24676,49406,272,346,209
24677,49408,308,347,216
24678,49410,346,349,224
24679,49412,304,349,233
24680,49414,324,349,236
24681,49416,308,350,239
24682,49418,320,355,236
24683,49420,336,357,244
24684,49422,348,362,244
24685,49424,352,360,256
24686,49426,348,359,261
24687,49428,357,356,261
24688,49430,378,353,267
24689,49432,352,348,267
24690,49434,347,348,269
24691,49436,313,348,270
24692,49438,290,347,276
24693,49440,297,347,279
24694,49442,301,345,280
24695,49444,297,346,284
24696,49446,294,344,286
24697,49448,321,343,284
24698,49450,315,343,286
24699,49452,300,344,285
24700,49454,295,343,290
24701,49456,271,343,288
24702,49458,296,343,291
24703,49460,294,343,291
24704,49462,302,343,291
24705,49464,299,343,293
24706,49466,301,344,295
24707,49468,336,344,295
24708,49470,313,344,298
24709,49472,294,345,296
24710,49474,299,345,299
24711,49476,281,346,299
24712,49478,280,345,301
24713,49480,325,345,302
24714,49482,303,346,304
24715,49484,350,346,302
24716,49486,347,346,304
24717,49488,366,346,302
24718,49490,363,343,302
24719,49492,353,342,296
24720,49494,347,338,296
24721,49496,334,336,296
24722,49498,335,337,292
24723,49500,350,338,294
24724,49502,349,340,290
24725,49504,352,339,290
24726,49506,341,339,280
24727,49508,368,337,271
24728,49510,348,336,267
24729,49512,335,335,262
24730,49514,335,334,260
24731,49516,321,331,258
24732,49518,324,327,257
24733,49520,324,326,242
24734,49522,338,322,241
24735,49524,335,320,237
24736,49526,300,317,236
24737,49528,309,316,236
24738,49530,304,315,237
24739,49532,289,313,234
24740,49534,263,308,234
24741,49536,243,308,231
24742,49538,257,306,229
24743,49540,267,306,223
24744,49542,230,303,220
24745,49544,237,303,217
24746,49546,252,304,210
24747,49548,276,304,218
24748,49550,260,303,204
24749,49552,229,305,203
24750,49554,210,305,200
24751,49556,209,305,200
24752,49558,220,308,201
24753,49560,260,310,202
24754,49562,274,311,210
24755,49564,284,314,208
24756,49566,296,315,211
24757,49568,330,316,211
24758,49570,320,316,207
24759,49572,307,319,207
24760,49574,310,320,204
24761,49576,283,322,204
24762,49578,298,326,206
24763,49580,307,327,207
24764,49582,335,328,206
24765,49584,333,331,206
24766,49586,326,332,209
24767,49588,351,334,209
24768,49590,341,334,212
24769,49592,326,335,231
24770,49594,324,330,234
24771,49596,328,332,236
24772,49598,338,332,233
24773,49600,339,333,245
24774,49602,329,333,244
24775,49604,319,339,247
24776,49606,317,342,250
24777,49608,328,344,251
24778,49610,329,346,259
24779,49612,346,346,261
24780,49614,340,347,265
24781,49616,325,344,263
24782,49618,328,344,269
24783,49620,346,345,276
24784,49622,357,344,278
24785,49624,316,345,281
24786,49626,296,344,276
24787,49628,322,344,275
24788,49630,315,343,274
24789,49632,293,344,276
24790,49634,283,343,275
24791,49636,257,343,279
24792,49638,261,342,285
24793,49640,275,343,286
24794,49642,282,343,288
24795,49644,279,343,292
24796,49646,281,343,293
24797,49648,312,344,293
24798,49650,314,343,295
24799,49652,298,344,295
24800,49654,290,344,293
24801,49656,264,344,297
24802,49658,278,344,296
24803,49660,283,344,298
24804,49662,296,344,298
24805,49664,288,344,300
24806,49666,323,343,300
24807,49668,358,342,300
24808,49670,357,341,301
24809,49672,348,338,303
24810,49674,338,338,298
24811,49676,311,336,298
24812,49678,328,335,294
24813,49680,337,337,294
24814,49682,341,339,292
24815,49684,336,340,286
24816,49686,348,340,284
24817,49688,370,340,278
24818,49690,370,338,272
24819,49692,357,338,268
24820,49694,352,337,262
24821,49696,315,335,247
24822,49698,323,333,239
24823,49700,337,331,228
24824,49702,336,328,223
24825,49704,343,321,216
24826,49706,292,317,211
24827,49708,347,310,198
24828,49710,305,302,171
24829,49712,288,301,169
24830,49714,254,298,166
24831,49716,207,295,163
24832,49718,225,293,160
24833,49720,239,293,152
24834,49722,254,292,150
24835,49724,253,291,146
24836,49726,236,289,148
24837,49728,251,286,146
24838,49730,263,287,148
24839,49732,252,287,146
24840,49734,242,286,143
24841,49736,207,287,141
24842,49738,202,286,140
24843,49740,203,287,139
24844,49742,254,286,135
24845,49744,256,287,134
24846,49746,254,287,133
24847,49748,254,288,131
24848,49750,271,288,127
24849,49752,248,289,124
24850,49754,184,289,118
24851,49756,172,291,117
24852,49758,218,293,114
24853,49760,226,295,113
24854,49762,224,297,116
24855,49764,243,300,116
24856,49766,238,303,119
24857,49768,265,312,125
24858,49770,254,318,130
24859,49772,251,323,135
24860,49774,246,325,139
24861,49776,224,334,142
24862,49778,239,338,150
24863,49780,247,340,154
24864,49782,250,341,156
24865,49784,257,341,157
24866,49786,275,342,157
24867,49788,280,343,159
24868,49790,307,342,164
24869,49792,278,342,166
24870,49794,319,339,169
24871,49796,298,341,172
24872,49798,313,341,179
24873,49800,318,339,192
24874,49802,305,340,216
24875,49804,347,343,222
24876,49806,354,346,228
24877,49808,374,346,227
24878,49810,334,344,241
24879,49812,298,346,242
24880,49814,290,344,248
24881,49816,257,344,258
24882,49818,267,344,261
24883,49820,278,345,262
24884,49822,282,343,263
24885,49824,288,345,269
24886,49826,289,345,275
24887,49828,312,345,280
24888,49830,310,345,278
24889,49832,293,345,281
24890,49834,284,346,283
24891,49836,260,346,286
24892,49838,300,347,294
24893,49840,332,348,296
24894,49842,338,348,299
24895,49844,339,349,301
24896,49846,338,348,301
24897,49848,347,349,303
24898,49850,357,349,304
24899,49852,333,349,303
24900,49854,335,349,305
24901,49856,321,351,307
24902,49858,332,352,309
24903,49860,356,351,311
24904,49862,325,347,310
24905,49864,349,347,305
24906,49866,360,347,305
24907,49868,384,348,303
24908,49870,379,346,303
24909,49872,367,347,305
24910,49874,356,346,303
24911,49876,328,345,295
24912,49878,340,344,292
24913,49880,344,344,293
24914,49882,350,342,287
24915,49884,351,342,285
24916,49886,325,341,283
24917,49888,348,341,275
24918,49890,352,338,268
24919,49892,344,336,264
24920,49894,332,334,266
24921,49896,304,334,262
24922,49898,319,328,253
24923,49900,323,327,256
24924,49902,325,324,250
24925,49904,317,324,248
24926,49906,316,320,248
24927,49908,310,321,247
24928,49910,303,319,247
24929,49912,289,317,245
24930,49914,294,315,245
24931,49916,240,312,244
24932,49918,251,311,245
24933,49920,279,310,236
24934,49922,299,308,234
24935,49924,300,307,236
24936,49926,289,303,234
24937,49928,314,302,240
24938,49930,318,302,239
24939,49932,292,300,240
24940,49934,278,302,242
24941,49936,256,302,238
24942,49938,266,301,241
24943,49940,283,302,244
24944,49942,286,302,245
24945,49944,292,303,252
24946,49946,312,307,255
24947,49948,335,312,257
24948,49950,326,314,257
24949,49952,319,319,265
24950,49954,311,320,270
24951,49956,310,323,278
24952,49958,314,329,282
24953,49960,339,330,283
24954,49962,341,332,288
24955,49964,343,336,289
24956,49966,329,336,289
24957,49968,365,336,291
24958,49970,364,337,292
24959,49972,345,336,294
24960,49974,320,336,296
24961,49976,305,335,297
24962,49978,316,333,297
24963,49980,328,334,301
24964,49982,309,332,296
24965,49984,322,333,296
24966,49986,302,332,296
24967,49988,329,332,292
24968,49990,320,331,295
24969,49992,298,327,296
24970,49994,288,327,294
24971,49996,267,328,293
24972,49998,278,326,294
24973,50000,290,326,297
24974,50002,299,324,297
24975,50004,301,324,295
24976,50006,303,321,295
24977,50008,326,321,293
24978,50010,323,321,293
24979,50012,302,319,293
24980,50014,282,319,293
24981,50016,265,319,293
24982,50018,284,317,293
24983,50020,302,316,293
24984,50022,298,313,295
24985,50024,311,314,295
24986,50026,316,313,295
24987,50028,355,313,295
24988,50030,352,311,296
24989,50032,334,310,295
24990,50034,318,313,294
24991,50036,297,309,291
24992,50038,305,305,294
24993,50040,316,305,291
24994,50042,318,304,291
24995,50044,318,303,291
24996,50046,313,303,291
24997,50048,349,304,291
24998,50050,348,302,290
24999,50052,327,302,289
25000,50054,326,300,285
25001,50056,312,297,289
25002,50058,319,296,289
25003,50060,320,296,288
25004,50062,321,294,287
25005,50064,354,294,286
25006,50066,335,289,288
25007,50068,355,289,285
25008,50070,353,288,286
25009,50072,332,288,278
25010,50074,330,287,272
25011,50076,306,286,270
25012,50078,316,286,269
25013,50080,311,285,269
25014,50082,293,282,268
25015,50084,302,280,268
25016,50086,288,278,267
25017,50088,317,278,266
25018,50090,311,275,258
25019,50092,311,273,257
25020,50094,283,272,255
25021,50096,256,270,253
25022,50098,274,268,251
25023,50100,281,268,248
25024,50102,295,267,248
25025,50104,283,266,251
25026,50106,282,265,252
25027,50108,311,264,251
25028,50110,300,263,253
25029,50112,286,262,252
25030,50114,277,262,252
25031,50116,267,261,251
25032,50118,271,262,251
25033,50120,288,261,250
25034,50122,292,261,250
25035,50124,291,260,249
25036,50126,278,260,250
25037,50128,310,260,248
25038,50130,307,260,248
25039,50132,284,259,241
25040,50134,272,259,240
25041,50136,251,260,237
25042,50138,266,259,236
25043,50140,282,260,235
25044,50142,287,259,238
25045,50144,288,258,233
25046,50146,278,258,238
25047,50148,307,258,235
25048,50150,303,258,236
25049,50152,278,258,235
25050,50154,273,257,235
25051,50156,267,256,231
25052,50158,283,256,234
25053,50160,268,257,233
25054,50162,281,257,232
25055,50164,287,255,231
25056,50166,286,256,230
25057,50168,300,256,229
25058,50170,292,256,231
25059,50172,275,254,228
25060,50174,268,253,226
25061,50176,252,255,221
25062,50178,282,254,222
25063,50180,284,254,220
25064,50182,275,253,223
25065,50184,275,254,220
25066,50186,291,253,220
25067,50188,326,255,221
25068,50190,311,253,221
25069,50192,302,253,218
25070,50194,284,254,219
25071,50196,265,254,219
25072,50198,267,254,219
25073,50200,286,254,218
25074,50202,287,255,220
25075,50204,289,256,219
25076,50206,282,256,220
25077,50208,303,256,218
25078,50210,309,257,219
25079,50212,276,257,219
25080,50214,278,259,220
25081,50216,260,259,220
25082,50218,262,257,220
25083,50220,274,258,220
25084,50222,281,258,215
25085,50224,276,258,215
25086,50226,296,258,216
25087,50228,319,259,215
25088,50230,321,258,216
25089,50232,301,258,213
25090,50234,292,258,213
25091,50236,282,258,214
25092,50238,283,258,213
25093,50240,301,260,212
25094,50242,284,259,213
25095,50244,290,259,214
25096,50246,283,259,215
25097,50248,306,260,212
25098,50250,303,259,212
25099,50252,286,259,213
25100,50254,276,260,213
25101,50256,253,260,213
25102,50258,268,261,213
25103,50260,288,262,213
25104,50262,290,262,212
25105,50264,278,262,213
25106,50266,280,262,213
25107,50268,313,263,214
25108,50270,306,262,212
25109,50272,283,263,211
25110,50274,279,264,213
25111,50276,250,263,212
25112,50278,266,264,212
25113,50280,281,265,214
25114,50282,285,264,213
25115,50284,286,264,217
25116,50286,276,264,220
25117,50288,307,266,219
25118,50290,299,265,220
25119,50292,288,266,218
25120,50294,276,265,219
25121,50296,252,265,218
25122,50298,271,265,218
25123,50300,284,266,219
25124,50302,277,266,219
25125,50304,290,266,219
25126,50306,284,266,222
25127,50308,310,267,218
25128,50310,307,266,219
25129,50312,278,267,218
25130,50314,279,267,220
25131,50316,265,267,219
25132,50318,274,267,219
25133,50320,303,268,218
25134,50322,300,267,221
25135,50324,307,268,220
25136,50326,299,267,220
25137,50328,320,268,221
25138,50330,320,268,221
25139,50332,304,268,220
25140,50334,295,268,221
25141,50336,276,267,221
25142,50338,288,267,219
25143,50340,288,268,220
25144,50342,295,268,220
25145,50344,296,269,220
25146,50346,298,268,220
25147,50348,320,269,221
25148,50350,319,269,218
25149,50352,306,269,219
25150,50354,291,269,218
25151,50356,270,269,219
25152,50358,278,269,220
25153,50360,290,269,220
25154,50362,291,268,219
25155,50364,291,269,220
25156,50366,288,269,220
25157,50368,313,269,221
25158,50370,313,269,220
25159,50372,301,269,220
25160,50374,282,269,219
25161,50376,267,269,217
25162,50378,273,270,220
25163,50380,294,269,220
25164,50382,284,270,218
25165,50384,293,270,220
25166,50386,291,268,217
25167,50388,315,269,219
25168,50390,312,269,220
25169,50392,295,269,219
25170,50394,286,269,218
25171,50396,267,270,219
25172,50398,278,269,218
25173,50400,289,270,218
25174,50402,288,270,219
25175,50404,297,270,218
25176,50406,295,270,219
25177,50408,325,271,219
25178,50410,330,271,219
25179,50412,307,270,217
25180,50414,291,269,218
25181,50416,273,272,216
25182,50418,286,270,218
25183,50420,298,271,217
25184,50422,302,271,219
25185,50424,302,271,218
25186,50426,308,270,218
25187,50428,333,271,217
25188,50430,335,272,218
25189,50432,306,272,217
25190,50434,305,271,218
25191,50436,287,271,217
25192,50438,294,271,219
25193,50440,311,272,219
25194,50442,312,271,219
25195,50444,308,271,219
25196,50446,308,271,222
25197,50448,332,270,219
25198,50450,321,270,216
25199,50452,303,271,214
25200,50454,285,273,215
25201,50456,264,271,216
25202,50458,279,271,216
25203,50460,294,271,215
25204,50462,293,269,214
25205,50464,298,272,213
25206,50466,295,272,213
25207,50468,322,272,211
25208,50470,325,271,211
25209,50472,310,272,211
25210,50474,305,271,210
25211,50476,280,271,211
25212,50478,283,271,211
25213,50480,299,272,211
25214,50482,294,272,207
25215,50484,299,272,198
25216,50486,301,272,199
25217,50488,329,271,197
25218,50490,321,271,198
25219,50492,308,272,199
25220,50494,289,272,193
25221,50496,269,271,189
25222,50498,275,271,190
25223,50500,298,271,191
25224,50502,279,269,191
25225,50504,287,271,190
25226,50506,295,270,190
25227,50508,318,270,190
25228,50510,315,270,191
25229,50512,293,270,191
25230,50514,272,270,192
25231,50516,258,270,190
25232,50518,270,270,192
25233,50520,283,270,192
25234,50522,281,271,194
25235,50524,288,270,193
25236,50526,286,270,190
25237,50528,316,270,192
25238,50530,310,270,191
25239,50532,301,270,192
25240,50534,279,269,192
25241,50536,253,270,189
25242,50538,264,269,190
25243,50540,280,270,193
25244,50542,282,269,192
25245,50544,282,270,193
25246,50546,293,270,192
25247,50548,322,269,192
25248,50550,318,269,194
25249,50552,307,269,193
25250,50554,283,269,194
25251,50556,276,269,193
25252,50558,274,270,192
25253,50560,296,269,192
25254,50562,287,268,191
25255,50564,300,269,191
25256,50566,315,267,191
25257,50568,327,268,191
25258,50570,333,267,191
25259,50572,308,266,189
25260,50574,292,265,189
25261,50576,277,266,187
25262,50578,279,266,188
25263,50580,297,265,187
25264,50582,297,265,188
25265,50584,304,265,187
25266,50586,299,265,185
25267,50588,325,264,185
25268,50590,318,264,183
25269,50592,302,263,181
25270,50594,290,263,185
25271,50596,274,263,186
25272,50598,283,262,184
25273,50600,298,263,181
25274,50602,296,263,181
25275,50604,303,262,181
25276,50606,310,261,181
25277,50608,330,261,178
25278,50610,322,260,179
25279,50612,308,259,177
25280,50614,293,260,178
25281,50616,269,259,176
25282,50618,280,260,176
25283,50620,304,258,174
25284,50622,298,256,172
25285,50624,299,256,173
25286,50626,293,255,170
25287,50628,331,256,171
25288,50630,320,255,170
25289,50632,297,254,169
25290,50634,282,254,169
25291,50636,271,254,169
25292,50638,279,253,169
25293,50640,285,252,168
25294,50642,289,253,167
25295,50644,293,254,166
25296,50646,292,252,167
25297,50648,323,254,167
25298,50650,308,253,167
25299,50652,292,252,165
25300,50654,280,252,164
25301,50656,268,252,163
25302,50658,272,252,161
25303,50660,289,251,160
25304,50662,294,252,164
25305,50664,294,252,163
25306,50666,289,252,163
25307,50668,320,251,163
25308,50670,312,251,163
25309,50672,292,249,165
25310,50674,272,248,166
25311,50676,260,248,165
25312,50678,261,248,166
25313,50680,286,248,165
25314,50682,283,248,167
25315,50684,288,247,167
25316,50686,284,247,166
25317,50688,317,247,166
25318,50690,314,246,167
25319,50692,295,247,167
25320,50694,268,246,166
25321,50696,255,245,166
25322,50698,266,245,167
25323,50700,283,245,167
25324,50702,288,245,168
25325,50704,289,245,167
25326,50706,287,244,165
25327,50708,314,245,165
25328,50710,312,244,170
25329,50712,288,245,167
25330,50714,278,244,166
25331,50716,262,244,168
25332,50718,272,246,173
25333,50720,291,245,172
25334,50722,288,245,173
25335,50724,292,246,173
25336,50726,286,245,173
25337,50728,316,245,172
25338,50730,306,245,173
25339,50732,288,246,172
25340,50734,276,245,174
25341,50736,269,247,175
25342,50738,271,246,175
25343,50740,290,246,176
25344,50742,283,245,177
25345,50744,286,245,176
25346,50746,282,244,175
25347,50748,313,246,176
25348,50750,313,244,175
25349,50752,303,245,175
25350,50754,275,245,177
25351,50756,268,245,177
25352,50758,277,245,177
25353,50760,296,245,177
25354,50762,298,244,177
25355,50764,296,245,178
25356,50766,292,244,179
25357,50768,318,245,179
25358,50770,314,246,178
25359,50772,297,245,181
25360,50774,285,245,178
25361,50776,275,244,178
25362,50778,282,245,179
25363,50780,292,245,179
25364,50782,301,244,179
25365,50784,296,245,178
25366,50786,296,244,178
25367,50788,315,245,179
25368,50790,316,245,181
25369,50792,294,245,180
25370,50794,283,245,179
25371,50796,266,246,177
25372,50798,278,245,180
25373,50800,298,245,181
25374,50802,304,245,195
25375,50804,294,246,195
25376,50806,291,245,195
25377,50808,322,246,196
25378,50810,311,246,197
25379,50812,294,247,197
25380,50814,288,247,196
25381,50816,276,247,195
25382,50818,280,247,196
25383,50820,299,248,197
25384,50822,313,248,197
25385,50824,305,247,195
25386,50826,290,249,196
25387,50828,323,249,196
25388,50830,319,249,197
25389,50832,303,250,196
25390,50834,286,248,196
25391,50836,274,249,195
25392,50838,291,250,195
25393,50840,312,251,196
25394,50842,314,250,195
25395,50844,305,251,196
25396,50846,305,249,196
25397,50848,330,251,197
25398,50850,331,251,198
25399,50852,314,250,197
25400,50854,300,252,200
25401,50856,286,251,198
25402,50858,292,251,199
25403,50860,304,251,198
25404,50862,305,250,198
25405,50864,303,251,198
25406,50866,307,250,199
25407,50868,329,251,200
25408,50870,328,251,199
25409,50872,313,251,200
25410,50874,310,250,198
25411,50876,291,251,198
25412,50878,300,250,199
25413,50880,316,251,200
25414,50882,306,251,201
25415,50884,310,251,201
25416,50886,304,252,201
25417,50888,331,253,201
25418,50890,322,252,202
25419,50892,310,255,203
25420,50894,300,253,201
25421,50896,287,253,201
25422,50898,299,254,202
25423,50900,313,254,201
25424,50902,312,255,204
25425,50904,312,254,203
25426,50906,301,255,206
25427,50908,330,256,205
25428,50910,332,256,205
25429,50912,314,257,205
25430,50914,301,257,206
25431,50916,290,258,206
25432,50918,299,257,205
25433,50920,314,258,204
25434,50922,317,259,206
25435,50924,309,259,207
25436,50926,304,261,206
25437,50928,330,262,206
25438,50930,331,262,206
25439,50932,305,262,205
25440,50934,282,262,205
25441,50936,282,263,207
25442,50938,299,262,205
25443,50940,312,263,206
25444,50942,308,263,206
25445,50944,304,266,207
25446,50946,297,265,208
25447,50948,326,265,210
25448,50950,317,264,207
25449,50952,313,264,208
25450,50954,294,264,208
25451,50956,287,265,207
25452,50958,304,265,206
25453,50960,312,265,208
25454,50962,312,266,208
25455,50964,309,266,208
25456,50966,300,266,210
25457,50968,334,267,211
25458,50970,329,266,214
25459,50972,316,266,211
25460,50974,307,266,212
25461,50976,299,266,212
25462,50978,306,266,211
25463,50980,317,267,212
25464,50982,317,266,211
25465,50984,320,266,211
25466,50986,318,266,211
25467,50988,344,266,210
25468,50990,339,266,212
25469,50992,322,267,213
25470,50994,303,267,213
25471,50996,301,265,212
25472,50998,306,265,211
25473,51000,322,265,211
25474,51002,313,265,213
25475,51004,321,265,212
25476,51006,313,265,214
25477,51008,342,265,213
25478,51010,342,265,214
25479,51012,326,265,212
25480,51014,307,264,213
25481,51016,303,266,212
25482,51018,306,265,213
25483,51020,322,266,213
25484,51022,321,264,213
25485,51024,322,265,213
25486,51026,316,265,212
25487,51028,341,265,212
25488,51030,348,264,214
25489,51032,323,265,214
25490,51034,307,265,215
25491,51036,300,265,213
25492,51038,309,264,211
25493,51040,317,264,212
25494,51042,316,264,213
25495,51044,316,265,214
25496,51046,316,265,214
25497,51048,342,265,214
25498,51050,342,265,214
25499,51052,331,265,214
25500,51054,306,265,214
25501,51056,290,264,213
25502,51058,314,264,216
25503,51060,317,264,212
25504,51062,312,263,214
25505,51064,320,264,214
25506,51066,315,263,213
25507,51068,345,264,215
25508,51070,343,263,214
25509,51072,322,264,214
25510,51074,305,263,213
25511,51076,294,263,213
25512,51078,309,263,213
25513,51080,323,263,214
25514,51082,313,263,213
25515,51084,312,263,213
25516,51086,321,263,213
25517,51088,342,264,213
25518,51090,342,262,213
25519,51092,325,263,213
25520,51094,305,261,212
25521,51096,297,262,211
25522,51098,316,261,211
25523,51100,312,263,213
25524,51102,311,262,212
25525,51104,316,262,211
25526,51106,323,261,212
25527,51108,344,262,213
25528,51110,341,261,211
25529,51112,328,261,213
25530,51114,296,261,211
25531,51116,295,262,212
25532,51118,314,262,212
25533,51120,318,261,211
25534,51122,315,261,212
25535,51124,318,261,212
25536,51126,315,261,212
25537,51128,354,261,212
25538,51130,341,260,213
25539,51132,336,261,212
25540,51134,302,261,212
25541,51136,296,260,212
25542,51138,313,260,211
25543,51140,313,260,212
25544,51142,322,261,212
25545,51144,321,261,212
25546,51146,319,259,212
25547,51148,345,259,211
25548,51150,338,259,211
25549,51152,324,259,214
25550,51154,304,258,212
25551,51156,299,258,213
25552,51158,301,257,211
25553,51160,319,257,213
25554,51162,305,257,212
25555,51164,316,258,212
25556,51166,323,256,212
25557,51168,340,257,213
25558,51170,340,258,214
25559,51172,326,256,213
25560,51174,300,256,212
25561,51176,303,256,212
25562,51178,323,255,213
25563,51180,317,256,214
25564,51182,318,255,211
25565,51184,317,257,212
25566,51186,318,256,215
25567,51188,341,256,215
25568,51190,343,257,213
25569,51192,329,256,213
25570,51194,301,255,213
25571,51196,288,257,212
25572,51198,314,255,212
25573,51200,314,257,214
25574,51202,319,256,215
25575,51204,332,255,214
25576,51206,327,256,215
25577,51208,349,257,215
25578,51210,346,256,213
25579,51212,333,257,214
25580,51214,302,256,215
25581,51216,291,256,217
25582,51218,316,257,215
25583,51220,318,256,216
25584,51222,316,255,215
25585,51224,323,257,215
25586,51226,324,257,215
25587,51228,345,256,215
25588,51230,335,256,216
25589,51232,311,257,215
25590,51234,302,256,215
25591,51236,290,256,215
25592,51238,308,256,215
25593,51240,317,256,214
25594,51242,308,256,215
25595,51244,318,256,214
25596,51246,315,255,217
25597,51248,355,256,215
25598,51250,337,255,214
25599,51252,319,256,214
25600,51254,297,255,215
25601,51256,298,255,215
25602,51258,305,255,215
25603,51260,313,255,215
25604,51262,316,255,215
25605,51264,315,256,216
25606,51266,311,254,215
25607,51268,340,255,217
25608,51270,328,255,216
25609,51272,322,255,215
25610,51274,299,253,214
25611,51276,284,255,216
25612,51278,305,257,216
25613,51280,311,256,215
25614,51282,308,255,216
25615,51284,310,255,215
25616,51286,316,255,215
25617,51288,344,254,215
25618,51290,328,254,215
25619,51292,322,254,217
25620,51294,302,256,216
25621,51296,287,254,215
25622,51298,305,254,216
25623,51300,300,254,213
25624,51302,312,253,217
25625,51304,323,254,213
25626,51306,323,254,215
25627,51308,342,254,215
25628,51310,343,254,214
25629,51312,332,252,214
25630,51314,289,255,215
25631,51316,291,251,213
25632,51318,299,254,216
25633,51320,313,252,214
25634,51322,310,253,214
25635,51324,319,254,213
25636,51326,304,253,215
25637,51328,334,257,216
25638,51330,332,254,214
25639,51332,301,253,213
25640,51334,288,253,214
25641,51336,280,253,215
25642,51338,306,253,214
25643,51340,309,252,217
25644,51342,306,254,214
25645,51344,307,254,214
25646,51346,310,251,214
25647,51348,333,253,215
25648,51350,329,253,214
25649,51352,305,253,215
25650,51354,293,252,217
25651,51356,289,253,216
25652,51358,303,252,215
25653,51360,306,253,212
25654,51362,317,252,215
25655,51364,311,252,214
25656,51366,314,252,214
25657,51368,338,253,214
25658,51370,339,252,213
25659,51372,317,252,214
25660,51374,291,253,213
25661,51376,290,252,212
25662,51378,312,252,213
25663,51380,310,252,213
25664,51382,317,252,213
25665,51384,311,252,213
25666,51386,313,252,214
25667,51388,335,252,213
25668,51390,332,252,213
25669,51392,313,252,213
25670,51394,299,251,213
25671,51396,287,251,213
25672,51398,309,251,213
25673,51400,305,250,213
25674,51402,324,251,212
25675,51404,313,251,211
25676,51406,312,251,214
25677,51408,339,250,212
25678,51410,330,250,212
25679,51412,314,249,212
25680,51414,288,248,211
25681,51416,293,249,210
25682,51418,307,249,210
25683,51420,297,249,209
25684,51422,310,250,211
25685,51424,309,249,210
25686,51426,312,249,211
25687,51428,339,249,209
25688,51430,330,249,210
25689,51432,312,249,209
25690,51434,294,248,206
25691,51436,290,248,208
25692,51438,306,247,208
25693,51440,307,249,205
25694,51442,318,247,207
25695,51444,311,248,207
25696,51446,296,246,207
25697,51448,342,248,208
25698,51450,330,247,209
25699,51452,312,247,208
25700,51454,293,248,208
25701,51456,290,247,208
25702,51458,311,247,208
25703,51460,309,247,207
25704,51462,314,247,208
25705,51464,313,247,208
25706,51466,307,247,207
25707,51468,334,247,208
25708,51470,331,247,207
25709,51472,312,247,205
25710,51474,288,246,207
25711,51476,281,247,206
25712,51478,302,247,206
25713,51480,309,245,206
25714,51482,306,247,207
25715,51484,310,249,207
25716,51486,310,247,207
25717,51488,332,247,208
25718,51490,327,247,207
25719,51492,303,249,208
25720,51494,297,247,207
25721,51496,284,247,207
25722,51498,309,247,206
25723,51500,311,247,205
25724,51502,318,247,205
25725,51504,311,247,205
25726,51506,310,247,205
25727,51508,338,247,204
25728,51510,331,247,205
25729,51512,310,247,204
25730,51514,291,247,204
25731,51516,287,246,204
25732,51518,314,247,207
25733,51520,314,248,203
25734,51522,311,248,205
25735,51524,315,248,204
25736,51526,309,247,203
25737,51528,332,248,204
25738,51530,330,247,205
25739,51532,310,247,202
25740,51534,301,247,203
25741,51536,291,248,203
25742,51538,314,246,203
25743,51540,312,248,203
25744,51542,316,247,204
25745,51544,318,247,203
25746,51546,317,247,204
25747,51548,338,248,203
25748,51550,331,248,205
25749,51552,314,247,203
25750,51554,287,247,203
25751,51556,293,249,204
25752,51558,317,249,204
25753,51560,305,248,203
25754,51562,313,248,204
25755,51564,311,249,203
25756,51566,304,248,203
25757,51568,341,250,204
25758,51570,333,248,203
25759,51572,308,249,202
25760,51574,296,248,203
25761,51576,292,248,203
25762,51578,319,248,204
25763,51580,306,249,204
25764,51582,314,248,204
25765,51584,302,249,204
25766,51586,318,248,204
25767,51588,339,248,204
25768,51590,333,247,204
25769,51592,324,248,203
25770,51594,298,247,203
25771,51596,290,248,205
25772,51598,311,248,205
25773,51600,313,248,204
25774,51602,311,247,204
25775,51604,317,248,203
25776,51606,316,248,204
25777,51608,340,247,203
25778,51610,331,248,205
25779,51612,311,248,204
25780,51614,295,248,203
25781,51616,286,248,204
25782,51618,311,248,204
25783,51620,312,248,203
25784,51622,313,247,205
25785,51624,310,247,203
25786,51626,312,248,204
25787,51628,337,248,205
25788,51630,330,248,205
25789,51632,320,248,204
25790,51634,297,248,205
25791,51636,296,247,203
25792,51638,307,248,206
25793,51640,313,248,203
25794,51642,310,248,204
25795,51644,315,249,204
25796,51646,315,248,203
25797,51648,345,250,204
25798,51650,339,249,204
25799,51652,320,250,204
25800,51654,296,250,203
25801,51656,300,250,203
25802,51658,313,249,204
25803,51660,317,250,203
25804,51662,321,250,203
25805,51664,316,250,202
25806,51666,314,250,201
25807,51668,342,251,204
25808,51670,343,250,203
25809,51672,320,250,202
25810,51674,302,250,203
25811,51676,300,251,202
25812,51678,303,250,201
25813,51680,319,250,203
25814,51682,311,251,203
25815,51684,316,251,203
25816,51686,317,252,203
25817,51688,340,251,202
25818,51690,335,251,203
25819,51692,322,252,202
25820,51694,304,251,203
25821,51696,298,251,201
25822,51698,311,251,203
25823,51700,312,251,203
25824,51702,319,251,203
25825,51704,308,252,204
25826,51706,314,251,204
25827,51708,339,252,203
25828,51710,335,252,205
25829,51712,326,251,205
25830,51714,300,251,201
25831,51716,288,251,203
25832,51718,322,251,202
25833,51720,313,252,204
25834,51722,313,251,204
25835,51724,314,251,203
25836,51726,314,251,203
25837,51728,341,251,203
25838,51730,331,252,205
25839,51732,324,252,202
25840,51734,298,251,203
25841,51736,300,251,203
25842,51738,317,251,202
25843,51740,314,252,204
25844,51742,314,251,203
25845,51744,312,252,204
25846,51746,316,251,205
25847,51748,345,251,204
25848,51750,339,252,203
25849,51752,322,252,203
25850,51754,302,252,203
25851,51756,302,253,202
25852,51758,317,253,205
25853,51760,315,253,205
25854,51762,314,251,203
25855,51764,313,251,203
25856,51766,326,251,204
25857,51768,346,252,204
25858,51770,345,252,205
25859,51772,324,250,202
25860,51774,301,251,205
25861,51776,293,252,203
25862,51778,318,252,203
25863,51780,312,252,204
25864,51782,308,252,204
25865,51784,317,252,204
25866,51786,315,252,205
25867,51788,342,252,203
25868,51790,339,252,203
25869,51792,324,252,203
25870,51794,304,252,203
25871,51796,291,252,203
25872,51798,309,253,204
25873,51800,313,251,203
25874,51802,312,252,204
25875,51804,315,252,203
25876,51806,327,252,204
25877,51808,352,251,202
25878,51810,344,252,204
25879,51812,318,252,202
25880,51814,297,251,202
25881,51816,286,252,201
25882,51818,310,252,202
25883,51820,314,252,202
25884,51822,305,251,202
25885,51824,315,252,202
25886,51826,315,251,202
25887,51828,337,252,202
25888,51830,330,251,203
25889,51832,321,251,201
25890,51834,298,251,201
25891,51836,253,211,162
25892,51838,278,211,159
25893,51840,275,211,158
25894,51842,279,211,157
25895,51844,274,211,157
25896,51846,278,211,157
25897,51848,302,212,158
25898,51850,300,211,156
25899,51852,288,212,157
25900,51854,258,211,156
25901,51856,252,213,158
25902,51858,272,212,158
25903,51860,271,213,156
25904,51862,270,212,157
25905,51864,273,211,157
25906,51866,273,212,157
25907,51868,287,210,157
25908,51870,298,211,156
25909,51872,275,211,157
25910,51874,258,211,156
25911,51876,249,211,156
25912,51878,262,211,157
25913,51880,282,211,158
25914,51882,265,211,157
25915,51884,277,211,158
25916,51886,282,210,156
25917,51888,305,212,159
25918,51890,302,211,158
25919,51892,284,210,158
25920,51894,262,211,158
25921,51896,256,210,158
25922,51898,263,210,156
25923,51900,285,209,158
25924,51902,270,210,160
25925,51904,273,210,157
25926,51906,275,210,158
25927,51908,313,209,158
25928,51910,305,210,161
25929,51912,284,210,158
25930,51914,263,210,157
25931,51916,261,209,160
25932,51918,282,210,154
25933,51920,279,209,157
25934,51922,276,210,155
25935,51924,278,210,158
25936,51926,286,210,156
25937,51928,308,210,157
25938,51930,306,210,158
25939,51932,285,210,158
25940,51934,267,210,158
25941,51936,257,209,156
25942,51938,280,210,158
25943,51940,272,211,157
25944,51942,275,210,157
25945,51944,276,210,156
25946,51946,281,210,156
25947,51948,305,210,158
25948,51950,302,210,156
25949,51952,276,210,157
25950,51954,259,209,159
25951,51956,251,210,157
25952,51958,276,211,157
25953,51960,259,209,157
25954,51962,266,210,157
25955,51964,273,209,156
25956,51966,278,210,158
25957,51968,301,210,159
25958,51970,293,210,157
25959,51972,282,208,157
25960,51974,254,210,159
25961,51976,251,209,158
25962,51978,272,208,158
25963,51980,276,209,157
25964,51982,279,210,155
25965,51984,279,210,157
25966,51986,279,210,158
25967,51988,304,209,158
25968,51990,297,209,155
25969,51992,277,209,158
25970,51994,248,211,155
25971,51996,256,209,154
25972,51998,273,210,156
25973,52000,275,210,157
25974,52002,271,209,158
25975,52004,278,209,158
25976,52006,274,209,159
25977,52008,303,209,158
25978,52010,296,209,158
25979,52012,274,208,158
25980,52014,256,209,157
25981,52016,260,209,158
25982,52018,278,209,157
25983,52020,271,209,159
25984,52022,275,209,158
25985,52024,277,209,159
25986,52026,274,208,158
25987,52028,305,209,159
25988,52030,286,209,156
25989,52032,276,209,158
25990,52034,257,208,157
25991,52036,259,208,157
25992,52038,271,208,158
25993,52040,268,209,158
25994,52042,269,208,155
25995,52044,277,208,152
25996,52046,278,210,154
25997,52048,290,208,156
25998,52050,298,208,153
25999,52052,288,208,153
26000,52054,259,208,149
26001,52056,260,208,151
26002,52058,275,206,151
26003,52060,279,207,153
26004,52062,287,210,149
26005,52064,277,208,151
26006,52066,279,208,146
26007,52068,301,208,151
26008,52070,295,208,131
26009,52072,279,207,132
26010,52074,260,207,132
26011,52076,253,207,131
26012,52078,284,208,131
26013,52080,275,208,132
26014,52082,272,208,131
26015,52084,277,207,132
26016,52086,266,208,132
26017,52088,300,208,133
26018,52090,294,209,133
26019,52092,275,205,132
26020,52094,264,207,131
26021,52096,253,208,132
26022,52098,272,208,132
26023,52100,265,207,132
26024,52102,275,207,131
26025,52104,268,207,131
26026,52106,262,207,134
26027,52108,285,208,132
26028,52110,277,208,131
26029,52112,262,206,132
26030,52114,235,208,132
26031,52116,242,207,130
26032,52118,264,208,132
26033,52120,262,207,133
26034,52122,261,207,132
26035,52124,266,207,132
26036,52126,254,207,131
26037,52128,285,207,133
26038,52130,280,208,133
26039,52132,258,207,133
26040,52134,245,207,133
26041,52136,255,207,132
26042,52138,257,206,131
26043,52140,267,207,132
26044,52142,276,207,131
26045,52144,266,207,149
26046,52146,264,207,151
26047,52148,300,207,151
26048,52150,291,208,151
26049,52152,271,208,153
26050,52154,249,208,152
26051,52156,255,207,151
26052,52158,265,209,153
26053,52160,272,209,152
26054,52162,280,208,152
26055,52164,273,208,152
26056,52166,267,208,151
26057,52168,299,208,151
26058,52170,292,209,152
26059,52172,262,208,152
26060,52174,253,209,152
26061,52176,255,208,153
26062,52178,276,209,152
26063,52180,263,208,150
26064,52182,272,209,152
26065,52184,264,208,151
26066,52186,261,208,152
26067,52188,295,208,153
26068,52190,292,208,152
26069,52192,279,207,152
26070,52194,250,208,151
26071,52196,246,206,134
26072,52198,277,208,134
26073,52200,269,207,133
26074,52202,265,207,133
26075,52204,272,207,133
26076,52206,267,206,132
26077,52208,297,204,133
26078,52210,288,205,133
26079,52212,273,206,132
26080,52214,257,205,133
26081,52216,252,205,133
26082,52218,274,206,133
26083,52220,273,206,134
26084,52222,273,206,134
26085,52224,272,205,133
26086,52226,275,205,132
26087,52228,286,205,133
26088,52230,293,206,134
26089,52232,284,205,134
26090,52234,245,205,132
26091,52236,256,205,133
26092,52238,280,205,133
26093,52240,272,205,134
26094,52242,271,205,132
26095,52244,273,205,132
26096,52246,267,206,133
26097,52248,293,205,133
26098,52250,293,204,131
26099,52252,277,205,133
26100,52254,250,205,132
26101,52256,247,204,131
26102,52258,275,205,132
26103,52260,271,204,132
26104,52262,272,204,132
26105,52264,269,204,132
26106,52266,266,206,132
26107,52268,292,205,135
26108,52270,283,205,132
26109,52272,273,204,133
26110,52274,244,204,132
26111,52276,251,204,133
26112,52278,263,203,131
26113,52280,269,204,132
26114,52282,267,205,130
26115,52284,263,203,132
26116,52286,257,204,132
26117,52288,295,204,133
26118,52290,286,204,132
26119,52292,272,204,132
26120,52294,251,203,131
26121,52296,254,203,133
26122,52298,271,204,131
26123,52300,266,203,130
26124,52302,264,205,130
26125,52304,264,204,130
26126,52306,254,204,131
26127,52308,288,204,131
26128,52310,289,204,129
26129,52312,270,204,130
26130,52314,241,204,128
26131,52316,249,203,129
26132,52318,262,204,130
26133,52320,258,205,130
26134,52322,262,205,127
26135,52324,273,204,130
26136,52326,265,205,129
26137,52328,297,204,129
26138,52330,289,205,130
26139,52332,287,205,129
26140,52334,248,204,128
26141,52336,245,204,128
26142,52338,266,205,129
26143,52340,261,204,126
26144,52342,267,204,128
26145,52344,261,205,127
26146,52346,262,205,127
26147,52348,288,204,127
26148,52350,284,206,127
26149,52352,275,204,126
26150,52354,247,204,125
26151,52356,242,203,124
26152,52358,265,205,125
26153,52360,258,205,126
26154,52362,253,204,126
26155,52364,257,204,127
26156,52366,261,204,125
26157,52368,284,205,127
26158,52370,284,204,125
26159,52372,267,203,125
26160,52374,248,203,126
26161,52376,246,202,127
26162,52378,267,203,125
26163,52380,260,202,122
26164,52382,261,203,123
26165,52384,264,202,124
26166,52386,269,202,123
26167,52388,294,202,122
26168,52390,278,203,122
26169,52392,269,202,122
26170,52394,249,202,122
26171,52396,248,202,120
26172,52398,266,203,121
26173,52400,260,203,120
26174,52402,265,203,120
26175,52404,267,202,119
26176,52406,267,203,120
26177,52408,295,202,121
26178,52410,285,202,119
26179,52412,274,203,123
26180,52414,248,203,121
26181,52416,240,203,121
26182,52418,267,203,120
26183,52420,258,203,122
26184,52422,262,203,121
26185,52424,268,202,121
26186,52426,271,203,122
26187,52428,296,203,121
26188,52430,281,203,121
26189,52432,261,204,122
26190,52434,241,205,120
26191,52436,247,204,123
26192,52438,267,205,122
26193,52440,266,204,123
26194,52442,260,204,121
26195,52444,260,205,122
26196,52446,275,204,119
26197,52448,302,204,122
26198,52450,292,207,120
26199,52452,279,208,122
26200,52454,253,208,125
26201,52456,252,209,125
26202,52458,274,211,123
26203,52460,276,210,122
26204,52462,277,211,123
26205,52464,289,213,121
26206,52466,278,213,121
26207,52468,311,213,123
26208,52470,299,214,121
26209,52472,276,215,124
26210,52474,275,216,125
26211,52476,278,217,130
26212,52478,289,219,129
26213,52480,296,221,145
26214,52482,294,221,145
26215,52484,300,223,147
26216,52486,300,224,147
26217,52488,330,223,146
26218,52490,319,225,148
26219,52492,308,226,148
26220,52494,274,227,149
26221,52496,254,229,149
26222,52498,300,232,150
26223,52500,299,233,152
26224,52502,301,238,153
26225,52504,315,239,156
26226,52506,316,240,156
26227,52508,341,240,172
26228,52510,312,241,178
26229,52512,298,241,178
26230,52514,275,242,177
26231,52516,225,243,182
26232,52518,294,243,183
26233,52520,295,247,188
26234,52522,301,254,188
26235,52524,294,257,187
26236,52526,259,259,189
26237,52528,322,260,190
26238,52530,281,262,192
26239,52532,289,261,192
26240,52534,215,264,188
26241,52536,211,263,191
26242,52538,258,261,189
26243,52540,260,260,189
26244,52542,245,263,188
26245,52544,253,261,185
26246,52546,235,261,183
26247,52548,241,261,182
26248,52550,235,263,184
26249,52552,259,263,181
26250,52554,201,263,174
26251,52556,187,262,168
26252,52558,218,264,164
26253,52560,213,263,151
26254,52562,224,263,143
26255,52564,214,263,135
26256,52566,209,264,116
26257,52568,229,264,117
26258,52570,267,263,114
26259,52572,200,262,113
26260,52574,175,262,109
26261,52576,180,262,113
26262,52578,203,260,111
26263,52580,209,260,107
26264,52582,208,260,101
26265,52584,212,259,101
26266,52586,209,259,99
26267,52588,239,258,88
26268,52590,226,259,89
26269,52592,213,259,87
26270,52594,182,259,83
26271,52596,192,258,82
26272,52598,203,259,80
26273,52600,212,258,76
26274,52602,203,258,70
26275,52604,189,257,57
26276,52606,208,256,46
26277,52608,238,256,42
26278,52610,230,255,41
26279,52612,213,254,41
26280,52614,188,253,41
26281,52616,188,252,41
26282,52618,211,250,42
26283,52620,206,249,41
26284,52622,203,249,40
26285,52624,213,249,42
26286,52626,213,250,41
26287,52628,225,249,39
26288,52630,233,247,40
26289,52632,221,249,41
26290,52634,196,248,40
26291,52636,192,249,43
26292,52638,223,248,41
26293,52640,219,248,41
26294,52642,244,247,41
26295,52644,236,247,42
26296,52646,252,247,40
26297,52648,252,247,39
26298,52650,275,246,41
26299,52652,239,246,41
26300,52654,209,245,41
26301,52656,222,244,40
26302,52658,242,244,40
26303,52660,238,243,41
26304,52662,243,243,42
26305,52664,253,240,40
26306,52666,236,240,41
26307,52668,283,239,41
26308,52670,266,238,40
26309,52672,255,239,42
26310,52674,231,237,39
26311,52676,229,232,42
26312,52678,257,230,40
26313,52680,238,230,40
26314,52682,265,230,41
26315,52684,266,229,40
26316,52686,255,229,40
26317,52688,288,231,38
26318,52690,271,231,41
26319,52692,262,231,41
26320,52694,237,230,40
26321,52696,243,229,40
26322,52698,252,229,41
26323,52700,259,228,40
26324,52702,253,228,40
26325,52704,254,228,43
26326,52706,252,227,40
26327,52708,279,228,41
26328,52710,245,229,41
26329,52712,252,229,40
26330,52714,232,231,39
26331,52716,210,233,41
26332,52718,227,234,41
26333,52720,222,234,42
26334,52722,231,234,40
26335,52724,253,237,41
26336,52726,236,241,39
26337,52728,272,242,41
26338,52730,262,244,41
26339,52732,261,247,41
26340,52734,244,251,42
26341,52736,245,253,41
26342,52738,277,262,43
26343,52740,270,269,42
26344,52742,280,275,43
26345,52744,271,278,61
26346,52746,264,283,65
26347,52748,321,283,69
26348,52750,299,284,80
26349,52752,297,287,84
26350,52754,276,293,85
26351,52756,265,294,98
26352,52758,258,298,100
26353,52760,272,298,98
26354,52762,299,299,101
26355,52764,306,293,102
26356,52766,304,293,107
26357,52768,321,289,103
26358,52770,308,288,106
26359,52772,278,290,105
26360,52774,267,290,107
26361,52776,278,290,109
26362,52778,304,290,112
26363,52780,297,290,114
26364,52782,306,288,114
26365,52784,300,287,115
26366,52786,288,286,117
26367,52788,289,287,120
26368,52790,282,287,127
26369,52792,265,287,136
26370,52794,245,287,138
26371,52796,240,286,142
26372,52798,276,286,150
26373,52800,263,288,155
26374,52802,266,287,149
26375,52804,263,287,154
26376,52806,283,289,163
26377,52808,319,290,186
26378,52810,304,291,198
26379,52812,299,293,195
26380,52814,282,294,195
26381,52816,287,294,198
26382,52818,302,294,195
26383,52820,299,294,192
26384,52822,288,295,195
26385,52824,297,293,198
26386,52826,296,293,204
26387,52828,329,293,203
26388,52830,299,291,200
26389,52832,299,291,201
26390,52834,284,289,197
26391,52836,271,287,196
26392,52838,277,286,195
26393,52840,265,281,196
26394,52842,226,280,185
26395,52844,206,277,190
26396,52846,259,275,187
26397,52848,262,273,181
26398,52850,243,265,179
26399,52852,209,259,178
26400,52854,182,254,174
26401,52856,154,251,163
26402,52858,179,246,165
26403,52860,179,239,158
26404,52862,179,233,158
26405,52864,170,236,139
26406,52866,157,228,128
26407,52868,200,226,104
26408,52870,183,226,103
26409,52872,158,226,103
26410,52874,149,226,99
26411,52876,145,224,98
26412,52878,153,225,96
26413,52880,117,226,100
26414,52882,167,225,95
26415,52884,147,226,90
26416,52886,163,228,89
26417,52888,171,228,89
26418,52890,168,232,87
26419,52892,197,236,86
26420,52894,128,241,89
26421,52896,128,244,91
26422,52898,140,247,97
26423,52900,188,250,103
26424,52902,193,258,106
26425,52904,188,264,108
26426,52906,229,270,114
26427,52908,269,273,142
26428,52910,258,277,149
26429,52912,249,278,165
26430,52914,229,282,176
26431,52916,225,285,183
26432,52918,263,286,183
26433,52920,251,294,199
26434,52922,252,298,209
26435,52924,279,299,215
26436,52926,297,300,234
26437,52928,334,300,239
26438,52930,337,301,234
26439,52932,286,303,239
26440,52934,284,303,239
26441,52936,289,300,239
26442,52938,325,302,237
26443,52940,333,301,236
26444,52942,303,302,236
26445,52944,321,301,235
26446,52946,312,301,238
26447,52948,336,300,240
26448,52950,285,300,238
26449,52952,266,299,240
26450,52954,233,298,235
26451,52956,235,297,233
26452,52958,261,298,229
26453,52960,254,297,229
26454,52962,262,297,234
26455,52964,263,298,233
26456,52966,259,299,235
26457,52968,295,298,239
26458,52970,326,300,241
26459,52972,273,300,242
26460,52974,293,301,240
26461,52976,289,300,241
26462,52978,323,301,246
26463,52980,319,302,247
26464,52982,322,302,251
26465,52984,271,302,252
26466,52986,274,302,255
26467,52988,330,303,252
26468,52990,327,302,251
26469,52992,325,299,253
26470,52994,287,299,256
26471,52996,249,295,255
26472,52998,264,287,259
26473,53000,254,287,258
26474,53002,264,286,261
26475,53004,258,284,259
26476,53006,243,284,258
26477,53008,261,281,257
26478,53010,251,277,254
26479,53012,246,274,252
26480,53014,217,273,251
26481,53016,214,269,248
26482,53018,193,263,243
26483,53020,191,258,240
26484,53022,186,253,230
26485,53024,192,247,227
26486,53026,189,242,223
26487,53028,211,237,221
26488,53030,172,230,218
26489,53032,163,220,216
26490,53034,157,219,209
26491,53036,133,217,204
26492,53038,157,213,198
26493,53040,140,210,195
26494,53042,151,210,194
26495,53044,162,209,187
26496,53046,168,208,182
26497,53048,183,207,179
26498,53050,182,207,179
26499,53052,186,207,179
26500,53054,129,206,178
26501,53056,92,207,177
26502,53058,135,206,172
26503,53060,127,207,161
26504,53062,104,207,138
26505,53064,115,207,138
26506,53066,114,207,137
26507,53068,149,207,134
26508,53070,143,208,132
26509,53072,159,208,131
26510,53074,124,210,126
26511,53076,121,211,117
26512,53078,155,213,115
26513,53080,161,215,114
26514,53082,166,218,111
26515,53084,158,221,112
26516,53086,169,225,112
26517,53088,196,233,113
26518,53090,184,236,111
26519,53092,169,238,111
26520,53094,141,242,109
26521,53096,132,244,109
26522,53098,154,247,109
26523,53100,149,247,108
26524,53102,153,249,109
26525,53104,158,252,109
26526,53106,165,254,108
26527,53108,209,253,107
26528,53110,197,256,107
26529,53112,196,257,106
26530,53114,169,260,105
26531,53116,173,260,106
26532,53118,194,261,107
26533,53120,187,259,102
26534,53122,184,259,104
26535,53124,232,259,103
26536,53126,249,259,96
26537,53128,269,259,97
26538,53130,270,259,97
26539,53132,243,259,97
26540,53134,211,258,95
26541,53136,215,259,95
26542,53138,233,257,97
26543,53140,222,258,97
26544,53142,222,256,97
26545,53144,227,258,95
26546,53146,216,258,94
26547,53148,245,258,96
26548,53150,226,257,95
26549,53152,216,257,96
26550,53154,200,257,96
26551,53156,203,256,98
26552,53158,226,258,96
26553,53160,217,257,99
26554,53162,219,257,100
26555,53164,207,256,100
26556,53166,217,257,98
26557,53168,248,257,100
26558,53170,248,254,98
26559,53172,248,251,98
26560,53174,214,250,98
26561,53176,221,248,95
26562,53178,243,246,95
26563,53180,225,241,93
26564,53182,190,231,94
26565,53184,173,227,94
26566,53186,167,224,93
26567,53188,146,223,92
26568,53190,138,222,92
26569,53192,123,221,91
26570,53194,110,219,83
26571,53196,102,215,77
26572,53198,130,213,74
26573,53200,118,207,71
26574,53202,121,204,53
26575,53204,124,202,48
26576,53206,129,197,44
26577,53208,147,191,39
26578,53210,131,181,38
26579,53212,121,172,37
26580,53214,104,166,39
26581,53216,94,161,37
26582,53218,121,155,37
26583,53220,112,142,38
26584,53222,114,140,37
26585,53224,109,137,37
26586,53226,106,132,37
26587,53228,135,128,37
26588,53230,102,124,36
26589,53232,148,121,38
26590,53234,115,112,35
26591,53236,131,107,36
26592,53238,134,101,35
26593,53240,151,99,34
26594,53242,128,94,34
26595,53244,111,90,35
26596,53246,111,88,33
26597,53248,172,85,35
26598,53250,153,82,36
26599,53252,127,81,35
26600,53254,120,79,34
26601,53256,98,79,35
26602,53258,97,79,35
26603,53260,94,78,34
26604,53262,100,79,37
26605,53264,98,79,35
26606,53266,101,78,36
26607,53268,130,78,35
26608,53270,116,78,35
26609,53272,103,79,35
26610,53274,90,78,34
26611,53276,88,78,35
26612,53278,124,78,33
26613,53280,107,81,35
26614,53282,102,83,35
26615,53284,98,85,35
26616,53286,112,86,34
26617,53288,139,91,36
26618,53290,126,96,35
26619,53292,106,101,36
26620,53294,88,105,36
26621,53296,80,107,36
26622,53298,123,109,35
26623,53300,144,112,36
26624,53302,106,115,36
26625,53304,138,115,37
26626,53306,114,118,36
26627,53308,179,120,37
26628,53310,145,119,36
26629,53312,160,119,36
26630,53314,148,122,39
26631,53316,179,126,36
26632,53318,206,129,36
26633,53320,206,130,38
26634,53322,212,131,36
26635,53324,213,138,37
26636,53326,216,141,37
26637,53328,230,142,37
26638,53330,226,145,37
26639,53332,229,147,37
26640,53334,209,149,38
26641,53336,215,150,37
26642,53338,238,154,38
26643,53340,245,154,37
26644,53342,240,155,38
26645,53344,243,159,37
26646,53346,213,163,42
26647,53348,300,169,61
26648,53350,304,178,73
26649,53352,306,182,79
26650,53354,290,189,85
26651,53356,247,196,91
26652,53358,301,199,93
26653,53360,274,204,97
26654,53362,241,205,103
26655,53364,237,203,106
26656,53366,236,204,117
26657,53368,267,204,124
26658,53370,252,203,125
26659,53372,235,202,126
26660,53374,219,202,126
26661,53376,217,199,118
26662,53378,242,196,109
26663,53380,237,191,102
26664,53382,231,185,96
26665,53384,240,183,73
26666,53386,247,173,47
26667,53388,273,169,60
26668,53390,257,164,39
26669,53392,232,160,38
26670,53394,208,157,54
26671,53396,209,153,74
26672,53398,227,154,78
26673,53400,234,154,82
26674,53402,235,153,84
26675,53404,228,155,88
26676,53406,233,159,88
26677,53408,251,158,88
26678,53410,240,160,86
26679,53412,232,166,75
26680,53414,208,171,73
26681,53416,205,173,67
26682,53418,232,174,69
26683,53420,230,180,71
26684,53422,223,182,68
26685,53424,211,186,72
26686,53426,218,188,79
26687,53428,244,189,84
26688,53430,227,190,83
26689,53432,227,202,88
26690,53434,198,199,87
26691,53436,231,201,93
26692,53438,228,203,104
26693,53440,241,207,105
26694,53442,237,211,110
26695,53444,229,210,119
26696,53446,202,213,123
26697,53448,240,215,130
26698,53450,191,217,130
26699,53452,171,220,131
26700,53454,162,218,130
26701,53456,159,222,128
26702,53458,176,225,137
26703,53460,223,224,138
26704,53462,176,220,142
26705,53464,168,217,143
26706,53466,176,215,141
26707,53468,196,205,140
26708,53470,188,202,139
26709,53472,169,200,138
26710,53474,158,199,139
26711,53476,162,196,141
26712,53478,182,196,138
26713,53480,182,194,136
26714,53482,177,192,122
26715,53484,176,190,123
26716,53486,172,187,123
26717,53488,146,186,118
26718,53490,144,180,117
26719,53492,153,178,103
26720,53494,132,172,91
26721,53496,127,168,90
26722,53498,164,162,91
26723,53500,175,154,87
26724,53502,166,147,82
26725,53504,142,146,76
26726,53506,150,142,68
26727,53508,174,129,65
26728,53510,159,129,61
26729,53512,154,122,53
26730,53514,139,119,48
26731,53516,140,117,37
26732,53518,149,115,36
26733,53520,153,107,35
26734,53522,130,103,35
26735,53524,114,98,35
26736,53526,106,91,36
26737,53528,130,84,35
26738,53530,114,83,36
26739,53532,100,80,35
26740,53534,85,75,35
26741,53536,86,75,34
26742,53538,109,71,35
26743,53540,107,69,35
26744,53542,99,64,35
26745,53544,100,61,35
26746,53546,100,59,35
26747,53548,125,55,34
26748,53550,114,57,35
26749,53552,108,53,33
26750,53554,86,52,34
26751,53556,89,51,35
26752,53558,109,50,34
26753,53560,103,50,34
26754,53562,117,49,34
26755,53564,108,47,34
26756,53566,112,49,35
26757,53568,146,50,34
26758,53570,140,49,34
26759,53572,123,49,34
26760,53574,100,49,33
26761,53576,101,49,32
26762,53578,118,50,34
26763,53580,119,49,34
26764,53582,90,50,34
26765,53584,92,50,33
26766,53586,96,50,34
26767,53588,149,51,34
26768,53590,145,59,35
26769,53592,126,58,34
26770,53594,82,59,33
26771,53596,34,62,33
26772,53598,146,65,35
26773,53600,138,71,35
26774,53602,159,73,34
26775,53604,147,92,34
26776,53606,124,106,37
26777,53608,157,114,35
26778,53610,144,124,37
26779,53612,178,136,38
26780,53614,126,148,38
26781,53616,145,155,37
26782,53618,224,159,38
26783,53620,221,163,39
26784,53622,252,166,38
26785,53624,210,168,38
26786,53626,259,169,37
26787,53628,278,173,39
26788,53630,271,177,39
26789,53632,259,182,39
26790,53634,237,187,40
26791,53636,247,188,37
26792,53638,256,192,58
26793,53640,232,196,68
26794,53642,220,196,74
26795,53644,202,194,80
26796,53646,197,189,83
26797,53648,243,184,79
26798,53650,268,181,83
26799,53652,269,178,71
26800,53654,251,172,64
26801,53656,226,167,38
26802,53658,252,160,38
26803,53660,240,152,38
26804,53662,239,147,62
26805,53664,237,141,78
26806,53666,238,136,82
26807,53668,272,134,92
26808,53670,261,133,91
26809,53672,246,130,89
26810,53674,222,134,90
26811,53676,219,133,89
26812,53678,239,138,90
26813,53680,248,141,89
26814,53682,259,147,89
26815,53684,248,155,89
26816,53686,241,163,93
26817,53688,281,168,96
26818,53690,268,173,97
26819,53692,247,182,99
26820,53694,225,186,100
26821,53696,215,202,113
26822,53698,241,205,123
26823,53700,241,213,133
26824,53702,239,224,144
26825,53704,239,231,148
26826,53706,217,240,155
26827,53708,249,245,167
26828,53710,204,248,168
26829,53712,241,252,184
26830,53714,218,253,188
26831,53716,214,253,191
26832,53718,250,253,193
26833,53720,235,252,194
26834,53722,247,253,194
26835,53724,247,249,190
26836,53726,226,248,192
26837,53728,242,243,189
26838,53730,240,238,184
26839,53732,219,230,181
26840,53734,174,218,176
26841,53736,196,216,167
26842,53738,224,215,156
26843,53740,209,215,131
26844,53742,185,214,118
26845,53744,136,212,105
26846,53746,155,208,99
26847,53748,196,204,92
26848,53750,182,201,93
26849,53752,178,196,88
26850,53754,125,191,88
26851,53756,144,189,84
26852,53758,153,181,73
26853,53760,145,175,69
26854,53762,154,172,64
26855,53764,154,170,60
26856,53766,158,167,46
26857,53768,187,161,38
26858,53770,165,159,39
26859,53772,139,156,38
26860,53774,113,154,38
26861,53776,99,151,37
26862,53778,108,150,37
26863,53780,111,149,37
26864,53782,123,148,38
26865,53784,127,149,35
26866,53786,134,148,36
26867,53788,170,149,37
26868,53790,162,149,38
26869,53792,128,152,38
26870,53794,135,154,37
26871,53796,135,156,39
26872,53798,156,159,38
26873,53800,144,162,37
26874,53802,133,166,38
26875,53804,172,169,39
26876,53806,183,169,37
26877,53808,200,173,39
26878,53810,159,176,37
26879,53812,150,180,39
26880,53814,157,184,38
26881,53816,170,191,38
26882,53818,178,197,40
26883,53820,183,204,39
26884,53822,196,214,41
26885,53824,231,220,39
26886,53826,209,224,41
26887,53828,231,227,41
26888,53830,226,231,41
26889,53832,255,236,41
26890,53834,227,239,40
26891,53836,180,239,41
26892,53838,223,240,41
26893,53840,273,252,42
26894,53842,282,257,42
26895,53844,282,260,57
26896,53846,276,260,63
26897,53848,300,261,70
26898,53850,304,264,80
26899,53852,247,264,80
26900,53854,252,263,84
26901,53856,248,264,84
26902,53858,249,263,83
26903,53860,244,262,84
26904,53862,236,261,86
26905,53864,235,256,83
26906,53866,259,253,82
26907,53868,276,253,83
26908,53870,262,252,79
26909,53872,254,252,82
26910,53874,224,253,80
26911,53876,238,251,82
26912,53878,268,251,78
26913,53880,252,253,80
26914,53882,262,253,81
26915,53884,257,253,80
26916,53886,248,254,81
26917,53888,269,255,91
26918,53890,272,255,92
26919,53892,254,257,93
26920,53894,231,259,96
26921,53896,235,260,102
26922,53898,267,262,106
26923,53900,242,262,105
26924,53902,269,264,106
26925,53904,269,264,109
26926,53906,267,265,109
26927,53908,326,266,115
26928,53910,316,265,114
26929,53912,285,266,116
26930,53914,262,264,118
26931,53916,268,263,118
26932,53918,287,262,118
26933,53920,280,257,117
26934,53922,244,255,115
26935,53924,246,255,115
26936,53926,228,250,116
26937,53928,246,246,114
26938,53930,239,246,110
26939,53932,194,240,113
26940,53934,175,238,110
26941,53936,216,278,155
26942,53938,234,277,152
26943,53940,246,277,152
26944,53942,252,274,151
26945,53944,239,270,149
26946,53946,251,268,146
26947,53948,274,267,141
26948,53950,241,268,141
26949,53952,272,267,137
26950,53954,255,266,138
26951,53956,248,266,137
26952,53958,261,264,138
26953,53960,248,263,135
26954,53962,230,262,134
26955,53964,217,261,136
26956,53966,228,259,134
26957,53968,257,259,134
26958,53970,241,257,135
26959,53972,230,258,137
26960,53974,210,258,134
26961,53976,212,256,135
26962,53978,218,256,134
26963,53980,185,258,134
26964,53982,195,258,134
26965,53984,191,258,136
26966,53986,208,258,138
26967,53988,222,258,139
26968,53990,209,259,141
26969,53992,209,260,141
26970,53994,190,259,142
26971,53996,197,260,146
26972,53998,230,260,146
26973,54000,245,261,147
26974,54002,241,262,149
26975,54004,240,262,147
26976,54006,235,262,150
26977,54008,253,264,154
26978,54010,266,267,154
26979,54012,277,271,159
26980,54014,257,275,167
26981,54016,241,276,172
26982,54018,277,278,171
26983,54020,286,281,176
26984,54022,288,281,181
26985,54024,294,283,178
26986,54026,288,281,177
26987,54028,301,280,180
26988,54030,319,278,176
26989,54032,267,277,173
26990,54034,306,273,179
26991,54036,308,268,176
26992,54038,286,267,179
26993,54040,333,266,184
26994,54042,283,263,183
26995,54044,328,255,187
26996,54046,290,254,191
26997,54048,322,255,192
26998,54050,274,253,195
26999,54052,284,250,192
27000,54054,255,246,188
27001,54056,246,245,192
27002,54058,282,243,193
27003,54060,293,242,191
27004,54062,287,240,190
27005,54064,291,238,188
27006,54066,294,237,185
27007,54068,309,238,185
27008,54070,303,238,185
27009,54072,272,238,184
27010,54074,269,236,183
27011,54076,282,236,182
27012,54078,286,237,183
27013,54080,323,238,183
27014,54082,336,241,186
27015,54084,336,240,188
27016,54086,329,244,194
27017,54088,357,250,193
27018,54090,339,250,193
27019,54092,332,253,195
27020,54094,318,260,191
27021,54096,307,263,194
27022,54098,330,265,192
27023,54100,355,270,191
27024,54102,349,269,191
27025,54104,343,269,197
27026,54106,331,271,200
27027,54108,367,272,201
27028,54110,314,272,200
27029,54112,335,273,204
27030,54114,317,276,204
27031,54116,323,275,207
27032,54118,285,273,204
27033,54120,309,273,207
27034,54122,272,273,220
27035,54124,283,274,222
27036,54126,294,272,223
27037,54128,329,271,220
27038,54130,305,271,223
27039,54132,277,271,221
27040,54134,242,269,220
27041,54136,245,270,222
27042,54138,260,270,217
27043,54140,263,270,218
27044,54142,252,269,220
27045,54144,261,270,221
27046,54146,246,269,222
27047,54148,279,268,218
27048,54150,258,266,221
27049,54152,238,264,220
27050,54154,230,262,219
27051,54156,244,262,220
27052,54158,266,259,219
27053,54160,272,256,216
27054,54162,264,252,214
27055,54164,270,242,213
27056,54166,261,231,209
27057,54168,281,225,215
27058,54170,259,222,213
27059,54172,249,222,205
27060,54174,241,216,196
27061,54176,221,215,195
27062,54178,242,215,194
27063,54180,243,214,194
27064,54182,243,215,184
27065,54184,234,213,179
27066,54186,270,213,178
27067,54188,304,211,173
27068,54190,265,210,174
27069,54192,258,209,172
27070,54194,246,207,173
27071,54196,247,204,172
27072,54198,260,203,170
27073,54200,236,202,170
27074,54202,184,199,167
27075,54204,214,200,168
27076,54206,214,198,164
27077,54208,265,199,163
27078,54210,246,197,163
27079,54212,253,196,162
27080,54214,227,195,160
27081,54216,218,196,159
27082,54218,242,194,158
27083,54220,247,193,155
27084,54222,254,192,157
27085,54224,247,192,158
27086,54226,263,192,156
27087,54228,293,190,157
27088,54230,271,190,157
27089,54232,260,189,157
27090,54234,239,188,155
27091,54236,239,186,154
27092,54238,263,181,153
27093,54240,260,177,154
27094,54242,262,177,158
27095,54244,248,175,153
27096,54246,242,176,151
27097,54248,267,176,150
27098,54250,269,175,149
27099,54252,257,175,151
27100,54254,245,177,153
27101,54256,240,176,150
27102,54258,260,175,150
27103,54260,252,174,146
27104,54262,276,174,145
27105,54264,276,175,146
27106,54266,270,175,145
27107,54268,295,175,143
27108,54270,286,173,141
27109,54272,270,174,130
27110,54274,249,173,128
27111,54276,252,174,127
27112,54278,269,172,129
27113,54280,243,172,126
27114,54282,236,171,127
27115,54284,242,171,128
27116,54286,246,170,130
27117,54288,259,172,127
27118,54290,239,170,125
27119,54292,223,170,124
27120,54294,205,171,128
27121,54296,229,170,126
27122,54298,222,170,124
27123,54300,220,171,126
27124,54302,233,170,126
27125,54304,228,171,128
27126,54306,212,170,127
27127,54308,266,171,128
27128,54310,239,171,129
27129,54312,264,171,128
27130,54314,245,170,128
27131,54316,238,169,127
27132,54318,257,172,129
27133,54320,252,173,130
27134,54322,220,174,129
27135,54324,212,174,130
27136,54326,238,174,128
27137,54328,275,174,129
27138,54330,262,174,130
27139,54332,255,175,130
27140,54334,231,174,131
27141,54336,212,175,131
27142,54338,254,175,133
27143,54340,242,176,131
27144,54342,250,175,132
27145,54344,249,176,132
27146,54346,241,179,133
27147,54348,273,181,143
27148,54350,240,183,142
27149,54352,221,182,143
27150,54354,198,183,143
27151,54356,208,184,141
27152,54358,227,184,143
27153,54360,214,185,145
27154,54362,212,186,146
27155,54364,223,186,148
27156,54366,217,186,151
27157,54368,246,187,151
27158,54370,235,186,152
27159,54372,215,188,153
27160,54374,202,187,152
27161,54376,179,188,152
27162,54378,199,187,152
27163,54380,184,187,154
27164,54382,212,187,155
27165,54384,207,186,154
27166,54386,201,186,154
27167,54388,224,184,153
27168,54390,216,186,154
27169,54392,217,185,155
27170,54394,205,185,156
27171,54396,146,182,154
27172,54398,149,182,156
27173,54400,185,179,155
27174,54402,176,178,153
27175,54404,183,178,151
27176,54406,178,177,152
27177,54408,173,177,152
27178,54410,168,177,141
27179,54412,178,175,139
27180,54414,166,174,139
27181,54416,163,172,139
27182,54418,175,172,141
27183,54420,176,170,138
27184,54422,183,168,137
27185,54424,181,164,137
27186,54426,176,163,135
27187,54428,209,163,133
27188,54430,196,161,129
27189,54432,184,160,129
27190,54434,163,157,128
27191,54436,164,157,122
27192,54438,169,155,120
27193,54440,172,154,121
27194,54442,182,152,117
27195,54444,183,151,112
27196,54446,187,150,111
27197,54448,210,150,111
27198,54450,205,151,111
27199,54452,184,150,109
27200,54454,188,150,111
27201,54456,184,152,110
27202,54458,209,150,109
27203,54460,210,150,110
27204,54462,207,151,109
27205,54464,211,150,107
27206,54466,216,150,107
27207,54468,248,151,106
27208,54470,233,150,106
27209,54472,224,151,104
27210,54474,199,152,103
27211,54476,191,151,103
27212,54478,217,150,102
27213,54480,208,150,102
27214,54482,209,151,103
27215,54484,214,151,103
27216,54486,212,151,101
27217,54488,246,150,101
27218,54490,232,150,101
27219,54492,217,149,103
27220,54494,183,148,102
27221,54496,182,147,102
27222,54498,208,147,102
27223,54500,203,147,103
27224,54502,205,146,102
27225,54504,217,147,101
27226,54506,209,146,101
27227,54508,233,146,100
27228,54510,218,146,103
27229,54512,196,146,99
27230,54514,173,146,102
27231,54516,176,145,100
27232,54518,179,145,100
27233,54520,181,145,100
27234,54522,215,144,100
27235,54524,221,145,99
27236,54526,214,144,101
27237,54528,265,144,100
27238,54530,258,144,101
27239,54532,229,145,101
27240,54534,212,145,102
27241,54536,206,145,102
27242,54538,219,145,102
27243,54540,208,145,103
27244,54542,216,145,100
27245,54544,218,145,102
27246,54546,220,145,102
27247,54548,248,145,104
27248,54550,252,147,102
27249,54552,232,147,101
27250,54554,218,147,102
27251,54556,216,147,103
27252,54558,233,147,102
27253,54560,235,148,104
27254,54562,243,147,103
27255,54564,249,147,103
27256,54566,232,147,104
27257,54568,248,149,104
27258,54570,240,149,103
27259,54572,227,149,104
27260,54574,204,150,105
27261,54576,204,151,105
27262,54578,243,151,105
27263,54580,217,152,105
27264,54582,219,154,104
27265,54584,229,153,103
27266,54586,234,155,105
27267,54588,257,158,105
27268,54590,242,160,104
27269,54592,231,160,105
27270,54594,211,158,104
27271,54596,218,161,105
27272,54598,236,160,105
27273,54600,235,162,105
27274,54602,241,163,103
27275,54604,232,163,104
27276,54606,239,166,91
27277,54608,272,165,105
27278,54610,250,166,92
27279,54612,230,165,92
27280,54614,215,167,91
27281,54616,222,167,91
27282,54618,226,167,91
27283,54620,243,168,92
27284,54622,247,169,91
27285,54624,228,170,91
27286,54626,240,170,91
27287,54628,268,170,91
27288,54630,253,171,91
27289,54632,238,171,92
27290,54634,226,169,91
27291,54636,217,171,90
27292,54638,233,171,91
27293,54640,234,172,91
27294,54642,238,172,90
27295,54644,231,172,90
27296,54646,232,173,90
27297,54648,254,173,88
27298,54650,244,173,89
27299,54652,225,174,90
27300,54654,207,175,90
27301,54656,205,178,90
27302,54658,218,179,90
27303,54660,223,180,90
27304,54662,222,181,92
27305,54664,229,181,91
27306,54666,222,182,89
27307,54668,244,184,92
27308,54670,232,186,92
27309,54672,226,186,91
27310,54674,220,186,92
27311,54676,213,189,90
27312,54678,235,190,91
27313,54680,235,191,92
27314,54682,244,191,91
27315,54684,241,193,91
27316,54686,232,195,91
27317,54688,262,195,91
27318,54690,252,196,92
27319,54692,243,196,91
27320,54694,222,197,94
27321,54696,224,197,96
27322,54698,233,198,97
27323,54700,234,198,96
27324,54702,223,199,96
27325,54704,233,198,97
27326,54706,237,198,95
27327,54708,257,200,95
27328,54710,241,199,94
27329,54712,188,199,94
27330,54714,175,199,93
27331,54716,153,200,93
27332,54718,175,200,94
27333,54720,197,198,91
27334,54722,207,198,88
27335,54724,187,198,87
27336,54726,190,198,82
27337,54728,214,198,82
27338,54730,205,194,83
27339,54732,198,193,84
27340,54734,190,197,82
27341,54736,193,197,82
27342,54738,171,196,78
27343,54740,177,198,82
27344,54742,172,193,83
27345,54744,162,195,81
27346,54746,150,195,82
27347,54748,167,194,83
27348,54750,151,194,82
27349,54752,164,193,83
27350,54754,146,192,82
27351,54756,137,196,82
27352,54758,155,193,83
27353,54760,144,195,84
27354,54762,126,193,82
27355,54764,111,193,82
27356,54766,114,193,83
27357,54768,152,193,83
27358,54770,138,191,80
27359,54772,186,191,82
27360,54774,175,192,82
27361,54776,181,191,82
27362,54778,193,192,83
27363,54780,198,197,82
27364,54782,190,191,82
27365,54784,198,191,83
27366,54786,192,192,82
27367,54788,221,193,82
27368,54790,207,192,82
27369,54792,189,192,82
27370,54794,188,192,82
27371,54796,178,192,81
27372,54798,195,193,83
27373,54800,193,193,81
27374,54802,195,194,82
27375,54804,212,194,82
27376,54806,224,195,82
27377,54808,239,194,82
27378,54810,220,195,82
27379,54812,222,195,86
27380,54814,216,195,89
27381,54816,212,194,86
27382,54818,216,194,87
27383,54820,206,193,88
27384,54822,214,193,90
27385,54824,205,194,91
27386,54826,209,193,91
27387,54828,235,194,98
27388,54830,225,193,100
27389,54832,208,192,101
27390,54834,197,192,101
27391,54836,204,193,104
27392,54838,218,190,103
27393,54840,214,191,104
27394,54842,211,191,106
27395,54844,208,191,107
27396,54846,206,191,106
27397,54848,234,191,107
27398,54850,218,191,108
27399,54852,215,192,109
27400,54854,200,191,109
27401,54856,204,190,109
27402,54858,215,191,108
27403,54860,225,191,109
27404,54862,216,191,111
27405,54864,221,191,110
27406,54866,210,191,111
27407,54868,238,191,112
27408,54870,225,193,114
27409,54872,216,194,119
27410,54874,202,194,118
27411,54876,200,194,119
27412,54878,216,195,119
27413,54880,211,195,120
27414,54882,226,195,118
27415,54884,214,196,121
27416,54886,209,196,120
27417,54888,241,195,120
27418,54890,226,196,121
27419,54892,227,195,122
27420,54894,203,197,119
27421,54896,205,195,121
27422,54898,215,195,121
27423,54900,223,195,120
27424,54902,217,196,118
27425,54904,218,195,120
27426,54906,215,196,120
27427,54908,242,197,123
27428,54910,212,196,120
27429,54912,208,195,121
27430,54914,209,195,120
27431,54916,206,195,118
27432,54918,223,194,120
27433,54920,220,195,118
27434,54922,213,196,120
27435,54924,220,195,119
27436,54926,218,195,121
27437,54928,243,195,119
27438,54930,232,194,119
27439,54932,213,195,120
27440,54934,197,195,119
27441,54936,204,194,117
27442,54938,222,195,117
27443,54940,223,194,119
27444,54942,223,195,115
27445,54944,215,194,114
27446,54946,218,194,116
27447,54948,236,195,112
27448,54950,233,195,106
27449,54952,220,195,108
27450,54954,195,196,109
27451,54956,203,197,107
27452,54958,221,197,106
27453,54960,221,197,107
27454,54962,223,198,105
27455,54964,235,197,104
27456,54966,226,197,103
27457,54968,251,197,101
27458,54970,240,198,103
27459,54972,231,198,100
27460,54974,215,198,99
27461,54976,220,199,101
27462,54978,229,198,99
27463,54980,230,200,98
27464,54982,225,199,99
27465,54984,235,199,98
27466,54986,231,199,98
27467,54988,253,200,92
27468,54990,239,200,94
27469,54992,235,200,95
27470,54994,218,200,96
27471,54996,219,200,95
27472,54998,234,200,92
27473,55000,235,201,92
27474,55002,234,201,91
27475,55004,225,201,92
27476,55006,238,201,93
27477,55008,257,202,93
27478,55010,250,201,92
27479,55012,241,202,91
27480,55014,215,203,91
27481,55016,216,203,92
27482,55018,232,202,92
27483,55020,231,201,91
27484,55022,224,203,92
27485,55024,240,202,92
27486,55026,244,202,92
27487,55028,270,202,92
27488,55030,257,203,92
27489,55032,247,202,92
27490,55034,217,203,92
27491,55036,214,204,92
27492,55038,225,204,92
27493,55040,228,205,91
27494,55042,246,206,92
27495,55044,260,206,92
27496,55046,247,205,92
27497,55048,284,206,92
27498,55050,270,207,96
27499,55052,255,207,97
27500,55054,236,207,97
27501,55056,236,208,96
27502,55058,259,208,96
27503,55060,258,212,96
27504,55062,260,214,98
27505,55064,255,215,100
27506,55066,248,216,99
27507,55068,292,217,101
27508,55070,276,217,98
27509,55072,258,216,102
27510,55074,242,218,102
27511,55076,241,218,102
27512,55078,259,220,102
27513,55080,250,222,105
27514,55082,258,223,107
27515,55084,253,223,105
27516,55086,258,224,104
27517,55088,284,225,106
27518,55090,260,225,105
27519,55092,244,225,109
27520,55094,219,225,108
27521,55096,212,225,108
27522,55098,183,226,108
27523,55100,170,225,108
27524,55102,183,226,108
27525,55104,182,226,109
27526,55106,175,227,111
27527,55108,215,226,109
27528,55110,223,227,111
27529,55112,213,227,111
27530,55114,184,226,109
27531,55116,189,226,109
27532,55118,196,226,110
27533,55120,195,226,110
27534,55122,207,226,108
27535,55124,206,225,108
27536,55126,196,225,108
27537,55128,223,225,108
27538,55130,216,225,106
27539,55132,182,225,102
27540,55134,169,225,100
27541,55136,181,225,100
27542,55138,199,224,97
27543,55140,194,223,90
27544,55142,196,223,89
27545,55144,201,222,91
27546,55146,198,221,89
27547,55148,225,220,89
27548,55150,213,218,90
27549,55152,198,216,90
27550,55154,177,213,89
27551,55156,181,212,87
27552,55158,199,212,88
27553,55160,192,210,86
27554,55162,192,205,84
27555,55164,195,203,84
27556,55166,204,202,82
27557,55168,227,201,83
27558,55170,217,200,82
27559,55172,201,200,82
27560,55174,183,199,82
27561,55176,173,197,82
27562,55178,194,196,82
27563,55180,195,196,81
27564,55182,197,196,82
27565,55184,200,196,82
27566,55186,197,195,82
27567,55188,228,194,82
27568,55190,213,194,81
27569,55192,202,194,81
27570,55194,180,193,82
27571,55196,177,193,81
27572,55198,199,193,82
27573,55200,197,193,82
27574,55202,200,192,80
27575,55204,204,192,82
27576,55206,201,192,82
27577,55208,225,193,80
27578,55210,215,192,82
27579,55212,200,192,83
27580,55214,177,190,81
27581,55216,177,191,82
27582,55218,195,190,81
27583,55220,220,191,82
27584,55222,222,191,82
27585,55224,233,191,82
27586,55226,225,190,82
27587,55228,251,190,84
27588,55230,239,189,81
27589,55232,234,189,82
27590,55234,216,188,80
27591,55236,217,188,81
27592,55238,222,188,82
27593,55240,218,186,80
27594,55242,226,187,81
27595,55244,232,187,81
27596,55246,224,187,82
27597,55248,251,187,82
27598,55250,234,186,80
27599,55252,249,185,82
27600,55254,231,187,80
27601,55256,231,187,81
27602,55258,247,187,80
27603,55260,250,188,81
27604,55262,251,187,81
27605,55264,252,187,81
27606,55266,255,186,82
27607,55268,279,187,82
27608,55270,264,187,81
27609,55272,250,186,81
27610,55274,235,187,81
27611,55276,241,187,84
27612,55278,248,187,83
27613,55280,256,188,81
27614,55282,254,188,82
27615,55284,252,188,80
27616,55286,253,188,80
27617,55288,279,189,82
27618,55290,261,189,82
27619,55292,257,188,81
27620,55294,242,188,81
27621,55296,243,189,82
27622,55298,262,188,81
27623,55300,263,188,81
27624,55302,258,189,81
27625,55304,253,190,82
27626,55306,259,190,83
27627,55308,279,192,83
27628,55310,266,192,82
27629,55312,257,193,83
27630,55314,238,194,80
27631,55316,243,195,84
27632,55318,250,195,85
27633,55320,252,196,87
27634,55322,254,196,83
27635,55324,263,197,86
27636,55326,255,198,88
27637,55328,276,199,88
27638,55330,261,201,88
27639,55332,245,200,88
27640,55334,236,199,88
27641,55336,245,200,88
27642,55338,257,201,89
27643,55340,251,202,90
27644,55342,257,201,91
27645,55344,262,202,102
27646,55346,256,202,105
27647,55348,288,202,100
27648,55350,268,202,104
27649,55352,266,203,105
27650,55354,243,202,103
27651,55356,245,203,103
27652,55358,253,203,104
27653,55360,262,202,104
27654,55362,264,202,107
27655,55364,260,202,103
27656,55366,249,203,105
27657,55368,281,202,104
27658,55370,264,202,104
27659,55372,276,202,103
27660,55374,266,202,103
27661,55376,263,203,104
27662,55378,278,202,104
27663,55380,273,202,104
27664,55382,269,202,103
27665,55384,255,202,104
27666,55386,272,202,89
27667,55388,291,202,88
27668,55390,296,201,91
27669,55392,277,202,88
27670,55394,267,205,89
27671,55396,266,206,88
27672,55398,278,206,89
27673,55400,277,208,90
27674,55402,228,209,87
27675,55404,267,209,89
27676,55406,246,208,88
27677,55408,247,210,88
27678,55410,269,209,88
27679,55412,257,209,85
27680,55414,248,209,87
27681,55416,253,210,88
27682,55418,266,203,87
27683,55420,274,206,86
27684,55422,276,207,102
27685,55424,271,207,104
27686,55426,275,206,102
27687,55428,262,206,103
27688,55430,253,204,107
27689,55432,238,204,108
27690,55434,221,204,107
27691,55436,233,204,108
27692,55438,229,205,111
27693,55440,228,204,111
27694,55442,220,202,108
27695,55444,222,201,114
27696,55446,216,201,113
27697,55448,242,199,113
27698,55450,227,200,113
27699,55452,222,199,113
27700,55454,212,194,111
27701,55456,224,191,110
27702,55458,204,189,108
27703,55460,219,187,109
27704,55462,225,187,108
27705,55464,222,183,108
27706,55466,218,182,105
27707,55468,241,181,105
27708,55470,225,180,103
27709,55472,207,178,103
27710,55474,208,175,84
27711,55476,212,173,85
27712,55478,220,176,83
27713,55480,213,176,82
27714,55482,221,175,82
27715,55484,214,176,80
27716,55486,212,173,80
27717,55488,240,173,81
27718,55490,234,173,81
27719,55492,246,173,81
27720,55494,242,176,81
27721,55496,251,171,80
27722,55498,259,170,81
27723,55500,275,167,82
27724,55502,263,166,81
27725,55504,267,162,81
27726,55506,250,162,80
27727,55508,272,162,80
27728,55510,250,160,81
27729,55512,270,162,81
27730,55514,262,162,81
27731,55516,252,160,79
27732,55518,261,160,82
27733,55520,268,159,80
27734,55522,265,158,80
27735,55524,266,158,80
27736,55526,253,158,80
27737,55528,272,157,81
27738,55530,257,156,80
27739,55532,253,155,81
27740,55534,228,153,80
27741,55536,222,155,80
27742,55538,254,153,80
27743,55540,221,153,81
27744,55542,240,153,81
27745,55544,218,152,80
27746,55546,217,153,80
27747,55548,288,150,80
27748,55550,253,150,80
27749,55552,245,150,80
27750,55554,234,149,80
27751,55556,266,149,80
27752,55558,274,149,79
27753,55560,275,149,81
27754,55562,279,146,80
27755,55564,265,147,80
27756,55566,267,147,80
27757,55568,299,146,81
27758,55570,268,146,81
27759,55572,269,145,80
27760,55574,251,145,80
27761,55576,260,142,79
27762,55578,272,142,79
27763,55580,271,141,80
27764,55582,273,140,79
27765,55584,269,140,80
27766,55586,261,139,80
27767,55588,298,139,79
27768,55590,283,136,80
27769,55592,272,135,80
27770,55594,251,133,79
27771,55596,259,130,79
27772,55598,273,128,79
27773,55600,240,129,79
27774,55602,212,129,81
27775,55604,214,126,79
27776,55606,205,125,80
27777,55608,227,123,80
27778,55610,189,124,79
27779,55612,214,122,79
27780,55614,157,121,80
27781,55616,186,121,79
27782,55618,182,120,80
27783,55620,173,119,80
27784,55622,168,118,79
27785,55624,195,119,79
27786,55626,187,118,80
27787,55628,204,117,80
27788,55630,199,116,79
27789,55632,191,116,79
27790,55634,172,116,79
27791,55636,182,115,79
27792,55638,193,114,79
27793,55640,192,112,79
27794,55642,184,114,79
27795,55644,191,112,79
27796,55646,180,114,78
27797,55648,206,112,78
27798,55650,245,114,80
27799,55652,236,116,78
27800,55654,217,116,79
27801,55656,219,119,79
27802,55658,230,123,80
27803,55660,229,125,79
27804,55662,210,127,79
27805,55664,215,133,80
27806,55666,216,137,80
27807,55668,243,140,79
27808,55670,235,145,80
27809,55672,217,148,79
27810,55674,197,151,81
27811,55676,210,153,80
27812,55678,242,154,80
27813,55680,231,157,81
27814,55682,245,158,81
27815,55684,245,160,80
27816,55686,235,167,81
27817,55688,262,169,82
27818,55690,264,172,81
27819,55692,256,173,81
27820,55694,232,174,81
27821,55696,238,173,81
27822,55698,239,174,80
27823,55700,241,173,81
27824,55702,241,176,81
27825,55704,238,176,81
27826,55706,239,177,81
27827,55708,248,178,82
27828,55710,244,179,80
27829,55712,225,178,81
27830,55714,197,177,79
27831,55716,187,178,81
27832,55718,217,179,81
27833,55720,206,179,81
27834,55722,222,180,81
27835,55724,219,181,82
27836,55726,217,182,81
27837,55728,245,183,81
27838,55730,228,182,81
27839,55732,229,183,82
27840,55734,195,183,80
27841,55736,199,185,82
27842,55738,215,187,81
27843,55740,214,189,81
27844,55742,216,190,82
27845,55744,216,192,82
27846,55746,213,193,81
27847,55748,249,193,82
27848,55750,222,193,81
27849,55752,207,194,81
27850,55754,180,194,82
27851,55756,188,194,81
27852,55758,219,194,81
27853,55760,201,194,82
27854,55762,139,194,82
27855,55764,140,195,82
27856,55766,142,195,81
27857,55768,175,196,82
27858,55770,154,195,82
27859,55772,148,195,81
27860,55774,112,196,81
27861,55776,122,200,82
27862,55778,140,206,82
27863,55780,141,207,82
27864,55782,141,207,82
27865,55784,144,208,83
27866,55786,141,209,82
27867,55788,184,210,83
27868,55790,162,212,83
27869,55792,147,212,82
27870,55794,201,214,82
27871,55796,216,214,83
27872,55798,227,215,87
27873,55800,231,216,93
27874,55802,215,216,95
27875,55804,220,217,103
27876,55806,215,219,116
27877,55808,248,220,133
27878,55810,229,221,139
27879,55812,220,221,146
27880,55814,194,222,144
27881,55816,201,222,145
27882,55818,214,224,151
27883,55820,223,225,156
27884,55822,230,226,160
27885,55824,228,226,162
27886,55826,240,227,163
27887,55828,276,229,162
27888,55830,267,229,162
27889,55832,258,229,165
27890,55834,227,229,167
27891,55836,239,230,160
27892,55838,258,231,162
27893,55840,253,231,160
27894,55842,254,231,155
27895,55844,254,232,156
27896,55846,241,231,156
27897,55848,273,230,160
27898,55850,250,230,161
27899,55852,246,232,161
27900,55854,216,230,159
27901,55856,237,232,158
27902,55858,251,233,156
27903,55860,224,236,157
27904,55862,246,238,153
27905,55864,246,240,156
27906,55866,234,241,153
27907,55868,260,244,156
27908,55870,272,245,157
27909,55872,261,249,157
27910,55874,246,250,158
27911,55876,251,249,160
27912,55878,266,253,163
27913,55880,258,254,161
27914,55882,260,261,169
27915,55884,247,265,168
27916,55886,255,265,170
27917,55888,296,270,174
27918,55890,289,275,175
27919,55892,274,280,180
27920,55894,248,289,184
27921,55896,249,293,184
27922,55898,284,299,186
27923,55900,297,305,189
27924,55902,291,310,192
27925,55904,305,315,188
27926,55906,301,318,196
27927,55908,304,321,197
27928,55910,332,323,195
27929,55912,303,326,200
27930,55914,295,327,223
27931,55916,303,330,224
27932,55918,298,333,226
27933,55920,309,338,237
27934,55922,317,341,237
27935,55924,326,343,237
27936,55926,313,343,240
27937,55928,339,347,244
27938,55930,331,348,255
27939,55932,321,349,255
27940,55934,297,349,257
27941,55936,308,352,257
27942,55938,319,351,261
27943,55940,327,351,260
27944,55942,322,351,258
27945,55944,325,351,264
27946,55946,315,351,262
27947,55948,344,351,259
27948,55950,329,349,259
27949,55952,338,349,258
27950,55954,319,348,256
27951,55956,304,349,255
27952,55958,316,349,256
27953,55960,326,348,253
27954,55962,312,346,251
27955,55964,288,345,248
27956,55966,292,345,249
27957,55968,290,343,251
27958,55970,248,342,249
27959,55972,262,341,248
27960,55974,182,340,250
27961,55976,209,340,249
27962,55978,184,338,246
27963,55980,236,339,250
27964,55982,228,338,249
27965,55984,241,339,255
27966,55986,261,341,252
27967,55988,270,341,249
27968,55990,254,340,250
27969,55992,308,340,250
27970,55994,243,341,246
27971,55996,256,343,249
27972,55998,249,345,248
27973,56000,248,346,248
27974,56002,241,349,247
27975,56004,268,351,249
27976,56006,274,353,245
27977,56008,308,358,242
27978,56010,322,360,231
27979,56012,323,361,225
27980,56014,286,362,233
27981,56016,238,365,221
27982,56018,250,366,200
27983,56020,251,368,194
27984,56022,254,368,189
27985,56024,261,368,184
27986,56026,233,369,177
27987,56028,263,368,164
27988,56030,276,365,158
27989,56032,262,364,149
27990,56034,220,359,144
27991,56036,281,358,140
27992,56038,255,358,148
27993,56040,267,357,158
27994,56042,298,356,158
27995,56044,296,352,157
27996,56046,295,348,156
27997,56048,328,346,153
27998,56050,347,344,152
27999,56052,352,343,155
28000,56054,347,340,162
28001,56056,339,339,162
28002,56058,384,338,159
28003,56060,388,336,158
28004,56062,374,332,155
28005,56064,380,332,156
28006,56066,379,327,154
28007,56068,401,325,156
28008,56070,377,320,158
28009,56072,381,317,156
28010,56074,348,311,160
28011,56076,370,308,160
28012,56078,387,304,159
28013,56080,393,302,160
28014,56082,378,301,158
28015,56084,374,299,160
28016,56086,350,299,159
28017,56088,353,303,158
28018,56090,367,304,159
28019,56092,377,306,157
28020,56094,353,310,157
28021,56096,357,312,158
28022,56098,364,313,158
28023,56100,374,314,155
28024,56102,370,318,154
28025,56104,366,319,154
28026,56106,357,322,152
28027,56108,387,323,160
28028,56110,373,324,167
28029,56112,362,326,170
28030,56114,353,326,180
28031,56116,370,325,181
28032,56118,370,328,189
28033,56120,362,330,191
28034,56122,341,330,195
28035,56124,308,331,197
28036,56126,328,331,199
28037,56128,368,331,224
28038,56130,337,332,226
28039,56132,316,333,246
28040,56134,329,332,259
28041,56136,320,331,262
28042,56138,346,330,266
28043,56140,338,330,272
28044,56142,356,329,271
28045,56144,308,329,276
28046,56146,309,327,280
28047,56148,331,326,280
28048,56150,299,326,282
28049,56152,306,324,284
28050,56154,271,325,285
28051,56156,276,323,289
28052,56158,274,322,291
28053,56160,271,322,292
28054,56162,282,321,291
28055,56164,274,321,295
28056,56166,262,321,295
28057,56168,288,321,296
28058,56170,225,321,299
28059,56172,219,323,302
28060,56174,222,323,305
28061,56176,234,324,306
28062,56178,262,325,307
28063,56180,247,326,308
28064,56182,250,328,308
28065,56184,246,328,307
28066,56186,238,329,308
28067,56188,290,332,310
28068,56190,258,332,310
28069,56192,253,336,312
28070,56194,227,336,311
28071,56196,237,338,312
28072,56198,250,339,313
28073,56200,282,341,310
28074,56202,276,342,309
28075,56204,270,343,307
28076,56206,259,343,304
28077,56208,299,344,304
28078,56210,280,343,295
28079,56212,260,346,290
28080,56214,256,347,288
28081,56216,303,347,285
28082,56218,304,347,279
28083,56220,345,347,275
28084,56222,368,348,272
28085,56224,360,347,268
28086,56226,328,345,262
28087,56228,404,343,253
28088,56230,377,342,249
28089,56232,335,341,245
28090,56234,285,339,235
28091,56236,301,338,236
28092,56238,304,337,236
28093,56240,317,337,235
28094,56242,347,336,236
28095,56244,348,334,236
28096,56246,347,332,237
28097,56248,385,331,236
28098,56250,369,332,234
28099,56252,325,330,237
28100,56254,256,328,237
28101,56256,276,331,240
28102,56258,299,327,241
28103,56260,304,329,243
28104,56262,328,328,245
28105,56264,319,328,246
28106,56266,318,329,249
28107,56268,318,328,250
28108,56270,312,329,250
28109,56272,318,330,252
28110,56274,308,330,254
28111,56276,331,331,251
28112,56278,341,333,253
28113,56280,358,332,256
28114,56282,351,333,266
28115,56284,356,335,269
28116,56286,348,335,271
28117,56288,372,336,277
28118,56290,349,336,277
28119,56292,337,339,280
28120,56294,313,338,285
28121,56296,325,340,284
28122,56298,348,340,287
28123,56300,327,340,291
28124,56302,330,340,291
28125,56304,340,341,293
28126,56306,329,341,294
28127,56308,371,340,294
28128,56310,286,338,294
28129,56312,299,337,298
28130,56314,285,336,301
28131,56316,297,335,301
28132,56318,293,333,303
28133,56320,267,331,301
28134,56322,321,330,304
28135,56324,307,323,302
28136,56326,302,320,303
28137,56328,327,319,304
28138,56330,300,317,308
28139,56332,294,316,307
28140,56334,271,313,302
28141,56336,289,312,303
28142,56338,285,310,303
28143,56340,283,310,304
28144,56342,295,308,306
28145,56344,290,307,308
28146,56346,260,306,308
28147,56348,276,304,303
28148,56350,273,304,304
28149,56352,267,305,308
28150,56354,251,305,309
28151,56356,259,305,312
28152,56358,258,305,315
28153,56360,265,305,316
28154,56362,263,305,309
28155,56364,266,305,315
28156,56366,268,306,317
28157,56368,275,306,316
28158,56370,275,306,314
28159,56372,262,307,312
28160,56374,191,307,313
28161,56376,196,306,313
28162,56378,221,308,314
28163,56380,223,309,314
28164,56382,244,309,311
28165,56384,247,309,312
28166,56386,244,311,314
28167,56388,267,311,313
28168,56390,262,312,315
28169,56392,254,314,314
28170,56394,223,315,315
28171,56396,230,317,316
28172,56398,242,318,318
28173,56400,251,319,316
28174,56402,250,320,316
28175,56404,273,321,316
28176,56406,257,325,314
28177,56408,292,330,314
28178,56410,266,332,313
28179,56412,260,331,312
28180,56414,236,333,310
28181,56416,240,334,311
28182,56418,258,334,309
28183,56420,304,335,312
28184,56422,327,336,310
28185,56424,334,336,308
28186,56426,342,336,308
28187,56428,346,336,306
28188,56430,341,336,307
28189,56432,326,335,303
28190,56434,300,335,301
28191,56436,300,335,301
28192,56438,321,333,299
28193,56440,310,332,295
28194,56442,274,331,294
28195,56444,327,327,287
28196,56446,331,324,283
28197,56448,374,321,275
28198,56450,363,316,272
28199,56452,329,311,268
28200,56454,288,310,269
28201,56456,336,304,268
28202,56458,337,298,266
28203,56460,330,297,266
28204,56462,345,293,263
28205,56464,350,293,267
28206,56466,364,291,267
28207,56468,385,291,266
28208,56470,366,291,268
28209,56472,358,291,269
28210,56474,321,292,270
28211,56476,344,292,277
28212,56478,367,293,284
28213,56480,351,293,284
28214,56482,353,294,289
28215,56484,362,295,293
28216,56486,361,297,295
28217,56488,386,302,297
28218,56490,369,302,300
28219,56492,360,304,301
28220,56494,324,305,300
28221,56496,339,308,305
28222,56498,330,308,304
28223,56500,338,309,310
28224,56502,339,308,318
28225,56504,328,309,320
28226,56506,326,310,322
28227,56508,350,311,325
28228,56510,344,310,327
28229,56512,324,311,326
28230,56514,288,309,325
28231,56516,288,310,326
28232,56518,336,309,328
28233,56520,329,309,327
28234,56522,319,309,325
28235,56524,288,308,323
28236,56526,309,308,323
28237,56528,290,308,323
28238,56530,296,306,324
28239,56532,270,306,321
28240,56534,245,305,319
28241,56536,247,304,319
28242,56538,243,303,318
28243,56540,261,302,314
28244,56542,281,302,315
28245,56544,246,301,314
28246,56546,242,301,313
28247,56548,303,301,307
28248,56550,284,301,307
28249,56552,274,301,308
28250,56554,249,303,306
28251,56556,276,303,307
28252,56558,290,303,308
28253,56560,284,305,307
28254,56562,283,305,307
28255,56564,299,306,307
28256,56566,299,306,307
28257,56568,319,307,308
28258,56570,308,308,307
28259,56572,302,310,306
28260,56574,228,312,307
28261,56576,275,313,308
28262,56578,301,315,309
28263,56580,294,317,308
28264,56582,304,318,310
28265,56584,314,322,310
28266,56586,307,323,310
28267,56588,346,326,309
28268,56590,314,327,312
28269,56592,315,328,310
28270,56594,286,330,310
28271,56596,298,332,311
28272,56598,309,332,313
28273,56600,314,333,312
28274,56602,306,334,312
28275,56604,324,335,316
28276,56606,328,337,320
28277,56608,343,337,321
28278,56610,314,338,323
28279,56612,307,339,324
28280,56614,264,340,321
28281,56616,274,342,326
28282,56618,281,342,326
28283,56620,310,343,328
28284,56622,338,344,328
28285,56624,305,344,327
28286,56626,343,344,330
28287,56628,352,345,330
28288,56630,342,345,333
28289,56632,338,346,334
28290,56634,312,347,333
28291,56636,333,346,334
28292,56638,334,346,331
28293,56640,300,346,332
28294,56642,337,346,335
28295,56644,337,346,335
28296,56646,336,346,334
28297,56648,356,347,337
28298,56650,324,346,334
28299,56652,326,347,332
28300,56654,316,345,334
28301,56656,320,347,334
28302,56658,336,347,333
28303,56660,331,347,333
28304,56662,337,347,332
28305,56664,326,348,333
28306,56666,338,348,333
28307,56668,368,349,333
28308,56670,342,349,334
28309,56672,326,349,333
28310,56674,296,347,333
28311,56676,312,348,333
28312,56678,333,349,333
28313,56680,336,348,332
28314,56682,338,348,334
28315,56684,348,348,331
28316,56686,343,349,331
28317,56688,359,349,331
28318,56690,343,349,331
28319,56692,333,349,330
28320,56694,310,348,333
28321,56696,319,348,332
28322,56698,313,346,331
28323,56700,303,346,329
28324,56702,278,343,328
28325,56704,281,342,327
28326,56706,302,340,328
28327,56708,323,339,329
28328,56710,315,337,326
28329,56712,296,335,325
28330,56714,265,334,324
28331,56716,279,327,322
28332,56718,304,324,316
28333,56720,310,324,316
28334,56722,294,324,315
28335,56724,293,324,319
28336,56726,269,323,316
28337,56728,300,322,313
28338,56730,279,321,315
28339,56732,273,322,314
28340,56734,241,321,310
28341,56736,262,321,305
28342,56738,272,320,303
28343,56740,267,319,301
28344,56742,260,320,298
28345,56744,251,320,299
28346,56746,276,320,299
28347,56748,257,321,300
28348,56750,286,320,301
28349,56752,290,321,299
28350,56754,265,321,297
28351,56756,275,322,300
28352,56758,279,322,301
28353,56760,293,323,302
28354,56762,279,324,301
28355,56764,295,328,304
28356,56766,293,331,304
28357,56768,331,334,305
28358,56770,310,335,303
28359,56772,307,338,306
28360,56774,280,338,307
28361,56776,294,340,304
28362,56778,317,341,305
28363,56780,298,343,308
28364,56782,298,345,308
28365,56784,306,346,308
28366,56786,294,348,310
28367,56788,363,348,311
28368,56790,318,348,314
28369,56792,322,349,313
28370,56794,277,349,315
28371,56796,317,349,315
28372,56798,343,349,316
28373,56800,335,349,313
28374,56802,346,350,315
28375,56804,346,350,313
28376,56806,350,348,310
28377,56808,338,348,308
28378,56810,358,348,305
28379,56812,348,349,306
28380,56814,320,348,308
28381,56816,341,349,309
28382,56818,361,347,307
28383,56820,351,349,309
28384,56822,347,348,309
28385,56824,347,346,309
28386,56826,353,348,306
28387,56828,375,348,310
28388,56830,350,348,310
28389,56832,348,348,310
28390,56834,327,348,311
28391,56836,336,345,311
28392,56838,345,348,311
28393,56840,340,348,311
28394,56842,343,349,313
28395,56844,340,349,313
28396,56846,349,348,313
28397,56848,369,349,312
28398,56850,348,349,312
28399,56852,335,349,316
28400,56854,300,349,318
28401,56856,334,349,317
28402,56858,356,349,318
28403,56860,354,350,317
28404,56862,360,348,321
28405,56864,346,350,321
28406,56866,359,351,322
28407,56868,370,353,324
28408,56870,328,352,327
28409,56872,334,353,325
28410,56874,314,351,325
28411,56876,284,318,290
28412,56878,295,316,292
28413,56880,298,316,288
28414,56882,282,313,286
28415,56884,284,310,286
28416,56886,264,302,285
28417,56888,281,302,285
28418,56890,257,299,277
28419,56892,224,297,275
28420,56894,189,296,272
28421,56896,208,295,274
28422,56898,191,293,271
28423,56900,190,290,264
28424,56902,197,286,254
28425,56904,199,283,256
28426,56906,199,279,255
28427,56908,172,280,251
28428,56910,147,278,239
28429,56912,171,278,209
28430,56914,135,275,198
28431,56916,151,275,195
28432,56918,167,274,192
28433,56920,158,274,181
28434,56922,151,274,170
28435,56924,169,277,153
28436,56926,171,276,153
28437,56928,177,276,151
28438,56930,176,275,152
28439,56932,163,275,152
28440,56934,136,276,152
28441,56936,157,276,152
28442,56938,169,277,153
28443,56940,162,277,154
28444,56942,158,278,155
28445,56944,148,278,159
28446,56946,163,278,159
28447,56948,184,279,160
28448,56950,192,280,164
28449,56952,198,283,171
28450,56954,182,284,176
28451,56956,196,284,174
28452,56958,201,285,182
28453,56960,254,291,210
28454,56962,250,295,221
28455,56964,237,297,225
28456,56966,237,297,228
28457,56968,260,298,229
28458,56970,268,299,236
28459,56972,258,303,237
28460,56974,235,304,239
28461,56976,251,305,241
28462,56978,277,306,243
28463,56980,296,306,245
28464,56982,293,307,245
28465,56984,307,308,239
28466,56986,304,307,239
28467,56988,325,310,240
28468,56990,262,309,242
28469,56992,252,309,244
28470,56994,260,309,245
28471,56996,289,311,240
28472,56998,291,311,239
28473,57000,282,312,235
28474,57002,293,312,237
28475,57004,300,313,238
28476,57006,302,313,243
28477,57008,311,312,244
28478,57010,308,312,244
28479,57012,300,311,244
28480,57014,270,311,245
28481,57016,281,311,246
28482,57018,297,310,248
28483,57020,289,310,247
28484,57022,301,310,247
28485,57024,299,310,247
28486,57026,312,309,248
28487,57028,330,309,246
28488,57030,307,309,247
28489,57032,300,310,248
28490,57034,273,309,248
28491,57036,291,309,248
28492,57038,278,308,248
28493,57040,273,308,251
28494,57042,298,307,248
28495,57044,287,307,250
28496,57046,273,305,250
28497,57048,318,303,250
28498,57050,308,302,244
28499,57052,321,293,242
28500,57054,250,292,243
28501,57056,264,292,240
28502,57058,242,292,240
28503,57060,243,291,237
28504,57062,254,290,236
28505,57064,230,288,233
28506,57066,232,286,230
28507,57068,253,283,227
28508,57070,210,282,227
28509,57072,204,281,223
28510,57074,165,279,223
28511,57076,169,277,222
28512,57078,193,275,213
28513,57080,201,274,204
28514,57082,180,273,206
28515,57084,175,267,197
28516,57086,215,265,179
28517,57088,216,263,146
28518,57090,208,261,134
28519,57092,170,260,129
28520,57094,116,258,128
28521,57096,118,256,124
28522,57098,130,253,122
28523,57100,99,247,121
28524,57102,116,243,118
28525,57104,109,238,116
28526,57106,129,238,115
28527,57108,144,237,113
28528,57110,125,236,112
28529,57112,144,236,111
28530,57114,118,236,105
28531,57116,113,236,99
28532,57118,139,236,94
28533,57120,109,236,94
28534,57122,105,236,94
28535,57124,103,236,82
28536,57126,142,239,81
28537,57128,159,242,81
28538,57130,109,247,80
28539,57132,101,249,79
28540,57134,145,253,79
28541,57136,149,255,78
28542,57138,146,258,79
28543,57140,153,259,77
28544,57142,144,261,80
28545,57144,135,262,80
28546,57146,127,265,80
28547,57148,175,268,88
28548,57150,191,272,90
28549,57152,171,274,97
28550,57154,175,276,98
28551,57156,183,278,98
28552,57158,200,280,100
28553,57160,234,281,103
28554,57162,242,282,102
28555,57164,243,284,103
28556,57166,263,284,105
28557,57168,266,285,108
28558,57170,240,286,110
28559,57172,233,287,108
28560,57174,233,287,109
28561,57176,222,286,113
28562,57178,243,286,113
28563,57180,272,286,112
28564,57182,287,284,112
28565,57184,253,284,115
28566,57186,273,284,115
28567,57188,284,283,124
28568,57190,269,284,133
28569,57192,255,281,133
28570,57194,226,281,134
28571,57196,239,280,134
28572,57198,279,281,137
28573,57200,278,282,139
28574,57202,315,281,141
28575,57204,307,280,143
28576,57206,315,280,143
28577,57208,333,279,144
28578,57210,309,279,148
28579,57212,302,279,149
28580,57214,252,278,153
28581,57216,278,278,153
28582,57218,298,277,153
28583,57220,299,278,152
28584,57222,313,278,151
28585,57224,306,278,153
28586,57226,327,277,152
28587,57228,334,278,153
28588,57230,317,277,152
28589,57232,303,277,151
28590,57234,281,276,148
28591,57236,295,276,155
28592,57238,303,277,153
28593,57240,297,275,155
28594,57242,310,277,155
28595,57244,300,275,153
28596,57246,329,274,153
28597,57248,322,273,151
28598,57250,311,271,149
28599,57252,303,272,149
28600,57254,278,271,145
28601,57256,290,270,144
28602,57258,272,270,144
28603,57260,267,269,144
28604,57262,253,267,139
28605,57264,254,266,137
28606,57266,262,264,130
28607,57268,233,263,127
28608,57270,202,262,126
28609,57272,200,261,120
28610,57274,165,253,116
28611,57276,190,250,110
28612,57278,203,247,110
28613,57280,212,246,91
28614,57282,218,240,89
28615,57284,163,239,100
28616,57286,209,239,98
28617,57288,210,236,88
28618,57290,159,236,93
28619,57292,199,235,91
28620,57294,169,235,90
28621,57296,146,235,92
28622,57298,137,235,93
28623,57300,156,235,93
28624,57302,161,233,92
28625,57304,145,235,91
28626,57306,189,237,86
28627,57308,189,237,83
28628,57310,171,240,85
28629,57312,159,246,87
28630,57314,127,249,89
28631,57316,107,253,90
28632,57318,127,255,91
28633,57320,171,258,92
28634,57322,192,260,93
28635,57324,222,262,92
28636,57326,229,266,93
28637,57328,259,269,93
28638,57330,221,273,92
28639,57332,222,276,97
28640,57334,194,280,100
28641,57336,204,283,104
28642,57338,257,285,109
28643,57340,286,284,115
28644,57342,288,287,115
28645,57344,283,289,119
28646,57346,265,291,124
28647,57348,268,292,143
28648,57350,296,292,171
28649,57352,258,298,176
28650,57354,223,302,180
28651,57356,240,304,184
28652,57358,288,304,185
28653,57360,285,304,197
28654,57362,268,305,197
28655,57364,280,304,197
28656,57366,309,303,195
28657,57368,293,303,194
28658,57370,305,303,194
28659,57372,286,301,193
28660,57374,257,301,193
28661,57376,261,299,196
28662,57378,296,295,193
28663,57380,289,295,185
28664,57382,265,288,186
28665,57384,324,288,187
28666,57386,314,287,184
28667,57388,297,284,164
28668,57390,300,283,164
28669,57392,322,284,166
28670,57394,304,281,163
28671,57396,314,281,166
28672,57398,333,281,168
28673,57400,336,280,165
28674,57402,327,280,163
28675,57404,330,280,163
28676,57406,351,281,163
28677,57408,350,281,165
28678,57410,321,281,186
28679,57412,320,282,189
28680,57414,253,282,191
28681,57416,271,283,191
28682,57418,275,282,196
28683,57420,288,283,198
28684,57422,306,283,201
28685,57424,289,283,207
28686,57426,331,282,205
28687,57428,317,281,202
28688,57430,304,283,201
28689,57432,299,283,206
28690,57434,265,283,200
28691,57436,263,283,201
28692,57438,284,282,199
28693,57440,249,283,191
28694,57442,261,281,192
28695,57444,226,279,188
28696,57446,233,278,191
28697,57448,236,277,183
28698,57450,205,276,182
28699,57452,195,273,181
28700,57454,176,272,185
28701,57456,183,268,185
28702,57458,195,266,183
28703,57460,194,257,181
28704,57462,180,254,174
28705,57464,173,247,171
28706,57466,193,246,166
28707,57468,181,240,157
28708,57470,155,239,125
28709,57472,96,237,118
28710,57474,70,234,113
28711,57476,55,231,104
28712,57478,67,230,104
28713,57480,98,231,106
28714,57482,139,230,102
28715,57484,136,230,99
28716,57486,167,230,95
28717,57488,167,229,95
28718,57490,119,230,94
28719,57492,121,229,93
28720,57494,127,231,87
28721,57496,138,230,76
28722,57498,137,231,76
28723,57500,162,231,79
28724,57502,127,231,80
28725,57504,120,232,80
28726,57506,148,233,79
28727,57508,121,238,80
28728,57510,172,245,83
28729,57512,134,252,85
28730,57514,120,255,87
28731,57516,147,259,88
28732,57518,152,264,95
28733,57520,166,264,103
28734,57522,159,268,108
28735,57524,172,269,108
28736,57526,225,275,112
28737,57528,264,276,114
28738,57530,227,277,118
28739,57532,184,280,122
28740,57534,183,284,131
28741,57536,210,284,133
28742,57538,217,285,136
28743,57540,238,288,153
28744,57542,230,288,169
28745,57544,281,288,171
28746,57546,293,290,184
28747,57548,291,289,194
28748,57550,258,289,203
28749,57552,250,289,204
28750,57554,224,288,209
28751,57556,244,288,210
28752,57558,249,287,209
28753,57560,287,287,205
28754,57562,297,286,209
28755,57564,296,287,202
28756,57566,314,287,196
28757,57568,307,286,196
28758,57570,259,285,195
28759,57572,265,284,197
28760,57574,265,283,195
28761,57576,269,282,193
28762,57578,310,283,195
28763,57580,307,282,193
28764,57582,309,281,192
28765,57584,307,281,194
28766,57586,328,281,192
28767,57588,324,281,187
28768,57590,297,281,184
28769,57592,300,281,183
28770,57594,268,280,187
28771,57596,286,280,187
28772,57598,299,281,188
28773,57600,305,280,189
28774,57602,300,280,192
28775,57604,304,281,192
28776,57606,334,280,192
28777,57608,332,280,195
28778,57610,301,281,192
28779,57612,299,281,195
28780,57614,271,280,194
28781,57616,280,281,196
28782,57618,299,280,195
28783,57620,293,281,198
28784,57622,285,281,200
28785,57624,278,280,199
28786,57626,307,280,199
28787,57628,290,280,200
28788,57630,286,279,198
28789,57632,307,278,198
28790,57634,277,276,199
28791,57636,292,277,198
28792,57638,312,276,194
28793,57640,300,276,196
28794,57642,292,275,195
28795,57644,236,274,193
28796,57646,265,273,193
28797,57648,259,272,192
28798,57650,244,269,186
28799,57652,238,269,183
28800,57654,187,266,184
28801,57656,198,264,184
28802,57658,221,261,184
28803,57660,239,259,180
28804,57662,208,256,177
28805,57664,246,254,175
28806,57666,242,254,172
28807,57668,235,253,169
28808,57670,231,248,165
28809,57672,210,248,163
28810,57674,101,245,148
28811,57676,109,244,121
28812,57678,112,242,118
28813,57680,110,239,117
28814,57682,124,239,111
28815,57684,118,240,113
28816,57686,151,242,110
28817,57688,140,245,113
28818,57690,121,246,112
28819,57692,149,247,110
28820,57694,101,248,110
28821,57696,125,253,108
28822,57698,146,256,109
28823,57700,158,258,110
28824,57702,141,259,111
28825,57704,186,261,111
28826,57706,217,263,111
28827,57708,215,266,111
28828,57710,243,268,112
28829,57712,243,272,113
28830,57714,221,276,113
28831,57716,243,278,114
28832,57718,270,280,117
28833,57720,269,285,120
28834,57722,281,286,132
28835,57724,253,287,135
28836,57726,324,289,135
28837,57728,311,291,141
28838,57730,290,291,161
28839,57732,295,298,162
28840,57734,243,300,180
28841,57736,242,300,180
28842,57738,251,299,183
28843,57740,302,300,182
28844,57742,248,300,160
28845,57744,250,300,158
28846,57746,313,298,157
28847,57748,324,296,151
28848,57750,294,284,152
28849,57752,270,281,151
28850,57754,264,273,150
28851,57756,293,266,146
28852,57758,295,261,144
28853,57760,302,256,141
28854,57762,322,247,137
28855,57764,289,239,131
28856,57766,327,233,119
28857,57768,309,225,116
28858,57770,296,218,111
28859,57772,288,212,99
28860,57774,254,209,96
28861,57776,269,205,94
28862,57778,289,205,95
28863,57780,285,204,92
28864,57782,305,205,94
28865,57784,309,207,95
28866,57786,328,210,99
28867,57788,321,211,101
28868,57790,298,213,104
28869,57792,312,216,116
28870,57794,276,218,124
28871,57796,294,222,126
28872,57798,297,227,132
28873,57800,283,228,133
28874,57802,284,233,134
28875,57804,273,236,140
28876,57806,302,238,147
28877,57808,287,240,153
28878,57810,304,243,156
28879,57812,336,245,157
28880,57814,305,250,157
28881,57816,306,251,162
28882,57818,317,255,178
28883,57820,349,257,200
28884,57822,341,257,200
28885,57824,337,259,201
28886,57826,351,260,199
28887,57828,329,259,199
28888,57830,318,261,201
28889,57832,320,261,201
28890,57834,289,262,201
28891,57836,290,261,207
28892,57838,306,261,214
28893,57840,299,260,212
28894,57842,305,259,215
28895,57844,259,258,216
28896,57846,302,260,215
28897,57848,293,258,213
28898,57850,285,258,212
28899,57852,269,258,214
28900,57854,246,257,210
28901,57856,211,256,212
28902,57858,242,256,215
28903,57860,246,255,214
28904,57862,245,255,209
28905,57864,302,255,210
28906,57866,289,255,213
28907,57868,283,254,211
28908,57870,285,255,213
28909,57872,276,256,213
28910,57874,257,256,213
28911,57876,231,257,213
28912,57878,250,259,213
28913,57880,241,260,213
28914,57882,242,263,214
28915,57884,287,264,215
28916,57886,297,266,216
28917,57888,294,266,215
28918,57890,276,268,218
28919,57892,251,269,219
28920,57894,225,270,218
28921,57896,241,271,219
28922,57898,248,273,215
28923,57900,252,273,219
28924,57902,266,275,215
28925,57904,271,275,217
28926,57906,306,277,217
28927,57908,293,276,218
28928,57910,285,278,218
28929,57912,271,277,217
28930,57914,257,279,216
28931,57916,272,278,216
28932,57918,298,279,216
28933,57920,261,280,215
28934,57922,262,278,212
28935,57924,259,278,205
28936,57926,334,279,205
28937,57928,332,277,201
28938,57930,272,278,199
28939,57932,286,277,198
28940,57934,239,278,196
28941,57936,311,278,195
28942,57938,303,279,194
28943,57940,303,277,193
28944,57942,328,277,192
28945,57944,315,277,192
28946,57946,352,277,190
28947,57948,334,276,191
28948,57950,322,276,175
28949,57952,310,273,184
28950,57954,291,272,175
28951,57956,303,271,170
28952,57958,318,269,173
28953,57960,306,269,171
28954,57962,304,268,172
28955,57964,297,270,171
28956,57966,323,270,171
28957,57968,309,269,184
28958,57970,302,270,184
28959,57972,298,270,185
28960,57974,279,270,188
28961,57976,278,271,187
28962,57978,296,273,188
28963,57980,295,273,189
28964,57982,302,274,190
28965,57984,298,275,190
28966,57986,320,276,194
28967,57988,332,278,202
28968,57990,332,278,211
28969,57992,317,279,215
28970,57994,277,280,215
28971,57996,298,281,214
28972,57998,318,282,215
28973,58000,314,281,219
28974,58002,306,283,223
28975,58004,301,283,226
28976,58006,308,284,226
28977,58008,283,283,228
28978,58010,262,283,235
28979,58012,251,282,235
28980,58014,230,282,234
28981,58016,241,282,237
28982,58018,266,282,241
28983,58020,264,282,241
28984,58022,266,283,240
28985,58024,252,283,238
28986,58026,281,282,241
28987,58028,270,281,239
28988,58030,257,280,242
28989,58032,248,278,246
28990,58034,259,278,245
28991,58036,211,277,246
28992,58038,254,278,245
28993,58040,209,277,244
28994,58042,225,277,247
28995,58044,216,275,247
28996,58046,245,275,247
28997,58048,278,274,246
28998,58050,237,273,246
28999,58052,211,272,246
29000,58054,187,271,244
29001,58056,194,271,242
29002,58058,223,271,243
29003,58060,236,272,246
29004,58062,223,273,245
29005,58064,207,274,245
29006,58066,262,275,247
29007,58068,263,274,244
29008,58070,252,277,247
29009,58072,244,278,248
29010,58074,238,280,248
29011,58076,250,282,250
29012,58078,251,283,248
29013,58080,251,284,250
29014,58082,273,284,255
29015,58084,260,285,253
29016,58086,297,287,255
29017,58088,292,287,257
29018,58090,282,289,258
29019,58092,282,290,259
29020,58094,264,291,262
29021,58096,277,297,260
29022,58098,284,299,262
29023,58100,278,299,263
29024,58102,269,302,264
29025,58104,253,303,268
29026,58106,313,304,266
29027,58108,304,304,267
29028,58110,275,305,266
29029,58112,260,303,265
29030,58114,241,302,262
29031,58116,294,303,262
29032,58118,315,302,266
29033,58120,302,300,257
29034,58122,308,302,251
29035,58124,306,300,244
29036,58126,324,299,241
29037,58128,327,295,239
29038,58130,313,294,236
29039,58132,305,291,233
29040,58134,290,290,231
29041,58136,302,288,232
29042,58138,315,288,232
29043,58140,293,287,235
29044,58142,306,287,233
29045,58144,315,284,231
29046,58146,340,285,234
29047,58148,343,283,237
29048,58150,322,284,235
29049,58152,315,284,237
29050,58154,291,285,236
29051,58156,300,282,236
29052,58158,319,285,238
29053,58160,286,286,236
29054,58162,314,287,237
29055,58164,318,287,236
29056,58166,327,287,236
29057,58168,330,291,236
29058,58170,318,291,233
29059,58172,260,294,238
29060,58174,276,295,241
29061,58176,284,295,242
29062,58178,262,295,240
29063,58180,290,290,238
29064,58182,212,296,237
29065,58184,235,293,238
29066,58186,247,293,238
29067,58188,239,291,238
29068,58190,254,292,235
29069,58192,255,292,232
29070,58194,181,289,227
29071,58196,214,277,228
29072,58198,206,274,221
29073,58200,230,265,219
29074,58202,227,261,218
29075,58204,205,258,215
29076,58206,218,259,216
29077,58208,188,254,213
29078,58210,173,254,209
29079,58212,125,252,201
29080,58214,157,251,193
29081,58216,200,251,184
29082,58218,178,250,164
29083,58220,184,250,154
29084,58222,188,250,146
29085,58224,190,251,129
29086,58226,206,251,123
29087,58228,206,251,112
29088,58230,165,251,106
29089,58232,175,251,103
29090,58234,173,251,103
29091,58236,142,252,104
29092,58238,156,252,103
29093,58240,104,252,101
29094,58242,102,252,100
29095,58244,97,254,100
29096,58246,129,256,100
29097,58248,137,258,100
29098,58250,172,261,99
29099,58252,164,262,99
29100,58254,141,271,99
29101,58256,193,275,109
29102,58258,209,277,111
29103,58260,198,284,127
29104,58262,205,284,127
29105,58264,201,286,129
29106,58266,244,292,152
29107,58268,232,298,169
29108,58270,244,298,167
29109,58272,237,300,171
29110,58274,217,300,174
29111,58276,234,299,188
29112,58278,207,299,201
29113,58280,270,302,209
29114,58282,250,300,214
29115,58284,255,299,218
29116,58286,282,298,220
29117,58288,245,297,219
29118,58290,306,294,225
29119,58292,250,288,230
29120,58294,228,289,232
29121,58296,248,289,236
29122,58298,266,290,233
29123,58300,284,289,229
29124,58302,305,289,231
29125,58304,312,288,230
29126,58306,334,287,229
29127,58308,318,286,229
29128,58310,308,286,228
29129,58312,298,284,230
29130,58314,279,286,234
29131,58316,289,284,228
29132,58318,317,283,229
29133,58320,307,284,231
29134,58322,281,284,236
29135,58324,291,284,236
29136,58326,324,284,238
29137,58328,321,285,238
29138,58330,309,284,240
29139,58332,306,284,240
29140,58334,278,284,239
29141,58336,291,282,244
29142,58338,304,283,243
29143,58340,317,283,240
29144,58342,306,283,241
29145,58344,301,283,242
29146,58346,335,284,241
29147,58348,338,284,238
29148,58350,322,284,237
29149,58352,316,284,236
29150,58354,276,284,232
29151,58356,304,284,236
29152,58358,313,284,239
29153,58360,291,283,236
29154,58362,304,282,233
29155,58364,309,281,232
29156,58366,320,280,233
29157,58368,293,281,230
29158,58370,290,280,226
29159,58372,260,279,227
29160,58374,231,277,222
29161,58376,199,275,220
29162,58378,232,271,222
29163,58380,238,268,219
29164,58382,203,263,219
29165,58384,206,259,219
29166,58386,220,259,214
29167,58388,210,259,213
29168,58390,190,257,209
29169,58392,169,255,210
29170,58394,153,253,209
29171,58396,165,252,200
29172,58398,168,252,191
29173,58400,117,251,181
29174,58402,161,251,178
29175,58404,156,252,178
29176,58406,183,252,174
29177,58408,184,252,172
29178,58410,153,253,173
29179,58412,140,253,173
29180,58414,146,254,172
29181,58416,183,255,171
29182,58418,184,257,171
29183,58420,197,259,172
29184,58422,193,260,178
29185,58424,205,260,180
29186,58426,223,262,180
29187,58428,240,266,182
29188,58430,228,267,189
29189,58432,221,269,195
29190,58434,224,270,199
29191,58436,237,271,206
29192,58438,265,271,208
29193,58440,251,273,212
29194,58442,256,276,213
29195,58444,269,277,217
29196,58446,292,279,221
29197,58448,292,279,220
29198,58450,276,280,222
29199,58452,272,281,222
29200,58454,240,281,219
29201,58456,259,280,218
29202,58458,278,281,219
29203,58460,284,282,219
29204,58462,320,283,218
29205,58464,325,284,223
29206,58466,344,284,222
29207,58468,338,283,223
29208,58470,327,284,218
29209,58472,314,283,211
29210,58474,269,282,213
29211,58476,284,282,215
29212,58478,293,282,220
29213,58480,290,282,219
29214,58482,308,282,226
29215,58484,289,283,224
29216,58486,331,283,224
29217,58488,325,282,225
29218,58490,308,282,223
29219,58492,295,282,223
29220,58494,275,282,221
29221,58496,283,282,218
29222,58498,301,282,220
29223,58500,292,282,222
29224,58502,298,281,223
29225,58504,291,282,224
29226,58506,329,282,224
29227,58508,330,283,226
29228,58510,302,283,229
29229,58512,286,283,233
29230,58514,288,283,235
29231,58516,292,283,235
29232,58518,311,284,232
29233,58520,310,284,232
29234,58522,313,284,232
29235,58524,329,284,235
29236,58526,340,285,235
29237,58528,337,285,234
29238,58530,312,285,232
29239,58532,265,285,227
29240,58534,265,285,228
29241,58536,269,285,230
29242,58538,281,286,235
29243,58540,279,285,232
29244,58542,285,285,236
29245,58544,287,284,236
29246,58546,296,284,239
29247,58548,288,283,235
29248,58550,272,283,236
29249,58552,261,283,233
29250,58554,213,283,233
29251,58556,258,283,231
29252,58558,261,282,229
29253,58560,240,280,225
29254,58562,276,278,224
29255,58564,281,275,219
29256,58566,298,274,221
29257,58568,282,273,216
29258,58570,216,271,215
29259,58572,202,268,213
29260,58574,183,265,211
29261,58576,189,264,213
29262,58578,209,262,212
29263,58580,224,260,213
29264,58582,218,262,212
29265,58584,217,261,212
29266,58586,221,261,209
29267,58588,214,261,201
29268,58590,194,262,197
29269,58592,180,261,198
29270,58594,164,259,192
29271,58596,175,262,185
29272,58598,194,262,186
29273,58600,187,262,189
29274,58602,179,262,188
29275,58604,182,263,193
29276,58606,218,263,193
29277,58608,213,266,196
29278,58610,192,266,199
29279,58612,183,270,202
29280,58614,172,272,212
29281,58616,195,274,212
29282,58618,241,276,216
29283,58620,244,278,218
29284,58622,279,279,220
29285,58624,268,279,222
29286,58626,300,281,225
29287,58628,302,283,224
29288,58630,266,285,224
29289,58632,230,286,226
29290,58634,222,286,231
29291,58636,230,288,232
29292,58638,260,288,235
29293,58640,265,289,233
29294,58642,259,289,233
29295,58644,304,290,239
29296,58646,331,291,242
29297,58648,292,290,242
29298,58650,287,292,241
29299,58652,256,292,243
29300,58654,233,298,245
29301,58656,243,301,246
29302,58658,267,301,247
29303,58660,267,300,247
29304,58662,293,301,245
29305,58664,320,300,240
29306,58666,346,301,245
29307,58668,330,301,246
29308,58670,312,301,245
29309,58672,296,301,244
29310,58674,277,301,246
29311,58676,289,301,241
29312,58678,307,299,242
29313,58680,303,301,242
29314,58682,304,299,241
29315,58684,308,299,241
29316,58686,325,299,244
29317,58688,334,299,241
29318,58690,306,299,242
29319,58692,306,299,243
29320,58694,294,298,241
29321,58696,295,298,243
29322,58698,319,297,244
29323,58700,316,298,244
29324,58702,325,294,249
29325,58704,328,290,246
29326,58706,343,290,247
29327,58708,342,289,248
29328,58710,327,290,247
29329,58712,312,291,244
29330,58714,292,290,247
29331,58716,278,290,245
29332,58718,298,290,245
29333,58720,314,291,243
29334,58722,309,291,245
29335,58724,298,291,238
29336,58726,329,291,246
29337,58728,325,291,246
29338,58730,299,289,248
29339,58732,291,288,245
29340,58734,249,288,246
29341,58736,295,288,243
29342,58738,294,287,243
29343,58740,296,286,243
29344,58742,285,284,242
29345,58744,284,284,240
29346,58746,316,282,236
29347,58748,313,280,238
29348,58750,278,279,236
29349,58752,240,276,228
29350,58754,219,275,227
29351,58756,210,271,227
29352,58758,230,270,224
29353,58760,224,269,223
29354,58762,224,264,221
29355,58764,219,263,219
29356,58766,238,264,218
29357,58768,251,264,219
29358,58770,225,262,218
29359,58772,176,258,210
29360,58774,158,256,213
29361,58776,172,253,200
29362,58778,187,251,198
29363,58780,187,251,195
29364,58782,170,247,188
29365,58784,175,247,182
29366,58786,187,247,169
29367,58788,187,247,168
29368,58790,170,246,159
29369,58792,155,245,139
29370,58794,133,246,132
29371,58796,174,247,130
29372,58798,165,248,136
29373,58800,181,249,136
29374,58802,217,251,138
29375,58804,240,252,139
29376,58806,270,253,140
29377,58808,266,257,143
29378,58810,247,260,144
29379,58812,235,262,145
29380,58814,231,262,158
29381,58816,232,263,159
29382,58818,253,267,168
29383,58820,280,269,179
29384,58822,287,273,193
29385,58824,271,275,202
29386,58826,308,277,211
29387,58828,318,281,218
29388,58830,297,281,216
29389,58832,295,281,219
29390,58834,272,282,219
29391,58836,237,282,222
29392,58838,259,281,216
29393,58840,263,281,212
29394,58842,263,282,214
29395,58844,314,281,211
29396,58846,339,282,207
29397,58848,328,281,197
29398,58850,295,281,196
29399,58852,278,281,197
29400,58854,262,280,199
29401,58856,276,278,190
29402,58858,287,275,185
29403,58860,297,275,181
29404,58862,312,275,177
29405,58864,271,270,158
29406,58866,294,267,163
29407,58868,313,265,165
29408,58870,292,262,167
29409,58872,283,260,168
29410,58874,287,257,167
29411,58876,254,257,168
29412,58878,271,259,169
29413,58880,289,255,168
29414,58882,288,256,167
29415,58884,287,259,169
29416,58886,314,257,168
29417,58888,325,256,164
29418,58890,321,259,164
29419,58892,305,262,164
29420,58894,276,261,168
29421,58896,245,262,167
29422,58898,273,261,167
29423,58900,303,263,166
29424,58902,303,264,164
29425,58904,287,265,165
29426,58906,315,264,187
29427,58908,328,265,190
29428,58910,310,266,188
29429,58912,276,266,197
29430,58914,253,264,201
29431,58916,264,265,196
29432,58918,260,262,203
29433,58920,227,260,197
29434,58922,233,255,197
29435,58924,214,252,194
29436,58926,230,248,183
29437,58928,240,235,184
29438,58930,183,231,174
29439,58932,163,226,145
29440,58934,108,224,138
29441,58936,109,224,125
29442,58938,119,221,124
29443,58940,146,220,113
29444,58942,142,220,108
29445,58944,120,217,105
29446,58946,144,213,100
29447,58948,144,210,94
29448,58950,105,206,88
29449,58952,89,205,79
29450,58954,45,204,66
29451,58956,72,201,63
29452,58958,91,202,59
29453,58960,90,200,35
29454,58962,91,199,36
29455,58964,94,201,35
29456,58966,121,204,35
29457,58968,120,208,36
29458,58970,167,208,36
29459,58972,192,248,81
29460,58974,136,252,81
29461,58976,144,255,81
29462,58978,162,258,82
29463,58980,162,259,81
29464,58982,179,261,82
29465,58984,195,263,81
29466,58986,206,264,82
29467,58988,189,273,82
29468,58990,186,281,104
29469,58992,165,288,116
29470,58994,136,293,130
29471,58996,149,295,145
29472,58998,175,302,154
29473,59000,225,306,162
29474,59002,209,310,190
29475,59004,236,313,217
29476,59006,264,314,228
29477,59008,326,313,241
29478,59010,325,315,248
29479,59012,278,315,252
29480,59014,263,315,253
29481,59016,277,315,253
29482,59018,313,315,253
29483,59020,329,315,252
29484,59022,357,314,256
29485,59024,359,313,258
29486,59026,368,312,260
29487,59028,305,311,256
29488,59030,331,311,260
29489,59032,326,308,258
29490,59034,298,307,256
29491,59036,330,305,259
29492,59038,321,305,253
29493,59040,282,302,252
29494,59042,271,300,244
29495,59044,291,301,240
29496,59046,322,300,240
29497,59048,304,301,239
29498,59050,312,301,243
29499,59052,320,302,243
29500,59054,306,302,256
29501,59056,323,305,256
29502,59058,303,307,259
29503,59060,321,308,259
29504,59062,345,310,263
29505,59064,339,308,264
29506,59066,356,311,263
29507,59068,353,311,260
29508,59070,320,313,260
29509,59072,318,314,263
29510,59074,289,313,260
29511,59076,302,314,263
29512,59078,329,315,263
29513,59080,324,315,265
29514,59082,317,315,265
29515,59084,315,314,265
29516,59086,323,312,270
29517,59088,304,312,268
29518,59090,257,310,261
29519,59092,223,305,259
29520,59094,208,298,258
29521,59096,201,292,255
29522,59098,259,281,254
29523,59100,214,277,252
29524,59102,201,274,248
29525,59104,155,270,238
29526,59106,203,267,235
29527,59108,232,267,225
29528,59110,177,266,209
29529,59112,166,265,199
29530,59114,144,264,162
29531,59116,170,264,151
29532,59118,166,267,147
29533,59120,181,265,146
29534,59122,203,265,145
29535,59124,182,265,142
29536,59126,182,266,142
29537,59128,165,268,142
29538,59130,153,271,142
29539,59132,134,273,142
29540,59134,123,274,142
29541,59136,140,276,143
29542,59138,154,277,143
29543,59140,155,278,145
29544,59142,148,281,145
29545,59144,161,282,148
29546,59146,266,293,150
29547,59148,260,301,150
29548,59150,240,306,173
29549,59152,237,309,189
29550,59154,263,317,193
29551,59156,279,323,207
29552,59158,296,326,222
29553,59160,305,326,237
29554,59162,324,328,241
29555,59164,320,328,261
29556,59166,294,330,264
29557,59168,313,328,267
29558,59170,301,326,267
29559,59172,317,321,271
29560,59174,316,321,269
29561,59176,308,321,270
29562,59178,346,321,266
29563,59180,362,319,267
29564,59182,346,316,257
29565,59184,369,317,256
29566,59186,390,316,252
29567,59188,374,312,249
29568,59190,358,312,248
29569,59192,351,311,219
29570,59194,341,310,208
29571,59196,359,309,205
29572,59198,352,309,210
29573,59200,367,310,211
29574,59202,349,309,213
29575,59204,336,311,213
29576,59206,370,312,213
29577,59208,370,313,213
29578,59210,346,313,210
29579,59212,334,314,215
29580,59214,290,316,217
29581,59216,325,317,218
29582,59218,340,318,238
29583,59220,341,319,236
29584,59222,329,320,246
29585,59224,335,321,255
29586,59226,400,323,258
29587,59228,378,324,259
29588,59230,348,325,259
29589,59232,301,326,263
29590,59234,314,325,267
29591,59236,333,329,275
29592,59238,344,334,284
29593,59240,329,335,280
29594,59242,344,337,280
29595,59244,332,337,280
29596,59246,335,337,279
29597,59248,277,338,283
29598,59250,228,337,283
29599,59252,218,335,282
29600,59254,216,334,282
29601,59256,231,333,282
29602,59258,223,332,279
29603,59260,219,330,275
29604,59262,210,327,274
29605,59264,214,322,272
29606,59266,240,319,269
29607,59268,261,317,269
29608,59270,246,316,265
29609,59272,198,315,263
29610,59274,166,313,261
29611,59276,159,311,263
29612,59278,158,312,260
29613,59280,159,314,261
29614,59282,158,313,259
29615,59284,204,314,259
29616,59286,261,316,259
29617,59288,236,316,262
29618,59290,213,318,265
29619,59292,217,320,267
29620,59294,218,322,267
29621,59296,221,324,268
29622,59298,276,329,271
29623,59300,288,330,275
29624,59302,277,335,278
29625,59304,282,337,281
29626,59306,314,338,284
29627,59308,318,339,286
29628,59310,301,340,292
29629,59312,302,340,295
29630,59314,294,342,297
29631,59316,286,348,297
29632,59318,273,350,291
29633,59320,331,353,293
29634,59322,286,355,292
29635,59324,298,355,295
29636,59326,318,358,295
29637,59328,371,359,302
29638,59330,353,360,295
29639,59332,322,359,294
29640,59334,301,356,295
29641,59336,337,351,296
29642,59338,322,343,292
29643,59340,333,341,286
29644,59342,321,340,286
29645,59344,318,339,278
29646,59346,351,338,279
29647,59348,336,336,278
29648,59350,330,334,274
29649,59352,310,334,273
29650,59354,301,334,273
29651,59356,325,334,274
29652,59358,324,335,274
29653,59360,343,334,276
29654,59362,346,334,277
29655,59364,327,335,279
29656,59366,355,335,281
29657,59368,336,336,285
29658,59370,328,337,285
29659,59372,295,338,293
29660,59374,304,341,295
29661,59376,324,341,296
29662,59378,317,342,299
29663,59380,314,346,304
29664,59382,347,350,310
29665,59384,354,350,312
29666,59386,374,354,309
29667,59388,381,355,314
29668,59390,356,358,315
29669,59392,338,357,314
29670,59394,332,357,318
29671,59396,352,356,313
29672,59398,342,354,310
29673,59400,343,350,312
29674,59402,280,343,309
29675,59404,315,343,308
29676,59406,313,344,309
29677,59408,304,340,307
29678,59410,303,341,305
29679,59412,264,338,309
29680,59414,285,338,308
29681,59416,315,334,301
29682,59418,294,332,298
29683,59420,288,327,294
29684,59422,239,324,291
29685,59424,230,322,287
29686,59426,223,321,282
29687,59428,240,319,277
29688,59430,214,319,275
29689,59432,160,317,275
29690,59434,178,317,264
29691,59436,230,316,261
29692,59438,182,317,245
29693,59440,221,316,233
29694,59442,253,318,231
29695,59444,182,321,232
29696,59446,192,324,231
29697,59448,187,327,233
29698,59450,217,330,231
29699,59452,206,332,232
29700,59454,206,335,232
29701,59456,226,339,234
29702,59458,230,341,234
29703,59460,236,342,243
29704,59462,246,347,244
29705,59464,247,352,250
29706,59466,308,355,259
29707,59468,297,358,273
29708,59470,294,361,278
29709,59472,271,361,283
29710,59474,270,361,290
29711,59476,280,362,291
29712,59478,304,364,294
29713,59480,296,363,300
29714,59482,346,362,300
29715,59484,316,365,298
29716,59486,359,367,297
29717,59488,339,365,299
29718,59490,332,366,304
29719,59492,291,364,303
29720,59494,331,365,303
29721,59496,338,363,305
29722,59498,335,360,307
29723,59500,282,348,303
29724,59502,292,347,301
29725,59504,294,345,302
29726,59506,313,345,303
29727,59508,322,344,303
29728,59510,301,343,302
29729,59512,276,342,300
29730,59514,278,341,296
29731,59516,301,341,295
29732,59518,300,340,293
29733,59520,305,339,292
29734,59522,294,339,292
29735,59524,290,338,295
29736,59526,325,340,294
29737,59528,323,339,296
29738,59530,315,340,294
29739,59532,299,341,297
29740,59534,271,342,297
29741,59536,304,343,298
29742,59538,296,344,301
29743,59540,303,344,304
29744,59542,281,345,308
29745,59544,292,352,309
29746,59546,326,353,307
29747,59548,308,357,307
29748,59550,320,364,307
29749,59552,312,363,310
29750,59554,309,363,309
29751,59556,337,365,307
29752,59558,337,365,306
29753,59560,330,366,305
29754,59562,337,367,303
29755,59564,338,366,305
29756,59566,344,364,304
29757,59568,332,362,302
29758,59570,320,358,299
29759,59572,317,355,296
29760,59574,313,346,296
29761,59576,324,348,296
29762,59578,326,347,295
29763,59580,304,345,296
29764,59582,299,349,293
29765,59584,293,345,293
29766,59586,275,344,290
29767,59588,245,345,286
29768,59590,252,343,280
29769,59592,213,340,274
29770,59594,209,339,268
29771,59596,221,339,268
29772,59598,222,338,265
29773,59600,218,336,252
29774,59602,261,335,225
29775,59604,245,336,221
29776,59606,292,337,218
29777,59608,252,338,219
29778,59610,234,339,220
29779,59612,210,339,215
29780,59614,203,341,211
29781,59616,227,343,212
29782,59618,225,347,215
29783,59620,242,350,216
29784,59622,240,353,217
29785,59624,241,355,218
29786,59626,280,357,222
29787,59628,289,360,225
29788,59630,283,361,228
29789,59632,256,369,231
29790,59634,271,374,241
29791,59636,279,375,241
29792,59638,264,379,243
29793,59640,283,378,260
29794,59642,285,380,269
29795,59644,293,382,279
29796,59646,308,382,282
29797,59648,320,382,279
29798,59650,294,382,288
29799,59652,287,382,287
29800,59654,315,379,287
29801,59656,337,378,289
29802,59658,349,378,287
29803,59660,334,377,285
29804,59662,297,377,283
29805,59664,341,376,279
29806,59666,382,375,277
29807,59668,368,373,281
29808,59670,321,371,283
29809,59672,324,371,279
29810,59674,320,371,280
29811,59676,344,370,280
29812,59678,346,369,278
29813,59680,336,369,274
29814,59682,341,369,274
29815,59684,340,368,275
29816,59686,361,369,278
29817,59688,367,368,279
29818,59690,344,368,280
29819,59692,330,369,280
29820,59694,318,368,281
29821,59696,341,367,279
29822,59698,348,368,282
29823,59700,309,366,280
29824,59702,317,367,282
29825,59704,330,366,283
29826,59706,360,360,280
29827,59708,334,359,283
29828,59710,328,357,279
29829,59712,300,354,277
29830,59714,304,351,274
29831,59716,320,351,269
29832,59718,323,350,266
29833,59720,282,347,267
29834,59722,286,347,262
29835,59724,278,344,258
29836,59726,291,342,255
29837,59728,290,338,247
29838,59730,275,335,246
29839,59732,269,328,239
29840,59734,243,326,230
29841,59736,217,323,209
29842,59738,154,319,207
29843,59740,197,315,201
29844,59742,143,310,195
29845,59744,172,305,190
29846,59746,205,302,145
29847,59748,162,301,126
29848,59750,165,293,88
29849,59752,102,293,84
29850,59754,142,292,91
29851,59756,143,292,100
29852,59758,195,290,100
29853,59760,159,291,90
29854,59762,141,290,83
29855,59764,192,291,81
29856,59766,180,291,82
29857,59768,178,291,82
29858,59770,158,291,82
29859,59772,147,292,82
29860,59774,182,298,81
29861,59776,209,300,83
29862,59778,188,303,83
29863,59780,179,308,82
29864,59782,209,313,83
29865,59784,220,318,82
29866,59786,250,322,83
29867,59788,238,326,83
29868,59790,226,328,85
29869,59792,215,333,105
29870,59794,215,340,141
29871,59796,245,340,141
29872,59798,250,341,164
29873,59800,263,343,177
29874,59802,269,342,187
29875,59804,272,350,193
29876,59806,306,348,202
29877,59808,311,351,221
29878,59810,321,352,227
29879,59812,312,353,235
29880,59814,316,348,236
29881,59816,331,341,241
29882,59818,332,341,248
29883,59820,329,340,248
29884,59822,332,339,251
29885,59824,324,338,253
29886,59826,333,337,254
29887,59828,323,336,256
29888,59830,288,335,263
29889,59832,264,335,262
29890,59834,274,334,258
29891,59836,297,335,258
29892,59838,300,333,256
29893,59840,293,334,257
29894,59842,299,334,255
29895,59844,300,333,256
29896,59846,335,333,258
29897,59848,315,334,259
29898,59850,294,334,261
29899,59852,270,335,258
29900,59854,272,334,261
29901,59856,283,335,264
29902,59858,279,336,265
29903,59860,272,336,264
29904,59862,281,337,267
29905,59864,292,337,270
29906,59866,325,338,273
29907,59868,315,340,271
29908,59870,279,339,274
29909,59872,318,340,274
29910,59874,301,340,276
29911,59876,311,339,279
29912,59878,322,338,280
29913,59880,324,337,279
29914,59882,298,330,283
29915,59884,317,326,280
29916,59886,345,326,274
29917,59888,316,326,278
29918,59890,313,323,280
29919,59892,285,321,274
29920,59894,287,320,275
29921,59896,295,316,273
29922,59898,310,311,271
29923,59900,287,307,266
29924,59902,269,304,260
29925,59904,265,300,257
29926,59906,295,295,257
29927,59908,295,294,256
29928,59910,235,287,253
29929,59912,199,282,251
29930,59914,193,280,251
29931,59916,196,278,252
29932,59918,203,276,248
29933,59920,173,276,248
29934,59922,164,274,250
29935,59924,163,276,242
29936,59926,246,276,243
29937,59928,203,278,244
29938,59930,226,278,244
29939,59932,211,281,243
29940,59934,207,282,241
29941,59936,239,285,243
29942,59938,220,289,243
29943,59940,224,296,243
29944,59942,221,298,245
29945,59944,226,302,244
29946,59946,279,305,246
29947,59948,271,308,246
29948,59950,241,311,250
29949,59952,225,312,247
29950,59954,230,316,250
29951,59956,250,320,250
29952,59958,263,321,249
29953,59960,271,322,253
29954,59962,286,329,257
29955,59964,344,334,261
29956,59966,354,335,263
29957,59968,349,336,267
29958,59970,337,336,266
29959,59972,303,336,267
29960,59974,301,337,263
29961,59976,339,338,263
29962,59978,297,336,262
29963,59980,300,336,261
29964,59982,295,335,267
29965,59984,268,334,269
29966,59986,320,333,262
29967,59988,307,333,262
29968,59990,278,328,261
29969,59992,253,327,260
29970,59994,258,325,257
29971,59996,292,323,255
29972,59998,288,322,255
29973,60000,300,322,255
29974,60002,282,321,254
29975,60004,293,321,257
29976,60006,332,321,259
29977,60008,305,322,258
29978,60010,293,322,262
29979,60012,252,322,260
29980,60014,261,323,262
29981,60016,281,324,262
29982,60018,280,328,267
29983,60020,289,328,266
29984,60022,283,327,264
29985,60024,277,328,265
29986,60026,318,328,265
29987,60028,298,327,263
29988,60030,330,323,262
29989,60032,309,324,261
29990,60034,316,324,261
29991,60036,333,323,257
29992,60038,338,324,262
29993,60040,334,322,262
29994,60042,323,321,265
29995,60044,325,319,260
29996,60046,352,319,263
29997,60048,346,316,259
29998,60050,315,313,262
29999,60052,303,310,259
30000,60054,299,309,257
30001,60056,305,307,253
30002,60058,262,304,252
30003,60060,268,301,251
30004,60062,283,299,248
30005,60064,280,299,246
30006,60066,303,298,245
30007,60068,285,297,243
30008,60070,228,299,243
30009,60072,203,298,240
30010,60074,151,299,240
30011,60076,177,300,239
30012,60078,175,303,240
30013,60080,219,304,240
30014,60082,237,304,237
30015,60084,245,305,235
30016,60086,255,309,237
30017,60088,231,312,229
30018,60090,227,313,228
30019,60092,199,314,228
30020,60094,222,315,226
30021,60096,240,318,228
30022,60098,250,319,229
30023,60100,250,322,232
30024,60102,254,325,232
30025,60104,255,329,233
30026,60106,294,330,240
30027,60108,281,333,240
30028,60110,284,336,241
30029,60112,229,338,242
30030,60114,235,338,241
30031,60116,245,339,243
30032,60118,275,339,247
30033,60120,270,340,248
30034,60122,338,339,250
30035,60124,314,344,249
30036,60126,367,346,251
30037,60128,352,346,258
30038,60130,324,347,261
30039,60132,280,347,256
30040,60134,296,347,256
30041,60136,315,346,256
30042,60138,321,342,255
30043,60140,337,339,253
30044,60142,326,339,256
30045,60144,329,338,255
30046,60146,351,337,253
30047,60148,352,338,253
30048,60150,327,337,255
30049,60152,294,333,253
30050,60154,306,333,254
30051,60156,324,331,255
30052,60158,317,330,256
30053,60160,325,330,255
30054,60162,336,328,253
30055,60164,350,329,255
30056,60166,389,328,255
30057,60168,372,329,258
30058,60170,361,333,260
30059,60172,336,334,259
30060,60174,327,335,257
30061,60176,344,337,258
30062,60178,341,337,257
30063,60180,347,339,256
30064,60182,355,337,257
30065,60184,355,340,257
30066,60186,383,342,254
30067,60188,361,343,255
30068,60190,357,342,253
30069,60192,295,342,249
30070,60194,296,343,245
30071,60196,330,343,244
30072,60198,325,343,239
30073,60200,319,342,237
30074,60202,334,341,238
30075,60204,338,341,229
30076,60206,349,341,244
30077,60208,342,342,237
30078,60210,325,341,232
30079,60212,297,340,227
30080,60214,295,339,225
30081,60216,294,340,223
30082,60218,299,337,218
30083,60220,306,337,211
30084,60222,308,334,209
30085,60224,305,334,198
30086,60226,336,333,196
30087,60228,318,332,189
30088,60230,302,331,185
30089,60232,253,330,162
30090,60234,253,326,158
30091,60236,279,326,159
30092,60238,271,322,160
30093,60240,283,326,155
30094,60242,273,324,157
30095,60244,287,324,154
30096,60246,315,321,154
30097,60248,308,322,154
30098,60250,290,319,153
30099,60252,264,318,154
30100,60254,267,318,154
30101,60256,288,318,153
30102,60258,283,318,154
30103,60260,279,318,152
30104,60262,289,317,154
30105,60264,286,317,154
30106,60266,318,317,152
30107,60268,309,318,155
30108,60270,288,315,155
30109,60272,279,316,154
30110,60274,288,317,155
30111,60276,295,318,155
30112,60278,301,314,157
30113,60280,301,313,155
30114,60282,302,311,156
30115,60284,317,310,156
30116,60286,342,311,159
30117,60288,332,310,156
30118,60290,322,310,157
30119,60292,291,310,156
30120,60294,285,310,157
30121,60296,315,310,157
30122,60298,307,309,158
30123,60300,318,310,159
30124,60302,314,311,159
30125,60304,321,310,162
30126,60306,348,312,164
30127,60308,342,313,168
30128,60310,322,312,169
30129,60312,293,313,169
30130,60314,291,313,170
30131,60316,323,314,176
30132,60318,317,314,191
30133,60320,326,314,206
30134,60322,329,315,209
30135,60324,333,315,213
30136,60326,359,315,220
30137,60328,346,315,222
30138,60330,338,315,222
30139,60332,299,316,225
30140,60334,293,315,226
30141,60336,316,316,228
30142,60338,310,317,228
30143,60340,313,317,228
30144,60342,307,318,230
30145,60344,321,318,230
30146,60346,352,318,230
30147,60348,329,319,230
30148,60350,311,318,231
30149,60352,296,319,230
30150,60354,287,319,231
30151,60356,312,320,231
30152,60358,308,320,231
30153,60360,312,321,233
30154,60362,316,321,233
30155,60364,319,320,232
30156,60366,353,321,234
30157,60368,336,322,233
30158,60370,317,322,233
30159,60372,285,321,233
30160,60374,291,322,234
30161,60376,308,321,233
30162,60378,302,321,234
30163,60380,316,322,236
30164,60382,309,322,237
30165,60384,313,321,238
30166,60386,340,322,237
30167,60388,333,322,236
30168,60390,310,323,236
30169,60392,284,322,237
30170,60394,277,322,240
30171,60396,316,322,239
30172,60398,319,323,242
30173,60400,313,324,243
30174,60402,317,324,244
30175,60404,325,324,245
30176,60406,356,324,244
30177,60408,344,325,243
30178,60410,310,325,244
30179,60412,293,325,247
30180,60414,293,325,247
30181,60416,306,326,246
30182,60418,299,326,247
30183,60420,298,327,245
30184,60422,306,326,247
30185,60424,318,326,248
30186,60426,345,326,249
30187,60428,323,326,248
30188,60430,300,327,249
30189,60432,283,326,249
30190,60434,288,326,249
30191,60436,314,326,250
30192,60438,315,325,250
30193,60440,313,325,249
30194,60442,309,324,248
30195,60444,318,325,247
30196,60446,346,324,245
30197,60448,343,323,244
30198,60450,311,323,246
30199,60452,278,324,246
30200,60454,291,323,244
30201,60456,318,323,246
30202,60458,314,322,245
30203,60460,313,322,245
30204,60462,305,323,245
30205,60464,319,322,245
30206,60466,352,321,246
30207,60468,340,322,246
30208,60470,325,321,248
30209,60472,291,322,245
30210,60474,303,321,245
30211,60476,321,322,246
30212,60478,311,322,246
30213,60480,307,322,246
30214,60482,318,320,245
30215,60484,318,321,245
30216,60486,345,321,247
30217,60488,346,321,245
30218,60490,313,320,248
30219,60492,294,320,246
30220,60494,294,320,248
30221,60496,320,319,247
30222,60498,315,319,248
30223,60500,317,319,246
30224,60502,323,318,249
30225,60504,322,318,248
30226,60506,353,318,247
30227,60508,335,318,247
30228,60510,317,317,244
30229,60512,290,317,243
30230,60514,301,316,243
30231,60516,315,316,240
30232,60518,309,316,242
30233,60520,318,316,243
30234,60522,318,316,243
30235,60524,317,316,243
30236,60526,344,316,244
30237,60528,332,316,242
30238,60530,316,316,244
30239,60532,295,315,242
30240,60534,292,315,243
30241,60536,312,316,241
30242,60538,312,316,242
30243,60540,314,316,243
30244,60542,315,314,241
30245,60544,319,316,241
30246,60546,354,314,240
30247,60548,335,313,239
30248,60550,306,313,240
30249,60552,290,313,239
30250,60554,290,313,238
30251,60556,314,313,238
30252,60558,311,312,238
30253,60560,317,313,238
30254,60562,317,312,238
30255,60564,318,313,237
30256,60566,343,311,238
30257,60568,331,313,238
30258,60570,320,312,238
30259,60572,290,312,237
30260,60574,295,312,238
30261,60576,320,312,237
30262,60578,318,312,239
30263,60580,320,312,238
30264,60582,323,311,238
30265,60584,319,313,239
30266,60586,352,311,239
30267,60588,337,312,239
30268,60590,315,310,239
30269,60592,299,311,239
30270,60594,303,311,239
30271,60596,325,312,238
30272,60598,318,312,238
30273,60600,329,312,239
30274,60602,328,312,240
30275,60604,321,312,238
30276,60606,351,312,239
30277,60608,343,313,240
30278,60610,318,313,240
30279,60612,303,313,241
30280,60614,306,313,240
30281,60616,314,314,242
30282,60618,312,314,242
30283,60620,321,314,244
30284,60622,317,313,239
30285,60624,322,313,240
30286,60626,348,314,241
30287,60628,332,314,242
30288,60630,316,313,240
30289,60632,298,314,239
30290,60634,307,314,239
30291,60636,312,315,240
30292,60638,317,313,239
30293,60640,317,314,239
30294,60642,317,313,239
30295,60644,304,314,239
30296,60646,337,314,240
30297,60648,317,314,239
30298,60650,312,313,241
30299,60652,295,314,241
30300,60654,290,314,240
30301,60656,316,314,240
30302,60658,307,313,240
30303,60660,318,314,241
30304,60662,315,314,241
30305,60664,318,315,241
30306,60666,356,314,239
30307,60668,335,314,240
30308,60670,322,314,240
30309,60672,300,315,242
30310,60674,301,313,242
30311,60676,320,314,240
30312,60678,319,314,241
30313,60680,324,315,240
30314,60682,313,314,241
30315,60684,312,315,241
30316,60686,347,313,241
30317,60688,333,315,241
30318,60690,315,314,242
30319,60692,294,314,241
30320,60694,302,315,241
30321,60696,305,314,241
30322,60698,322,314,242
30323,60700,319,314,240
30324,60702,321,313,242
30325,60704,308,315,239
30326,60706,334,314,242
30327,60708,327,314,240
30328,60710,310,314,241
30329,60712,287,315,240
30330,60714,298,314,240
30331,60716,320,314,238
30332,60718,309,313,240
30333,60720,306,314,239
30334,60722,305,314,239
30335,60724,312,314,240
30336,60726,341,313,238
30337,60728,333,313,241
30338,60730,330,312,240
30339,60732,298,312,241
30340,60734,302,312,240
30341,60736,308,313,239
30342,60738,318,312,239
30343,60740,317,312,238
30344,60742,313,312,239
30345,60744,316,311,237
30346,60746,340,311,238
30347,60748,327,312,237
30348,60750,316,311,237
30349,60752,291,311,238
30350,60754,291,311,237
30351,60756,314,311,237
30352,60758,310,310,237
30353,60760,311,309,234
30354,60762,310,308,233
30355,60764,302,308,230
30356,60766,339,305,218
30357,60768,321,307,216
30358,60770,308,305,196
30359,60772,287,305,196
30360,60774,285,304,195
30361,60776,310,303,192
30362,60778,302,302,192
30363,60780,307,302,191
30364,60782,305,300,186
30365,60784,299,299,179
30366,60786,336,298,171
30367,60788,319,298,169
30368,60790,305,296,166
30369,60792,287,291,161
30370,60794,289,290,160
30371,60796,309,288,156
30372,60798,286,285,155
30373,60800,275,282,153
30374,60802,279,277,150
30375,60804,279,273,150
30376,60806,310,267,147
30377,60808,245,261,146
30378,60810,248,259,145
30379,60812,218,258,140
30380,60814,230,256,135
30381,60816,246,255,134
30382,60818,253,254,129
30383,60820,232,256,127
30384,60822,225,254,121
30385,60824,239,251,116
30386,60826,269,250,109
30387,60828,258,246,96
30388,60830,237,244,80
30389,60832,156,243,79
30390,60834,151,240,78
30391,60836,176,238,79
30392,60838,149,236,79
30393,60840,151,235,78
30394,60842,121,233,79
30395,60844,140,230,79
30396,60846,180,225,79
30397,60848,167,219,78
30398,60850,157,214,78
30399,60852,122,210,75
30400,60854,102,204,77
30401,60856,133,200,78
30402,60858,136,191,80
30403,60860,168,187,79
30404,60862,150,186,78
30405,60864,142,183,77
30406,60866,194,182,78
30407,60868,129,181,77
30408,60870,170,182,77
30409,60872,56,181,77
30410,60874,53,181,77
30411,60876,73,181,76
30412,60878,109,181,78
30413,60880,106,182,77
30414,60882,126,181,77
30415,60884,105,182,78
30416,60886,124,182,78
30417,60888,156,183,78
30418,60890,145,184,77
30419,60892,54,186,76
30420,60894,86,198,78
30421,60896,118,200,78
30422,60898,132,208,78
30423,60900,138,213,78
30424,60902,137,216,79
30425,60904,135,219,79
30426,60906,218,222,78
30427,60908,203,226,80
30428,60910,195,226,83
30429,60912,174,227,79
30430,60914,177,227,80
30431,60916,217,226,79
30432,60918,208,227,79
30433,60920,213,226,79
30434,60922,205,224,79
30435,60924,271,226,79
30436,60926,281,214,79
30437,60928,264,206,78
30438,60930,251,204,77
30439,60932,259,200,78
30440,60934,238,195,78
30441,60936,238,195,78
30442,60938,232,191,78
30443,60940,225,189,77
30444,60942,226,189,77
30445,60944,233,188,77
30446,60946,265,188,77
30447,60948,251,189,78
30448,60950,234,187,77
30449,60952,203,190,77
30450,60954,206,188,77
30451,60956,232,187,77
30452,60958,225,191,79
30453,60960,219,192,77
30454,60962,261,196,79
30455,60964,238,201,76
30456,60966,279,208,91
30457,60968,256,211,111
30458,60970,246,214,121
30459,60972,262,218,121
30460,60974,262,221,138
30461,60976,247,222,137
30462,60978,229,225,139
30463,60980,220,227,140
30464,60982,200,228,142
30465,60984,217,231,141
30466,60986,224,232,140
30467,60988,232,230,138
30468,60990,159,229,137
30469,60992,166,227,134
30470,60994,92,222,132
30471,60996,116,216,129
30472,60998,123,216,126
30473,61000,147,212,119
30474,61002,177,208,112
30475,61004,109,203,102
30476,61006,126,202,101
30477,61008,147,201,79
30478,61010,119,205,78
30479,61012,105,209,78
30480,61014,85,213,78
30481,61016,110,216,80
30482,61018,111,222,79
30483,61020,104,228,79
30484,61022,125,236,79
30485,61024,170,239,81
30486,61026,169,245,80
30487,61028,149,245,80
30488,61030,170,248,79
30489,61032,138,255,81
30490,61034,138,274,81
30491,61036,212,280,81
30492,61038,223,289,83
30493,61040,226,295,85
30494,61042,281,300,89
30495,61044,269,304,128
30496,61046,319,309,171
30497,61048,297,324,181
30498,61050,280,329,192
30499,61052,273,335,197
30500,61054,286,336,211
30501,61056,266,337,243
30502,61058,273,332,256
30503,61060,294,333,265
30504,61062,356,333,271
30505,61064,354,334,276
30506,61066,366,334,275
30507,61068,358,334,275
30508,61070,348,330,277
30509,61072,296,329,278
30510,61074,293,328,282
30511,61076,333,330,285
30512,61078,322,330,287
30513,61080,333,333,285
30514,61082,313,333,291
30515,61084,294,333,291
30516,61086,338,335,297
30517,61088,334,334,298
30518,61090,323,336,297
30519,61092,329,337,297
30520,61094,298,341,301
30521,61096,345,344,301
30522,61098,335,353,304
30523,61100,299,356,309
30524,61102,327,360,311
30525,61104,332,361,306
30526,61106,348,360,304
30527,61108,319,360,304
30528,61110,278,355,305
30529,61112,256,352,307
30530,61114,206,341,305
30531,61116,209,341,297
30532,61118,212,337,291
30533,61120,151,335,282
30534,61122,155,328,283
30535,61124,170,321,273
30536,61126,200,315,244
30537,61128,217,305,207
30538,61130,208,293,178
30539,61132,189,284,137
30540,61134,72,279,114
30541,61136,104,276,80
30542,61138,171,271,80
30543,61140,179,269,81
30544,61142,104,267,80
30545,61144,88,264,80
30546,61146,133,267,80
30547,61148,110,270,81
30548,61150,122,272,80
30549,61152,109,276,80
30550,61154,114,280,81
30551,61156,144,288,82
30552,61158,178,297,81
30553,61160,193,305,82
30554,61162,201,313,82
30555,61164,172,320,82
30556,61166,177,331,84
30557,61168,158,342,82
30558,61170,163,352,98
30559,61172,186,361,130
30560,61174,213,369,159
30561,61176,298,380,197
30562,61178,307,383,237
30563,61180,285,390,282
30564,61182,291,392,307
30565,61184,360,393,330
30566,61186,386,392,335
30567,61188,378,392,340
30568,61190,392,391,349
30569,61192,369,381,345
30570,61194,385,377,341
30571,61196,384,371,336
30572,61198,395,366,332
30573,61200,393,358,327
30574,61202,390,352,330
30575,61204,405,344,331
30576,61206,427,341,330
30577,61208,418,339,331
30578,61210,393,338,332
30579,61212,384,336,335
30580,61214,381,338,337
30581,61216,393,339,344
30582,61218,396,340,343
30583,61220,399,345,340
30584,61222,393,347,335
30585,61224,396,354,339
30586,61226,405,363,346
30587,61228,391,369,343
30588,61230,384,373,333
30589,61232,365,379,336
30590,61234,364,383,335
30591,61236,380,388,335
30592,61238,381,390,332
30593,61240,355,390,330
30594,61242,373,392,329
30595,61244,377,391,326
30596,61246,378,393,330
30597,61248,349,391,332
30598,61250,345,388,327
30599,61252,329,386,326
30600,61254,308,382,325
30601,61256,314,375,317
30602,61258,321,369,315
30603,61260,294,362,308
30604,61262,178,357,301
30605,61264,176,352,301
30606,61266,234,348,300
30607,61268,204,346,302
30608,61270,175,344,292
30609,61272,136,342,288
30610,61274,171,343,278
30611,61276,189,342,271
30612,61278,200,345,269
30613,61280,260,346,269
30614,61282,269,348,269
30615,61284,259,351,273
30616,61286,322,357,275
30617,61288,335,366,279
30618,61290,327,370,281
30619,61292,299,378,285
30620,61294,295,386,294
30621,61296,347,391,304
30622,61298,336,395,315
30623,61300,335,397,319
30624,61302,322,399,342
30625,61304,317,401,342
30626,61306,367,405,350
30627,61308,346,407,352
30628,61310,368,408,364
30629,61312,372,412,376
30630,61314,370,415,381
30631,61316,360,414,388
30632,61318,420,415,390
30633,61320,421,415,393
30634,61322,394,414,396
30635,61324,404,415,396
30636,61326,443,414,395
30637,61328,411,415,395
30638,61330,402,415,394
30639,61332,394,415,398
30640,61334,387,415,397
30641,61336,401,414,398
30642,61338,427,415,399
30643,61340,424,415,401
30644,61342,416,414,404
30645,61344,426,414,403
30646,61346,439,416,404
30647,61348,447,414,404
30648,61350,402,413,403
30649,61352,369,412,401
30650,61354,382,408,398
30651,61356,393,406,396
30652,61358,393,406,380
30653,61360,361,404,380
30654,61362,413,403,379
30655,61364,396,400,374
30656,61366,425,400,371
30657,61368,396,399,358
30658,61370,392,396,356
30659,61372,337,391,352
30660,61374,314,390,321
30661,61376,322,387,304
30662,61378,313,383,260
30663,61380,305,381,236
30664,61382,308,378,214
30665,61384,323,373,198
30666,61386,301,374,161
30667,61388,290,370,131
30668,61390,322,371,110
30669,61392,309,371,84
30670,61394,286,372,83
30671,61396,316,373,85
30672,61398,334,373,84
30673,61400,355,377,84
30674,61402,354,380,84
30675,61404,303,385,84
30676,61406,376,387,85
30677,61408,372,391,85
30678,61410,359,395,85
30679,61412,331,399,85
30680,61414,334,401,85
30681,61416,364,400,84
30682,61418,399,398,83
30683,61420,346,401,103
30684,61422,352,403,125
30685,61424,313,403,170
30686,61426,376,405,185
30687,61428,367,405,189
30688,61430,376,406,227
30689,61432,371,404,251
30690,61434,364,402,275
30691,61436,441,399,284
30692,61438,412,397,290
30693,61440,413,397,294
30694,61442,422,395,299
30695,61444,408,393,298
30696,61446,410,392,303
30697,61448,403,390,305
30698,61450,389,391,310
30699,61452,372,389,316
30700,61454,371,390,311
30701,61456,398,389,315
30702,61458,396,389,316
30703,61460,395,389,317
30704,61462,389,390,322
30705,61464,390,391,323
30706,61466,410,393,328
30707,61468,404,398,335
30708,61470,390,399,345
30709,61472,370,400,347
30710,61474,374,403,348
30711,61476,395,404,347
30712,61478,387,405,347
30713,61480,374,407,348
30714,61482,349,408,345
30715,61484,337,409,345
30716,61486,349,410,346
30717,61488,337,409,343
30718,61490,301,410,342
30719,61492,314,405,347
30720,61494,318,406,344
30721,61496,337,406,341
30722,61498,340,406,337
30723,61500,328,403,335
30724,61502,309,399,337
30725,61504,333,392,334
30726,61506,348,389,316
30727,61508,304,384,287
30728,61510,268,383,250
30729,61512,307,378,219
30730,61514,310,375,165
30731,61516,299,371,146
30732,61518,313,368,135
30733,61520,313,364,113
30734,61522,275,361,83
30735,61524,255,361,83
30736,61526,271,362,83
30737,61528,236,362,84
30738,61530,246,363,84
30739,61532,244,363,83
30740,61534,270,364,83
30741,61536,286,366,84
30742,61538,275,369,83
30743,61540,291,371,84
30744,61542,294,373,84
30745,61544,286,376,84
30746,61546,314,378,84
30747,61548,315,381,84
30748,61550,327,383,99
30749,61552,308,384,106
30750,61554,309,390,135
30751,61556,323,392,161
30752,61558,327,390,172
30753,61560,362,389,198
30754,61562,337,387,211
30755,61564,308,383,224
30756,61566,355,380,264
30757,61568,331,373,293
30758,61570,316,362,298
30759,61572,304,356,305
30760,61574,295,355,309
30761,61576,318,354,320
30762,61578,313,352,314
30763,61580,315,350,313
30764,61582,312,350,319
30765,61584,324,350,322
30766,61586,347,350,323
30767,61588,339,349,324
30768,61590,336,350,324
30769,61592,312,350,326
30770,61594,308,356,324
30771,61596,330,355,329
30772,61598,332,360,334
30773,61600,340,363,335
30774,61602,344,368,344
30775,61604,339,372,343
30776,61606,360,377,344
30777,61608,340,376,347
30778,61610,329,379,350
30779,61612,306,383,354
30780,61614,284,387,355
30781,61616,309,390,355
30782,61618,312,393,357
30783,61620,319,395,356
30784,61622,297,395,355
30785,61624,304,397,353
30786,61626,333,396,351
30787,61628,321,396,345
30788,61630,306,396,341
30789,61632,272,394,334
30790,61634,259,389,331
30791,61636,277,383,322
30792,61638,277,376,318
30793,61640,279,373,309
30794,61642,274,368,296
30795,61644,284,362,277
30796,61646,333,350,238
30797,61648,312,346,194
30798,61650,260,342,166
30799,61652,215,338,144
30800,61654,222,330,121
30801,61656,252,329,82
30802,61658,276,323,83
30803,61660,298,320,81
30804,61662,281,318,83
30805,61664,285,318,82
30806,61666,302,316,83
30807,61668,333,315,81
30808,61670,345,313,83
30809,61672,281,312,80
30810,61674,310,311,81
30811,61676,332,311,82
30812,61678,292,311,83
30813,61680,251,310,82
30814,61682,253,311,82
30815,61684,304,311,82
30816,61686,299,313,82
30817,61688,295,315,82
30818,61690,283,318,82
30819,61692,266,318,82
30820,61694,280,323,82
30821,61696,277,327,82
30822,61698,299,328,82
30823,61700,297,329,82
30824,61702,256,328,82
30825,61704,310,327,81
30826,61706,338,332,83
30827,61708,287,333,84
30828,61710,295,334,108
30829,61712,307,332,136
30830,61714,306,331,167
30831,61716,326,331,170
30832,61718,337,327,188
30833,61720,331,326,193
30834,61722,331,325,191
30835,61724,317,321,199
30836,61726,350,319,207
30837,61728,302,319,222
30838,61730,296,319,227
30839,61732,260,319,229
30840,61734,292,320,234
30841,61736,282,323,241
30842,61738,278,325,248
30843,61740,281,324,249
30844,61742,305,325,251
30845,61744,304,328,251
30846,61746,338,329,258
30847,61748,322,330,261
30848,61750,310,332,265
30849,61752,300,333,272
30850,61754,294,333,275
30851,61756,302,334,277
30852,61758,297,334,283
30853,61760,293,334,286
30854,61762,275,335,291
30855,61764,288,335,290
30856,61766,333,328,287
30857,61768,308,330,278
30858,61770,309,331,277
30859,61772,288,330,277
30860,61774,292,330,272
30861,61776,307,329,262
30862,61778,314,328,254
30863,61780,311,323,248
30864,61782,292,319,239
30865,61784,305,312,214
30866,61786,331,305,196
30867,61788,298,298,175
30868,61790,282,281,131
30869,61792,198,268,118
30870,61794,203,262,106
30871,61796,237,256,79
30872,61798,228,249,80
30873,61800,232,244,78
30874,61802,188,238,79
30875,61804,206,230,79
30876,61806,209,227,80
30877,61808,192,220,78
30878,61810,180,220,79
30879,61812,170,217,78
30880,61814,166,213,78
30881,61816,226,215,79
30882,61818,198,214,78
30883,61820,205,213,79
30884,61822,220,214,78
30885,61824,225,215,78
30886,61826,190,216,79
30887,61828,201,220,79
30888,61830,203,221,80
30889,61832,201,226,79
30890,61834,185,230,79
30891,61836,240,236,79
30892,61838,249,243,79
30893,61840,225,248,82
30894,61842,218,251,80
30895,61844,231,254,80
30896,61846,251,257,80
30897,61848,233,271,81
30898,61850,312,281,81
30899,61852,277,286,81
30900,61854,278,289,82
30901,61856,266,295,81
30902,61858,294,298,80
30903,61860,291,301,83
30904,61862,273,302,102
30905,61864,337,302,114
30906,61866,340,302,117
30907,61868,325,302,118
30908,61870,267,302,129
30909,61872,254,302,133
30910,61874,300,300,132
30911,61876,282,301,129
30912,61878,307,302,134
30913,61880,315,302,150
30914,61882,318,302,160
30915,61884,326,303,162
30916,61886,352,303,170
30917,61888,328,304,175
30918,61890,315,304,177
30919,61892,299,305,181
30920,61894,283,306,184
30921,61896,301,306,185
30922,61898,299,307,189
30923,61900,316,309,195
30924,61902,319,310,197
30925,61904,336,313,229
30926,61906,350,313,236
30927,61908,341,315,252
30928,61910,335,316,254
30929,61912,306,317,256
30930,61914,320,318,257
30931,61916,340,320,255
30932,61918,323,319,252
30933,61920,328,319,246
30934,61922,320,317,244
30935,61924,272,315,234
30936,61926,304,313,217
30937,61928,322,307,186
30938,61930,296,304,182
30939,61932,240,296,144
30940,61934,276,290,137
30941,61936,291,281,137
30942,61938,208,271,116
30943,61940,197,259,110
30944,61942,242,255,95
30945,61944,233,252,82
30946,61946,261,247,80
30947,61948,231,244,80
30948,61950,194,240,79
30949,61952,193,236,79
30950,61954,194,232,78
30951,61956,190,228,78
30952,61958,171,226,79
30953,61960,209,226,80
30954,61962,217,226,79
30955,61964,220,225,79
30956,61966,227,226,80
30957,61968,221,230,79
30958,61970,207,235,79
30959,61972,145,237,79
30960,61974,171,242,79
30961,61976,166,245,79
30962,61978,207,247,80
30963,61980,174,251,80
30964,61982,182,258,81
30965,61984,181,265,81
30966,61986,232,271,81
30967,61988,190,281,81
30968,61990,237,286,81
30969,61992,227,291,81
30970,61994,278,296,81
30971,61996,328,297,108
30972,61998,290,298,119
30973,62000,295,300,139
30974,62002,298,301,142
30975,62004,255,302,146
30976,62006,346,302,149
30977,62008,328,302,151
30978,62010,301,301,152
30979,62012,274,300,169
30980,62014,245,300,174
30981,62016,265,298,173
30982,62018,255,296,175
30983,62020,267,292,171
30984,62022,263,287,169
30985,62024,277,285,177
30986,62026,305,283,173
30987,62028,288,280,171
30988,62030,275,280,176
30989,62032,259,280,175
30990,62034,270,280,175
30991,62036,277,281,178
30992,62038,277,282,176
30993,62040,289,286,180
30994,62042,283,289,180
30995,62044,271,293,177
30996,62046,308,296,175
30997,62048,284,296,182
30998,62050,262,299,189
30999,62052,237,300,195
31000,62054,237,301,198
31001,62056,253,302,200
31002,62058,295,303,203
31003,62060,300,303,233
31004,62062,299,303,235
31005,62064,296,302,235
31006,62066,320,299,237
31007,62068,316,296,236
31008,62070,293,296,230
31009,62072,288,292,227
31010,62074,286,288,225
31011,62076,295,284,221
31012,62078,292,279,212
31013,62080,283,273,207
31014,62082,263,265,196
31015,62084,255,260,147
31016,62086,290,251,145
31017,62088,306,251,140
31018,62090,228,247,135
31019,62092,180,243,133
31020,62094,197,242,128
31021,62096,214,239,119
31022,62098,209,239,117
31023,62100,214,237,106
31024,62102,205,234,103
31025,62104,207,233,100
