sample_id,time_ms,fsr1,fsr2,fsr3
909,1872,195,248,186
910,1874,187,250,190
911,1876,216,250,192
912,1878,200,251,200
913,1880,206,252,201
914,1882,206,256,206
915,1884,190,251,206
916,1886,210,253,207
917,1888,200,254,208
918,1890,207,254,214
919,1892,214,256,218
920,1894,212,254,218
921,1896,245,256,219
922,1898,234,256,217
923,1900,216,255,216
924,1902,222,256,220
925,1904,181,256,220
926,1906,167,257,218
927,1908,217,255,218
928,1910,223,257,223
929,1912,223,256,221
930,1914,216,256,221
931,1916,233,258,222
932,1918,238,258,224
933,1920,221,257,224
934,1922,208,258,223
935,1924,177,259,226
936,1926,174,258,224
937,1928,201,259,225
938,1930,201,259,226
939,1932,207,259,232
940,1934,190,260,231
941,1936,223,260,231
942,1938,209,259,229
943,1940,196,259,233
944,1942,187,261,234
945,1944,161,260,236
946,1946,182,260,239
947,1948,226,261,244
948,1950,238,262,242
949,1952,230,261,242
950,1954,218,262,244
951,1956,235,262,246
952,1958,214,261,244
953,1960,187,262,243
954,1962,242,262,241
955,1964,210,263,241
956,1966,233,264,242
957,1968,244,264,240
958,1970,247,263,241
959,1972,245,264,244
960,1974,250,263,246
961,1976,272,265,248
962,1978,261,265,245
963,1980,251,265,246
964,1982,239,265,248
965,1984,225,264,248
966,1986,240,263,248
967,1988,247,264,248
968,1990,250,264,249
969,1992,256,264,247
970,1994,246,262,243
971,1996,278,263,243
972,1998,279,263,239
973,2000,254,262,239
974,2002,241,262,238
975,2004,226,261,238
976,2006,234,261,240
977,2008,248,262,238
978,2010,260,261,233
979,2012,250,260,234
980,2014,242,259,235
981,2016,289,259,235
982,2018,287,259,235
983,2020,277,258,230
984,2022,253,255,229
985,2024,235,255,228
986,2026,258,252,225
987,2028,261,251,220
988,2030,283,251,218
989,2032,266,249,221
990,2034,266,248,216
991,2036,297,245,218
992,2038,288,244,216
993,2040,276,244,215
994,2042,266,246,213
995,2044,227,243,215
996,2046,246,242,208
997,2048,265,242,212
998,2050,263,242,207
999,2052,278,239,212
1000,2054,270,238,206
1001,2056,288,238,208
1002,2058,300,237,213
1003,2060,275,235,209
1004,2062,270,235,214
1005,2064,248,235,210
1006,2066,263,233,213
1007,2068,279,233,215
1008,2070,282,231,214
1009,2072,278,229,214
1010,2074,270,230,215
1011,2076,297,226,212
1012,2078,295,224,210
1013,2080,278,226,210
1014,2082,271,224,208
1015,2084,248,220,208
1016,2086,260,221,216
1017,2088,279,219,214
1018,2090,276,221,217
1019,2092,262,222,216
1020,2094,271,220,220
1021,2096,305,222,215
1022,2098,285,222,214
1023,2100,267,222,218
1024,2102,258,222,218
1025,2104,231,222,215
1026,2106,245,222,216
1027,2108,266,219,218
1028,2110,263,221,216
1029,2112,269,219,217
1030,2114,262,221,216
1031,2116,287,221,217
1032,2118,284,221,218
1033,2120,268,221,215
1034,2122,251,220,215
1035,2124,236,220,216
1036,2126,246,220,215
1037,2128,263,219,215
1038,2130,262,220,214
1039,2132,270,220,213
1040,2134,266,221,212
1041,2136,285,219,210
1042,2138,281,219,211
1043,2140,278,219,214
1044,2142,260,219,210
1045,2144,237,217,211
1046,2146,218,217,214
1047,2148,252,217,212
1048,2150,260,217,208
1049,2152,272,217,206
1050,2154,263,215,209
1051,2156,293,216,210
1052,2158,291,217,210
1053,2160,259,216,206
1054,2162,255,216,205
1055,2164,231,216,202
1056,2166,249,216,205
1057,2168,256,215,205
1058,2170,267,216,205
1059,2172,263,216,201
1060,2174,254,216,204
1061,2176,295,216,203
1062,2178,282,219,204
1063,2180,269,216,204
1064,2182,256,217,205
1065,2184,237,215,201
1066,2186,245,216,203
1067,2188,261,215,198
1068,2190,274,215,199
1069,2192,263,214,200
1070,2194,249,215,194
1071,2196,287,215,191
1072,2198,288,214,191
1073,2200,266,214,190
1074,2202,269,214,189
1075,2204,234,213,188
1076,2206,245,213,186
1077,2208,266,213,188
1078,2210,260,211,188
1079,2212,265,211,186
1080,2214,254,209,183
1081,2216,282,210,182
1082,2218,287,210,184
1083,2220,265,209,184
1084,2222,260,208,181
1085,2224,232,206,180
1086,2226,244,206,181
1087,2228,270,206,180
1088,2230,264,205,177
1089,2232,267,205,177
1090,2234,268,205,176
1091,2236,285,203,178
1092,2238,277,204,177
1093,2240,269,204,177
1094,2242,256,202,178
1095,2244,246,202,178
1096,2246,245,203,178
1097,2248,257,202,177
1098,2250,265,203,179
1099,2252,271,201,178
1100,2254,252,200,175
1101,2256,288,200,174
1102,2258,281,199,175
1103,2260,274,199,175
1104,2262,259,197,174
1105,2264,246,197,174
1106,2266,249,198,172
1107,2268,262,196,174
1108,2270,256,195,172
1109,2272,273,195,171
1110,2274,272,196,170
1111,2276,290,196,169
1112,2278,287,194,167
1113,2280,272,193,169
1114,2282,265,194,167
1115,2284,254,193,165
1116,2286,250,194,166
1117,2288,254,192,162
1118,2290,277,193,163
1119,2292,256,192,160
1120,2294,262,193,160
1121,2296,290,192,161
1122,2298,295,192,162
1123,2300,259,191,161
1124,2302,254,192,156
1125,2304,232,192,162
1126,2306,256,191,164
1127,2308,267,192,161
1128,2310,256,192,159
1129,2312,270,192,161
1130,2314,261,191,160
1131,2316,289,192,161
1132,2318,284,192,160
1133,2320,289,192,163
1134,2322,266,192,162
1135,2324,239,192,161
1136,2326,256,192,163
1137,2328,264,192,163
1138,2330,270,192,163
1139,2332,264,192,165
1140,2334,258,192,164
1141,2336,284,192,165
1142,2338,273,192,167
1143,2340,259,192,165
1144,2342,260,191,166
1145,2344,238,191,165
1146,2346,258,192,166
1147,2348,254,192,167
1148,2350,254,191,167
1149,2352,265,192,170
1150,2354,271,192,165
1151,2356,284,192,167
1152,2358,283,193,166
1153,2360,275,194,168
1154,2362,261,194,174
1155,2364,237,194,169
1156,2366,240,195,170
1157,2368,264,196,175
1158,2370,273,197,175
1159,2372,270,198,176
1160,2374,266,198,179
1161,2376,287,199,179
1162,2378,288,200,180
1163,2380,260,201,177
1164,2382,251,201,181
1165,2384,238,201,176
1166,2386,261,202,176
1167,2388,260,203,172
1168,2390,260,204,168
1169,2392,267,204,177
1170,2394,262,204,177
1171,2396,294,205,182
1172,2398,285,206,183
1173,2400,282,207,187
1174,2402,267,207,184
1175,2404,235,206,182
1176,2406,244,207,188
1177,2408,276,207,189
1178,2410,262,208,188
1179,2412,265,209,191
1180,2414,269,208,189
1181,2416,291,209,188
1182,2418,284,210,193
1183,2420,264,210,195
1184,2422,258,210,196
1185,2424,245,210,193
1186,2426,251,210,197
1187,2428,248,211,198
1188,2430,234,215,198
1189,2432,249,218,198
1190,2434,253,218,197
1191,2436,258,221,198
1192,2438,250,221,200
1193,2440,229,219,205
1194,2442,230,219,205
1195,2444,193,221,206
1196,2446,247,223,206
1197,2448,268,223,212
1198,2450,222,223,211
1199,2452,235,222,211
1200,2454,257,217,210
1201,2456,255,211,215
1202,2458,260,214,217
1203,2460,233,214,213
1204,2462,183,217,212
1205,2464,213,210,207
1206,2466,174,206,199
1207,2468,176,203,197
1208,2470,171,199,186
1209,2472,153,195,179
1210,2474,171,190,178
1211,2476,173,179,179
1212,2478,166,173,161
1213,2480,195,173,150
1214,2482,184,169,122
1215,2484,165,157,110
1216,2486,164,155,90
1217,2488,185,150,85
1218,2490,183,148,75
1219,2492,143,146,52
1220,2494,198,146,20
1221,2496,188,145,4
1222,2498,160,146,2
1223,2500,189,148,5
1224,2502,157,142,3
1225,2504,135,151,4
1226,2506,163,153,3
1227,2508,192,157,4
1228,2510,180,162,6
1229,2512,156,164,5
1230,2514,171,167,1
1231,2516,174,169,4
1232,2518,164,171,5
1233,2520,142,172,2
1234,2522,161,172,3
1235,2524,150,176,2
1236,2526,176,176,3
1237,2528,182,180,4
1238,2530,240,180,5
1239,2532,236,184,4
1240,2534,204,183,4
1241,2536,232,182,2
1242,2538,262,183,6
1243,2540,207,180,5
1244,2542,213,183,3
1245,2544,210,183,4
1246,2546,178,181,3
1247,2548,218,180,4
1248,2550,239,180,6
1249,2552,213,181,4
1250,2554,227,181,9
1251,2556,255,181,9
1252,2558,235,183,10
1253,2560,235,182,10
1254,2562,222,178,13
1255,2564,187,178,10
1256,2566,180,177,10
1257,2568,170,175,7
1258,2570,213,174,10
1259,2572,206,173,9
1260,2574,211,176,9
1261,2576,232,173,15
1262,2578,237,177,21
1263,2580,217,175,22
1264,2582,197,176,26
1265,2584,171,176,26
1266,2586,170,176,27
1267,2588,193,175,29
1268,2590,194,176,33
1269,2592,197,175,32
1270,2594,202,175,35
1271,2596,223,177,36
1272,2598,242,174,35
1273,2600,190,176,35
1274,2602,189,177,37
1275,2604,187,176,37
1276,2606,201,176,38
1277,2608,204,175,41
1278,2610,204,176,53
1279,2612,206,176,58
1280,2614,202,176,54
1281,2616,230,176,57
1282,2618,226,178,58
1283,2620,232,177,63
1284,2622,212,178,61
1285,2624,198,178,59
1286,2626,195,177,60
1287,2628,219,178,64
1288,2630,208,180,62
1289,2632,219,179,65
1290,2634,188,179,64
1291,2636,239,180,69
1292,2638,246,179,71
1293,2640,233,180,66
1294,2642,208,180,71
1295,2644,203,181,74
1296,2646,204,180,77
1297,2648,227,181,82
1298,2650,228,181,82
1299,2652,226,179,84
1300,2654,232,181,81
1301,2656,244,180,91
1302,2658,240,181,90
1303,2660,226,182,91
1304,2662,218,185,91
1305,2664,211,191,94
1306,2666,217,191,95
1307,2668,228,191,95
1308,2670,227,194,101
1309,2672,238,195,101
1310,2674,235,195,103
1311,2676,249,198,105
1312,2678,247,199,105
1313,2680,227,198,111
1314,2682,210,198,114
1315,2684,199,200,111
1316,2686,199,201,112
1317,2688,215,202,114
1318,2690,216,201,117
1319,2692,221,203,117
1320,2694,220,203,116
1321,2696,225,207,117
1322,2698,264,206,116
1323,2700,237,206,116
1324,2702,222,207,123
1325,2704,209,208,131
1326,2706,216,209,122
1327,2708,228,209,128
1328,2710,221,208,127
1329,2712,230,207,128
1330,2714,235,208,138
1331,2716,255,208,130
1332,2718,243,208,152
1333,2720,231,208,116
1334,2722,193,208,114
1335,2724,199,209,116
1336,2726,206,208,115
1337,2728,219,207,115
1338,2730,228,208,112
1339,2732,227,208,116
1340,2734,233,209,115
1341,2736,249,208,118
1342,2738,256,207,117
1343,2740,229,208,116
1344,2742,214,209,117
1345,2744,211,209,118
1346,2746,220,209,117
1347,2748,233,209,119
1348,2750,245,210,119
1349,2752,230,208,120
1350,2754,227,209,121
1351,2756,245,209,131
1352,2758,249,209,137
1353,2760,224,208,139
1354,2762,209,207,138
1355,2764,201,207,146
1356,2766,207,207,143
1357,2768,235,207,145
1358,2770,226,206,150
1359,2772,243,205,151
1360,2774,221,202,152
1361,2776,228,200,154
1362,2778,205,199,152
1363,2780,181,199,147
1364,2782,166,199,151
1365,2784,168,198,150
1366,2786,161,195,149
1367,2788,185,195,147
1368,2790,180,194,145
1369,2792,180,193,143
1370,2794,186,192,144
1371,2796,206,193,136
1372,2798,202,192,145
1373,2800,180,192,137
1374,2802,165,191,129
1375,2804,145,191,121
1376,2806,158,190,122
1377,2808,179,190,121
1378,2810,172,190,123
1379,2812,186,191,125
1380,2814,182,190,124
1381,2816,205,191,127
1382,2818,212,192,123
1383,2820,204,193,126
1384,2822,242,194,125
1385,2824,236,195,127
1386,2826,234,195,122
1387,2828,247,197,122
1388,2830,255,197,121
1389,2832,259,198,119
1390,2834,262,199,117
1391,2836,293,200,123
1392,2838,289,201,121
1393,2840,261,201,124
1394,2842,239,200,122
1395,2844,241,198,121
1396,2846,251,197,121
1397,2848,251,196,123
1398,2850,240,197,123
1399,2852,226,195,117
1400,2854,189,194,120
1401,2856,250,193,117
1402,2858,253,192,116
1403,2860,228,190,116
1404,2862,227,189,111
1405,2864,216,189,111
1406,2866,220,189,109
1407,2868,229,188,107
1408,2870,202,188,112
1409,2872,207,188,113
1410,2874,201,188,114
1411,2876,229,188,112
1412,2878,222,188,112
1413,2880,226,188,114
1414,2882,232,188,111
1415,2884,215,188,115
1416,2886,216,190,115
1417,2888,240,190,116
1418,2890,239,190,114
1419,2892,227,189,118
1420,2894,248,186,117
1421,2896,266,189,118
1422,2898,259,191,118
1423,2900,211,191,120
1424,2902,196,191,122
1425,2904,201,191,122
1426,2906,224,193,122
1427,2908,228,190,121
1428,2910,226,191,122
1429,2912,236,190,123
1430,2914,240,190,123
1431,2916,250,188,123
1432,2918,236,187,116
1433,2920,204,186,121
1434,2922,159,185,115
1435,2924,144,184,121
1436,2926,176,182,117
1437,2928,165,183,120
1438,2930,173,183,124
1439,2932,175,182,128
1440,2934,180,184,130
1441,2936,249,184,133
1442,2938,253,185,135
1443,2940,233,187,137
1444,2942,234,189,138
1445,2944,225,190,140
1446,2946,239,192,140
1447,2948,239,194,142
1448,2950,235,196,140
1449,2952,248,197,140
1450,2954,273,199,144
1451,2956,308,200,143
1452,2958,322,202,144
1453,2960,308,202,142
1454,2962,247,201,131
1455,2964,234,203,125
1456,2966,253,206,119
1457,2968,248,206,117
1458,2970,257,206,113
1459,2972,252,207,113
1460,2974,267,208,111
1461,2976,288,209,113
1462,2978,291,208,114
1463,2980,270,207,111
1464,2982,252,208,111
1465,2984,240,207,111
1466,2986,246,206,110
1467,2988,246,203,108
1468,2990,281,203,109
1469,2992,261,200,106
1470,2994,264,196,103
1471,2996,248,195,102
1472,2998,250,189,99
1473,3000,224,188,96
1474,3002,231,188,101
1475,3004,226,184,99
1476,3006,236,185,101
1477,3008,240,185,102
1478,3010,238,185,101
1479,3012,262,184,100
1480,3014,264,186,102
1481,3016,291,188,102
1482,3018,288,189,103
1483,3020,260,190,105
1484,3022,253,190,106
1485,3024,260,193,106
1486,3026,259,194,106
1487,3028,262,196,107
1488,3030,257,196,108
1489,3032,265,198,111
1490,3034,263,198,113
1491,3036,292,200,112
1492,3038,264,199,112
1493,3040,248,198,110
1494,3042,241,197,110
1495,3044,222,195,110
1496,3046,256,195,112
1497,3048,254,195,112
1498,3050,247,192,114
1499,3052,249,190,111
1500,3054,248,188,110
1501,3056,253,186,104
1502,3058,188,184,108
1503,3060,182,180,107
1504,3062,167,178,114
1505,3064,151,177,112
1506,3066,164,175,107
1507,3068,176,173,103
1508,3070,176,173,100
1509,3072,169,172,99
1510,3074,174,171,97
1511,3076,199,170,88
1512,3078,210,172,92
1513,3080,177,172,93
1514,3082,163,173,98
1515,3084,164,174,93
1516,3086,174,176,86
1517,3088,173,177,84
1518,3090,176,179,75
1519,3092,186,179,85
1520,3094,187,180,84
1521,3096,270,183,83
1522,3098,287,187,85
1523,3100,293,187,89
1524,3102,281,188,83
1525,3104,293,191,83
1526,3106,308,191,86
1527,3108,305,193,82
1528,3110,305,194,86
1529,3112,311,197,89
1530,3114,280,200,93
1531,3116,298,204,92
1532,3118,294,201,93
1533,3120,287,200,90
1534,3122,267,200,89
1535,3124,264,199,91
1536,3126,300,199,91
1537,3128,296,194,92
1538,3130,305,188,88
1539,3132,296,183,88
1540,3134,290,177,92
1541,3136,307,170,89
1542,3138,283,165,93
1543,3140,283,159,93
1544,3142,263,151,86
1545,3144,239,146,83
1546,3146,239,138,87
1547,3148,237,135,88
1548,3150,256,135,90
1549,3152,264,136,82
1550,3154,253,135,89
1551,3156,268,135,88
1552,3158,269,135,87
1553,3160,266,134,86
1554,3162,244,135,87
1555,3164,237,135,92
1556,3166,270,136,96
1557,3168,265,136,95
1558,3170,273,137,95
1559,3172,269,137,97
1560,3174,279,139,101
1561,3176,297,140,103
1562,3178,302,142,102
1563,3180,290,144,103
1564,3182,272,146,104
1565,3184,276,148,107
1566,3186,285,147,112
1567,3188,283,151,114
1568,3190,288,150,116
1569,3192,293,149,117
1570,3194,271,150,114
1571,3196,294,148,115
1572,3198,277,145,117
1573,3200,242,146,112
1574,3202,222,147,119
1575,3204,222,146,118
1576,3206,258,145,117
1577,3208,255,141,117
1578,3210,244,140,117
1579,3212,232,138,115
1580,3214,239,140,116
1581,3216,256,139,112
1582,3218,247,140,112
1583,3220,229,141,109
1584,3222,223,141,112
1585,3224,223,142,111
1586,3226,249,145,110
1587,3228,248,146,112
1588,3230,257,150,110
1589,3232,254,150,109
1590,3234,258,151,114
1591,3236,276,151,117
1592,3238,267,149,113
1593,3240,255,146,108
1594,3242,231,145,113
1595,3244,231,146,111
1596,3246,248,144,115
1597,3248,247,141,112
1598,3250,241,142,107
1599,3252,263,143,103
1600,3254,262,141,100
1601,3256,277,135,97
1602,3258,260,135,95
1603,3260,239,134,88
1604,3262,247,133,80
1605,3264,257,134,78
1606,3266,267,132,74
1607,3268,265,132,69
1608,3270,267,132,61
1609,3272,268,132,61
1610,3274,271,132,59
1611,3276,271,133,60
1612,3278,281,132,53
1613,3280,266,132,47
1614,3282,232,131,42
1615,3284,248,133,30
1616,3286,269,131,28
1617,3288,267,132,28
1618,3290,261,131,6
1619,3292,250,130,5
1620,3294,252,130,5
1621,3296,281,129,4
1622,3298,268,129,23
1623,3300,263,129,26
1624,3302,248,129,1
1625,3304,245,129,4
1626,3306,271,128,4
1627,3308,263,127,3
1628,3310,272,128,4
1629,3312,270,128,3
1630,3314,272,127,2
1631,3316,289,127,5
1632,3318,285,127,2
1633,3320,266,128,3
1634,3322,252,127,3
1635,3324,250,127,3
1636,3326,277,127,4
1637,3328,268,128,4
1638,3330,270,127,4
1639,3332,267,127,3
1640,3334,255,127,3
1641,3336,295,128,4
1642,3338,277,127,3
1643,3340,273,127,3
1644,3342,265,126,3
1645,3344,258,126,5
1646,3346,272,125,11
1647,3348,264,125,11
1648,3350,272,125,10
1649,3352,274,124,12
1650,3354,272,125,11
1651,3356,291,124,12
1652,3358,282,124,14
1653,3360,272,124,12
1654,3362,247,123,11
1655,3364,251,123,14
1656,3366,264,122,14
1657,3368,264,122,13
1658,3370,266,120,14
1659,3372,255,120,13
1660,3374,252,118,13
1661,3376,280,117,13
1662,3378,272,115,13
1663,3380,251,113,16
1664,3382,238,112,13
1665,3384,239,110,15
1666,3386,239,110,15
1667,3388,241,108,12
1668,3390,243,105,14
1669,3392,242,104,34
1670,3394,229,104,35
1671,3396,261,102,34
1672,3398,256,101,34
1673,3400,226,102,31
1674,3402,203,99,31
1675,3404,194,97,27
1676,3406,205,97,32
1677,3408,214,96,32
1678,3410,210,95,30
1679,3412,197,93,37
1680,3414,194,92,31
1681,3416,224,93,34
1682,3418,220,93,11
1683,3420,202,92,6
1684,3422,183,92,8
1685,3424,168,92,4
1686,3426,198,91,3
1687,3428,201,92,10
1688,3430,202,91,7
1689,3432,196,91,9
1690,3434,198,91,8
1691,3436,223,89,7
1692,3438,220,89,9
1693,3440,206,89,4
1694,3442,179,88,1
1695,3444,178,88,3
1696,3446,207,89,1
1697,3448,203,88,2
1698,3450,210,87,1
1699,3452,197,88,3
1700,3454,198,88,5
1701,3456,228,88,3
1702,3458,220,88,5
1703,3460,209,89,3
1704,3462,179,89,3
1705,3464,192,89,4
1706,3466,209,90,3
1707,3468,220,89,4
1708,3470,218,91,5
1709,3472,210,90,2
1710,3474,194,90,7
1711,3476,234,91,4
1712,3478,242,91,4
1713,3480,203,92,3
1714,3482,194,92,3
1715,3484,214,92,5
1716,3486,228,93,1
1717,3488,242,93,2
1718,3490,233,95,5
1719,3492,230,97,5
1720,3494,232,97,1
1721,3496,265,99,5
1722,3498,258,100,6
1723,3500,252,101,3
1724,3502,234,102,3
1725,3504,229,101,5
1726,3506,230,105,3
1727,3508,220,104,1
1728,3510,233,105,5
1729,3512,219,106,1
1730,3514,222,107,4
1731,3516,247,106,4
1732,3518,230,108,6
1733,3520,196,111,1
1734,3522,204,110,3
1735,3524,200,111,4
1736,3526,227,110,3
1737,3528,222,109,3
1738,3530,219,107,3
1739,3532,201,109,3
1740,3534,201,111,4
1741,3536,228,113,3
1742,3538,232,110,4
1743,3540,217,113,4
1744,3542,192,109,1
1745,3544,181,105,1
1746,3546,219,110,4
1747,3548,221,109,3
1748,3550,216,109,3
1749,3552,217,109,1
1750,3554,213,107,4
1751,3556,240,109,4
1752,3558,230,109,3
1753,3560,226,108,4
1754,3562,201,106,2
1755,3564,202,108,2
1756,3566,212,108,2
1757,3568,217,108,4
1758,3570,213,108,3
1759,3572,220,107,6
1760,3574,206,107,3
1761,3576,240,108,4
1762,3578,230,107,3
1763,3580,220,108,3
1764,3582,220,107,3
1765,3584,197,107,3
1766,3586,218,107,3
1767,3588,222,108,3
1768,3590,227,107,6
1769,3592,217,107,3
1770,3594,229,108,4
1771,3596,247,109,4
1772,3598,250,108,4
1773,3600,234,108,4
1774,3602,219,108,3
1775,3604,212,107,4
1776,3606,226,108,3
1777,3608,220,108,3
1778,3610,232,108,2
1779,3612,226,107,3
1780,3614,217,107,1
1781,3616,242,107,3
1782,3618,228,107,5
1783,3620,222,107,4
1784,3622,210,108,3
1785,3624,200,107,3
1786,3626,224,105,3
1787,3628,232,106,3
1788,3630,210,105,4
1789,3632,213,105,5
1790,3634,223,105,5
1791,3636,236,105,3
1792,3638,239,104,5
1793,3640,223,104,3
1794,3642,203,111,3
1795,3644,200,101,3
1796,3646,221,100,4
1797,3648,227,100,4
1798,3650,212,99,4
1799,3652,221,99,4
1800,3654,221,98,3
1801,3656,239,98,4
1802,3658,232,98,1
1803,3660,230,97,7
1804,3662,203,99,3
1805,3664,199,96,2
1806,3666,217,95,4
1807,3668,221,95,5
1808,3670,215,94,6
1809,3672,219,95,4
1810,3674,229,94,4
1811,3676,236,93,4
1812,3678,239,93,4
1813,3680,211,92,3
1814,3682,199,90,2
1815,3684,205,87,4
1816,3686,225,83,4
1817,3688,211,82,2
1818,3690,226,81,4
1819,3692,240,80,3
1820,3694,231,73,3
1821,3696,246,74,4
1822,3698,233,72,3
1823,3700,224,73,3
1824,3702,217,72,4
1825,3704,213,69,1
1826,3706,225,69,5
1827,3708,221,67,2
1828,3710,232,68,4
1829,3712,226,69,3
1830,3714,222,67,4
1831,3716,239,68,3
1832,3718,231,67,5
1833,3720,219,68,3
1834,3722,206,67,2
1835,3724,181,67,4
1836,3726,195,68,5
1837,3728,193,67,3
1838,3730,187,67,3
1839,3732,193,67,3
1840,3734,195,68,4
1841,3736,209,67,4
1842,3738,203,67,1
1843,3740,197,67,2
1844,3742,171,67,3
1845,3744,177,65,6
1846,3746,193,67,3
1847,3748,199,64,1
1848,3750,195,65,3
1849,3752,200,64,3
1850,3754,196,65,4
1851,3756,213,63,4
1852,3758,201,63,2
1853,3760,196,64,3
1854,3762,176,64,3
1855,3764,182,64,3
1856,3766,196,61,3
1857,3768,191,62,3
1858,3770,204,63,3
1859,3772,183,62,4
1860,3774,198,62,3
1861,3776,209,61,2
1862,3778,200,61,2
1863,3780,189,61,2
1864,3782,176,60,2
1865,3784,184,60,3
1866,3786,196,59,4
1867,3788,196,59,2
1868,3790,196,58,1
1869,3792,199,56,2
1870,3794,192,57,3
1871,3796,209,56,7
1872,3798,207,54,3
1873,3800,165,55,2
1874,3802,150,55,3
1875,3804,156,54,2
1876,3806,164,54,3
1877,3808,165,54,3
1878,3810,175,54,4
1879,3812,171,54,3
1880,3814,171,53,4
1881,3816,190,54,3
1882,3818,170,53,4
1883,3820,175,53,3
1884,3822,151,51,4
1885,3824,166,52,3
1886,3826,170,51,1
1887,3828,167,51,1
1888,3830,165,50,3
1889,3832,173,50,1
1890,3834,208,49,2
1891,3836,216,49,4
1892,3838,203,49,3
1893,3840,189,49,3
1894,3842,176,49,4
1895,3844,179,49,2
1896,3846,198,49,3
1897,3848,187,49,3
1898,3850,183,49,3
1899,3852,190,49,4
1900,3854,192,48,4
1901,3856,210,48,3
1902,3858,198,47,4
1903,3860,197,47,3
1904,3862,175,47,4
1905,3864,177,47,3
1906,3866,197,47,1
1907,3868,192,47,4
1908,3870,192,46,5
1909,3872,192,45,2
1910,3874,196,46,2
1911,3876,212,48,3
1912,3878,200,46,3
1913,3880,191,46,3
1914,3882,178,46,3
1915,3884,185,46,3
1916,3886,196,46,4
1917,3888,200,46,3
1918,3890,187,46,4
1919,3892,196,46,3
1920,3894,201,47,1
1921,3896,215,46,3
1922,3898,204,46,3
1923,3900,191,46,3
1924,3902,172,46,4
1925,3904,182,46,3
1926,3906,197,46,2
1927,3908,195,45,2
1928,3910,183,47,3
1929,3912,191,46,5
1930,3914,198,46,3
1931,3916,209,46,4
1932,3918,195,45,5
1933,3920,188,45,2
1934,3922,179,46,4
1935,3924,181,45,2
1936,3926,197,44,3
1937,3928,194,46,4
1938,3930,186,45,0
1939,3932,190,44,2
1940,3934,203,45,3
1941,3936,204,44,2
1942,3938,206,45,2
1943,3940,190,45,4
1944,3942,188,45,1
1945,3944,190,45,5
1946,3946,199,45,1
1947,3948,200,44,0
1948,3950,196,45,3
1949,3952,199,45,0
1950,3954,197,46,1
1951,3956,212,46,5
1952,3958,202,45,3
1953,3960,196,46,4
1954,3962,177,46,3
1955,3964,186,46,2
1956,3966,204,45,2
1957,3968,201,45,3
1958,3970,207,46,3
1959,3972,197,45,2
1960,3974,208,46,4
1961,3976,222,47,4
1962,3978,215,46,4
1963,3980,200,46,5
1964,3982,193,47,4
1965,3984,201,47,3
1966,3986,209,47,3
1967,3988,208,47,3
1968,3990,201,47,4
1969,3992,206,47,5
1970,3994,210,47,2
1971,3996,221,49,2
1972,3998,216,49,3
1973,4000,202,49,3
1974,4002,191,49,4
1975,4004,201,50,3
1976,4006,217,49,3
1977,4008,204,49,5
1978,4010,199,49,4
1979,4012,201,49,3
1980,4014,197,50,2
1981,4016,218,50,3
1982,4018,204,50,4
1983,4020,200,51,3
1984,4022,188,50,2
1985,4024,197,50,2
1986,4026,193,50,3
1987,4028,180,50,3
1988,4030,183,49,0
1989,4032,181,49,4
1990,4034,196,49,4
1991,4036,209,49,4
1992,4038,203,48,3
1993,4040,196,49,3
1994,4042,198,49,3
1995,4044,205,46,2
1996,4046,211,47,2
1997,4048,213,46,4
1998,4050,208,46,3
1999,4052,210,47,3
2000,4054,208,45,4
2001,4056,222,46,3
2002,4058,216,45,1
2003,4060,211,44,3
2004,4062,203,44,3
2005,4064,209,44,2
2006,4066,219,43,3
2007,4068,205,43,2
2008,4070,214,43,1
2009,4072,209,42,3
2010,4074,213,42,3
2011,4076,224,40,3
2012,4078,207,40,1
2013,4080,202,41,3
2014,4082,200,35,3
2015,4084,212,36,4
2016,4086,211,35,2
2017,4088,211,36,3
2018,4090,216,35,3
2019,4092,212,35,3
2020,4094,213,35,3
2021,4096,218,35,0
2022,4098,220,35,2
2023,4100,205,35,3
2024,4102,201,35,4
2025,4104,207,34,1
2026,4106,210,35,3
2027,4108,212,36,4
2028,4110,212,41,3
2029,4112,212,41,3
2030,4114,205,41,2
2031,4116,218,42,2
2032,4118,211,42,6
2033,4120,205,42,4
2034,4122,204,42,1
2035,4124,208,42,2
2036,4126,220,43,4
2037,4128,212,43,4
2038,4130,213,43,3
2039,4132,211,44,3
2040,4134,211,43,3
2041,4136,224,44,4
2042,4138,211,44,4
2043,4140,208,44,3
2044,4142,203,43,3
2045,4144,210,45,4
2046,4146,210,45,3
2047,4148,217,45,3
2048,4150,212,45,3
2049,4152,209,46,3
2050,4154,202,46,4
2051,4156,216,46,3
2052,4158,206,46,4
2053,4160,206,46,3
2054,4162,203,46,4
2055,4164,203,46,3
2056,4166,219,46,3
2057,4168,214,46,3
2058,4170,211,46,1
2059,4172,210,46,3
2060,4174,213,46,4
2061,4176,228,46,3
2062,4178,220,46,3
2063,4180,209,46,3
2064,4182,198,46,2
2065,4184,212,45,2
2066,4186,220,46,3
2067,4188,209,46,3
2068,4190,216,45,2
2069,4192,212,47,4
2070,4194,214,45,3
2071,4196,228,46,3
2072,4198,216,46,2
2073,4200,205,46,2
2074,4202,196,45,3
2075,4204,207,46,3
2076,4206,218,46,2
2077,4208,209,43,4
2078,4210,212,45,2
2079,4212,211,46,3
2080,4214,214,46,3
2081,4216,225,46,3
2082,4218,215,45,2
2083,4220,213,44,4
2084,4222,198,43,2
2085,4224,204,44,2
2086,4226,219,46,2
2087,4228,209,46,5
2088,4230,208,46,3
2089,4232,208,46,3
2090,4234,210,46,3
2091,4236,225,44,3
2092,4238,217,46,6
2093,4240,214,46,2
2094,4242,195,46,2
2095,4244,207,46,1
2096,4246,218,45,3
2097,4248,207,47,3
2098,4250,211,46,3
2099,4252,209,47,3
2100,4254,218,48,3
2101,4256,227,54,4
2102,4258,215,48,3
2103,4260,209,47,3
2104,4262,202,48,3
2105,4264,200,47,2
2106,4266,217,48,4
2107,4268,207,47,3
2108,4270,208,47,4
2109,4272,205,47,2
2110,4274,202,47,4
2111,4276,227,47,3
2112,4278,208,47,2
2113,4280,209,47,3
2114,4282,192,46,2
2115,4284,199,47,2
2116,4286,212,46,2
2117,4288,210,46,4
2118,4290,209,46,4
2119,4292,208,46,2
2120,4294,217,45,3
2121,4296,226,45,4
2122,4298,218,45,3
2123,4300,203,45,3
2124,4302,198,46,3
2125,4304,199,45,3
2126,4306,218,46,5
2127,4308,200,45,4
2128,4310,205,46,3
2129,4312,218,46,3
2130,4314,216,46,3
2131,4316,230,46,4
2132,4318,215,46,3
2133,4320,211,46,3
2134,4322,194,47,2
2135,4324,188,47,3
2136,4326,217,48,4
2137,4328,206,47,4
2138,4330,206,48,3
2139,4332,214,48,3
2140,4334,208,47,4
2141,4336,234,47,6
2142,4338,227,48,3
2143,4340,214,48,4
2144,4342,190,47,3
2145,4344,202,48,3
2146,4346,209,49,4
2147,4348,208,49,3
2148,4350,202,48,3
2149,4352,203,49,3
2150,4354,215,49,0
2151,4356,236,49,6
2152,4358,224,49,7
2153,4360,217,49,3
2154,4362,181,49,3
2155,4364,189,49,3
2156,4366,221,49,3
2157,4368,205,49,2
2158,4370,202,49,3
2159,4372,207,50,4
2160,4374,209,50,3
2161,4376,235,51,4
2162,4378,224,51,3
2163,4380,209,50,3
2164,4382,188,49,2
2165,4384,185,50,3
2166,4386,209,50,4
2167,4388,196,50,3
2168,4390,215,51,2
2169,4392,209,50,2
2170,4394,216,50,2
2171,4396,233,50,4
2172,4398,224,50,3
2173,4400,210,50,4
2174,4402,192,50,3
2175,4404,184,50,4
2176,4406,203,49,2
2177,4408,206,51,4
2178,4410,204,51,3
2179,4412,207,51,3
2180,4414,214,51,2
2181,4416,243,52,4
2182,4418,227,51,3
2183,4420,212,51,4
2184,4422,189,51,4
2185,4424,186,52,3
2186,4426,220,51,4
2187,4428,209,51,2
2188,4430,210,51,4
2189,4432,210,52,4
2190,4434,211,52,3
2191,4436,241,51,4
2192,4438,226,51,3
2193,4440,233,52,4
2194,4442,192,51,2
2195,4444,187,51,3
2196,4446,217,51,5
2197,4448,207,51,1
2198,4450,209,51,2
2199,4452,213,51,3
2200,4454,216,51,3
2201,4456,232,51,3
2202,4458,228,50,4
2203,4460,210,52,5
2204,4462,198,52,3
2205,4464,188,51,4
2206,4466,214,52,2
2207,4468,203,51,1
2208,4470,211,52,3
2209,4472,208,52,5
2210,4474,210,52,4
2211,4476,237,52,3
2212,4478,224,50,2
2213,4480,211,51,3
2214,4482,197,51,2
2215,4484,199,51,4
2216,4486,219,51,3
2217,4488,210,52,3
2218,4490,218,52,3
2219,4492,214,49,2
2220,4494,210,52,3
2221,4496,235,51,5
2222,4498,213,51,3
2223,4500,208,52,3
2224,4502,196,52,3
2225,4504,193,52,1
2226,4506,218,52,3
2227,4508,212,51,1
2228,4510,209,52,3
2229,4512,214,52,2
2230,4514,205,51,2
2231,4516,237,51,3
2232,4518,210,52,4
2233,4520,205,51,3
2234,4522,194,52,3
2235,4524,197,52,4
2236,4526,217,52,3
2237,4528,216,51,2
2238,4530,218,51,3
2239,4532,216,52,2
2240,4534,204,51,2
2241,4536,221,51,3
2242,4538,212,52,2
2243,4540,203,51,2
2244,4542,192,52,3
2245,4544,193,51,3
2246,4546,226,51,3
2247,4548,213,52,3
2248,4550,219,51,5
2249,4552,204,52,2
2250,4554,212,51,4
2251,4556,229,51,3
2252,4558,210,50,2
2253,4560,204,51,3
2254,4562,197,50,3
2255,4564,199,50,3
2256,4566,212,50,3
2257,4568,212,50,2
2258,4570,211,49,3
2259,4572,219,50,3
2260,4574,205,49,2
2261,4576,234,50,4
2262,4578,209,49,2
2263,4580,206,48,3
2264,4582,199,48,2
2265,4584,200,48,3
2266,4586,218,47,3
2267,4588,218,46,3
2268,4590,218,46,3
2269,4592,212,45,2
2270,4594,200,45,2
2271,4596,226,46,3
2272,4598,211,45,3
2273,4600,206,45,3
2274,4602,201,46,4
2275,4604,201,44,3
2276,4606,207,45,4
2277,4608,212,45,3
2278,4610,215,44,1
2279,4612,213,42,2
2280,4614,209,44,4
2281,4616,231,44,3
2282,4618,215,44,4
2283,4620,209,44,2
2284,4622,191,43,3
2285,4624,199,43,4
2286,4626,217,44,4
2287,4628,212,44,2
2288,4630,219,43,1
2289,4632,205,45,3
2290,4634,206,43,4
2291,4636,228,43,3
2292,4638,213,43,2
2293,4640,210,43,3
2294,4642,195,43,5
2295,4644,201,44,3
2296,4646,217,42,3
2297,4648,218,43,3
2298,4650,211,44,2
2299,4652,210,43,3
2300,4654,205,43,3
2301,4656,238,44,4
2302,4658,214,43,3
2303,4660,203,43,3
2304,4662,200,44,3
2305,4664,205,43,3
2306,4666,218,44,4
2307,4668,215,45,3
2308,4670,213,45,4
2309,4672,209,44,3
2310,4674,208,44,4
2311,4676,233,43,3
2312,4678,210,44,3
2313,4680,204,44,3
2314,4682,198,45,2
2315,4684,201,44,3
2316,4686,213,45,0
2317,4688,218,45,2
2318,4690,218,45,4
2319,4692,208,45,3
2320,4694,203,45,4
2321,4696,225,46,5
2322,4698,209,45,2
2323,4700,211,45,2
2324,4702,196,46,3
2325,4704,200,46,3
2326,4706,212,46,3
2327,4708,212,47,3
2328,4710,214,47,3
2329,4712,206,47,3
2330,4714,209,47,3
2331,4716,228,47,3
2332,4718,210,46,2
2333,4720,202,47,2
2334,4722,196,46,3
2335,4724,201,46,3
2336,4726,215,47,3
2337,4728,212,46,1
2338,4730,206,47,4
2339,4732,205,47,1
2340,4734,218,46,3
2341,4736,228,46,2
2342,4738,210,47,2
2343,4740,208,47,3
2344,4742,192,46,3
2345,4744,198,46,2
2346,4746,211,47,3
2347,4748,213,46,1
2348,4750,211,45,3
2349,4752,205,47,3
2350,4754,214,46,1
2351,4756,226,46,4
2352,4758,207,47,5
2353,4760,208,48,4
2354,4762,193,47,3
2355,4764,202,47,1
2356,4766,217,47,5
2357,4768,214,47,2
2358,4770,211,47,3
2359,4772,201,47,7
2360,4774,207,48,3
2361,4776,225,47,3
2362,4778,213,47,4
2363,4780,209,47,5
2364,4782,194,47,3
2365,4784,196,47,0
2366,4786,217,48,4
2367,4788,210,47,2
2368,4790,204,47,0
2369,4792,212,47,3
2370,4794,207,47,2
2371,4796,223,47,1
2372,4798,204,48,6
2373,4800,208,48,3
2374,4802,205,46,1
2375,4804,209,48,4
2376,4806,215,47,1
2377,4808,210,47,0
2378,4810,212,47,3
2379,4812,206,47,1
2380,4814,217,47,4
2381,4816,225,48,2
2382,4818,205,47,3
2383,4820,217,47,2
2384,4822,196,47,4
2385,4824,206,47,3
2386,4826,210,47,3
2387,4828,215,47,2
2388,4830,212,47,2
2389,4832,210,46,3
2390,4834,215,47,3
2391,4836,220,48,5
2392,4838,219,47,2
2393,4840,209,47,4
2394,4842,199,46,3
2395,4844,199,47,2
2396,4846,216,48,3
2397,4848,210,48,3
2398,4850,213,48,2
2399,4852,209,47,2
2400,4854,211,47,2
2401,4856,222,48,3
2402,4858,227,47,3
2403,4860,211,48,3
2404,4862,199,48,2
2405,4864,207,48,3
2406,4866,216,48,1
2407,4868,211,47,4
2408,4870,206,48,3
2409,4872,211,48,3
2410,4874,222,49,4
2411,4876,222,48,4
2412,4878,213,49,3
2413,4880,215,47,1
2414,4882,202,48,4
2415,4884,205,48,2
2416,4886,213,47,3
2417,4888,218,53,4
2418,4890,209,49,3
2419,4892,216,49,3
2420,4894,205,49,3
2421,4896,219,50,2
2422,4898,210,49,2
2423,4900,211,47,3
2424,4902,202,50,3
2425,4904,202,50,2
2426,4906,213,49,0
2427,4908,213,51,5
2428,4910,211,49,2
2429,4912,209,49,3
2430,4914,218,50,4
2431,4916,226,54,3
2432,4918,203,48,4
2433,4920,215,50,2
2434,4922,204,49,1
2435,4924,209,50,3
2436,4926,213,50,2
2437,4928,208,50,3
2438,4930,207,51,2
2439,4932,209,53,4
2440,4934,212,50,1
2441,4936,221,49,4
2442,4938,211,50,3
2443,4940,207,50,1
2444,4942,196,50,3
2445,4944,203,50,4
2446,4946,215,50,4
2447,4948,210,49,3
2448,4950,205,45,3
2449,4952,209,51,4
2450,4954,212,50,1
2451,4956,221,49,2
2452,4958,210,50,1
2453,4960,211,50,3
2454,4962,195,49,2
2455,4964,200,49,3
2456,4966,216,50,4
2457,4968,207,49,3
2458,4970,209,49,4
2459,4972,216,49,5
2460,4974,210,50,3
2461,4976,226,49,4
2462,4978,208,49,3
2463,4980,211,49,2
2464,4982,200,48,3
2465,4984,210,46,2
2466,4986,216,48,4
2467,4988,213,48,3
2468,4990,221,48,4
2469,4992,216,48,3
2470,4994,218,48,2
2471,4996,228,47,4
2472,4998,217,46,3
2473,5000,209,45,2
2474,5002,203,45,4
2475,5004,200,46,3
2476,5006,217,45,3
2477,5008,203,44,3
2478,5010,212,45,2
2479,5012,207,45,4
2480,5014,219,45,4
2481,5016,222,44,2
2482,5018,213,44,3
2483,5020,209,44,3
2484,5022,198,43,3
2485,5024,204,44,2
2486,5026,214,44,3
2487,5028,206,43,3
2488,5030,210,43,1
2489,5032,215,43,3
2490,5034,217,45,4
2491,5036,224,42,3
2492,5038,220,43,3
2493,5040,216,43,2
2494,5042,200,43,2
2495,5044,206,44,3
2496,5046,220,43,4
2497,5048,217,43,3
2498,5050,209,41,3
2499,5052,216,43,3
2500,5054,217,43,4
2501,5056,236,43,2
2502,5058,208,42,2
2503,5060,215,43,3
2504,5062,200,43,2
2505,5064,204,43,2
2506,5066,218,43,1
2507,5068,212,43,3
2508,5070,218,43,2
2509,5072,207,44,3
2510,5074,218,43,3
2511,5076,232,44,3
2512,5078,214,44,2
2513,5080,212,44,4
2514,5082,203,43,2
2515,5084,201,43,2
2516,5086,215,44,2
2517,5088,213,43,2
2518,5090,216,46,3
2519,5092,205,44,3
2520,5094,214,43,2
2521,5096,224,44,4
2522,5098,213,44,2
2523,5100,213,45,3
2524,5102,204,45,4
2525,5104,203,45,3
2526,5106,220,45,4
2527,5108,204,45,3
2528,5110,209,46,2
2529,5112,216,46,3
2530,5114,218,46,3
2531,5116,229,46,3
2532,5118,213,47,2
2533,5120,212,46,3
2534,5122,201,46,2
2535,5124,202,47,3
2536,5126,212,46,2
2537,5128,210,48,4
2538,5130,205,47,3
2539,5132,212,47,3
2540,5134,215,48,4
2541,5136,232,48,4
2542,5138,212,49,3
2543,5140,203,48,3
2544,5142,197,48,2
2545,5144,200,49,3
2546,5146,216,50,5
2547,5148,195,49,3
2548,5150,184,49,2
2549,5152,190,49,4
2550,5154,186,50,3
2551,5156,208,51,3
2552,5158,195,51,2
2553,5160,186,52,5
2554,5162,181,51,2
2555,5164,176,51,3
2556,5166,202,51,2
2557,5168,195,51,3
2558,5170,191,51,3
2559,5172,198,53,3
2560,5174,195,52,3
2561,5176,215,53,4
2562,5178,211,52,1
2563,5180,196,52,3
2564,5182,174,52,3
2565,5184,179,52,2
2566,5186,198,52,2
2567,5188,197,53,1
2568,5190,196,53,3
2569,5192,196,51,3
2570,5194,199,53,4
2571,5196,217,53,4
2572,5198,209,53,3
2573,5200,203,55,5
2574,5202,176,52,3
2575,5204,179,52,2
2576,5206,197,55,3
2577,5208,210,53,2
2578,5210,197,54,4
2579,5212,192,53,2
2580,5214,197,54,4
2581,5216,221,54,4
2582,5218,213,54,3
2583,5220,199,54,3
2584,5222,186,54,2
2585,5224,184,54,3
2586,5226,200,54,3
2587,5228,199,54,2
2588,5230,202,54,6
2589,5232,199,55,1
2590,5234,201,54,2
2591,5236,223,55,2
2592,5238,207,55,3
2593,5240,196,55,2
2594,5242,182,56,5
2595,5244,186,56,3
2596,5246,196,56,2
2597,5248,204,57,3
2598,5250,226,56,2
2599,5252,226,57,3
2600,5254,234,58,4
2601,5256,240,59,4
2602,5258,225,57,3
2603,5260,221,58,3
2604,5262,214,58,3
2605,5264,217,58,2
2606,5266,236,58,3
2607,5268,226,59,3
2608,5270,222,58,3
2609,5272,228,58,2
2610,5274,225,59,3
2611,5276,242,60,4
2612,5278,223,61,2
2613,5280,222,60,4
2614,5282,211,60,3
2615,5284,220,61,4
2616,5286,222,60,2
2617,5288,226,62,3
2618,5290,231,62,2
2619,5292,222,63,3
2620,5294,222,63,3
2621,5296,236,62,4
2622,5298,233,63,2
2623,5300,223,62,1
2624,5302,212,63,3
2625,5304,211,62,3
2626,5306,228,64,4
2627,5308,223,63,3
2628,5310,222,63,3
2629,5312,224,63,2
2630,5314,218,63,3
2631,5316,241,64,4
2632,5318,221,63,3
2633,5320,221,64,4
2634,5322,217,64,3
2635,5324,213,63,4
2636,5326,231,64,4
2637,5328,224,64,4
2638,5330,225,63,4
2639,5332,220,63,2
2640,5334,197,62,5
2641,5336,214,63,4
2642,5338,204,63,3
2643,5340,196,63,3
2644,5342,189,61,4
2645,5344,195,62,3
2646,5346,202,63,4
2647,5348,201,62,4
2648,5350,197,62,3
2649,5352,203,63,4
2650,5354,195,62,4
2651,5356,206,62,3
2652,5358,193,61,3
2653,5360,198,62,3
2654,5362,182,62,3
2655,5364,179,62,3
2656,5366,189,60,2
2657,5368,200,62,4
2658,5370,198,62,3
2659,5372,197,62,3
2660,5374,191,61,2
2661,5376,219,62,3
2662,5378,204,61,4
2663,5380,207,62,3
2664,5382,184,62,3
2665,5384,184,62,3
2666,5386,199,62,4
2667,5388,204,62,3
2668,5390,203,63,3
2669,5392,196,61,2
2670,5394,188,62,2
2671,5396,220,62,5
2672,5398,200,61,3
2673,5400,200,62,3
2674,5402,186,61,2
2675,5404,183,61,2
2676,5406,202,62,2
2677,5408,207,62,1
2678,5410,199,62,5
2679,5412,201,62,1
2680,5414,191,62,2
2681,5416,219,63,5
2682,5418,206,62,2
2683,5420,193,61,3
2684,5422,183,61,2
2685,5424,182,61,2
2686,5426,203,63,4
2687,5428,198,62,6
2688,5430,222,62,3
2689,5432,224,62,5
2690,5434,214,63,4
2691,5436,248,62,4
2692,5438,227,62,4
2693,5440,217,62,3
2694,5442,208,62,4
2695,5444,213,61,2
2696,5446,224,62,4
2697,5448,222,61,2
2698,5450,221,61,0
2699,5452,227,61,4
2700,5454,222,62,4
2701,5456,242,61,3
2702,5458,228,62,3
2703,5460,220,61,3
2704,5462,210,61,3
2705,5464,215,61,3
2706,5466,205,61,2
2707,5468,195,61,5
2708,5470,194,61,5
2709,5472,196,61,2
2710,5474,189,59,3
2711,5476,218,61,6
2712,5478,208,60,2
2713,5480,198,60,5
2714,5482,182,61,2
2715,5484,184,60,4
2716,5486,199,61,4
2717,5488,204,60,1
2718,5490,196,60,3
2719,5492,197,60,3
2720,5494,192,60,2
2721,5496,219,57,2
2722,5498,203,60,4
2723,5500,201,60,3
2724,5502,180,60,2
2725,5504,184,60,3
2726,5506,200,60,3
2727,5508,202,60,2
2728,5510,198,60,4
2729,5512,201,60,5
2730,5514,191,60,4
2731,5516,220,59,4
2732,5518,200,60,3
2733,5520,204,60,3
2734,5522,184,59,2
2735,5524,186,60,2
2736,5526,197,60,5
2737,5528,194,58,3
2738,5530,199,57,3
2739,5532,200,59,5
2740,5534,191,59,3
2741,5536,222,58,3
2742,5538,205,59,4
2743,5540,201,59,5
2744,5542,188,58,2
2745,5544,183,59,3
2746,5546,187,58,1
2747,5548,196,59,3
2748,5550,202,59,3
2749,5552,195,59,3
2750,5554,199,59,5
2751,5556,203,58,1
2752,5558,218,59,2
2753,5560,191,58,1
2754,5562,182,60,4
2755,5564,143,58,3
2756,5566,163,59,2
2757,5568,161,59,4
2758,5570,158,59,3
2759,5572,164,59,2
2760,5574,158,60,3
2761,5576,183,60,3
2762,5578,174,59,4
2763,5580,163,55,4
2764,5582,150,59,3
2765,5584,149,60,3
2766,5586,157,60,3
2767,5588,160,59,3
2768,5590,156,60,1
2769,5592,156,59,4
2770,5594,163,59,2
2771,5596,185,56,3
2772,5598,179,59,4
2773,5600,159,59,1
2774,5602,154,60,3
2775,5604,150,59,3
2776,5606,154,61,0
2777,5608,150,59,2
2778,5610,153,57,3
2779,5612,163,60,2
2780,5614,161,57,3
2781,5616,175,59,6
2782,5618,164,57,3
2783,5620,160,58,4
2784,5622,147,58,3
2785,5624,144,58,4
2786,5626,154,62,2
2787,5628,148,59,2
2788,5630,160,57,3
2789,5632,157,58,3
2790,5634,155,61,3
2791,5636,172,55,2
2792,5638,167,58,3
2793,5640,155,59,3
2794,5642,137,58,2
2795,5644,140,58,4
2796,5646,151,57,0
2797,5648,152,58,5
2798,5650,150,58,4
2799,5652,159,58,3
2800,5654,157,58,4
2801,5656,186,59,1
2802,5658,172,58,4
2803,5660,168,58,3
2804,5662,148,58,5
2805,5664,157,58,2
2806,5666,166,57,4
2807,5668,164,58,3
2808,5670,164,59,3
2809,5672,167,59,3
2810,5674,168,59,1
2811,5676,191,59,2
2812,5678,176,58,3
2813,5680,173,58,2
2814,5682,154,59,3
2815,5684,154,58,3
2816,5686,168,59,3
2817,5688,166,59,3
2818,5690,169,59,4
2819,5692,171,59,2
2820,5694,171,59,5
2821,5696,179,59,3
2822,5698,181,59,4
2823,5700,170,59,2
2824,5702,153,59,3
2825,5704,161,59,3
2826,5706,170,60,4
2827,5708,168,59,4
2828,5710,167,59,3
2829,5712,175,59,3
2830,5714,175,58,2
2831,5716,191,60,7
2832,5718,177,58,4
2833,5720,176,58,3
2834,5722,163,59,3
2835,5724,160,58,2
2836,5726,180,58,2
2837,5728,171,58,3
2838,5730,167,59,1
2839,5732,172,58,2
2840,5734,169,59,1
2841,5736,187,59,2
2842,5738,182,58,3
2843,5740,205,59,3
2844,5742,183,60,3
2845,5744,178,60,3
2846,5746,183,59,3
2847,5748,191,60,3
2848,5750,199,61,3
2849,5752,198,60,4
2850,5754,202,60,4
2851,5756,242,60,5
2852,5758,237,59,3
2853,5760,231,62,4
2854,5762,216,60,3
2855,5764,215,60,4
2856,5766,220,60,2
2857,5768,224,60,3
2858,5770,230,62,3
2859,5772,226,62,1
2860,5774,216,61,1
2861,5776,210,61,4
2862,5778,222,61,3
2863,5780,208,62,4
2864,5782,185,61,2
2865,5784,191,64,1
2866,5786,205,66,2
2867,5788,205,66,4
2868,5790,201,65,2
2869,5792,219,65,2
2870,5794,211,65,4
2871,5796,227,65,2
2872,5798,221,66,2
2873,5800,211,65,4
2874,5802,190,66,3
2875,5804,195,66,3
2876,5806,207,67,4
2877,5808,231,66,3
2878,5810,224,66,3
2879,5812,228,66,3
2880,5814,234,68,3
2881,5816,247,67,3
2882,5818,240,67,4
2883,5820,228,67,4
2884,5822,207,67,3
2885,5824,215,68,3
2886,5826,228,68,0
2887,5828,240,69,4
2888,5830,227,69,2
2889,5832,223,70,3
2890,5834,224,69,2
2891,5836,245,69,0
2892,5838,241,70,3
2893,5840,234,72,3
2894,5842,217,71,5
2895,5844,217,71,3
2896,5846,216,71,3
2897,5848,230,73,3
2898,5850,224,73,3
2899,5852,230,72,3
2900,5854,226,73,3
2901,5856,251,74,4
2902,5858,235,73,3
2903,5860,246,75,4
2904,5862,220,75,1
2905,5864,221,76,2
2906,5866,233,76,3
2907,5868,230,80,2
2908,5870,228,81,2
2909,5872,196,82,3
2910,5874,205,82,4
2911,5876,227,83,4
2912,5878,214,83,4
2913,5880,206,84,3
2914,5882,184,85,1
2915,5884,192,91,3
2916,5886,202,95,0
2917,5888,202,97,3
2918,5890,202,97,3
2919,5892,205,98,4
2920,5894,206,99,3
2921,5896,231,99,2
2922,5898,204,100,5
2923,5900,200,101,3
2924,5902,175,101,3
2925,5904,186,103,3
2926,5906,199,105,1
2927,5908,224,106,4
2928,5910,202,109,4
2929,5912,209,112,2
2930,5914,203,113,4
2931,5916,235,115,6
2932,5918,222,120,26
2933,5920,213,121,38
2934,5922,192,124,40
2935,5924,210,126,46
2936,5926,220,130,44
2937,5928,213,135,48
2938,5930,207,138,57
2939,5932,204,140,40
2940,5934,209,144,45
2941,5936,233,146,56
2942,5938,232,149,62
2943,5940,212,153,79
2944,5942,209,155,79
2945,5944,207,157,80
2946,5946,218,158,84
2947,5948,233,158,86
2948,5950,222,159,89
2949,5952,223,160,94
2950,5954,218,162,97
2951,5956,243,163,99
2952,5958,234,164,96
2953,5960,226,166,101
2954,5962,209,168,106
2955,5964,211,168,110
2956,5966,201,173,116
2957,5968,209,174,116
2958,5970,208,175,116
2959,5972,211,177,126
2960,5974,205,181,133
2961,5976,230,182,147
2962,5978,218,193,150
2963,5980,213,188,147
2964,5982,196,191,155
2965,5984,203,194,152
2966,5986,208,194,154
2967,5988,221,196,153
2968,5990,212,198,151
2969,5992,217,199,143
2970,5994,194,200,151
2971,5996,232,202,140
2972,5998,211,202,131
2973,6000,209,201,136
2974,6002,193,203,129
2975,6004,199,202,133
2976,6006,214,204,133
2977,6008,204,203,132
2978,6010,198,204,132
2979,6012,206,204,135
2980,6014,202,203,133
2981,6016,224,203,134
2982,6018,214,203,135
2983,6020,189,204,136
2984,6022,185,204,134
2985,6024,182,201,134
2986,6026,191,201,133
2987,6028,203,200,117
2988,6030,196,192,119
2989,6032,200,190,119
2990,6034,194,191,118
2991,6036,217,191,104
2992,6038,202,191,95
2993,6040,175,189,92
2994,6042,150,187,85
2995,6044,139,185,79
2996,6046,155,180,72
2997,6048,168,174,57
2998,6050,87,170,52
2999,6052,79,167,25
3000,6054,62,163,9
3001,6056,87,160,4
3002,6058,71,154,4
3003,6060,59,149,3
3004,6062,31,146,3
3005,6064,86,142,4
3006,6066,90,140,3
3007,6068,99,139,3
3008,6070,94,137,3
3009,6072,95,130,5
3010,6074,93,124,3
3011,6076,97,125,3
3012,6078,47,124,4
3013,6080,77,124,3
3014,6082,63,125,2
3015,6084,39,126,3
3016,6086,27,128,4
3017,6088,39,130,3
3018,6090,10,137,4
3019,6092,22,144,3
3020,6094,12,146,4
3021,6096,40,148,3
3022,6098,23,149,4
3023,6100,16,151,4
3024,6102,2,153,3
3025,6104,75,159,3
3026,6106,87,160,4
3027,6108,93,165,6
3028,6110,92,167,3
3029,6112,86,169,3
3030,6114,87,179,3
3031,6116,121,184,2
3032,6118,81,193,4
3033,6120,79,195,12
3034,6122,89,197,21
3035,6124,102,199,44
3036,6126,104,202,46
3037,6128,118,203,44
3038,6130,123,203,46
3039,6132,114,211,58
3040,6134,112,219,56
3041,6136,138,220,58
3042,6138,130,222,57
3043,6140,123,224,57
3044,6142,159,226,63
3045,6144,161,228,69
3046,6146,171,228,68
3047,6148,191,224,70
3048,6150,201,224,75
3049,6152,216,225,80
3050,6154,253,226,84
3051,6156,287,224,87
3052,6158,271,226,84
3053,6160,274,224,71
3054,6162,265,221,73
3055,6164,269,220,70
3056,6166,289,219,67
3057,6168,292,220,70
3058,6170,286,219,71
3059,6172,275,219,72
3060,6174,275,217,72
3061,6176,307,217,71
3062,6178,301,216,73
3063,6180,285,217,75
3064,6182,268,217,75
3065,6184,265,217,74
3066,6186,276,217,72
3067,6188,268,218,75
3068,6190,262,219,81
3069,6192,255,221,92
3070,6194,269,221,92
3071,6196,296,220,99
3072,6198,291,220,102
3073,6200,282,219,107
3074,6202,261,220,108
3075,6204,242,221,112
3076,6206,275,221,113
3077,6208,277,221,120
3078,6210,269,220,129
3079,6212,269,219,146
3080,6214,269,218,155
3081,6216,301,218,159
3082,6218,310,215,156
3083,6220,305,214,158
3084,6222,289,213,168
3085,6224,313,212,168
3086,6226,323,212,179
3087,6228,326,213,181
3088,6230,329,215,188
3089,6232,326,220,185
3090,6234,298,218,189
3091,6236,341,221,188
3092,6238,318,227,188
3093,6240,297,230,192
3094,6242,274,234,199
3095,6244,302,239,202
3096,6246,334,243,200
3097,6248,335,243,202
3098,6250,294,246,209
3099,6252,313,246,206
3100,6254,346,250,208
3101,6256,351,249,216
3102,6258,305,250,218
3103,6260,344,258,217
3104,6262,274,259,218
3105,6264,300,260,216
3106,6266,315,260,215
3107,6268,299,262,219
3108,6270,275,261,218
3109,6272,285,261,217
3110,6274,275,263,219
3111,6276,308,264,219
3112,6278,294,266,220
3113,6280,254,267,219
3114,6282,212,267,216
3115,6284,259,266,211
3116,6286,284,267,209
3117,6288,292,268,201
3118,6290,262,264,197
3119,6292,307,263,195
3120,6294,292,260,193
3121,6296,310,259,191
3122,6298,315,257,198
3123,6300,314,254,192
3124,6302,296,252,190
3125,6304,301,251,190
3126,6306,308,249,180
3127,6308,305,248,174
3128,6310,301,247,180
3129,6312,306,247,177
3130,6314,294,248,176
3131,6316,316,248,180
3132,6318,315,248,182
3133,6320,300,250,183
3134,6322,260,251,184
3135,6324,229,252,184
3136,6326,244,253,181
3137,6328,232,255,182
3138,6330,220,253,180
3139,6332,222,253,185
3140,6334,180,252,183
3141,6336,227,251,184
3142,6338,209,248,187
3143,6340,236,245,188
3144,6342,214,240,191
3145,6344,205,237,193
3146,6346,199,236,192
3147,6348,130,230,193
3148,6350,96,224,190
3149,6352,187,220,191
3150,6354,181,218,186
3151,6356,220,220,190
3152,6358,200,218,193
3153,6360,97,220,198
3154,6362,63,223,202
3155,6364,72,223,203
3156,6366,78,225,206
3157,6368,77,226,207
3158,6370,79,232,208
3159,6372,175,231,210
3160,6374,184,231,210
3161,6376,215,235,210
3162,6378,205,235,211
3163,6380,190,235,214
3164,6382,175,237,211
3165,6384,174,238,211
3166,6386,194,241,213
3167,6388,200,243,213
3168,6390,192,245,217
3169,6392,187,247,218
3170,6394,199,249,218
3171,6396,236,252,220
3172,6398,225,251,218
3173,6400,224,252,219
3174,6402,202,256,220
3175,6404,234,257,219
3176,6406,248,259,221
3177,6408,245,261,226
3178,6410,247,263,224
3179,6412,251,263,225
3180,6414,166,263,226
3181,6416,190,265,229
3182,6418,206,269,229
3183,6420,177,269,229
3184,6422,206,270,227
3185,6424,216,267,226
3186,6426,247,267,227
3187,6428,251,265,227
3188,6430,256,266,227
3189,6432,258,267,236
3190,6434,263,267,236
3191,6436,282,268,230
3192,6438,256,268,239
3193,6440,250,269,236
3194,6442,248,269,236
3195,6444,273,269,232
3196,6446,260,269,234
3197,6448,282,269,232
3198,6450,283,268,230
3199,6452,293,267,225
3200,6454,280,267,225
3201,6456,305,267,226
3202,6458,291,268,225
3203,6460,274,271,222
3204,6462,249,272,225
3205,6464,266,272,224
3206,6466,277,274,226
3207,6468,289,273,227
3208,6470,287,274,225
3209,6472,289,275,228
3210,6474,291,275,225
3211,6476,316,276,229
3212,6478,326,275,227
3213,6480,307,273,228
3214,6482,282,266,232
3215,6484,294,260,232
3216,6486,293,260,238
3217,6488,289,260,237
3218,6490,290,259,233
3219,6492,293,258,240
3220,6494,315,257,243
3221,6496,330,256,240
3222,6498,307,255,239
3223,6500,305,254,240
3224,6502,242,253,244
3225,6504,268,250,242
3226,6506,288,249,247
3227,6508,284,246,244
3228,6510,237,243,240
3229,6512,272,241,243
3230,6514,238,239,244
3231,6516,276,236,243
3232,6518,248,234,242
3233,6520,253,234,238
3234,6522,217,231,239
3235,6524,208,228,233
3236,6526,216,229,234
3237,6528,225,229,234
3238,6530,224,229,233
3239,6532,219,229,234
3240,6534,206,230,232
3241,6536,252,230,226
3242,6538,232,232,224
3243,6540,216,232,227
3244,6542,206,237,227
3245,6544,212,237,227
3246,6546,233,239,228
3247,6548,241,246,229
3248,6550,321,250,232
3249,6552,329,252,235
3250,6554,327,258,238
3251,6556,323,261,238
3252,6558,319,263,240
3253,6560,330,265,243
3254,6562,283,270,244
3255,6564,288,273,250
3256,6566,324,279,249
3257,6568,314,280,245
3258,6570,314,283,252
3259,6572,309,284,251
3260,6574,317,285,252
3261,6576,343,285,255
3262,6578,343,283,254
3263,6580,296,283,252
3264,6582,272,284,245
3265,6584,321,284,244
3266,6586,323,283,241
3267,6588,333,283,241
3268,6590,329,283,242
3269,6592,337,283,250
3270,6594,308,282,247
3271,6596,313,281,252
3272,6598,321,280,251
3273,6600,315,279,251
3274,6602,291,277,250
3275,6604,309,275,250
3276,6606,308,274,248
3277,6608,308,274,247
3278,6610,315,273,247
3279,6612,307,274,247
3280,6614,318,274,246
3281,6616,329,274,247
3282,6618,329,274,250
3283,6620,316,275,252
3284,6622,309,275,250
3285,6624,308,275,251
3286,6626,322,275,253
3287,6628,305,276,254
3288,6630,323,281,257
3289,6632,288,280,260
3290,6634,297,280,260
3291,6636,325,284,260
3292,6638,305,284,259
3293,6640,299,284,260
3294,6642,279,285,258
3295,6644,290,285,259
3296,6646,306,285,254
3297,6648,309,283,255
3298,6650,318,284,254
3299,6652,316,282,260
3300,6654,267,277,260
3301,6656,293,275,266
3302,6658,278,272,266
3303,6660,265,271,266
3304,6662,236,268,267
3305,6664,263,264,266
3306,6666,292,257,257
3307,6668,265,254,256
3308,6670,269,248,256
3309,6672,264,244,253
3310,6674,241,234,250
3311,6676,262,233,250
3312,6678,234,228,256
3313,6680,217,227,258
3314,6682,184,226,255
3315,6684,206,225,256
3316,6686,169,223,257
3317,6688,140,220,257
3318,6690,204,219,260
3319,6692,139,219,262
3320,6694,125,219,260
3321,6696,155,219,261
3322,6698,119,220,259
3323,6700,138,223,261
3324,6702,99,225,260
3325,6704,104,227,262
3326,6706,96,230,262
3327,6708,98,233,263
3328,6710,110,235,268
3329,6712,110,242,267
3330,6714,123,244,270
3331,6716,246,246,269
3332,6718,262,247,271
3333,6720,252,249,269
3334,6722,249,251,268
3335,6724,249,253,266
3336,6726,254,256,267
3337,6728,269,260,267
3338,6730,297,261,266
3339,6732,319,261,263
3340,6734,348,262,267
3341,6736,376,264,263
3342,6738,314,264,265
3343,6740,304,264,261
3344,6742,287,263,261
3345,6744,303,263,254
3346,6746,313,263,256
3347,6748,313,262,255
3348,6750,340,259,258
3349,6752,319,256,249
3350,6754,332,253,243
3351,6756,338,251,243
3352,6758,329,249,237
3353,6760,308,247,237
3354,6762,251,246,237
3355,6764,289,242,236
3356,6766,307,239,230
3357,6768,319,240,228
3358,6770,298,236,229
3359,6772,302,235,225
3360,6774,306,235,227
3361,6776,342,236,230
3362,6778,320,236,234
3363,6780,307,236,236
3364,6782,300,238,237
3365,6784,298,241,236
3366,6786,306,241,234
3367,6788,309,242,236
3368,6790,313,244,237
3369,6792,288,244,237
3370,6794,272,247,235
3371,6796,287,250,237
3372,6798,281,251,238
3373,6800,283,252,234
3374,6802,265,252,234
3375,6804,269,254,235
3376,6806,273,255,233
3377,6808,305,256,240
3378,6810,286,256,241
3379,6812,288,256,248
3380,6814,283,257,242
3381,6816,334,257,238
3382,6818,317,256,237
3383,6820,287,256,244
3384,6822,284,256,241
3385,6824,297,254,249
3386,6826,312,251,250
3387,6828,310,249,253
3388,6830,278,247,259
3389,6832,261,243,259
3390,6834,255,237,263
3391,6836,284,235,263
3392,6838,253,235,265
3393,6840,244,235,265
3394,6842,220,235,263
3395,6844,234,234,257
3396,6846,256,235,255
3397,6848,241,235,268
3398,6850,241,232,265
3399,6852,244,232,266
3400,6854,248,231,265
3401,6856,273,233,266
3402,6858,240,231,265
3403,6860,225,232,269
3404,6862,178,232,267
3405,6864,209,233,265
3406,6866,230,234,269
3407,6868,253,235,268
3408,6870,319,235,268
3409,6872,317,236,272
3410,6874,325,237,271
3411,6876,339,241,270
3412,6878,326,242,272
3413,6880,351,246,275
3414,6882,328,244,274
3415,6884,341,245,271
3416,6886,349,249,268
3417,6888,295,252,267
3418,6890,298,253,270
3419,6892,312,253,267
3420,6894,314,255,267
3421,6896,342,256,267
3422,6898,323,257,267
3423,6900,319,256,266
3424,6902,292,256,266
3425,6904,306,258,267
3426,6906,310,258,264
3427,6908,297,258,263
3428,6910,303,258,257
3429,6912,311,257,251
3430,6914,318,258,249
3431,6916,325,259,246
3432,6918,310,259,244
3433,6920,328,257,242
3434,6922,300,259,242
3435,6924,305,258,237
3436,6926,315,257,234
3437,6928,322,258,231
3438,6930,313,259,230
3439,6932,319,258,228
3440,6934,320,259,224
3441,6936,323,259,228
3442,6938,303,260,224
3443,6940,276,259,216
3444,6942,250,259,216
3445,6944,263,267,217
3446,6946,269,269,218
3447,6948,279,270,218
3448,6950,283,270,218
3449,6952,283,266,219
3450,6954,290,267,217
3451,6956,298,270,217
3452,6958,270,268,209
3453,6960,255,272,208
3454,6962,233,269,204
3455,6964,248,266,204
3456,6966,272,267,204
3457,6968,253,267,202
3458,6970,279,267,199
3459,6972,286,264,198
3460,6974,308,266,197
3461,6976,323,260,199
3462,6978,311,256,199
3463,6980,303,253,198
3464,6982,282,248,203
3465,6984,260,243,202
3466,6986,261,246,201
3467,6988,268,238,199
3468,6990,261,238,194
3469,6992,268,234,193
3470,6994,257,242,192
3471,6996,261,236,195
3472,6998,246,237,195
3473,7000,242,232,190
3474,7002,186,231,188
3475,7004,176,230,189
3476,7006,193,228,192
3477,7008,187,225,193
3478,7010,198,223,193
3479,7012,195,221,193
3480,7014,185,220,193
3481,7016,195,220,186
3482,7018,192,219,184
3483,7020,183,219,182
3484,7022,149,220,185
3485,7024,165,221,185
3486,7026,175,221,187
3487,7028,180,221,186
3488,7030,197,221,189
3489,7032,209,222,188
3490,7034,225,225,191
3491,7036,234,227,193
3492,7038,216,229,193
3493,7040,217,230,194
3494,7042,190,232,193
3495,7044,228,233,194
3496,7046,238,237,192
3497,7048,237,237,195
3498,7050,220,238,194
3499,7052,236,240,194
3500,7054,240,244,196
3501,7056,248,245,196
3502,7058,219,248,195
3503,7060,210,250,194
3504,7062,171,253,188
3505,7064,192,256,192
3506,7066,218,256,189
3507,7068,233,258,189
3508,7070,239,261,188
3509,7072,283,261,190
3510,7074,290,262,190
3511,7076,281,262,190
3512,7078,290,263,184
3513,7080,282,261,186
3514,7082,259,266,184
3515,7084,267,266,179
3516,7086,269,266,178
3517,7088,265,266,174
3518,7090,271,257,177
3519,7092,289,260,176
3520,7094,309,259,183
3521,7096,307,259,184
3522,7098,292,259,184
3523,7100,287,259,183
3524,7102,274,259,183
3525,7104,281,260,182
3526,7106,305,262,184
3527,7108,303,263,183
3528,7110,303,264,184
3529,7112,294,264,184
3530,7114,320,263,184
3531,7116,324,262,185
3532,7118,295,261,182
3533,7120,299,259,180
3534,7122,272,257,175
3535,7124,282,259,175
3536,7126,289,258,175
3537,7128,279,256,175
3538,7130,286,256,173
3539,7132,289,255,169
3540,7134,291,255,170
3541,7136,261,255,165
3542,7138,254,252,171
3543,7140,251,250,173
3544,7142,220,249,165
3545,7144,195,244,159
3546,7146,203,243,151
3547,7148,199,241,150
3548,7150,199,239,150
3549,7152,204,237,130
3550,7154,226,232,129
3551,7156,228,229,129
3552,7158,208,226,113
3553,7160,161,223,113
3554,7162,146,218,109
3555,7164,155,214,114
3556,7166,170,212,113
3557,7168,172,210,122
3558,7170,171,209,119
3559,7172,132,209,113
3560,7174,163,211,113
3561,7176,177,210,113
3562,7178,158,208,115
3563,7180,154,210,116
3564,7182,141,211,117
3565,7184,148,213,118
3566,7186,169,214,118
3567,7188,159,217,120
3568,7190,160,218,123
3569,7192,162,218,126
3570,7194,188,222,129
3571,7196,192,224,128
3572,7198,175,227,131
3573,7200,170,229,133
3574,7202,150,228,133
3575,7204,158,232,137
3576,7206,187,233,141
3577,7208,183,234,144
3578,7210,233,239,152
3579,7212,240,243,159
3580,7214,253,250,163
3581,7216,282,252,165
3582,7218,270,254,172
3583,7220,252,256,185
3584,7222,233,258,189
3585,7224,243,262,189
3586,7226,253,265,200
3587,7228,260,268,202
3588,7230,255,270,200
3589,7232,251,271,209
3590,7234,287,272,206
3591,7236,295,274,209
3592,7238,276,274,207
3593,7240,284,274,208
3594,7242,255,274,210
3595,7244,272,273,212
3596,7246,278,275,211
3597,7248,290,274,212
3598,7250,295,273,206
3599,7252,282,272,208
3600,7254,288,271,205
3601,7256,274,270,205
3602,7258,247,269,199
3603,7260,241,269,199
3604,7262,245,269,200
3605,7264,244,268,197
3606,7266,266,267,197
3607,7268,251,266,199
3608,7270,257,266,199
3609,7272,247,262,199
3610,7274,270,265,203
3611,7276,270,261,203
3612,7278,252,259,203
3613,7280,244,255,206
3614,7282,233,254,204
3615,7284,236,255,205
3616,7286,251,254,203
3617,7288,259,254,205
3618,7290,258,251,204
3619,7292,249,250,205
3620,7294,296,250,203
3621,7296,308,250,209
3622,7298,252,250,204
3623,7300,256,250,204
3624,7302,254,251,205
3625,7304,260,251,206
3626,7306,275,250,208
3627,7308,246,250,209
3628,7310,273,250,204
3629,7312,252,248,207
3630,7314,249,249,207
3631,7316,252,246,202
3632,7318,235,241,201
3633,7320,199,237,203
3634,7322,220,231,204
3635,7324,207,226,199
3636,7326,216,219,190
3637,7328,223,207,195
3638,7330,168,198,193
3639,7332,158,196,194
3640,7334,168,193,196
3641,7336,170,190,199
3642,7338,147,187,196
3643,7340,138,185,184
3644,7342,122,182,178
3645,7344,130,180,173
3646,7346,148,178,165
3647,7348,158,175,162
3648,7350,142,172,150
3649,7352,141,171,150
3650,7354,177,170,153
3651,7356,174,169,147
3652,7358,156,169,148
3653,7360,152,168,148
3654,7362,131,167,145
3655,7364,145,167,141
3656,7366,152,168,139
3657,7368,159,168,137
3658,7370,161,169,130
3659,7372,110,171,126
3660,7374,164,172,125
3661,7376,174,173,122
3662,7378,156,175,117
3663,7380,161,176,117
3664,7382,141,178,115
3665,7384,146,184,113
3666,7386,155,184,115
3667,7388,173,188,117
3668,7390,171,186,118
3669,7392,165,187,131
3670,7394,193,188,131
3671,7396,197,188,129
3672,7398,182,188,131
3673,7400,176,188,132
3674,7402,157,187,136
3675,7404,168,190,135
3676,7406,172,190,137
3677,7408,177,190,136
3678,7410,186,190,136
3679,7412,229,189,129
3680,7414,246,190,130
3681,7416,247,184,128
3682,7418,228,185,129
3683,7420,210,184,129
3684,7422,180,181,133
3685,7424,184,179,134
3686,7426,187,178,135
3687,7428,184,176,139
3688,7430,208,171,137
3689,7432,233,164,140
3690,7434,266,155,137
3691,7436,238,150,128
3692,7438,183,140,110
3693,7440,184,127,82
3694,7442,167,121,82
3695,7444,167,118,68
3696,7446,176,117,64
3697,7448,185,118,60
3698,7450,180,117,58
3699,7452,170,116,59
3700,7454,180,116,59
3701,7456,171,116,58
3702,7458,164,115,56
3703,7460,155,116,55
3704,7462,140,116,57
3705,7464,164,116,58
3706,7466,165,117,57
3707,7468,195,117,58
3708,7470,182,117,59
3709,7472,178,117,59
3710,7474,196,118,60
3711,7476,203,118,59
3712,7478,171,118,59
3713,7480,166,118,58
3714,7482,149,118,58
3715,7484,156,119,58
3716,7486,172,118,56
3717,7488,163,117,57
3718,7490,179,115,59
3719,7492,162,115,58
3720,7494,193,114,57
3721,7496,201,112,60
3722,7498,187,110,59
3723,7500,173,110,58
3724,7502,157,107,56
3725,7504,169,105,58
3726,7506,181,104,64
3727,7508,159,102,61
3728,7510,160,101,60
3729,7512,157,99,60
3730,7514,184,97,61
3731,7516,180,93,59
3732,7518,177,89,61
3733,7520,166,85,60
3734,7522,156,80,58
3735,7524,148,76,57
3736,7526,135,74,58
3737,7528,115,72,57
3738,7530,112,71,57
3739,7532,108,63,58
3740,7534,121,60,56
3741,7536,106,59,54
3742,7538,81,54,56
3743,7540,76,53,49
3744,7542,0,49,49
3745,7544,0,49,48
3746,7546,23,45,47
3747,7548,21,44,49
3748,7550,33,38,48
3749,7552,24,36,47
3750,7554,64,36,46
3751,7556,57,32,48
3752,7558,40,32,48
3753,7560,34,33,44
3754,7562,1,32,42
3755,7564,17,30,38
3756,7566,23,31,38
3757,7568,34,30,38
3758,7570,27,31,37
3759,7572,36,28,35
3760,7574,57,33,33
3761,7576,67,29,33
3762,7578,46,29,31
3763,7580,32,28,31
3764,7582,1,25,28
3765,7584,14,22,22
3766,7586,30,20,18
3767,7588,36,21,19
3768,7590,27,21,21
3769,7592,42,20,20
3770,7594,65,21,21
3771,7596,58,21,20
3772,7598,70,21,21
3773,7600,91,20,22
3774,7602,43,19,18
3775,7604,52,20,15
3776,7606,57,21,16
3777,7608,62,20,15
3778,7610,73,19,14
3779,7612,80,19,15
3780,7614,105,19,10
3781,7616,107,18,11
3782,7618,87,19,10
3783,7620,80,19,9
3784,7622,58,19,2
3785,7624,71,18,2
3786,7626,89,19,3
3787,7628,92,19,4
3788,7630,91,19,5
3789,7632,87,19,3
3790,7634,119,22,4
3791,7636,119,19,3
3792,7638,93,19,4
3793,7640,84,16,3
3794,7642,58,19,2
3795,7644,71,18,3
3796,7646,92,20,3
3797,7648,91,19,1
3798,7650,88,21,3
3799,7652,81,20,3
3800,7654,115,19,3
3801,7656,113,19,4
3802,7658,95,17,2
3803,7660,80,18,3
3804,7662,56,18,3
3805,7664,69,18,3
3806,7666,86,16,2
3807,7668,88,18,3
3808,7670,86,15,4
3809,7672,86,17,3
3810,7674,114,17,2
3811,7676,112,18,4
3812,7678,94,18,3
3813,7680,90,17,2
3814,7682,56,18,4
3815,7684,68,15,5
3816,7686,80,18,3
3817,7688,90,18,0
3818,7690,94,17,3
3819,7692,95,15,3
3820,7694,122,17,4
3821,7696,120,16,4
3822,7698,104,15,3
3823,7700,79,17,3
3824,7702,24,15,1
3825,7704,3,15,1
3826,7706,27,14,1
3827,7708,17,14,4
3828,7710,18,14,4
3829,7712,14,14,3
3830,7714,52,13,2
3831,7716,44,13,4
3832,7718,36,11,3
3833,7720,24,13,3
3834,7722,0,12,5
3835,7724,12,13,1
3836,7726,31,11,2
3837,7728,42,12,4
3838,7730,39,10,3
3839,7732,16,11,3
3840,7734,49,11,3
3841,7736,55,11,3
3842,7738,11,11,3
3843,7740,0,11,2
3844,7742,0,10,1
3845,7744,0,10,2
3846,7746,4,9,0
3847,7748,0,10,2
3848,7750,7,10,6
3849,7752,0,10,4
3850,7754,41,10,2
3851,7756,37,10,3
3852,7758,17,9,3
3853,7760,0,11,3
3854,7762,0,10,4
3855,7764,0,10,4
3856,7766,0,10,3
3857,7768,0,11,3
3858,7770,3,10,3
3859,7772,1,11,3
3860,7774,35,12,3
3861,7776,34,11,4
3862,7778,5,11,3
3863,7780,2,11,3
3864,7782,0,11,2
3865,7784,0,12,4
3866,7786,1,11,3
3867,7788,0,11,4
3868,7790,6,11,1
3869,7792,0,10,1
3870,7794,47,11,2
3871,7796,41,11,3
3872,7798,5,11,3
3873,7800,0,11,3
3874,7802,0,12,4
3875,7804,0,11,4
3876,7806,0,11,3
3877,7808,5,10,4
3878,7810,11,11,4
3879,7812,0,11,4
3880,7814,28,11,4
3881,7816,29,10,1
3882,7818,10,10,3
3883,7820,0,11,4
3884,7822,0,8,0
3885,7824,0,10,2
3886,7826,0,12,4
3887,7828,4,10,3
3888,7830,1,11,2
3889,7832,2,10,4
3890,7834,37,10,4
3891,7836,31,11,4
3892,7838,17,10,2
3893,7840,0,9,3
3894,7842,0,11,1
3895,7844,0,11,4
3896,7846,4,11,4
3897,7848,7,11,4
3898,7850,19,12,2
3899,7852,6,14,3
3900,7854,37,11,3
3901,7856,35,2,4
3902,7858,6,11,2
3903,7860,0,11,4
3904,7862,0,11,4
3905,7864,0,10,3
3906,7866,2,11,2
3907,7868,2,10,4
3908,7870,9,11,4
3909,7872,4,10,3
3910,7874,41,13,4
3911,7876,33,13,2
3912,7878,11,14,3
3913,7880,0,14,4
3914,7882,0,15,3
3915,7884,0,15,2
3916,7886,9,14,2
3917,7888,0,16,4
3918,7890,12,15,4
3919,7892,5,15,3
3920,7894,39,17,2
3921,7896,41,17,3
3922,7898,11,17,4
3923,7900,0,19,3
3924,7902,0,18,3
3925,7904,0,19,2
3926,7906,5,20,4
3927,7908,5,19,4
3928,7910,9,20,3
3929,7912,8,20,3
3930,7914,44,20,3
3931,7916,43,19,2
3932,7918,2,20,4
3933,7920,0,20,3
3934,7922,0,21,2
3935,7924,0,21,4
3936,7926,6,20,2
3937,7928,7,22,3
3938,7930,4,21,3
3939,7932,3,21,2
3940,7934,42,21,4
3941,7936,42,21,4
3942,7938,12,19,3
3943,7940,0,20,3
3944,7942,0,19,2
3945,7944,0,19,2
3946,7946,6,20,3
3947,7948,10,20,3
3948,7950,7,19,3
3949,7952,2,20,3
3950,7954,42,19,4
3951,7956,40,20,4
3952,7958,14,20,3
3953,7960,0,20,3
3954,7962,0,19,2
3955,7964,0,19,5
3956,7966,13,19,3
3957,7968,9,19,3
3958,7970,9,19,3
3959,7972,3,19,4
3960,7974,45,19,3
3961,7976,44,19,2
3962,7978,14,18,4
3963,7980,0,19,3
3964,7982,0,20,3
3965,7984,0,19,2
3966,7986,10,19,5
3967,7988,13,19,4
3968,7990,12,19,4
3969,7992,11,19,3
3970,7994,37,19,3
3971,7996,43,19,2
3972,7998,8,19,4
3973,8000,0,19,4
3974,8002,0,19,3
3975,8004,11,19,3
3976,8006,17,19,4
3977,8008,32,19,2
3978,8010,19,18,0
3979,8012,17,19,0
3980,8014,41,19,1
3981,8016,58,19,3
3982,8018,38,19,3
3983,8020,18,19,3
3984,8022,0,20,3
3985,8024,11,20,3
3986,8026,18,19,3
3987,8028,35,19,2
3988,8030,38,19,3
3989,8032,24,21,3
3990,8034,61,22,3
3991,8036,65,22,4
3992,8038,38,21,4
3993,8040,27,21,5
3994,8042,8,21,3
3995,8044,16,22,3
3996,8046,37,21,3
3997,8048,27,21,4
3998,8050,35,21,4
3999,8052,32,23,3
4000,8054,61,21,3
4001,8056,51,22,4
4002,8058,45,21,4
4003,8060,21,22,4
4004,8062,7,22,3
4005,8064,16,21,3
4006,8066,34,21,3
4007,8068,32,22,3
4008,8070,26,22,3
4009,8072,37,21,4
4010,8074,60,21,2
4011,8076,59,22,3
4012,8078,36,22,4
4013,8080,21,22,2
4014,8082,0,21,4
4015,8084,18,21,4
4016,8086,39,20,2
4017,8088,35,22,3
4018,8090,38,21,2
4019,8092,48,21,2
4020,8094,68,21,3
4021,8096,70,21,2
4022,8098,44,21,5
4023,8100,25,21,3
4024,8102,1,20,0
4025,8104,25,21,3
4026,8106,48,21,3
4027,8108,27,22,3
4028,8110,34,21,3
4029,8112,30,21,2
4030,8114,59,22,3
4031,8116,49,22,5
4032,8118,33,26,4
4033,8120,10,25,2
4034,8122,0,27,3
4035,8124,5,26,3
4036,8126,17,25,1
4037,8128,19,26,3
4038,8130,29,26,2
4039,8132,29,26,4
4040,8134,51,26,3
4041,8136,55,25,2
4042,8138,35,26,4
4043,8140,14,26,3
4044,8142,7,26,2
4045,8144,19,26,2
4046,8146,44,27,4
4047,8148,51,26,3
4048,8150,43,26,3
4049,8152,32,26,3
4050,8154,52,26,4
4051,8156,55,26,5
4052,8158,35,26,4
4053,8160,32,26,3
4054,8162,22,27,3
4055,8164,23,27,3
4056,8166,37,26,3
4057,8168,44,26,3
4058,8170,46,26,2
4059,8172,33,27,3
4060,8174,64,27,4
4061,8176,72,25,3
4062,8178,42,26,3
4063,8180,39,26,2
4064,8182,16,26,5
4065,8184,18,26,2
4066,8186,31,26,4
4067,8188,34,26,2
4068,8190,36,26,4
4069,8192,33,26,2
4070,8194,70,25,4
4071,8196,61,26,4
4072,8198,46,27,4
4073,8200,18,27,3
4074,8202,8,26,3
4075,8204,16,26,2
4076,8206,45,26,4
4077,8208,34,25,3
4078,8210,34,26,3
4079,8212,39,23,2
4080,8214,64,23,0
4081,8216,67,24,4
4082,8218,39,23,3
4083,8220,30,23,0
4084,8222,4,22,1
4085,8224,23,23,3
4086,8226,39,22,0
4087,8228,26,22,0
4088,8230,30,22,4
4089,8232,29,19,2
4090,8234,69,19,0
4091,8236,62,21,5
4092,8238,45,19,3
4093,8240,20,20,3
4094,8242,8,19,3
4095,8244,21,17,3
4096,8246,40,19,2
4097,8248,34,19,2
4098,8250,36,19,1
4099,8252,34,19,3
4100,8254,71,20,3
4101,8256,62,19,2
4102,8258,57,19,5
4103,8260,20,19,1
4104,8262,11,19,2
4105,8264,33,19,0
4106,8266,33,19,0
4107,8268,29,20,1
4108,8270,39,20,4
4109,8272,37,20,1
4110,8274,75,19,4
4111,8276,74,23,2
4112,8278,63,22,3
4113,8280,21,22,4
4114,8282,7,22,2
4115,8284,40,23,2
4116,8286,40,21,5
4117,8288,50,22,3
4118,8290,40,23,3
4119,8292,40,24,3
4120,8294,78,23,3
4121,8296,69,24,5
4122,8298,47,23,3
4123,8300,25,22,3
4124,8302,7,23,0
4125,8304,31,23,4
4126,8306,30,22,5
4127,8308,34,23,4
4128,8310,40,22,4
4129,8312,47,24,1
4130,8314,73,24,3
4131,8316,71,23,8
4132,8318,45,23,3
4133,8320,21,23,2
4134,8322,8,23,3
4135,8324,26,22,1
4136,8326,47,23,2
4137,8328,35,24,4
4138,8330,42,24,5
4139,8332,44,23,5
4140,8334,82,23,3
4141,8336,70,22,2
4142,8338,47,22,3
4143,8340,25,23,3
4144,8342,10,22,2
4145,8344,31,23,4
4146,8346,39,23,3
4147,8348,40,23,3
4148,8350,48,17,3
4149,8352,49,23,3
4150,8354,77,23,4
4151,8356,70,25,3
4152,8358,48,23,3
4153,8360,31,23,3
4154,8362,9,23,4
4155,8364,26,23,2
4156,8366,34,23,3
4157,8368,32,22,4
4158,8370,37,23,3
4159,8372,40,23,2
4160,8374,63,23,5
4161,8376,61,23,4
4162,8378,39,24,1
4163,8380,18,23,3
4164,8382,4,23,2
4165,8384,24,23,3
4166,8386,31,23,3
4167,8388,31,21,3
4168,8390,29,20,3
4169,8392,38,23,3
4170,8394,63,22,4
4171,8396,64,23,3
4172,8398,39,22,4
4173,8400,13,23,4
4174,8402,9,23,2
4175,8404,25,23,3
4176,8406,34,22,3
4177,8408,30,23,3
4178,8410,24,24,4
4179,8412,37,23,2
4180,8414,58,22,4
4181,8416,65,23,3
4182,8418,40,23,3
4183,8420,17,23,3
4184,8422,11,23,2
4185,8424,24,23,2
4186,8426,36,23,3
4187,8428,27,23,3
4188,8430,31,22,3
4189,8432,37,23,3
4190,8434,71,23,4
4191,8436,66,23,4
4192,8438,50,23,18
4193,8440,22,22,3
4194,8442,7,22,2
4195,8444,35,23,3
4196,8446,47,22,5
4197,8448,34,23,3
4198,8450,33,23,3
4199,8452,46,22,1
4200,8454,72,24,3
4201,8456,72,23,3
4202,8458,41,23,3
4203,8460,22,23,4
4204,8462,11,23,3
4205,8464,38,23,2
4206,8466,43,23,4
4207,8468,44,22,3
4208,8470,40,22,3
4209,8472,41,23,2
4210,8474,71,23,4
4211,8476,62,23,4
4212,8478,39,23,3
4213,8480,5,23,3
4214,8482,0,23,3
4215,8484,18,23,2
4216,8486,19,23,3
4217,8488,20,23,4
4218,8490,18,23,1
4219,8492,25,23,3
4220,8494,64,23,4
4221,8496,58,23,3
4222,8498,33,23,0
4223,8500,3,23,4
4224,8502,1,23,2
4225,8504,21,22,3
4226,8506,37,24,3
4227,8508,35,23,3
4228,8510,37,22,1
4229,8512,37,23,3
4230,8514,74,23,3
4231,8516,66,23,4
4232,8518,47,23,1
4233,8520,23,23,3
4234,8522,16,22,3
4235,8524,36,22,2
4236,8526,42,23,1
4237,8528,49,23,3
4238,8530,47,22,3
4239,8532,32,23,2
4240,8534,64,23,3
4241,8536,60,22,3
4242,8538,43,23,3
4243,8540,13,23,2
4244,8542,0,22,3
4245,8544,22,22,3
4246,8546,26,21,2
4247,8548,25,23,3
4248,8550,28,23,1
4249,8552,13,23,3
4250,8554,55,23,4
4251,8556,46,21,1
4252,8558,25,22,3
4253,8560,0,22,2
4254,8562,0,22,4
4255,8564,20,22,3
4256,8566,14,22,4
4257,8568,13,22,2
4258,8570,13,22,2
4259,8572,14,21,4
4260,8574,51,22,4
4261,8576,44,24,3
4262,8578,19,22,4
4263,8580,0,22,3
4264,8582,0,21,2
4265,8584,21,22,3
4266,8586,26,22,3
4267,8588,26,22,1
4268,8590,26,21,2
4269,8592,16,22,3
4270,8594,57,22,3
4271,8596,47,23,6
4272,8598,29,22,3
4273,8600,3,22,2
4274,8602,1,22,4
4275,8604,25,22,3
4276,8606,24,22,2
4277,8608,32,22,3
4278,8610,29,22,2
4279,8612,24,22,2
4280,8614,59,22,3
4281,8616,52,23,1
4282,8618,32,23,2
4283,8620,16,22,2
4284,8622,2,22,1
4285,8624,31,23,3
4286,8626,32,23,3
4287,8628,30,23,3
4288,8630,27,23,3
4289,8632,20,23,3
4290,8634,57,23,7
4291,8636,53,23,3
4292,8638,35,23,2
4293,8640,2,23,4
4294,8642,8,22,3
4295,8644,34,23,4
4296,8646,39,23,4
4297,8648,26,23,3
4298,8650,36,23,2
4299,8652,24,23,4
4300,8654,68,21,2
4301,8656,56,23,2
4302,8658,37,24,3
4303,8660,9,22,2
4304,8662,9,23,3
4305,8664,28,23,1
4306,8666,36,23,3
4307,8668,39,22,3
4308,8670,30,23,3
4309,8672,32,23,4
4310,8674,60,21,4
4311,8676,59,23,2
4312,8678,30,23,4
4313,8680,6,23,2
4314,8682,10,23,2
4315,8684,37,23,5
4316,8686,33,23,2
4317,8688,39,23,2
4318,8690,34,23,2
4319,8692,29,23,5
4320,8694,67,23,5
4321,8696,58,23,4
4322,8698,36,23,3
4323,8700,18,23,2
4324,8702,9,23,3
4325,8704,38,23,3
4326,8706,32,23,4
4327,8708,30,23,3
4328,8710,32,23,3
4329,8712,25,23,3
4330,8714,71,24,4
4331,8716,56,23,3
4332,8718,35,23,4
4333,8720,3,24,3
4334,8722,10,24,3
4335,8724,34,24,2
4336,8726,34,24,3
4337,8728,24,23,3
4338,8730,31,23,2
4339,8732,24,23,3
4340,8734,60,24,4
4341,8736,48,23,2
4342,8738,30,23,3
4343,8740,7,23,3
4344,8742,9,23,2
4345,8744,26,23,4
4346,8746,29,23,3
4347,8748,34,23,3
4348,8750,34,24,2
4349,8752,28,23,3
4350,8754,65,23,5
4351,8756,58,23,3
4352,8758,39,23,3
4353,8760,16,22,2
4354,8762,7,23,4
4355,8764,32,23,2
4356,8766,36,23,3
4357,8768,35,23,3
4358,8770,35,23,4
4359,8772,25,23,4
4360,8774,55,23,3
4361,8776,45,24,3
4362,8778,30,23,3
4363,8780,1,23,2
4364,8782,3,24,3
4365,8784,28,23,4
4366,8786,20,23,3
4367,8788,32,23,4
4368,8790,24,23,3
4369,8792,27,22,3
4370,8794,63,24,4
4371,8796,53,23,4
4372,8798,32,24,4
4373,8800,8,23,2
4374,8802,10,24,3
4375,8804,31,23,1
4376,8806,42,23,3
4377,8808,35,23,3
4378,8810,33,22,5
4379,8812,27,24,4
4380,8814,77,23,1
4381,8816,55,23,2
4382,8818,47,22,3
4383,8820,12,23,2
4384,8822,8,23,2
4385,8824,32,23,2
4386,8826,24,24,4
4387,8828,31,23,2
4388,8830,27,24,4
4389,8832,26,24,3
4390,8834,70,24,4
4391,8836,56,24,3
4392,8838,36,23,2
4393,8840,10,24,1
4394,8842,4,24,2
4395,8844,34,22,3
4396,8846,33,23,1
4397,8848,32,22,3
4398,8850,30,24,3
4399,8852,28,24,4
4400,8854,66,24,2
4401,8856,48,24,4
4402,8858,32,24,3
4403,8860,0,24,3
4404,8862,0,24,2
4405,8864,15,24,2
4406,8866,34,24,3
4407,8868,33,24,4
4408,8870,28,24,3
4409,8872,31,27,6
4410,8874,59,28,4
4411,8876,49,27,5
4412,8878,30,28,3
4413,8880,20,29,3
4414,8882,29,31,4
4415,8884,44,32,4
4416,8886,38,33,1
4417,8888,44,33,3
4418,8890,50,35,2
4419,8892,55,36,3
4420,8894,82,36,2
4421,8896,68,34,3
4422,8898,50,35,3
4423,8900,28,37,3
4424,8902,21,41,3
4425,8904,55,40,2
4426,8906,55,41,3
4427,8908,48,41,4
4428,8910,55,40,3
4429,8912,53,43,3
4430,8914,78,42,2
4431,8916,78,42,4
4432,8918,68,42,5
4433,8920,57,42,3
4434,8922,54,42,3
4435,8924,77,42,2
4436,8926,75,41,2
4437,8928,77,41,3
4438,8930,85,41,2
4439,8932,75,41,5
4440,8934,111,42,5
4441,8936,112,42,1
4442,8938,90,42,3
4443,8940,63,42,3
4444,8942,64,42,3
4445,8944,91,41,0
4446,8946,84,41,2
4447,8948,86,42,2
4448,8950,85,41,0
4449,8952,87,41,2
4450,8954,112,42,3
4451,8956,112,42,3
4452,8958,104,42,4
4453,8960,67,42,3
4454,8962,61,41,3
4455,8964,63,40,0
4456,8966,72,40,0
4457,8968,68,40,3
4458,8970,76,41,3
4459,8972,71,41,4
4460,8974,113,41,4
4461,8976,97,40,3
4462,8978,84,40,4
4463,8980,61,40,3
4464,8982,57,41,3
4465,8984,82,39,4
4466,8986,79,44,4
4467,8988,77,40,3
4468,8990,82,39,3
4469,8992,89,40,4
4470,8994,107,41,4
4471,8996,109,38,3
4472,8998,97,40,3
4473,9000,70,39,2
4474,9002,57,38,2
4475,9004,87,39,2
4476,9006,80,39,4
4477,9008,85,39,3
4478,9010,84,39,3
4479,9012,82,39,4
4480,9014,119,39,3
4481,9016,110,38,2
4482,9018,82,39,1
4483,9020,61,39,2
4484,9022,57,38,3
4485,9024,73,38,3
4486,9026,83,39,3
4487,9028,78,38,3
4488,9030,82,38,3
4489,9032,85,39,3
4490,9034,117,39,4
4491,9036,100,39,3
4492,9038,93,39,3
4493,9040,67,38,3
4494,9042,66,39,4
4495,9044,84,38,2
4496,9046,81,36,3
4497,9048,93,38,3
4498,9050,86,36,4
4499,9052,72,36,4
4500,9054,96,36,2
4501,9056,88,36,4
4502,9058,83,35,3
4503,9060,54,36,3
4504,9062,53,35,2
4505,9064,72,35,4
4506,9066,73,35,1
4507,9068,75,35,2
4508,9070,78,35,4
4509,9072,75,34,2
4510,9074,106,33,2
4511,9076,95,33,1
4512,9078,78,31,4
4513,9080,52,28,5
4514,9082,41,29,3
4515,9084,63,28,4
4516,9086,63,28,1
4517,9088,70,27,3
4518,9090,58,27,3
4519,9092,60,26,4
4520,9094,79,25,3
4521,9096,75,24,4
4522,9098,57,24,3
4523,9100,23,24,3
4524,9102,24,23,2
4525,9104,56,22,5
4526,9106,46,18,3
4527,9108,52,19,2
4528,9110,45,19,3
4529,9112,40,19,3
4530,9114,80,19,6
4531,9116,69,20,3
4532,9118,47,21,3
4533,9120,25,18,2
4534,9122,29,19,4
4535,9124,58,19,2
4536,9126,47,19,4
4537,9128,46,15,2
4538,9130,50,18,2
4539,9132,47,20,4
4540,9134,77,21,2
4541,9136,65,20,3
4542,9138,56,21,3
4543,9140,22,21,3
4544,9142,26,21,3
4545,9144,46,21,4
4546,9146,49,20,4
4547,9148,56,21,2
4548,9150,52,20,2
4549,9152,54,21,3
4550,9154,83,20,3
4551,9156,74,21,2
4552,9158,48,20,3
4553,9160,30,20,2
4554,9162,22,20,3
4555,9164,49,20,2
4556,9166,46,19,4
4557,9168,41,21,3
4558,9170,41,20,4
4559,9172,30,23,3
4560,9174,81,21,4
4561,9176,68,21,3
4562,9178,49,21,3
4563,9180,18,22,2
4564,9182,16,21,3
4565,9184,46,21,2
4566,9186,38,20,4
4567,9188,41,20,5
4568,9190,39,20,1
4569,9192,40,20,4
4570,9194,77,20,2
4571,9196,62,21,3
4572,9198,47,18,3
4573,9200,17,17,2
4574,9202,13,17,4
4575,9204,40,17,3
4576,9206,47,17,2
4577,9208,45,15,3
4578,9210,44,16,3
4579,9212,35,16,2
4580,9214,76,14,2
4581,9216,64,14,3
4582,9218,39,13,3
4583,9220,15,14,3
4584,9222,12,13,4
4585,9224,47,14,4
4586,9226,38,13,4
4587,9228,46,15,3
4588,9230,38,14,3
4589,9232,38,14,4
4590,9234,71,13,3
4591,9236,60,13,3
4592,9238,38,14,2
4593,9240,18,14,2
4594,9242,9,13,3
4595,9244,42,13,3
4596,9246,37,13,3
4597,9248,46,11,3
4598,9250,37,13,4
4599,9252,32,14,3
4600,9254,71,13,5
4601,9256,61,14,4
4602,9258,49,14,3
4603,9260,19,13,3
4604,9262,21,12,2
4605,9264,30,13,1
4606,9266,39,13,2
4607,9268,32,13,3
4608,9270,38,13,2
4609,9272,22,13,3
4610,9274,71,13,4
4611,9276,64,13,2
4612,9278,39,13,3
4613,9280,17,12,2
4614,9282,20,13,2
4615,9284,43,13,2
4616,9286,45,13,3
4617,9288,38,13,3
4618,9290,38,13,2
4619,9292,40,12,3
4620,9294,78,13,3
4621,9296,61,12,4
4622,9298,50,14,3
4623,9300,20,12,3
4624,9302,19,11,3
4625,9304,42,12,3
4626,9306,36,11,3
4627,9308,40,12,3
4628,9310,44,11,5
4629,9312,42,11,2
4630,9314,76,11,3
4631,9316,59,12,3
4632,9318,39,12,3
4633,9320,16,8,3
4634,9322,17,7,2
4635,9324,47,8,2
4636,9326,45,8,2
4637,9328,40,9,3
4638,9330,42,8,2
4639,9332,33,8,0
4640,9334,72,7,3
4641,9336,63,7,3
4642,9338,39,8,3
4643,9340,15,7,2
4644,9342,19,8,1
4645,9344,45,8,4
4646,9346,41,7,2
4647,9348,47,7,3
4648,9350,37,7,2
4649,9352,35,7,3
4650,9354,71,8,4
4651,9356,65,7,3
4652,9358,55,8,2
4653,9360,22,4,2
4654,9362,24,3,3
4655,9364,37,3,2
4656,9366,44,3,4
4657,9368,46,3,1
4658,9370,47,3,3
4659,9372,38,3,3
4660,9374,68,3,4
4661,9376,64,3,3
4662,9378,50,5,3
4663,9380,21,3,1
4664,9382,13,3,4
4665,9384,42,2,3
4666,9386,42,2,3
4667,9388,43,3,3
4668,9390,49,2,2
4669,9392,38,2,4
4670,9394,75,3,4
4671,9396,54,1,4
4672,9398,46,3,2
4673,9400,17,2,2
4674,9402,21,3,3
4675,9404,42,3,2
4676,9406,36,2,1
4677,9408,36,3,3
4678,9410,34,2,3
4679,9412,46,3,2
4680,9414,75,3,3
4681,9416,53,2,3
4682,9418,51,4,2
4683,9420,17,3,3
4684,9422,25,2,2
4685,9424,47,4,2
4686,9426,38,3,3
4687,9428,43,4,3
4688,9430,45,3,1
4689,9432,41,3,3
4690,9434,80,3,3
4691,9436,53,3,6
4692,9438,46,3,3
4693,9440,17,3,2
4694,9442,17,3,2
4695,9444,27,2,3
4696,9446,36,3,3
4697,9448,40,4,3
4698,9450,29,3,3
4699,9452,35,3,3
4700,9454,73,3,3
4701,9456,51,3,3
4702,9458,49,2,3
4703,9460,13,3,2
4704,9462,17,2,2
4705,9464,33,2,5
4706,9466,36,4,4
4707,9468,36,3,2
4708,9470,37,2,3
4709,9472,47,3,4
4710,9474,73,3,4
4711,9476,56,3,3
4712,9478,44,3,4
4713,9480,25,4,3
4714,9482,18,2,4
4715,9484,43,3,4
4716,9486,38,3,2
4717,9488,39,3,3
4718,9490,42,2,2
4719,9492,51,3,4
4720,9494,82,2,4
4721,9496,59,3,3
4722,9498,44,2,0
4723,9500,14,3,0
4724,9502,22,2,2
4725,9504,34,3,0
4726,9506,38,2,2
4727,9508,42,3,4
4728,9510,39,3,4
4729,9512,40,4,1
4730,9514,71,3,2
4731,9516,69,3,4
4732,9518,49,2,2
4733,9520,15,3,2
4734,9522,18,3,3
4735,9524,31,3,3
4736,9526,40,3,2
4737,9528,33,1,3
4738,9530,37,4,3
4739,9532,42,3,3
4740,9534,72,2,3
4741,9536,59,3,3
4742,9538,47,3,3
4743,9540,16,2,4
4744,9542,15,2,3
4745,9544,45,2,4
4746,9546,37,3,3
4747,9548,41,3,4
4748,9550,47,3,2
4749,9552,42,3,2
4750,9554,79,1,3
4751,9556,73,2,2
4752,9558,52,3,2
4753,9560,25,2,2
4754,9562,26,3,2
4755,9564,51,3,1
4756,9566,50,3,4
4757,9568,46,3,2
4758,9570,56,3,7
4759,9572,58,3,3
4760,9574,82,3,3
4761,9576,66,3,4
4762,9578,49,3,0
4763,9580,36,3,3
4764,9582,31,2,3
4765,9584,57,3,3
4766,9586,54,3,3
4767,9588,53,6,3
4768,9590,57,3,4
4769,9592,61,3,3
4770,9594,88,3,5
4771,9596,75,3,2
4772,9598,59,3,2
4773,9600,35,3,3
4774,9602,37,3,3
4775,9604,54,3,3
4776,9606,51,2,3
4777,9608,51,3,2
4778,9610,54,3,3
4779,9612,45,2,3
4780,9614,87,4,4
4781,9616,67,1,0
4782,9618,51,3,3
4783,9620,35,3,2
4784,9622,37,3,5
4785,9624,53,3,0
4786,9626,51,3,3
4787,9628,50,3,3
4788,9630,51,3,2
4789,9632,56,3,4
4790,9634,83,2,4
4791,9636,68,3,2
4792,9638,42,3,5
4793,9640,26,2,2
4794,9642,25,2,1
4795,9644,61,3,4
4796,9646,48,3,3
4797,9648,41,3,3
4798,9650,46,3,2
4799,9652,46,4,4
4800,9654,83,3,4
4801,9656,69,2,4
4802,9658,59,4,2
4803,9660,23,3,3
4804,9662,23,1,2
4805,9664,50,3,5
4806,9666,60,3,3
4807,9668,51,2,3
4808,9670,53,3,2
4809,9672,59,1,2
4810,9674,86,3,4
4811,9676,69,3,4
4812,9678,58,3,3
4813,9680,30,3,3
4814,9682,32,2,1
4815,9684,47,2,3
4816,9686,48,3,3
4817,9688,48,3,3
4818,9690,51,3,3
4819,9692,56,3,1
4820,9694,83,2,2
4821,9696,67,3,4
4822,9698,53,2,2
4823,9700,35,3,2
4824,9702,27,1,1
4825,9704,52,1,1
4826,9706,49,3,3
4827,9708,49,3,3
4828,9710,50,3,3
4829,9712,32,3,3
4830,9714,66,1,4
4831,9716,44,3,4
4832,9718,39,1,3
4833,9720,9,1,2
4834,9722,8,1,2
4835,9724,32,2,4
4836,9726,29,2,3
4837,9728,38,3,0
4838,9730,28,3,3
4839,9732,35,4,4
4840,9734,71,3,3
4841,9736,49,4,4
4842,9738,33,4,3
4843,9740,17,2,2
4844,9742,11,2,2
4845,9744,46,1,2
4846,9746,31,3,4
4847,9748,27,2,2
4848,9750,29,2,3
4849,9752,31,3,5
4850,9754,77,3,3
4851,9756,49,2,3
4852,9758,32,3,4
4853,9760,12,3,0
4854,9762,8,3,3
4855,9764,32,3,3
4856,9766,29,1,3
4857,9768,32,3,2
4858,9770,33,2,3
4859,9772,36,3,3
4860,9774,66,3,4
4861,9776,48,3,4
4862,9778,27,3,2
4863,9780,6,2,3
4864,9782,1,4,3
4865,9784,32,6,3
4866,9786,30,4,2
4867,9788,28,4,3
4868,9790,41,3,3
4869,9792,30,1,5
4870,9794,64,3,5
4871,9796,42,4,3
4872,9798,28,6,2
4873,9800,5,2,3
4874,9802,1,3,3
4875,9804,33,3,4
4876,9806,32,2,4
4877,9808,29,3,4
4878,9810,34,3,0
4879,9812,23,3,2
4880,9814,66,3,3
4881,9816,37,2,3
4882,9818,35,3,2
4883,9820,9,1,3
4884,9822,2,3,3
4885,9824,29,3,3
4886,9826,30,2,3
4887,9828,27,3,3
4888,9830,30,2,3
4889,9832,34,2,3
4890,9834,66,3,2
4891,9836,47,3,4
4892,9838,33,2,2
4893,9840,10,3,0
4894,9842,2,3,2
4895,9844,34,3,4
4896,9846,29,4,2
4897,9848,34,3,3
4898,9850,37,3,3
4899,9852,23,4,4
4900,9854,66,3,4
4901,9856,42,3,5
4902,9858,28,3,3
4903,9860,3,3,3
4904,9862,0,3,2
4905,9864,35,3,4
4906,9866,30,3,4
4907,9868,31,2,5
4908,9870,26,3,3
4909,9872,22,3,3
4910,9874,59,3,2
4911,9876,42,2,3
4912,9878,33,3,3
4913,9880,2,4,4
4914,9882,4,2,3
4915,9884,28,3,4
4916,9886,35,4,2
4917,9888,38,3,5
4918,9890,38,3,3
4919,9892,35,4,4
4920,9894,55,3,4
4921,9896,46,2,4
4922,9898,34,2,3
4923,9900,10,3,2
4924,9902,0,0,1
4925,9904,24,3,3
4926,9906,37,3,2
4927,9908,27,3,2
4928,9910,34,2,3
4929,9912,21,3,4
4930,9914,66,5,4
4931,9916,42,2,4
4932,9918,37,3,3
4933,9920,0,2,3
4934,9922,10,2,2
4935,9924,33,3,3
4936,9926,31,3,3
4937,9928,31,2,2
4938,9930,25,3,2
4939,9932,29,3,4
4940,9934,67,6,1
4941,9936,51,3,4
4942,9938,37,3,3
4943,9940,21,3,2
4944,9942,6,3,2
4945,9944,30,2,2
4946,9946,22,3,4
4947,9948,33,2,2
4948,9950,20,3,2
4949,9952,19,2,3
4950,9954,61,3,2
4951,9956,38,3,5
4952,9958,28,3,3
4953,9960,13,3,3
4954,9962,8,3,3
4955,9964,37,4,3
4956,9966,31,3,4
4957,9968,29,3,2
4958,9970,24,2,2
4959,9972,10,2,2
4960,9974,67,3,3
4961,9976,43,2,3
4962,9978,41,2,3
4963,9980,2,2,2
4964,9982,0,2,2
4965,9984,30,2,3
4966,9986,35,3,2
4967,9988,32,3,1
4968,9990,19,2,3
4969,9992,16,1,2
4970,9994,55,3,3
4971,9996,41,3,3
4972,9998,24,3,3
4973,10000,15,2,2
4974,10002,8,3,1
4975,10004,28,2,2
4976,10006,25,3,3
4977,10008,37,2,5
4978,10010,28,2,3
4979,10012,22,3,2
4980,10014,48,2,0
4981,10016,41,3,3
4982,10018,31,3,3
4983,10020,19,2,2
4984,10022,5,3,2
4985,10024,37,3,5
4986,10026,38,2,3
4987,10028,42,3,3
4988,10030,42,1,2
4989,10032,26,3,3
4990,10034,61,2,2
4991,10036,47,3,5
4992,10038,33,2,3
4993,10040,13,2,3
4994,10042,16,2,2
4995,10044,35,2,3
4996,10046,30,3,2
4997,10048,40,3,2
4998,10050,34,3,7
4999,10052,19,3,2
5000,10054,60,4,5
5001,10056,41,3,2
5002,10058,47,2,2
5003,10060,20,3,3
5004,10062,13,2,2
5005,10064,36,3,1
5006,10066,36,2,3
5007,10068,30,3,4
5008,10070,20,3,0
5009,10072,25,3,2
5010,10074,60,3,0
5011,10076,38,4,3
5012,10078,33,3,4
5013,10080,3,2,5
5014,10082,8,2,2
5015,10084,37,3,4
5016,10086,35,3,3
5017,10088,43,3,2
5018,10090,32,3,1
5019,10092,28,3,3
5020,10094,59,3,2
5021,10096,55,4,2
5022,10098,44,3,3
5023,10100,19,3,3
5024,10102,14,2,3
5025,10104,28,2,2
5026,10106,33,2,2
5027,10108,37,3,3
5028,10110,23,2,2
5029,10112,24,2,3
5030,10114,64,2,3
5031,10116,47,3,4
5032,10118,34,3,3
5033,10120,6,3,4
5034,10122,0,3,2
5035,10124,24,2,5
5036,10126,17,3,2
5037,10128,31,2,1
5038,10130,28,3,5
5039,10132,24,2,3
5040,10134,61,3,4
5041,10136,43,3,2
5042,10138,28,3,4
5043,10140,3,2,4
5044,10142,8,2,3
5045,10144,25,3,3
5046,10146,25,3,3
5047,10148,30,3,3
5048,10150,30,2,3
5049,10152,30,3,4
5050,10154,66,3,4
5051,10156,48,2,2
5052,10158,29,2,4
5053,10160,10,3,2
5054,10162,6,3,2
5055,10164,28,2,2
5056,10166,24,3,2
5057,10168,25,2,3
5058,10170,21,3,3
5059,10172,28,3,3
5060,10174,59,3,1
5061,10176,50,3,2
5062,10178,33,3,3
5063,10180,8,2,2
5064,10182,4,2,6
5065,10184,26,3,2
5066,10186,20,4,1
5067,10188,23,2,2
5068,10190,34,1,1
5069,10192,33,2,5
5070,10194,65,4,4
5071,10196,49,3,3
5072,10198,42,2,2
5073,10200,3,3,3
5074,10202,11,1,3
5075,10204,33,3,4
5076,10206,28,3,4
5077,10208,25,3,2
5078,10210,35,6,2
5079,10212,29,3,3
5080,10214,67,3,3
5081,10216,46,3,6
5082,10218,33,2,3
5083,10220,9,3,4
5084,10222,17,3,3
5085,10224,24,3,3
5086,10226,32,3,3
5087,10228,22,3,2
5088,10230,35,3,4
5089,10232,33,3,1
5090,10234,63,3,3
5091,10236,53,2,3
5092,10238,34,3,2
5093,10240,9,2,2
5094,10242,15,2,4
5095,10244,37,3,3
5096,10246,22,3,4
5097,10248,27,2,3
5098,10250,35,3,4
5099,10252,44,3,4
5100,10254,63,3,4
5101,10256,52,2,2
5102,10258,33,2,3
5103,10260,5,3,3
5104,10262,9,3,4
5105,10264,33,4,4
5106,10266,23,3,3
5107,10268,27,3,4
5108,10270,37,2,2
5109,10272,28,3,4
5110,10274,65,2,3
5111,10276,47,3,4
5112,10278,35,3,4
5113,10280,7,4,4
5114,10282,13,2,3
5115,10284,35,3,3
5116,10286,30,3,4
5117,10288,24,3,3
5118,10290,33,2,3
5119,10292,26,3,1
5120,10294,64,3,2
5121,10296,41,3,3
5122,10298,28,3,3
5123,10300,2,3,4
5124,10302,7,2,1
5125,10304,31,3,3
5126,10306,27,3,2
5127,10308,32,2,3
5128,10310,25,2,3
5129,10312,31,3,4
5130,10314,59,2,2
5131,10316,54,2,3
5132,10318,27,3,3
5133,10320,11,3,3
5134,10322,0,3,2
5135,10324,23,3,0
5136,10326,22,3,5
5137,10328,30,3,2
5138,10330,23,3,1
5139,10332,23,3,1
5140,10334,58,4,3
5141,10336,46,2,1
5142,10338,30,2,3
5143,10340,0,2,2
5144,10342,0,3,2
5145,10344,28,3,5
5146,10346,18,2,3
5147,10348,21,3,0
5148,10350,21,3,2
5149,10352,29,1,2
5150,10354,56,3,4
5151,10356,40,3,3
5152,10358,17,3,4
5153,10360,0,2,1
5154,10362,2,3,4
5155,10364,15,2,1
5156,10366,19,3,3
5157,10368,10,3,2
5158,10370,19,3,4
5159,10372,19,2,2
5160,10374,54,1,4
5161,10376,33,3,3
5162,10378,18,2,4
5163,10380,2,2,2
5164,10382,0,3,2
5165,10384,19,2,2
5166,10386,13,2,2
5167,10388,17,2,3
5168,10390,30,3,3
5169,10392,17,2,1
5170,10394,57,4,3
5171,10396,35,3,4
5172,10398,21,2,3
5173,10400,0,2,3
5174,10402,0,3,3
5175,10404,21,2,1
5176,10406,12,3,3
5177,10408,18,3,2
5178,10410,7,3,3
5179,10412,11,2,4
5180,10414,50,3,4
5181,10416,37,2,3
5182,10418,12,3,4
5183,10420,0,3,3
5184,10422,0,7,2
5185,10424,12,3,2
5186,10426,20,1,4
5187,10428,6,4,0
5188,10430,9,3,5
5189,10432,12,3,2
5190,10434,53,3,3
5191,10436,25,3,2
5192,10438,20,3,2
5193,10440,0,3,3
5194,10442,8,2,3
5195,10444,23,2,2
5196,10446,22,3,3
5197,10448,26,3,4
5198,10450,25,3,3
5199,10452,14,2,2
5200,10454,47,1,2
5201,10456,38,2,2
5202,10458,22,2,3
5203,10460,2,3,2
5204,10462,9,2,2
5205,10464,26,3,3
5206,10466,32,4,1
5207,10468,28,3,4
5208,10470,13,1,2
5209,10472,21,2,2
5210,10474,52,3,4
5211,10476,52,2,3
5212,10478,20,3,2
5213,10480,0,3,3
5214,10482,6,4,4
5215,10484,26,4,3
5216,10486,18,3,3
5217,10488,36,3,2
5218,10490,17,3,2
5219,10492,19,3,3
5220,10494,48,3,3
5221,10496,43,3,1
5222,10498,29,4,3
5223,10500,1,3,2
5224,10502,7,2,2
5225,10504,23,4,3
5226,10506,17,3,3
5227,10508,24,2,4
5228,10510,25,2,3
5229,10512,19,3,4
5230,10514,54,4,4
5231,10516,38,3,5
5232,10518,24,3,2
5233,10520,5,4,3
5234,10522,11,3,2
5235,10524,23,3,3
5236,10526,34,3,1
5237,10528,18,3,1
5238,10530,20,2,5
5239,10532,19,3,3
5240,10534,62,3,3
5241,10536,38,2,3
5242,10538,25,3,5
5243,10540,1,4,5
5244,10542,4,2,2
5245,10544,18,2,2
5246,10546,27,3,3
5247,10548,24,3,3
5248,10550,25,3,3
5249,10552,22,3,3
5250,10554,61,3,4
5251,10556,40,2,5
5252,10558,17,3,2
5253,10560,3,5,2
5254,10562,13,2,3
5255,10564,25,2,2
5256,10566,36,3,2
5257,10568,36,3,2
5258,10570,18,3,3
5259,10572,26,3,4
5260,10574,55,4,2
5261,10576,46,3,4
5262,10578,23,3,4
5263,10580,2,3,3
5264,10582,11,3,3
5265,10584,27,3,2
5266,10586,37,3,3
5267,10588,29,3,3
5268,10590,30,3,5
5269,10592,20,3,3
5270,10594,65,2,3
5271,10596,37,3,3
5272,10598,31,3,1
5273,10600,10,4,3
5274,10602,11,2,2
5275,10604,31,2,0
5276,10606,25,3,3
5277,10608,27,3,1
5278,10610,18,2,4
5279,10612,14,3,3
5280,10614,52,2,3
5281,10616,39,3,0
5282,10618,33,4,2
5283,10620,0,3,2
5284,10622,0,3,3
5285,10624,25,2,4
5286,10626,36,2,2
5287,10628,29,2,3
5288,10630,28,3,4
5289,10632,17,2,1
5290,10634,60,3,3
5291,10636,46,3,2
5292,10638,21,2,3
5293,10640,6,3,5
5294,10642,15,3,1
5295,10644,27,3,3
5296,10646,23,3,3
5297,10648,29,3,3
5298,10650,25,2,2
5299,10652,20,3,3
5300,10654,60,4,2
5301,10656,27,3,2
5302,10658,25,3,3
5303,10660,0,2,0
5304,10662,10,3,4
5305,10664,35,2,1
5306,10666,25,3,0
5307,10668,26,3,4
5308,10670,30,4,4
5309,10672,28,3,3
5310,10674,56,3,5
5311,10676,34,2,3
5312,10678,18,3,2
5313,10680,1,2,0
5314,10682,10,2,1
5315,10684,34,4,4
5316,10686,30,3,3
5317,10688,30,2,2
5318,10690,32,2,3
5319,10692,23,3,2
5320,10694,59,3,3
5321,10696,42,3,4
5322,10698,34,2,2
5323,10700,5,3,3
5324,10702,15,3,3
5325,10704,37,3,1
5326,10706,34,2,3
5327,10708,37,3,3
5328,10710,38,3,3
5329,10712,19,3,2
5330,10714,49,2,2
5331,10716,43,3,2
5332,10718,35,3,3
5333,10720,3,2,2
5334,10722,15,3,3
5335,10724,31,3,2
5336,10726,34,3,3
5337,10728,42,2,2
5338,10730,35,3,4
5339,10732,30,3,2
5340,10734,63,3,0
5341,10736,44,2,3
5342,10738,30,3,3
5343,10740,4,3,2
5344,10742,15,3,3
5345,10744,32,2,3
5346,10746,30,2,2
5347,10748,35,2,3
5348,10750,26,3,3
5349,10752,29,3,3
5350,10754,71,4,4
5351,10756,39,3,3
5352,10758,37,2,2
5353,10760,9,3,4
5354,10762,22,2,2
5355,10764,31,3,5
5356,10766,29,2,2
5357,10768,41,3,2
5358,10770,32,4,3
5359,10772,32,2,3
5360,10774,64,4,3
5361,10776,44,3,3
5362,10778,38,3,1
5363,10780,9,3,3
5364,10782,19,3,4
5365,10784,29,2,3
5366,10786,31,3,4
5367,10788,30,3,1
5368,10790,40,2,3
5369,10792,32,2,2
5370,10794,67,3,5
5371,10796,54,3,3
5372,10798,36,3,3
5373,10800,13,2,4
5374,10802,18,3,3
5375,10804,40,3,5
5376,10806,32,3,2
5377,10808,34,3,3
5378,10810,39,2,3
5379,10812,29,3,3
5380,10814,68,2,2
5381,10816,51,3,3
5382,10818,40,2,4
5383,10820,9,3,3
5384,10822,23,2,2
5385,10824,32,2,2
5386,10826,28,2,3
5387,10828,39,2,3
5388,10830,43,4,2
5389,10832,30,2,2
5390,10834,65,3,4
5391,10836,49,3,4
5392,10838,37,3,4
5393,10840,17,3,2
5394,10842,24,2,3
5395,10844,38,1,2
5396,10846,21,3,3
5397,10848,35,3,4
5398,10850,38,3,4
5399,10852,32,4,3
5400,10854,72,3,5
5401,10856,60,2,1
5402,10858,34,3,6
5403,10860,1,2,3
5404,10862,13,2,4
5405,10864,40,4,4
5406,10866,30,2,3
5407,10868,31,3,4
5408,10870,38,2,2
5409,10872,39,3,3
5410,10874,69,3,3
5411,10876,51,3,4
5412,10878,41,3,3
5413,10880,6,3,2
5414,10882,22,3,4
5415,10884,40,2,5
5416,10886,36,2,2
5417,10888,32,3,4
5418,10890,40,3,4
5419,10892,36,3,2
5420,10894,74,3,4
5421,10896,55,3,3
5422,10898,41,2,2
5423,10900,10,3,4
5424,10902,25,3,3
5425,10904,39,3,4
5426,10906,39,2,4
5427,10908,32,2,2
5428,10910,34,2,2
5429,10912,36,3,4
5430,10914,69,3,2
5431,10916,43,3,2
5432,10918,45,3,5
5433,10920,7,2,1
5434,10922,14,3,1
5435,10924,29,3,2
5436,10926,22,3,4
5437,10928,52,3,0
5438,10930,46,2,2
5439,10932,33,3,3
5440,10934,63,3,3
5441,10936,48,3,3
5442,10938,37,3,4
5443,10940,5,4,3
5444,10942,16,3,7
5445,10944,38,2,1
5446,10946,30,3,5
5447,10948,39,3,3
5448,10950,46,3,3
5449,10952,44,3,3
5450,10954,66,2,3
5451,10956,53,2,3
5452,10958,39,3,0
5453,10960,8,2,2
5454,10962,18,2,2
5455,10964,40,3,4
5456,10966,30,2,3
5457,10968,31,3,4
5458,10970,33,2,2
5459,10972,36,3,4
5460,10974,66,4,4
5461,10976,41,2,2
5462,10978,39,3,4
5463,10980,6,3,3
5464,10982,23,3,3
5465,10984,26,3,2
5466,10986,33,3,1
5467,10988,41,3,2
5468,10990,38,3,2
5469,10992,39,3,1
5470,10994,71,4,3
5471,10996,54,2,2
5472,10998,46,2,3
5473,11000,11,3,3
5474,11002,23,3,3
5475,11004,44,4,3
5476,11006,44,2,4
5477,11008,44,3,3
5478,11010,51,3,2
5479,11012,44,3,3
5480,11014,81,3,4
5481,11016,50,3,2
5482,11018,42,2,2
5483,11020,16,2,4
5484,11022,22,3,3
5485,11024,37,3,3
5486,11026,31,3,3
5487,11028,38,3,5
5488,11030,34,3,3
5489,11032,39,3,3
5490,11034,70,3,4
5491,11036,48,2,3
5492,11038,43,2,3
5493,11040,14,3,1
5494,11042,21,2,2
5495,11044,36,4,3
5496,11046,43,3,2
5497,11048,38,3,3
5498,11050,46,2,2
5499,11052,40,3,6
5500,11054,69,2,4
5501,11056,49,3,4
5502,11058,42,3,3
5503,11060,7,3,3
5504,11062,24,2,2
5505,11064,36,3,2
5506,11066,38,2,5
5507,11068,45,3,5
5508,11070,48,3,3
5509,11072,44,3,4
5510,11074,75,3,2
5511,11076,39,3,3
5512,11078,39,3,2
5513,11080,14,1,2
5514,11082,23,0,3
5515,11084,43,3,4
5516,11086,41,4,2
5517,11088,46,1,3
5518,11090,40,2,3
5519,11092,39,3,3
5520,11094,70,3,6
5521,11096,52,3,3
5522,11098,35,3,2
5523,11100,22,3,4
5524,11102,25,2,3
5525,11104,37,2,2
5526,11106,36,5,3
5527,11108,42,2,3
5528,11110,46,3,2
5529,11112,40,3,4
5530,11114,67,3,4
5531,11116,40,3,3
5532,11118,40,3,1
5533,11120,18,2,1
5534,11122,28,3,2
5535,11124,38,3,4
5536,11126,42,2,3
5537,11128,44,3,3
5538,11130,43,2,2
5539,11132,46,2,2
5540,11134,67,4,4
5541,11136,45,2,3
5542,11138,37,4,3
5543,11140,15,2,3
5544,11142,28,2,2
5545,11144,40,3,1
5546,11146,40,4,3
5547,11148,44,2,2
5548,11150,43,2,1
5549,11152,40,1,2
5550,11154,67,3,4
5551,11156,39,2,1
5552,11158,39,2,3
5553,11160,14,2,1
5554,11162,20,2,2
5555,11164,34,2,3
5556,11166,43,2,2
5557,11168,36,1,0
5558,11170,31,4,3
5559,11172,47,2,1
5560,11174,71,9,3
5561,11176,39,3,2
5562,11178,38,3,2
5563,11180,17,2,2
5564,11182,20,3,3
5565,11184,42,3,2
5566,11186,45,3,2
5567,11188,43,4,4
5568,11190,26,3,4
5569,11192,51,6,4
5570,11194,74,3,0
5571,11196,42,3,4
5572,11198,38,3,1
5573,11200,16,3,2
5574,11202,25,3,3
5575,11204,33,0,3
5576,11206,41,2,3
5577,11208,44,2,2
5578,11210,29,3,3
5579,11212,42,3,3
5580,11214,64,3,3
5581,11216,36,3,3
5582,11218,36,3,4
5583,11220,6,2,2
5584,11222,22,3,2
5585,11224,34,2,1
5586,11226,44,4,2
5587,11228,29,3,4
5588,11230,42,2,2
5589,11232,39,2,3
5590,11234,63,3,3
5591,11236,37,2,3
5592,11238,32,3,2
5593,11240,7,4,3
5594,11242,21,3,4
5595,11244,29,3,2
5596,11246,34,3,3
5597,11248,36,3,4
5598,11250,31,3,4
5599,11252,39,3,4
5600,11254,63,3,4
5601,11256,38,3,3
5602,11258,31,3,3
5603,11260,11,3,2
5604,11262,21,3,3
5605,11264,34,3,2
5606,11266,28,3,3
5607,11268,32,2,2
5608,11270,31,3,2
5609,11272,33,3,4
5610,11274,56,3,5
5611,11276,27,3,4
5612,11278,28,4,4
5613,11280,5,2,2
5614,11282,16,3,2
5615,11284,32,3,3
5616,11286,31,2,1
5617,11288,30,2,3
5618,11290,30,2,3
5619,11292,36,2,3
5620,11294,67,4,4
5621,11296,27,2,3
5622,11298,28,1,3
5623,11300,0,2,2
5624,11302,17,2,3
5625,11304,35,7,3
5626,11306,50,8,3
5627,11308,36,10,3
5628,11310,26,11,3
5629,11312,34,11,3
5630,11314,60,13,4
5631,11316,35,12,3
5632,11318,27,12,0
5633,11320,6,11,4
5634,11322,19,12,4
5635,11324,33,12,4
5636,11326,27,12,1
5637,11328,30,12,5
5638,11330,29,13,2
5639,11332,33,12,2
5640,11334,55,14,4
5641,11336,27,12,1
5642,11338,28,13,3
5643,11340,6,13,3
5644,11342,14,14,2
5645,11344,30,13,3
5646,11346,35,15,3
5647,11348,35,13,2
5648,11350,31,13,3
5649,11352,41,14,5
5650,11354,59,14,2
5651,11356,35,14,3
5652,11358,30,13,3
5653,11360,4,14,4
5654,11362,17,13,1
5655,11364,32,14,2
5656,11366,43,15,2
5657,11368,34,14,3
5658,11370,29,13,1
5659,11372,53,13,2
5660,11374,68,14,3
5661,11376,39,13,4
5662,11378,31,14,1
5663,11380,3,14,3
5664,11382,21,13,3
5665,11384,32,14,4
5666,11386,42,14,1
5667,11388,42,14,2
5668,11390,37,14,2
5669,11392,53,14,3
5670,11394,66,14,3
5671,11396,37,14,6
5672,11398,34,13,2
5673,11400,0,13,2
5674,11402,24,13,4
5675,11404,39,14,4
5676,11406,37,13,1
5677,11408,45,13,3
5678,11410,35,13,3
5679,11412,58,13,3
5680,11414,60,13,5
5681,11416,40,14,5
5682,11418,34,14,3
5683,11420,10,14,2
5684,11422,18,15,3
5685,11424,32,15,4
5686,11426,39,15,4
5687,11428,41,15,2
5688,11430,43,16,2
5689,11432,57,16,2
5690,11434,61,17,3
5691,11436,33,17,4
5692,11438,30,17,3
5693,11440,2,18,4
5694,11442,18,19,3
5695,11444,30,19,3
5696,11446,26,19,2
5697,11448,37,19,3
5698,11450,34,20,3
5699,11452,65,20,2
5700,11454,63,20,2
5701,11456,43,21,3
5702,11458,32,22,3
5703,11460,0,21,2
5704,11462,11,21,2
5705,11464,25,21,2
5706,11466,32,23,3
5707,11468,24,22,3
5708,11470,36,22,3
5709,11472,62,22,2
5710,11474,62,23,3
5711,11476,40,23,2
5712,11478,24,24,3
5713,11480,5,26,2
5714,11482,16,31,2
5715,11484,37,33,3
5716,11486,38,32,4
5717,11488,47,34,4
5718,11490,32,34,3
5719,11492,62,36,2
5720,11494,68,36,3
5721,11496,30,37,3
5722,11498,21,41,3
5723,11500,0,43,5
5724,11502,50,45,2
5725,11504,83,49,3
5726,11506,55,51,3
5727,11508,67,52,2
5728,11510,70,56,2
5729,11512,97,58,4
5730,11514,116,58,4
5731,11516,120,60,4
5732,11518,98,59,3
5733,11520,69,61,2
5734,11522,79,61,1
5735,11524,93,62,2
5736,11526,110,66,2
5737,11528,89,65,3
5738,11530,98,68,2
5739,11532,120,69,2
5740,11534,116,69,2
5741,11536,102,72,3
5742,11538,96,74,3
5743,11540,81,75,2
5744,11542,104,77,2
5745,11544,127,77,2
5746,11546,123,77,3
5747,11548,126,77,3
5748,11550,125,77,4
5749,11552,152,78,4
5750,11554,144,79,4
5751,11556,138,79,2
5752,11558,129,79,4
5753,11560,104,79,4
5754,11562,112,79,2
5755,11564,119,80,3
5756,11566,124,79,3
5757,11568,123,80,5
5758,11570,123,81,3
5759,11572,153,80,4
5760,11574,146,81,5
5761,11576,134,80,3
5762,11578,119,81,3
5763,11580,105,81,2
5764,11582,108,80,2
5765,11584,118,80,2
5766,11586,114,81,3
5767,11588,97,81,3
5768,11590,103,81,3
5769,11592,134,81,4
5770,11594,132,80,3
5771,11596,131,81,2
5772,11598,94,81,4
5773,11600,70,80,1
5774,11602,96,80,4
5775,11604,84,79,4
5776,11606,75,79,2
5777,11608,79,78,3
5778,11610,109,77,2
5779,11612,125,77,5
5780,11614,104,77,5
5781,11616,80,74,3
5782,11618,102,73,3
5783,11620,64,72,3
5784,11622,84,71,2
5785,11624,97,70,4
5786,11626,102,70,3
5787,11628,96,70,4
5788,11630,113,68,3
5789,11632,125,68,2
5790,11634,121,66,3
5791,11636,106,64,2
5792,11638,104,64,0
5793,11640,75,62,3
5794,11642,70,60,2
5795,11644,87,61,3
5796,11646,86,60,2
5797,11648,94,60,3
5798,11650,90,59,3
5799,11652,112,57,2
5800,11654,117,58,5
5801,11656,95,57,2
5802,11658,94,58,3
5803,11660,71,56,2
5804,11662,80,58,1
5805,11664,55,58,4
5806,11666,91,58,3
5807,11668,87,59,4
5808,11670,88,59,1
5809,11672,117,59,2
5810,11674,112,60,3
5811,11676,87,59,5
5812,11678,75,60,6
5813,11680,51,59,3
5814,11682,70,59,1
5815,11684,78,57,1
5816,11686,81,59,3
5817,11688,89,59,2
5818,11690,83,59,18
5819,11692,105,60,20
5820,11694,120,59,22
5821,11696,90,60,23
5822,11698,71,59,21
5823,11700,53,59,22
5824,11702,68,60,23
5825,11704,75,60,22
5826,11706,79,59,23
5827,11708,85,60,23
5828,11710,73,60,23
5829,11712,90,60,24
5830,11714,102,61,23
5831,11716,99,61,24
5832,11718,71,60,24
5833,11720,53,61,24
5834,11722,55,61,24
5835,11724,73,60,25
5836,11726,91,61,26
5837,11728,91,60,25
5838,11730,91,60,23
5839,11732,114,60,24
5840,11734,111,61,26
5841,11736,90,59,28
5842,11738,78,60,23
5843,11740,69,60,24
5844,11742,75,56,23
5845,11744,89,55,20
5846,11746,90,55,23
5847,11748,89,56,24
5848,11750,85,54,23
5849,11752,120,55,26
5850,11754,116,56,24
5851,11756,83,55,25
5852,11758,86,55,24
5853,11760,64,54,23
5854,11762,78,54,23
5855,11764,95,55,27
5856,11766,105,55,23
5857,11768,94,53,23
5858,11770,82,54,25
5859,11772,123,53,26
5860,11774,114,54,24
5861,11776,93,53,25
5862,11778,87,55,25
5863,11780,65,53,22
5864,11782,78,56,23
5865,11784,100,52,22
5866,11786,92,53,23
5867,11788,95,52,22
5868,11790,81,52,24
5869,11792,107,52,22
5870,11794,104,51,21
5871,11796,92,51,21
5872,11798,81,49,6
5873,11800,64,51,1
5874,11802,70,50,3
5875,11804,100,49,1
5876,11806,97,46,2
5877,11808,95,49,2
5878,11810,86,50,4
5879,11812,113,49,5
5880,11814,109,51,2
5881,11816,92,48,3
5882,11818,82,48,1
5883,11820,63,47,2
5884,11822,69,47,2
5885,11824,84,47,4
5886,11826,94,46,2
5887,11828,87,45,0
5888,11830,78,45,4
5889,11832,114,42,2
5890,11834,105,43,5
5891,11836,83,40,4
5892,11838,81,41,5
5893,11840,54,42,1
5894,11842,72,40,2
5895,11844,83,42,4
5896,11846,85,40,2
5897,11848,82,40,3
5898,11850,81,38,3
5899,11852,111,38,3
5900,11854,116,41,4
5901,11856,82,38,2
5902,11858,80,38,3
5903,11860,67,38,0
5904,11862,72,37,2
5905,11864,89,37,4
5906,11866,93,37,3
5907,11868,90,37,3
5908,11870,72,37,3
5909,11872,125,36,3
5910,11874,115,36,3
5911,11876,95,36,3
5912,11878,79,36,3
5913,11880,67,34,2
5914,11882,76,34,3
5915,11884,85,33,2
5916,11886,93,33,3
5917,11888,86,33,1
5918,11890,78,32,2
5919,11892,105,33,4
5920,11894,102,32,3
5921,11896,81,32,3
5922,11898,64,32,2
5923,11900,47,32,3
5924,11902,61,31,2
5925,11904,73,31,5
5926,11906,69,31,3
5927,11908,63,31,3
5928,11910,65,31,3
5929,11912,90,31,3
5930,11914,92,31,4
5931,11916,63,30,3
5932,11918,61,30,2
5933,11920,36,30,4
5934,11922,51,29,1
5935,11924,64,29,5
5936,11926,81,29,2
5937,11928,72,28,3
5938,11930,63,29,3
5939,11932,91,28,3
5940,11934,89,27,3
5941,11936,68,26,5
5942,11938,55,27,5
5943,11940,38,25,1
5944,11942,47,26,3
5945,11944,60,25,3
5946,11946,67,26,3
5947,11948,63,26,2
5948,11950,60,26,4
5949,11952,95,26,4
5950,11954,82,24,2
5951,11956,70,26,1
5952,11958,60,24,2
5953,11960,42,24,4
5954,11962,53,21,3
5955,11964,64,21,3
5956,11966,71,21,5
5957,11968,76,21,3
5958,11970,67,21,3
5959,11972,96,21,4
5960,11974,89,20,3
5961,11976,79,22,3
5962,11978,72,20,3
5963,11980,43,21,3
5964,11982,52,20,3
5965,11984,70,22,3
5966,11986,71,20,2
5967,11988,71,21,3
5968,11990,66,22,3
5969,11992,95,21,5
5970,11994,94,21,3
5971,11996,70,21,4
5972,11998,54,21,3
5973,12000,36,21,3
5974,12002,48,21,2
5975,12004,62,22,4
5976,12006,64,22,3
5977,12008,68,21,3
5978,12010,68,21,4
5979,12012,94,21,5
5980,12014,84,20,3
5981,12016,69,22,3
5982,12018,49,21,3
5983,12020,34,21,3
5984,12022,39,21,1
5985,12024,65,21,5
5986,12026,62,21,5
5987,12028,84,21,4
5988,12030,62,20,3
5989,12032,94,22,1
5990,12034,91,21,4
5991,12036,67,21,3
5992,12038,52,21,3
5993,12040,36,21,4
5994,12042,44,21,2
5995,12044,62,20,3
5996,12046,56,21,1
5997,12048,68,22,3
5998,12050,62,21,4
5999,12052,95,20,5
6000,12054,97,21,4
6001,12056,40,21,2
6002,12058,32,21,3
6003,12060,10,21,4
6004,12062,20,20,3
6005,12064,70,20,4
6006,12066,59,21,3
6007,12068,64,22,3
6008,12070,66,21,2
6009,12072,90,22,3
6010,12074,89,21,4
6011,12076,57,20,3
6012,12078,58,21,3
6013,12080,34,21,2
6014,12082,46,21,3
6015,12084,62,20,2
6016,12086,60,21,1
6017,12088,67,21,4
6018,12090,60,21,2
6019,12092,84,21,2
6020,12094,84,22,1
6021,12096,64,21,3
6022,12098,55,21,3
6023,12100,37,21,2
6024,12102,51,21,3
6025,12104,65,21,3
6026,12106,66,19,3
6027,12108,71,19,5
6028,12110,64,19,4
6029,12112,92,19,2
6030,12114,91,19,4
6031,12116,71,19,4
6032,12118,71,20,4
6033,12120,42,18,2
6034,12122,49,18,3
6035,12124,62,19,4
6036,12126,56,19,3
6037,12128,60,19,3
6038,12130,66,19,4
6039,12132,91,20,4
6040,12134,86,18,3
6041,12136,62,18,3
6042,12138,59,19,3
6043,12140,37,19,2
6044,12142,46,19,2
6045,12144,64,19,4
6046,12146,54,19,3
6047,12148,61,18,3
6048,12150,76,19,3
6049,12152,91,20,2
6050,12154,89,20,5
6051,12156,69,20,5
6052,12158,64,20,3
6053,12160,38,20,4
6054,12162,50,19,3
6055,12164,68,19,3
6056,12166,63,20,4
6057,12168,62,20,3
6058,12170,66,19,4
6059,12172,91,19,3
6060,12174,102,19,3
6061,12176,66,20,3
6062,12178,57,20,3
6063,12180,43,20,4
6064,12182,50,21,3
6065,12184,66,20,4
6066,12186,62,19,5
6067,12188,70,20,2
6068,12190,62,20,3
6069,12192,92,19,5
6070,12194,88,20,4
6071,12196,61,20,3
6072,12198,57,18,2
6073,12200,33,19,2
6074,12202,47,19,1
6075,12204,59,20,0
6076,12206,60,19,3
6077,12208,65,19,2
6078,12210,73,19,2
6079,12212,100,20,4
6080,12214,92,19,3
6081,12216,74,20,3
6082,12218,59,21,3
6083,12220,38,19,2
6084,12222,52,19,3
6085,12224,70,19,2
6086,12226,65,20,3
6087,12228,69,20,3
6088,12230,81,20,3
6089,12232,99,19,2
6090,12234,101,20,4
6091,12236,72,19,2
6092,12238,65,20,4
6093,12240,47,19,2
6094,12242,56,20,2
6095,12244,71,21,4
6096,12246,60,19,2
6097,12248,66,20,1
6098,12250,75,19,4
6099,12252,90,19,5
6100,12254,94,20,4
6101,12256,76,20,4
6102,12258,58,19,2
6103,12260,40,20,3
6104,12262,52,19,3
6105,12264,67,19,1
6106,12266,63,20,3
6107,12268,65,20,2
6108,12270,75,19,3
6109,12272,99,20,5
6110,12274,93,19,2
6111,12276,72,20,4
6112,12278,53,20,2
6113,12280,55,19,3
6114,12282,49,20,3
6115,12284,70,19,4
6116,12286,61,19,3
6117,12288,70,19,3
6118,12290,77,20,3
6119,12292,99,19,3
6120,12294,103,18,2
6121,12296,71,19,3
6122,12298,60,20,2
6123,12300,39,20,1
6124,12302,49,19,2
6125,12304,66,20,2
6126,12306,69,20,5
6127,12308,65,20,3
6128,12310,70,19,5
6129,12312,90,20,2
6130,12314,96,20,4
6131,12316,67,20,3
6132,12318,58,20,1
6133,12320,46,19,2
6134,12322,47,20,2
6135,12324,60,20,2
6136,12326,61,18,4
6137,12328,70,19,2
6138,12330,65,20,2
6139,12332,90,20,2
6140,12334,84,20,3
6141,12336,67,20,3
6142,12338,53,20,3
6143,12340,38,20,3
6144,12342,51,20,2
6145,12344,67,20,4
6146,12346,63,20,3
6147,12348,71,20,3
6148,12350,70,20,1
6149,12352,100,20,3
6150,12354,93,20,3
6151,12356,72,21,4
6152,12358,51,20,3
6153,12360,35,20,1
6154,12362,48,20,2
6155,12364,63,21,3
6156,12366,75,19,3
6157,12368,65,21,3
6158,12370,71,20,3
6159,12372,93,20,4
6160,12374,87,21,2
6161,12376,60,20,5
6162,12378,54,20,0
6163,12380,42,19,2
6164,12382,54,20,2
6165,12384,69,19,2
6166,12386,76,20,3
6167,12388,65,20,3
6168,12390,74,20,2
6169,12392,100,19,2
6170,12394,98,23,4
6171,12396,69,20,1
6172,12398,55,20,3
6173,12400,43,20,1
6174,12402,56,19,2
6175,12404,74,20,3
6176,12406,70,21,3
6177,12408,68,20,2
6178,12410,65,21,5
6179,12412,106,25,4
6180,12414,87,27,3
6181,12416,83,34,2
6182,12418,74,41,2
6183,12420,44,44,5
6184,12422,62,49,2
6185,12424,77,51,0
6186,12426,82,57,24
6187,12428,79,61,28
6188,12430,77,63,35
6189,12432,102,68,43
6190,12434,103,73,44
6191,12436,109,84,53
6192,12438,121,92,57
6193,12440,105,100,61
6194,12442,130,105,62
6195,12444,159,112,67
6196,12446,152,116,78
6197,12448,148,118,81
6198,12450,153,121,91
6199,12452,177,122,111
6200,12454,182,124,121
6201,12456,179,126,125
6202,12458,169,127,124
6203,12460,125,135,132
6204,12462,181,138,153
6205,12464,198,144,153
6206,12466,208,146,159
6207,12468,204,152,163
6208,12470,220,157,165
6209,12472,245,160,172
6210,12474,239,161,170
6211,12476,198,163,170
6212,12478,170,168,164
6213,12480,183,167,168
6214,12482,146,169,166
6215,12484,191,172,168
6216,12486,160,178,169
6217,12488,205,180,169
6218,12490,222,186,170
6219,12492,259,188,169
6220,12494,248,190,169
6221,12496,225,196,170
6222,12498,214,199,167
6223,12500,219,199,174
6224,12502,220,201,175
6225,12504,260,204,173
6226,12506,259,207,174
6227,12508,261,208,174
6228,12510,220,206,172
6229,12512,253,208,174
6230,12514,246,208,179
6231,12516,145,208,177
6232,12518,137,208,179
6233,12520,201,209,181
6234,12522,189,210,180
6235,12524,203,209,180
6236,12526,222,212,180
6237,12528,215,211,179
6238,12530,226,211,180
6239,12532,243,210,185
6240,12534,238,211,184
6241,12536,221,212,184
6242,12538,209,212,184
6243,12540,206,211,182
6244,12542,212,208,180
6245,12544,223,208,179
6246,12546,210,208,181
6247,12548,221,208,180
6248,12550,200,207,180
6249,12552,223,206,173
6250,12554,201,208,170
6251,12556,139,205,166
6252,12558,124,202,163
6253,12560,139,192,155
6254,12562,148,192,152
6255,12564,153,190,150
6256,12566,140,188,145
6257,12568,142,187,134
6258,12570,148,189,130
6259,12572,137,189,121
6260,12574,119,188,106
6261,12576,132,186,86
6262,12578,114,186,70
6263,12580,110,186,67
6264,12582,91,186,62
6265,12584,96,185,55
6266,12586,83,185,54
6267,12588,110,185,55
6268,12590,75,184,51
6269,12592,106,184,52
6270,12594,100,184,50
6271,12596,78,184,46
6272,12598,73,187,47
6273,12600,37,185,43
6274,12602,66,185,37
6275,12604,66,184,30
6276,12606,70,185,32
6277,12608,73,185,24
6278,12610,83,186,23
6279,12612,104,185,7
6280,12614,94,185,6
6281,12616,64,185,4
6282,12618,108,184,3
6283,12620,110,185,3
6284,12622,127,184,5
6285,12624,119,185,4
6286,12626,147,186,2
6287,12628,144,185,5
6288,12630,139,188,2
6289,12632,168,187,4
6290,12634,161,189,5
6291,12636,148,190,4
6292,12638,129,188,3
6293,12640,131,189,6
6294,12642,158,190,5
6295,12644,167,190,5
6296,12646,201,190,3
6297,12648,149,191,4
6298,12650,219,192,3
6299,12652,243,192,4
6300,12654,225,193,2
6301,12656,209,194,3
6302,12658,203,194,4
6303,12660,234,195,4
6304,12662,231,195,4
6305,12664,252,196,3
6306,12666,246,198,4
6307,12668,259,205,3
6308,12670,256,208,4
6309,12672,280,209,3
6310,12674,311,212,24
6311,12676,283,213,25
6312,12678,266,214,35
6313,12680,265,213,35
6314,12682,281,213,38
6315,12684,277,214,42
6316,12686,278,213,48
6317,12688,282,214,48
6318,12690,284,214,47
6319,12692,307,214,48
6320,12694,304,215,51
6321,12696,285,215,47
6322,12698,270,214,49
6323,12700,264,214,47
6324,12702,283,215,49
6325,12704,286,214,49
6326,12706,282,215,51
6327,12708,275,215,48
6328,12710,286,216,50
6329,12712,304,217,52
6330,12714,298,217,53
6331,12716,284,217,58
6332,12718,271,219,67
6333,12720,257,218,67
6334,12722,284,219,68
6335,12724,273,220,77
6336,12726,274,219,79
6337,12728,276,219,82
6338,12730,280,219,80
6339,12732,299,219,81
6340,12734,299,219,80
6341,12736,288,220,95
6342,12738,267,219,105
6343,12740,268,220,106
6344,12742,285,221,104
6345,12744,280,221,106
6346,12746,279,221,111
6347,12748,293,221,124
6348,12750,293,222,127
6349,12752,315,222,132
6350,12754,312,222,136
6351,12756,301,223,141
6352,12758,270,222,148
6353,12760,263,222,157
6354,12762,279,223,159
6355,12764,277,223,154
6356,12766,261,223,156
6357,12768,248,223,155
6358,12770,233,222,153
6359,12772,229,222,154
6360,12774,209,223,158
6361,12776,185,222,165
6362,12778,173,222,168
6363,12780,162,221,170
6364,12782,183,220,169
6365,12784,177,218,169
6366,12786,183,220,173
6367,12788,186,220,173
6368,12790,173,219,177
6369,12792,173,219,177
6370,12794,192,218,176
6371,12796,184,215,180
6372,12798,155,214,184
6373,12800,146,214,189
6374,12802,168,214,188
6375,12804,129,212,191
6376,12806,130,210,191
6377,12808,174,210,192
6378,12810,186,209,191
6379,12812,220,210,190
6380,12814,207,208,189
6381,12816,202,205,187
6382,12818,168,201,185
6383,12820,110,197,184
6384,12822,143,191,188
6385,12824,154,189,189
6386,12826,196,188,184
6387,12828,200,188,188
6388,12830,148,188,188
6389,12832,171,189,188
6390,12834,170,187,187
6391,12836,148,188,187
6392,12838,127,188,188
6393,12840,126,189,190
6394,12842,149,188,194
6395,12844,118,188,192
6396,12846,89,187,192
6397,12848,88,187,192
6398,12850,80,187,191
6399,12852,111,186,189
6400,12854,112,187,188
6401,12856,71,188,187
6402,12858,63,185,187
6403,12860,66,186,188
6404,12862,118,187,187
6405,12864,110,185,187
6406,12866,118,185,188
6407,12868,120,186,185
6408,12870,123,186,186
6409,12872,143,186,184
6410,12874,120,185,183
6411,12876,139,186,183
6412,12878,121,186,184
6413,12880,160,186,184
6414,12882,163,186,183
6415,12884,177,187,184
6416,12886,162,186,184
6417,12888,168,187,184
6418,12890,204,188,182
6419,12892,205,189,181
6420,12894,225,189,182
6421,12896,216,190,178
6422,12898,215,190,180
6423,12900,193,190,180
6424,12902,199,190,177
6425,12904,252,191,179
6426,12906,236,196,182
6427,12908,218,198,180
6428,12910,256,201,175
6429,12912,304,203,179
6430,12914,305,205,173
6431,12916,232,206,173
6432,12918,229,208,170
6433,12920,228,210,162
6434,12922,247,211,157
6435,12924,282,213,158
6436,12926,299,214,158
6437,12928,291,214,156
6438,12930,305,214,155
6439,12932,328,215,158
6440,12934,328,214,154
6441,12936,305,214,152
6442,12938,269,215,152
6443,12940,271,216,151
6444,12942,295,216,146
6445,12944,292,216,146
6446,12946,297,219,143
6447,12948,302,216,140
6448,12950,288,215,138
6449,12952,298,215,136
6450,12954,276,216,136
6451,12956,257,214,139
6452,12958,248,214,136
6453,12960,244,212,138
6454,12962,258,210,135
6455,12964,254,210,133
6456,12966,255,212,137
6457,12968,263,209,135
6458,12970,265,206,134
6459,12972,292,206,138
6460,12974,278,200,140
6461,12976,263,201,141
6462,12978,251,198,144
6463,12980,252,197,145
6464,12982,258,196,144
6465,12984,256,197,141
6466,12986,245,195,144
6467,12988,273,193,146
6468,12990,288,193,147
6469,12992,278,192,148
6470,12994,266,190,150
6471,12996,215,190,152
6472,12998,188,189,150
6473,13000,187,189,147
6474,13002,209,188,152
6475,13004,212,188,151
6476,13006,151,188,153
6477,13008,177,188,159
6478,13010,190,183,156
6479,13012,215,184,157
6480,13014,202,184,156
6481,13016,187,180,158
6482,13018,159,175,151
6483,13020,160,174,149
6484,13022,169,171,153
6485,13024,170,171,148
6486,13026,180,170,142
6487,13028,163,167,146
6488,13030,151,166,136
6489,13032,180,164,133
6490,13034,146,163,126
6491,13036,125,160,130
6492,13038,112,159,123
6493,13040,97,158,118
6494,13042,109,154,118
6495,13044,114,153,112
6496,13046,86,150,114
6497,13048,85,149,102
6498,13050,101,149,96
6499,13052,121,149,75
6500,13054,108,148,63
6501,13056,97,147,61
6502,13058,77,146,26
6503,13060,76,147,28
6504,13062,100,147,25
6505,13064,95,146,23
6506,13066,97,146,31
6507,13068,90,146,26
6508,13070,96,147,21
6509,13072,127,150,27
6510,13074,119,150,29
6511,13076,98,153,25
6512,13078,96,155,26
6513,13080,92,156,33
6514,13082,113,159,39
6515,13084,131,161,45
6516,13086,133,163,50
6517,13088,135,167,49
6518,13090,142,167,50
6519,13092,170,172,49
6520,13094,145,174,52
6521,13096,121,174,63
6522,13098,114,176,62
6523,13100,146,180,63
6524,13102,111,182,66
6525,13104,112,185,71
6526,13106,78,186,77
6527,13108,96,186,102
6528,13110,124,188,115
6529,13112,161,187,123
6530,13114,157,189,133
6531,13116,135,190,137
6532,13118,188,191,143
6533,13120,138,198,138
6534,13122,162,204,140
6535,13124,222,209,144
6536,13126,224,212,151
6537,13128,230,213,154
6538,13130,209,214,156
6539,13132,239,215,156
6540,13134,238,216,156
6541,13136,233,218,157
6542,13138,211,218,157
6543,13140,223,218,156
6544,13142,243,219,156
6545,13144,223,220,156
6546,13146,282,220,158
6547,13148,275,220,159
6548,13150,259,221,160
6549,13152,301,220,160
6550,13154,297,222,159
6551,13156,283,221,162
6552,13158,273,221,168
6553,13160,254,221,169
6554,13162,263,220,170
6555,13164,269,219,174
6556,13166,279,220,174
6557,13168,280,222,175
6558,13170,277,220,173
6559,13172,279,220,173
6560,13174,272,221,175
6561,13176,257,221,176
6562,13178,239,219,175
6563,13180,231,217,177
6564,13182,267,216,177
6565,13184,248,216,177
6566,13186,230,215,178
6567,13188,251,213,178
6568,13190,227,212,176
6569,13192,219,210,176
6570,13194,204,209,175
6571,13196,171,207,173
6572,13198,156,201,170
6573,13200,153,197,161
6574,13202,127,189,161
6575,13204,127,187,159
6576,13206,116,188,154
6577,13208,160,187,155
6578,13210,135,186,153
6579,13212,172,186,152
6580,13214,131,187,150
6581,13216,113,185,155
6582,13218,86,184,152
6583,13220,73,184,153
6584,13222,115,184,151
6585,13224,114,184,150
6586,13226,114,184,151
6587,13228,132,183,151
6588,13230,111,183,154
6589,13232,160,181,153
6590,13234,142,182,153
6591,13236,115,180,154
6592,13238,109,176,153
6593,13240,85,178,155
6594,13242,130,178,152
6595,13244,100,178,155
6596,13246,107,178,155
6597,13248,101,178,157
6598,13250,109,177,156
6599,13252,118,179,157
6600,13254,96,181,159
6601,13256,72,181,159
6602,13258,53,183,157
6603,13260,59,185,155
6604,13262,77,184,159
6605,13264,86,187,161
6606,13266,85,188,158
6607,13268,87,188,158
6608,13270,77,189,158
6609,13272,117,190,158
6610,13274,110,191,159
6611,13276,85,191,159
6612,13278,69,192,158
6613,13280,67,197,156
6614,13282,88,201,160
6615,13284,127,203,155
6616,13286,118,208,160
6617,13288,137,211,159
6618,13290,115,215,159
6619,13292,168,216,160
6620,13294,160,218,161
6621,13296,133,220,166
6622,13298,125,221,166
6623,13300,130,224,164
6624,13302,150,223,165
6625,13304,143,223,169
6626,13306,204,226,166
6627,13308,181,227,168
6628,13310,196,227,170
6629,13312,212,227,170
6630,13314,203,227,168
6631,13316,195,223,166
6632,13318,199,227,170
6633,13320,200,226,176
6634,13322,210,226,182
6635,13324,208,227,181
6636,13326,225,227,180
6637,13328,222,226,180
6638,13330,224,227,178
6639,13332,251,226,176
6640,13334,246,226,176
6641,13336,238,225,176
6642,13338,214,225,177
6643,13340,212,225,177
6644,13342,231,224,175
6645,13344,237,225,178
6646,13346,221,225,177
6647,13348,197,224,177
6648,13350,199,224,176
6649,13352,225,225,179
6650,13354,211,223,178
6651,13356,207,223,178
6652,13358,171,223,178
6653,13360,175,223,177
6654,13362,194,222,177
6655,13364,170,219,179
6656,13366,182,219,180
6657,13368,186,217,174
6658,13370,178,216,172
6659,13372,192,214,171
6660,13374,127,213,168
6661,13376,116,211,162
6662,13378,74,205,161
6663,13380,139,198,159
6664,13382,169,190,159
6665,13384,160,189,160
6666,13386,144,189,156
6667,13388,148,188,154
6668,13390,159,186,152
6669,13392,170,186,143
6670,13394,150,185,120
6671,13396,136,184,114
6672,13398,125,183,107
6673,13400,117,182,97
6674,13402,133,179,96
6675,13404,122,177,92
6676,13406,136,176,89
6677,13408,142,174,86
6678,13410,140,171,86
6679,13412,146,169,81
6680,13414,124,166,78
6681,13416,116,166,71
6682,13418,89,165,67
6683,13420,83,163,67
6684,13422,90,162,70
6685,13424,114,162,66
6686,13426,110,162,72
6687,13428,108,161,70
6688,13430,101,164,73
6689,13432,133,164,68
6690,13434,126,165,65
6691,13436,128,168,69
6692,13438,82,169,69
6693,13440,87,172,70
6694,13442,115,175,70
6695,13444,21,178,70
6696,13446,19,179,67
6697,13448,64,182,67
6698,13450,58,186,67
6699,13452,102,186,71
6700,13454,87,188,70
6701,13456,73,196,71
6702,13458,50,197,73
6703,13460,35,199,84
6704,13462,92,202,89
6705,13464,84,205,89
6706,13466,92,207,110
6707,13468,91,211,118
6708,13470,88,214,119
6709,13472,129,216,129
6710,13474,109,218,132
6711,13476,158,218,137
6712,13478,154,219,144
6713,13480,129,220,141
6714,13482,202,219,142
6715,13484,222,219,123
6716,13486,234,221,122
6717,13488,255,222,122
6718,13490,247,221,115
6719,13492,280,220,114
6720,13494,273,219,116
6721,13496,241,219,113
6722,13498,223,218,113
6723,13500,195,218,108
6724,13502,217,216,106
6725,13504,234,215,104
6726,13506,254,215,100
6727,13508,257,214,105
6728,13510,241,213,101
6729,13512,281,212,104
6730,13514,253,211,101
6731,13516,264,208,101
6732,13518,236,207,102
6733,13520,225,207,97
6734,13522,255,207,98
6735,13524,244,206,98
6736,13526,247,205,98
6737,13528,247,206,99
6738,13530,240,201,94
6739,13532,286,196,91
6740,13534,212,193,86
6741,13536,205,192,86
6742,13538,190,191,85
6743,13540,190,188,84
6744,13542,213,190,83
6745,13544,220,187,80
6746,13546,226,185,78
6747,13548,206,184,63
6748,13550,223,183,64
6749,13552,180,183,55
6750,13554,214,184,60
6751,13556,219,183,59
6752,13558,190,183,62
6753,13560,180,182,58
6754,13562,152,182,43
6755,13564,158,181,43
6756,13566,148,181,43
6757,13568,141,180,40
6758,13570,136,179,31
6759,13572,173,180,31
6760,13574,140,180,29
6761,13576,144,179,24
6762,13578,120,174,22
6763,13580,119,172,41
6764,13582,140,170,39
6765,13584,144,169,37
6766,13586,57,165,33
6767,13588,57,164,32
6768,13590,54,162,36
6769,13592,94,162,35
6770,13594,33,160,37
6771,13596,16,158,34
6772,13598,0,158,33
6773,13600,0,158,35
6774,13602,14,158,38
6775,13604,3,157,38
6776,13606,8,158,24
6777,13608,12,158,24
6778,13610,10,161,27
6779,13612,51,162,35
6780,13614,27,162,38
6781,13616,20,164,40
6782,13618,0,165,41
6783,13620,38,167,46
6784,13622,57,171,46
6785,13624,63,173,45
6786,13626,59,175,46
6787,13628,58,177,48
6788,13630,75,182,47
6789,13632,99,184,48
6790,13634,85,182,52
6791,13636,65,183,54
6792,13638,80,182,54
6793,13640,72,184,54
6794,13642,69,185,56
6795,13644,75,185,60
6796,13646,73,185,60
6797,13648,86,187,62
6798,13650,74,187,65
6799,13652,151,188,63
6800,13654,134,189,62
6801,13656,127,198,63
6802,13658,116,202,65
6803,13660,115,205,71
6804,13662,144,206,64
6805,13664,136,207,68
6806,13666,146,207,74
6807,13668,161,208,79
6808,13670,171,210,79
6809,13672,197,211,79
6810,13674,183,211,88
6811,13676,182,212,86
6812,13678,157,212,87
6813,13680,155,211,88
6814,13682,168,214,91
6815,13684,221,215,98
6816,13686,231,213,100
6817,13688,200,214,102
6818,13690,206,212,96
6819,13692,225,213,102
6820,13694,222,213,108
6821,13696,209,213,104
6822,13698,206,213,106
6823,13700,201,213,106
6824,13702,227,213,109
6825,13704,221,213,111
6826,13706,228,213,109
6827,13708,227,214,115
6828,13710,224,213,113
6829,13712,249,213,109
6830,13714,240,213,114
6831,13716,236,212,113
6832,13718,209,212,113
6833,13720,203,212,111
6834,13722,223,210,115
6835,13724,221,209,120
6836,13726,235,210,119
6837,13728,210,210,120
6838,13730,202,209,121
6839,13732,228,209,121
6840,13734,221,206,118
6841,13736,209,205,114
6842,13738,179,204,114
6843,13740,185,201,114
6844,13742,183,197,117
6845,13744,149,195,117
6846,13746,146,185,115
6847,13748,156,185,112
6848,13750,152,184,108
6849,13752,176,185,109
6850,13754,155,183,104
6851,13756,128,184,100
6852,13758,123,185,97
6853,13760,69,183,95
6854,13762,86,183,97
6855,13764,77,183,93
6856,13766,72,182,99
6857,13768,72,181,97
6858,13770,77,181,98
6859,13772,122,181,101
6860,13774,85,181,103
6861,13776,87,181,97
6862,13778,61,181,101
6863,13780,46,181,105
6864,13782,69,183,109
6865,13784,79,183,112
6866,13786,79,183,115
6867,13788,68,182,116
6868,13790,64,182,117
6869,13792,107,184,136
6870,13794,93,184,143
6871,13796,77,186,151
6872,13798,54,193,150
6873,13800,55,195,155
6874,13802,99,197,160
6875,13804,93,199,161
6876,13806,110,201,163
6877,13808,101,202,165
6878,13810,101,204,165
6879,13812,133,207,164
6880,13814,118,210,166
6881,13816,110,213,164
6882,13818,83,216,166
6883,13820,64,215,162
6884,13822,85,216,167
6885,13824,197,216,166
6886,13826,210,218,166
6887,13828,189,219,168
6888,13830,198,218,164
6889,13832,234,221,159
6890,13834,236,219,161
6891,13836,240,222,160
6892,13838,241,221,157
6893,13840,238,222,160
6894,13842,259,222,160
6895,13844,256,222,159
6896,13846,262,222,152
6897,13848,260,221,141
6898,13850,283,222,137
6899,13852,313,220,135
6900,13854,296,220,130
6901,13856,290,219,126
6902,13858,273,218,122
6903,13860,250,219,123
6904,13862,256,216,120
6905,13864,258,218,119
6906,13866,271,226,121
6907,13868,266,218,121
6908,13870,254,217,121
6909,13872,286,218,121
6910,13874,296,218,123
6911,13876,275,218,122
6912,13878,263,218,121
6913,13880,237,217,123
6914,13882,271,218,121
6915,13884,265,217,122
6916,13886,248,216,121
6917,13888,228,215,119
6918,13890,192,216,123
6919,13892,223,215,128
6920,13894,216,214,129
6921,13896,198,212,128
6922,13898,164,209,127
6923,13900,187,209,119
6924,13902,202,204,117
6925,13904,151,203,112
6926,13906,160,197,111
6927,13908,144,193,107
6928,13910,145,192,105
6929,13912,208,189,97
6930,13914,149,188,90
6931,13916,147,187,88
6932,13918,125,188,88
6933,13920,127,187,90
6934,13922,135,187,83
6935,13924,129,188,76
6936,13926,136,187,74
6937,13928,126,186,72
6938,13930,129,186,73
6939,13932,174,185,73
6940,13934,89,185,74
6941,13936,73,184,77
6942,13938,47,185,78
6943,13940,49,186,79
6944,13942,69,184,74
6945,13944,66,185,75
6946,13946,65,185,75
6947,13948,57,187,75
6948,13950,64,188,75
6949,13952,95,188,76
6950,13954,83,189,78
6951,13956,64,190,77
6952,13958,38,189,80
6953,13960,45,195,77
6954,13962,74,199,81
6955,13964,71,201,81
6956,13966,68,204,83
6957,13968,78,208,80
6958,13970,65,211,81
6959,13972,152,215,82
6960,13974,130,217,80
6961,13976,99,222,83
6962,13978,82,222,83
6963,13980,82,224,80
6964,13982,197,227,85
6965,13984,211,226,86
6966,13986,216,226,91
6967,13988,214,225,85
6968,13990,163,227,88
6969,13992,251,226,83
6970,13994,248,228,87
6971,13996,250,226,93
6972,13998,224,227,92
6973,14000,196,227,91
6974,14002,268,228,92
6975,14004,285,228,92
6976,14006,259,227,94
6977,14008,253,227,92
6978,14010,229,226,99
6979,14012,273,225,98
6980,14014,274,223,102
6981,14016,263,222,100
6982,14018,247,221,97
6983,14020,265,217,99
6984,14022,298,214,97
6985,14024,287,211,98
6986,14026,293,208,95
6987,14028,291,203,94
6988,14030,287,203,95
6989,14032,313,199,93
6990,14034,304,195,93
6991,14036,302,194,95
6992,14038,272,192,92
6993,14040,276,189,92
6994,14042,296,187,89
6995,14044,289,187,84
6996,14046,291,187,78
6997,14048,298,188,70
6998,14050,295,187,67
6999,14052,323,187,71
7000,14054,310,189,64
7001,14056,305,189,61
7002,14058,274,190,62
7003,14060,280,191,61
7004,14062,289,191,58
7005,14064,287,193,59
7006,14066,293,192,50
7007,14068,295,193,41
7008,14070,284,193,24
7009,14072,311,193,31
7010,14074,291,192,11
7011,14076,284,191,10
7012,14078,260,190,8
7013,14080,264,187,5
7014,14082,261,189,3
7015,14084,252,190,4
7016,14086,257,189,4
7017,14088,232,189,4
7018,14090,239,189,4
7019,14092,265,188,5
7020,14094,244,186,5
7021,14096,229,182,3
7022,14098,189,183,3
7023,14100,163,182,3
7024,14102,187,181,4
7025,14104,199,180,3
7026,14106,210,179,3
7027,14108,218,178,4
7028,14110,229,178,2
7029,14112,247,178,5
7030,14114,239,178,4
7031,14116,227,182,4
7032,14118,209,182,4
7033,14120,221,183,4
7034,14122,244,183,4
7035,14124,234,185,4
7036,14126,237,187,4
7037,14128,237,189,5
7038,14130,234,189,2
7039,14132,274,191,4
7040,14134,256,193,3
7041,14136,226,196,4
7042,14138,196,197,4
7043,14140,211,198,3
7044,14142,217,200,6
7045,14144,271,203,4
7046,14146,275,202,3
7047,14148,264,206,4
7048,14150,276,206,4
7049,14152,301,207,7
7050,14154,285,207,2
7051,14156,266,207,4
7052,14158,270,208,6
7053,14160,264,208,4
7054,14162,281,208,5
7055,14164,288,207,4
7056,14166,260,206,3
7057,14168,283,203,3
7058,14170,280,201,5
7059,14172,301,198,4
7060,14174,277,195,5
7061,14176,277,194,5
7062,14178,249,192,4
7063,14180,264,190,4
7064,14182,265,190,6
7065,14184,241,190,4
7066,14186,215,187,6
7067,14188,229,186,4
7068,14190,229,185,1
7069,14192,254,184,5
7070,14194,243,183,4
7071,14196,238,182,3
7072,14198,209,180,5
7073,14200,243,180,4
7074,14202,263,178,5
7075,14204,260,177,4
7076,14206,259,179,3
7077,14208,256,180,4
7078,14210,263,179,5
7079,14212,288,180,6
7080,14214,276,180,5
7081,14216,278,181,4
7082,14218,240,181,5
7083,14220,244,180,4
7084,14222,266,182,4
7085,14224,251,184,4
7086,14226,249,187,4
7087,14228,249,189,2
7088,14230,253,191,4
7089,14232,279,192,4
7090,14234,259,196,7
7091,14236,252,198,7
7092,14238,262,200,7
7093,14240,264,202,18
7094,14242,272,202,17
7095,14244,257,205,19
7096,14246,280,206,20
7097,14248,268,207,20
7098,14250,284,210,21
7099,14252,302,211,20
7100,14254,290,213,23
7101,14256,275,214,30
7102,14258,254,214,28
7103,14260,267,213,29
7104,14262,274,215,32
7105,14264,277,215,32
7106,14266,250,213,32
7107,14268,264,212,34
7108,14270,233,212,36
7109,14272,256,212,37
7110,14274,234,211,40
7111,14276,241,212,43
7112,14278,214,212,44
7113,14280,220,213,44
7114,14282,257,214,49
7115,14284,263,214,47
7116,14286,266,216,50
7117,14288,264,216,49
7118,14290,260,217,51
7119,14292,291,218,51
7120,14294,283,219,53
7121,14296,274,219,54
7122,14298,244,220,54
7123,14300,254,221,64
7124,14302,265,222,73
7125,14304,270,221,73
7126,14306,262,220,79
7127,14308,268,223,80
7128,14310,285,224,89
7129,14312,304,225,101
7130,14314,298,226,104
7131,14316,297,228,113
7132,14318,272,229,108
7133,14320,280,228,115
7134,14322,305,229,113
7135,14324,298,229,118
7136,14326,297,230,122
7137,14328,279,232,125
7138,14330,277,231,129
7139,14332,298,230,134
7140,14334,298,231,136
7141,14336,288,232,136
7142,14338,257,231,135
7143,14340,276,230,138
7144,14342,301,230,141
7145,14344,298,230,130
7146,14346,302,229,124
7147,14348,301,229,123
7148,14350,288,227,121
7149,14352,301,226,114
7150,14354,292,225,113
7151,14356,288,226,111
7152,14358,272,226,108
7153,14360,277,225,113
7154,14362,285,225,108
7155,14364,289,224,105
7156,14366,282,224,103
7157,14368,275,225,104
7158,14370,279,225,106
7159,14372,319,225,104
7160,14374,319,225,104
7161,14376,294,225,105
7162,14378,274,225,101
7163,14380,273,226,100
7164,14382,278,227,100
7165,14384,290,227,96
7166,14386,287,227,97
7167,14388,290,227,96
7168,14390,288,226,88
7169,14392,308,227,86
7170,14394,300,227,85
7171,14396,292,227,79
7172,14398,279,227,74
7173,14400,264,226,73
7174,14402,279,226,72
7175,14404,292,226,68
7176,14406,261,224,59
7177,14408,254,220,59
7178,14410,243,220,58
7179,14412,245,220,57
7180,14414,223,219,53
7181,14416,195,218,47
7182,14418,163,216,31
7183,14420,178,214,26
7184,14422,214,213,26
7185,14424,222,209,19
7186,14426,208,203,19
7187,14428,171,200,18
7188,14430,139,197,23
7189,14432,138,197,16
7190,14434,132,194,4
7191,14436,116,194,2
7192,14438,95,192,3
7193,14440,100,192,3
7194,14442,114,192,4
7195,14444,88,192,3
7196,14446,125,192,4
7197,14448,134,192,4
7198,14450,127,191,4
7199,14452,167,191,4
7200,14454,159,191,3
7201,14456,133,192,4
7202,14458,117,191,5
7203,14460,124,192,4
7204,14462,142,193,4
7205,14464,150,192,0
7206,14466,146,195,4
7207,14468,137,197,3
7208,14470,144,202,5
7209,14472,164,208,3
7210,14474,161,210,4
7211,14476,149,216,4
7212,14478,166,219,3
7213,14480,171,220,3
7214,14482,174,222,3
7215,14484,165,224,9
7216,14486,222,226,22
7217,14488,227,227,39
7218,14490,248,228,49
7219,14492,248,230,52
7220,14494,266,230,58
7221,14496,262,229,59
7222,14498,247,230,67
7223,14500,259,229,73
7224,14502,264,230,79
7225,14504,280,231,82
7226,14506,268,231,84
7227,14508,277,231,92
7228,14510,256,232,121
7229,14512,284,232,131
7230,14514,286,232,135
7231,14516,263,230,143
7232,14518,218,230,145
7233,14520,244,228,148
7234,14522,277,227,147
7235,14524,283,225,150
7236,14526,277,229,150
7237,14528,281,226,149
7238,14530,294,223,151
7239,14532,287,224,151
7240,14534,300,223,151
7241,14536,292,223,150
7242,14538,289,223,150
7243,14540,284,223,151
7244,14542,280,221,151
7245,14544,304,225,158
7246,14546,289,221,158
7247,14548,282,222,158
7248,14550,267,222,158
7249,14552,267,222,159
7250,14554,275,222,160
7251,14556,267,222,159
7252,14558,257,222,158
7253,14560,268,222,157
7254,14562,274,222,154
7255,14564,259,222,157
7256,14566,248,222,154
7257,14568,245,221,153
7258,14570,262,219,151
7259,14572,260,218,150
7260,14574,252,218,151
7261,14576,221,214,146
7262,14578,203,213,140
7263,14580,208,212,99
7264,14582,219,208,93
7265,14584,198,206,90
7266,14586,188,198,88
7267,14588,200,193,86
7268,14590,187,191,79
7269,14592,170,191,69
7270,14594,152,191,66
7271,14596,149,188,62
7272,14598,128,189,60
7273,14600,141,187,58
7274,14602,146,187,55
7275,14604,159,187,59
7276,14606,151,188,58
7277,14608,159,187,54
7278,14610,149,187,53
7279,14612,179,186,48
7280,14614,169,187,46
7281,14616,168,187,44
7282,14618,139,188,39
7283,14620,149,187,39
7284,14622,111,188,42
7285,14624,160,189,43
7286,14626,123,191,43
7287,14628,163,190,43
7288,14630,158,192,47
7289,14632,186,197,48
7290,14634,177,200,50
7291,14636,162,204,59
7292,14638,149,205,61
7293,14640,157,209,80
7294,14642,219,211,87
7295,14644,238,215,93
7296,14646,243,217,96
7297,14648,250,217,100
7298,14650,247,221,101
7299,14652,270,222,103
7300,14654,270,224,109
7301,14656,264,226,117
7302,14658,231,226,128
7303,14660,260,227,134
7304,14662,267,227,141
7305,14664,270,228,143
7306,14666,280,229,149
7307,14668,275,229,150
7308,14670,309,229,155
7309,14672,325,228,154
7310,14674,303,229,157
7311,14676,291,229,157
7312,14678,275,229,165
7313,14680,231,228,164
7314,14682,233,228,160
7315,14684,261,228,161
7316,14686,271,228,159
7317,14688,276,227,162
7318,14690,264,227,164
7319,14692,288,227,168
7320,14694,279,226,165
7321,14696,281,226,166
7322,14698,267,225,167
7323,14700,268,225,169
7324,14702,280,225,172
7325,14704,276,225,172
7326,14706,299,226,173
7327,14708,291,225,173
7328,14710,284,226,174
7329,14712,312,226,175
7330,14714,300,226,176
7331,14716,298,226,178
7332,14718,284,225,175
7333,14720,287,225,173
7334,14722,307,225,166
7335,14724,305,225,168
7336,14726,279,225,170
7337,14728,263,225,159
7338,14730,269,225,160
7339,14732,267,225,157
7340,14734,257,223,154
7341,14736,244,220,153
7342,14738,222,220,146
7343,14740,235,219,143
7344,14742,218,216,146
7345,14744,212,215,129
7346,14746,221,212,101
7347,14748,212,208,97
7348,14750,160,201,90
7349,14752,184,197,86
7350,14754,173,192,84
7351,14756,163,190,81
7352,14758,140,190,79
7353,14760,146,190,74
7354,14762,99,190,79
7355,14764,117,190,76
7356,14766,135,189,72
7357,14768,131,190,69
7358,14770,99,188,69
7359,14772,116,189,63
7360,14774,102,190,63
7361,14776,85,190,66
7362,14778,81,191,67
7363,14780,83,191,67
7364,14782,64,192,70
7365,14784,71,191,71
7366,14786,97,195,72
7367,14788,104,199,74
7368,14790,106,200,72
7369,14792,133,205,79
7370,14794,122,207,93
7371,14796,103,210,91
7372,14798,72,212,92
7373,14800,87,216,94
7374,14802,103,219,101
7375,14804,104,220,100
7376,14806,244,223,103
7377,14808,183,224,99
7378,14810,196,224,100
7379,14812,219,227,106
7380,14814,197,228,115
7381,14816,230,227,132
7382,14818,174,228,132
7383,14820,220,227,132
7384,14822,269,229,139
7385,14824,281,229,142
7386,14826,275,229,145
7387,14828,268,228,146
7388,14830,304,229,149
7389,14832,319,228,153
7390,14834,306,228,152
7391,14836,308,228,151
7392,14838,278,228,147
7393,14840,292,228,150
7394,14842,295,227,151
7395,14844,302,226,151
7396,14846,296,225,146
7397,14848,304,224,146
7398,14850,302,222,133
7399,14852,322,223,135
7400,14854,310,221,136
7401,14856,293,221,140
7402,14858,282,220,144
7403,14860,290,220,150
7404,14862,295,220,150
7405,14864,301,220,151
7406,14866,297,221,156
7407,14868,298,222,153
7408,14870,302,222,154
7409,14872,320,223,153
7410,14874,310,222,149
7411,14876,299,223,145
7412,14878,269,223,144
7413,14880,282,222,147
7414,14882,294,222,146
7415,14884,286,223,145
7416,14886,301,220,116
7417,14888,266,219,110
7418,14890,252,217,106
7419,14892,255,216,102
7420,14894,217,213,91
7421,14896,225,211,86
7422,14898,200,207,81
7423,14900,193,200,73
7424,14902,204,195,69
7425,14904,209,194,69
7426,14906,205,192,62
7427,14908,219,191,57
7428,14910,162,191,55
7429,14912,173,191,51
7430,14914,152,187,45
7431,14916,100,188,44
7432,14918,117,188,35
7433,14920,92,188,28
7434,14922,103,186,25
7435,14924,133,187,27
7436,14926,130,187,31
7437,14928,143,186,31
7438,14930,128,186,27
7439,14932,159,185,27
7440,14934,136,186,30
7441,14936,131,187,33
7442,14938,122,187,32
7443,14940,112,188,34
7444,14942,86,189,34
7445,14944,92,189,34
7446,14946,113,188,34
7447,14948,107,190,33
7448,14950,113,191,38
7449,14952,136,192,43
7450,14954,132,192,43
7451,14956,121,193,46
7452,14958,90,194,50
7453,14960,106,195,55
7454,14962,116,200,55
7455,14964,119,206,60
7456,14966,147,209,63
7457,14968,175,213,63
7458,14970,168,216,62
7459,14972,237,218,70
7460,14974,228,220,69
7461,14976,222,221,72
7462,14978,202,223,72
7463,14980,215,226,75
7464,14982,235,228,76
7465,14984,251,228,84
7466,14986,222,227,93
7467,14988,252,228,91
7468,14990,262,229,110
7469,14992,300,230,111
7470,14994,256,229,114
7471,14996,295,228,117
7472,14998,274,228,127
7473,15000,278,229,132
7474,15002,288,228,128
7475,15004,277,228,133
7476,15006,274,228,120
7477,15008,271,228,122
7478,15010,291,228,123
7479,15012,318,226,122
7480,15014,303,226,123
7481,15016,283,226,125
7482,15018,275,225,122
7483,15020,274,225,121
7484,15022,289,225,123
7485,15024,291,225,121
7486,15026,312,225,122
7487,15028,298,225,120
7488,15030,288,225,121
7489,15032,312,225,121
7490,15034,288,225,120
7491,15036,279,225,113
7492,15038,281,225,112
7493,15040,286,226,105
7494,15042,275,225,97
7495,15044,270,220,96
7496,15046,260,221,91
7497,15048,252,220,84
7498,15050,253,219,77
7499,15052,263,218,68
7500,15054,211,215,69
7501,15056,187,212,65
7502,15058,174,211,64
7503,15060,174,201,59
7504,15062,150,201,57
7505,15064,129,198,42
7506,15066,146,197,40
7507,15068,158,197,34
7508,15070,134,197,29
7509,15072,169,197,28
7510,15074,145,195,25
7511,15076,138,195,24
7512,15078,120,194,21
7513,15080,118,194,19
7514,15082,121,193,3
7515,15084,125,193,4
7516,15086,125,192,5
7517,15088,121,191,5
7518,15090,112,191,3
7519,15092,96,191,6
7520,15094,115,192,3
7521,15096,89,191,3
7522,15098,118,192,4
7523,15100,41,193,4
7524,15102,50,192,3
7525,15104,56,193,3
7526,15106,65,194,4
7527,15108,48,195,5
7528,15110,60,195,3
7529,15112,91,197,5
7530,15114,76,205,4
7531,15116,59,213,5
7532,15118,26,220,4
7533,15120,50,224,5
7534,15122,58,226,5
7535,15124,79,231,4
7536,15126,64,234,4
7537,15128,82,237,6
7538,15130,76,241,7
7539,15132,111,244,4
7540,15134,89,246,6
7541,15136,180,249,6
7542,15138,122,249,3
7543,15140,153,250,2
7544,15142,139,250,4
7545,15144,172,251,4
7546,15146,198,253,3
7547,15148,191,254,5
7548,15150,194,255,5
7549,15152,215,255,4
7550,15154,218,253,4
7551,15156,216,254,4
7552,15158,208,254,26
7553,15160,238,253,26
7554,15162,230,254,30
7555,15164,242,253,31
7556,15166,239,253,33
7557,15168,247,251,32
7558,15170,233,252,33
7559,15172,254,251,31
7560,15174,232,252,32
7561,15176,218,251,33
7562,15178,183,253,34
7563,15180,201,253,29
7564,15182,203,252,28
7565,15184,195,252,3
7566,15186,208,253,5
7567,15188,201,251,2
7568,15190,169,250,5
7569,15192,187,249,6
7570,15194,190,243,1
7571,15196,166,237,4
7572,15198,152,232,0
7573,15200,152,230,3
7574,15202,149,230,5
7575,15204,162,230,5
7576,15206,142,232,4
7577,15208,62,232,4
7578,15210,61,231,4
7579,15212,104,227,6
7580,15214,71,227,7
7581,15216,63,226,4
7582,15218,30,228,5
7583,15220,53,226,4
7584,15222,53,224,3
7585,15224,65,224,4
7586,15226,59,222,4
7587,15228,59,219,8
7588,15230,43,216,4
7589,15232,81,213,7
7590,15234,19,209,2
7591,15236,15,207,3
7592,15238,0,205,2
7593,15240,1,205,4
7594,15242,23,203,1
7595,15244,10,201,3
7596,15246,15,199,4
7597,15248,6,194,2
7598,15250,9,198,3
7599,15252,38,197,6
7600,15254,19,196,2
7601,15256,14,196,3
7602,15258,0,197,4
7603,15260,0,198,2
7604,15262,6,198,4
7605,15264,17,199,4
7606,15266,9,201,4
7607,15268,14,202,3
7608,15270,14,205,5
7609,15272,44,207,5
7610,15274,17,208,3
7611,15276,10,214,5
7612,15278,0,214,4
7613,15280,0,215,5
7614,15282,2,215,3
7615,15284,18,221,4
7616,15286,64,222,4
7617,15288,60,223,2
7618,15290,64,225,5
7619,15292,86,225,4
7620,15294,63,224,3
7621,15296,89,225,5
7622,15298,75,225,4
7623,15300,86,226,4
7624,15302,92,231,4
7625,15304,92,231,4
7626,15306,100,231,2
7627,15308,70,237,5
7628,15310,75,241,4
7629,15312,134,244,3
7630,15314,126,245,2
7631,15316,115,246,4
7632,15318,134,250,4
7633,15320,122,251,4
7634,15322,130,253,5
7635,15324,156,251,4
7636,15326,159,252,3
7637,15328,161,251,5
7638,15330,191,253,4
7639,15332,220,251,3
7640,15334,177,251,5
7641,15336,200,250,4
7642,15338,185,251,5
7643,15340,145,250,4
7644,15342,162,249,4
7645,15344,159,247,4
7646,15346,154,246,5
7647,15348,162,245,5
7648,15350,158,243,3
7649,15352,172,243,3
7650,15354,169,244,3
7651,15356,169,244,5
7652,15358,139,243,3
7653,15360,151,244,3
7654,15362,149,244,3
7655,15364,186,243,4
7656,15366,159,243,5
7657,15368,161,242,4
7658,15370,168,244,7
7659,15372,189,246,3
7660,15374,161,253,5
7661,15376,177,246,5
7662,15378,161,245,3
7663,15380,167,244,3
7664,15382,165,244,3
7665,15384,166,242,4
7666,15386,172,240,7
7667,15388,187,240,6
7668,15390,193,239,5
7669,15392,174,236,5
7670,15394,157,236,4
7671,15396,148,234,5
7672,15398,155,234,4
7673,15400,173,234,4
7674,15402,171,228,5
7675,15404,160,222,3
7676,15406,167,219,4
7677,15408,169,220,5
7678,15410,165,218,4
7679,15412,177,218,4
7680,15414,164,217,5
7681,15416,155,214,5
7682,15418,136,215,3
7683,15420,143,215,4
7684,15422,169,216,5
7685,15424,149,215,3
7686,15426,169,215,7
7687,15428,164,214,12
7688,15430,183,214,10
7689,15432,189,214,11
7690,15434,175,213,11
7691,15436,99,213,10
7692,15438,69,211,11
7693,15440,81,211,11
7694,15442,104,209,13
7695,15444,102,208,12
7696,15446,103,208,12
7697,15448,107,207,13
7698,15450,126,207,13
7699,15452,134,207,13
7700,15454,110,207,14
7701,15456,120,203,11
7702,15458,122,203,11
7703,15460,141,202,10
7704,15462,150,201,11
7705,15464,151,202,11
7706,15466,175,201,11
7707,15468,172,202,13
7708,15470,199,201,19
7709,15472,172,201,22
7710,15474,168,199,22
7711,15476,146,201,25
7712,15478,137,200,26
7713,15480,164,199,26
7714,15482,186,199,29
7715,15484,208,200,29
7716,15486,202,200,43
7717,15488,236,203,49
7718,15490,266,207,54
7719,15492,263,209,54
7720,15494,244,210,57
7721,15496,238,212,58
7722,15498,221,212,58
7723,15500,220,213,65
7724,15502,235,213,67
7725,15504,241,214,68
7726,15506,240,215,70
7727,15508,264,214,69
7728,15510,288,214,70
7729,15512,287,215,71
7730,15514,264,215,67
7731,15516,265,214,70
7732,15518,237,215,67
7733,15520,255,214,69
7734,15522,255,214,67
7735,15524,264,213,67
7736,15526,260,213,68
7737,15528,265,213,69
7738,15530,283,213,70
7739,15532,285,212,71
7740,15534,268,211,71
7741,15536,264,209,69
7742,15538,236,208,69
7743,15540,249,208,71
7744,15542,268,206,71
7745,15544,262,206,71
7746,15546,262,204,71
7747,15548,269,202,66
7748,15550,287,200,67
7749,15552,294,199,63
7750,15554,248,198,65
7751,15556,249,192,65
7752,15558,217,192,57
7753,15560,232,192,60
7754,15562,252,190,58
7755,15564,247,189,60
7756,15566,260,188,58
7757,15568,248,187,56
7758,15570,280,187,58
7759,15572,292,186,56
7760,15574,273,186,54
7761,15576,262,186,53
7762,15578,241,185,54
7763,15580,252,186,56
7764,15582,265,185,56
7765,15584,256,184,58
7766,15586,254,184,56
7767,15588,256,183,59
7768,15590,277,182,58
7769,15592,277,181,60
7770,15594,249,179,65
7771,15596,253,178,66
7772,15598,238,177,66
7773,15600,244,176,67
7774,15602,266,175,66
7775,15604,270,173,66
7776,15606,271,172,64
7777,15608,266,170,63
7778,15610,294,169,61
7779,15612,288,168,60
7780,15614,259,167,61
7781,15616,277,165,61
7782,15618,257,164,63
7783,15620,269,164,63
7784,15622,284,164,56
7785,15624,287,163,52
7786,15626,290,163,54
7787,15628,281,162,52
7788,15630,313,162,52
7789,15632,309,161,55
7790,15634,291,161,53
7791,15636,282,162,53
7792,15638,272,161,54
7793,15640,272,162,56
7794,15642,285,161,54
7795,15644,286,161,54
7796,15646,288,162,55
7797,15648,288,162,56
7798,15650,305,161,57
7799,15652,308,163,57
7800,15654,280,163,57
7801,15656,277,163,56
7802,15658,265,164,45
7803,15660,270,164,46
7804,15662,282,164,45
7805,15664,276,165,45
7806,15666,288,165,48
7807,15668,286,166,48
7808,15670,308,166,44
7809,15672,301,166,44
7810,15674,286,167,42
7811,15676,285,166,41
7812,15678,264,166,39
7813,15680,277,166,40
7814,15682,286,166,42
7815,15684,293,167,34
7816,15686,274,167,34
7817,15688,292,167,34
7818,15690,292,168,35
7819,15692,304,167,33
7820,15694,262,168,38
7821,15696,248,168,32
7822,15698,228,167,29
7823,15700,227,167,14
7824,15702,258,168,14
7825,15704,256,168,31
7826,15706,268,168,32
7827,15708,262,168,34
7828,15710,277,167,33
7829,15712,287,167,32
7830,15714,234,167,31
7831,15716,239,166,29
7832,15718,221,164,28
7833,15720,252,163,30
7834,15722,260,163,9
7835,15724,266,161,11
7836,15726,274,161,9
7837,15728,268,160,8
7838,15730,294,160,6
7839,15732,291,160,4
7840,15734,268,160,4
7841,15736,267,158,4
7842,15738,259,157,3
7843,15740,262,156,4
7844,15742,278,153,3
7845,15744,272,152,4
7846,15746,278,149,4
7847,15748,257,150,5
7848,15750,281,150,5
7849,15752,279,149,4
7850,15754,262,149,2
7851,15756,258,149,4
7852,15758,226,149,5
7853,15760,241,146,2
7854,15762,260,146,4
7855,15764,259,147,3
7856,15766,266,146,3
7857,15768,258,146,2
7858,15770,265,146,4
7859,15772,262,143,4
7860,15774,240,143,3
7861,15776,233,142,3
7862,15778,216,142,2
7863,15780,221,141,2
7864,15782,234,140,1
7865,15784,215,140,2
7866,15786,236,140,1
7867,15788,219,140,7
7868,15790,236,140,4
7869,15792,247,140,3
7870,15794,222,139,3
7871,15796,223,139,4
7872,15798,209,139,3
7873,15800,199,138,4
7874,15802,220,138,4
7875,15804,208,137,3
7876,15806,216,137,3
7877,15808,219,138,4
7878,15810,264,138,5
7879,15812,267,136,4
7880,15814,252,137,3
7881,15816,245,136,4
7882,15818,231,137,4
7883,15820,243,137,4
7884,15822,245,137,3
7885,15824,256,136,7
7886,15826,247,136,4
7887,15828,247,138,3
7888,15830,270,136,4
7889,15832,272,136,4
7890,15834,256,136,4
7891,15836,252,136,7
7892,15838,222,136,3
7893,15840,242,136,4
7894,15842,249,136,3
7895,15844,241,136,4
7896,15846,226,136,5
7897,15848,233,135,3
7898,15850,258,135,4
7899,15852,247,134,3
7900,15854,231,134,3
7901,15856,196,134,5
7902,15858,192,133,3
7903,15860,219,133,2
7904,15862,214,134,4
7905,15864,217,133,6
7906,15866,224,132,3
7907,15868,210,131,4
7908,15870,247,130,1
7909,15872,232,130,4
7910,15874,201,131,4
7911,15876,193,131,4
7912,15878,196,129,1
7913,15880,204,129,3
7914,15882,220,128,4
7915,15884,225,128,4
7916,15886,222,127,3
7917,15888,205,127,3
7918,15890,245,128,5
7919,15892,249,126,3
7920,15894,227,129,3
7921,15896,222,127,3
7922,15898,193,127,3
7923,15900,210,127,4
7924,15902,218,127,1
7925,15904,217,126,3
7926,15906,219,126,4
7927,15908,223,126,4
7928,15910,241,127,3
7929,15912,247,123,4
7930,15914,226,126,5
7931,15916,226,125,5
7932,15918,210,126,3
7933,15920,218,125,2
7934,15922,230,125,2
7935,15924,233,130,4
7936,15926,234,125,4
7937,15928,240,125,7
7938,15930,260,126,6
7939,15932,256,126,4
7940,15934,239,126,2
7941,15936,224,125,4
7942,15938,215,126,3
7943,15940,227,125,4
7944,15942,232,124,3
7945,15944,227,125,4
7946,15946,231,125,3
7947,15948,229,124,3
7948,15950,238,124,3
7949,15952,252,124,3
7950,15954,240,122,3
7951,15956,228,124,4
7952,15958,218,124,3
7953,15960,219,123,2
7954,15962,238,122,4
7955,15964,234,124,3
7956,15966,236,125,4
7957,15968,241,123,4
7958,15970,258,123,4
7959,15972,259,124,3
7960,15974,245,122,4
7961,15976,241,121,3
7962,15978,224,120,5
7963,15980,235,123,5
7964,15982,249,122,5
7965,15984,239,121,6
7966,15986,245,121,3
7967,15988,245,121,5
7968,15990,268,120,5
7969,15992,263,121,5
7970,15994,244,121,3
7971,15996,239,120,4
7972,15998,220,120,3
7973,16000,233,119,5
7974,16002,244,120,4
7975,16004,234,119,4
7976,16006,243,118,6
7977,16008,223,120,5
7978,16010,256,119,5
7979,16012,255,120,3
7980,16014,242,120,4
7981,16016,224,119,4
7982,16018,214,119,4
7983,16020,210,119,4
7984,16022,229,118,1
7985,16024,216,119,3
7986,16026,237,119,5
7987,16028,234,118,1
7988,16030,253,118,3
7989,16032,261,117,4
7990,16034,236,118,3
7991,16036,226,117,4
7992,16038,216,117,3
7993,16040,217,116,4
7994,16042,230,117,4
7995,16044,229,114,2
7996,16046,258,116,4
7997,16048,244,113,3
7998,16050,265,116,4
7999,16052,248,116,4
8000,16054,237,115,4
8001,16056,231,115,5
8002,16058,211,114,2
8003,16060,223,114,4
8004,16062,236,115,4
8005,16064,221,114,4
8006,16066,234,114,3
8007,16068,245,113,4
8008,16070,257,114,3
8009,16072,240,114,3
8010,16074,227,114,5
8011,16076,209,114,3
8012,16078,192,114,6
8013,16080,205,114,2
8014,16082,206,113,4
8015,16084,212,114,5
8016,16086,209,115,4
8017,16088,229,115,3
8018,16090,241,115,2
8019,16092,250,115,3
8020,16094,212,116,4
8021,16096,206,117,4
8022,16098,187,117,4
8023,16100,197,117,2
8024,16102,210,117,3
8025,16104,196,118,3
8026,16106,205,119,4
8027,16108,206,120,4
8028,16110,237,121,6
8029,16112,233,123,5
8030,16114,223,122,3
8031,16116,209,122,4
8032,16118,194,123,4
8033,16120,199,123,24
8034,16122,215,127,27
8035,16124,209,127,25
8036,16126,210,128,27
8037,16128,201,129,29
8038,16130,227,130,29
8039,16132,219,130,31
8040,16134,201,131,31
8041,16136,196,132,30
8042,16138,170,133,32
8043,16140,202,134,33
8044,16142,218,134,35
8045,16144,208,135,41
8046,16146,206,135,52
8047,16148,228,134,50
8048,16150,253,136,50
8049,16152,230,135,52
8050,16154,176,136,49
8051,16156,153,135,51
8052,16158,167,135,48
8053,16160,161,136,53
8054,16162,156,136,55
8055,16164,173,140,54
8056,16166,133,143,54
8057,16168,159,148,47
8058,16170,194,151,33
8059,16172,173,151,32
8060,16174,160,154,31
8061,16176,157,156,28
8062,16178,101,157,27
8063,16180,105,158,24
8064,16182,129,160,26
8065,16184,119,160,23
8066,16186,127,163,23
8067,16188,130,163,21
8068,16190,157,163,14
8069,16192,152,162,18
8070,16194,137,159,17
8071,16196,121,157,15
8072,16198,102,153,16
8073,16200,101,152,13
8074,16202,104,149,10
8075,16204,81,147,3
8076,16206,84,144,3
8077,16208,84,141,2
8078,16210,100,140,5
8079,16212,84,139,4
8080,16214,65,136,4
8081,16216,55,132,3
8082,16218,49,131,4
8083,16220,62,129,3
8084,16222,76,129,4
8085,16224,76,128,3
8086,16226,76,129,4
8087,16228,82,128,3
8088,16230,111,130,4
8089,16232,120,132,4
8090,16234,71,132,3
8091,16236,47,135,2
8092,16238,23,139,2
8093,16240,44,142,3
8094,16242,71,147,5
8095,16244,60,152,0
8096,16246,53,156,3
8097,16248,55,160,3
8098,16250,125,165,5
8099,16252,107,166,3
8100,16254,86,170,6
8101,16256,95,174,5
8102,16258,82,177,4
8103,16260,101,182,5
8104,16262,107,184,3
8105,16264,116,189,4
8106,16266,132,190,27
8107,16268,143,194,31
8108,16270,130,199,52
8109,16272,137,202,58
8110,16274,206,207,60
8111,16276,209,207,70
8112,16278,202,208,72
8113,16280,240,210,74
8114,16282,243,209,75
8115,16284,277,209,76
8116,16286,233,207,75
8117,16288,288,204,71
8118,16290,293,201,76
8119,16292,297,192,72
8120,16294,262,188,73
8121,16296,265,182,73
8122,16298,227,172,73
8123,16300,253,163,73
8124,16302,261,157,74
8125,16304,249,154,75
8126,16306,262,154,75
8127,16308,262,153,76
8128,16310,288,155,78
8129,16312,297,159,76
8130,16314,274,160,76
8131,16316,267,162,74
8132,16318,259,164,72
8133,16320,220,169,71
8134,16322,279,173,78
8135,16324,229,175,73
8136,16326,263,178,76
8137,16328,263,181,80
8138,16330,274,184,78
8139,16332,222,184,74
8140,16334,158,187,69
8141,16336,144,189,62
8142,16338,146,187,62
8143,16340,166,188,59
8144,16342,181,186,56
8145,16344,142,182,53
8146,16346,129,182,51
8147,16348,128,182,47
8148,16350,156,181,44
8149,16352,132,181,36
8150,16354,94,179,32
8151,16356,85,176,29
8152,16358,73,174,5
8153,16360,76,171,5
8154,16362,87,168,2
8155,16364,44,167,2
8156,16366,57,164,2
8157,16368,49,165,2
8158,16370,115,165,5
8159,16372,101,164,4
8160,16374,92,164,3
8161,16376,0,166,4
8162,16378,0,167,3
8163,16380,0,170,5
8164,16382,7,177,5
8165,16384,7,181,2
8166,16386,10,181,4
8167,16388,56,188,3
8168,16390,84,193,5
8169,16392,82,197,4
8170,16394,159,208,5
8171,16396,150,216,3
8172,16398,147,222,5
8173,16400,150,228,4
8174,16402,171,231,3
8175,16404,206,233,4
8176,16406,139,237,27
8177,16408,131,239,43
8178,16410,174,238,48
8179,16412,160,242,61
8180,16414,167,245,64
8181,16416,151,246,69
8182,16418,202,246,89
8183,16420,277,247,121
8184,16422,242,248,145
8185,16424,280,246,153
8186,16426,285,243,150
8187,16428,306,242,150
8188,16430,281,241,136
8189,16432,307,238,128
8190,16434,308,232,128
8191,16436,304,229,125
8192,16438,306,228,119
8193,16440,290,226,121
8194,16442,303,225,121
8195,16444,287,225,120
8196,16446,287,225,119
8197,16448,288,226,118
8198,16450,305,227,116
8199,16452,300,227,112
8200,16454,275,229,141
8201,16456,283,231,147
8202,16458,281,233,146
8203,16460,294,236,150
8204,16462,299,238,168
8205,16464,287,241,175
8206,16466,289,244,182
8207,16468,291,250,191
8208,16470,301,252,191
8209,16472,326,252,194
8210,16474,255,254,195
8211,16476,274,253,198
8212,16478,271,251,201
8213,16480,261,253,198
8214,16482,279,256,200
8215,16484,244,256,199
8216,16486,209,250,198
8217,16488,229,250,194
8218,16490,243,250,192
8219,16492,230,255,188
8220,16494,164,254,190
8221,16496,228,253,188
8222,16498,232,251,185
8223,16500,245,253,185
8224,16502,265,254,187
8225,16504,205,257,182
8226,16506,206,256,182
8227,16508,207,257,186
8228,16510,228,258,186
8229,16512,225,258,189
8230,16514,206,261,185
8231,16516,209,261,189
8232,16518,207,263,187
8233,16520,238,266,189
8234,16522,233,270,193
8235,16524,241,271,195
8236,16526,239,275,200
8237,16528,250,277,205
8238,16530,308,278,206
8239,16532,277,280,209
8240,16534,290,282,210
8241,16536,297,284,213
8242,16538,220,286,214
8243,16540,312,288,221
8244,16542,302,289,224
8245,16544,319,290,219
8246,16546,278,293,227
8247,16548,260,289,231
8248,16550,302,291,236
8249,16552,316,290,242
8250,16554,287,290,244
8251,16556,292,288,241
8252,16558,307,284,244
8253,16560,305,284,240
8254,16562,333,280,237
8255,16564,305,282,239
8256,16566,312,286,240
8257,16568,309,282,240
8258,16570,336,282,237
8259,16572,330,280,235
8260,16574,319,279,236
8261,16576,296,280,236
8262,16578,298,279,236
8263,16580,306,281,238
8264,16582,315,280,238
8265,16584,309,280,239
8266,16586,314,280,239
8267,16588,312,279,240
8268,16590,345,280,241
8269,16592,334,282,242
8270,16594,329,283,241
8271,16596,298,284,234
8272,16598,288,283,229
8273,16600,304,280,229
8274,16602,297,276,228
8275,16604,308,275,224
8276,16606,288,275,218
8277,16608,305,274,203
8278,16610,296,273,198
8279,16612,279,269,198
8280,16614,220,259,197
8281,16616,123,260,190
8282,16618,150,256,187
8283,16620,194,250,183
8284,16622,178,245,178
8285,16624,200,240,155
8286,16626,195,237,150
8287,16628,211,234,140
8288,16630,224,233,125
8289,16632,224,227,115
8290,16634,175,222,104
8291,16636,115,221,90
8292,16638,92,217,53
8293,16640,114,217,38
8294,16642,120,215,41
8295,16644,98,218,26
8296,16646,109,224,4
8297,16648,146,230,5
8298,16650,163,239,6
8299,16652,156,239,5
8300,16654,138,241,5
8301,16656,132,246,3
8302,16658,41,249,5
8303,16660,161,251,2
8304,16662,174,258,4
8305,16664,178,265,4
8306,16666,199,271,30
8307,16668,228,273,48
8308,16670,255,281,73
8309,16672,257,287,80
8310,16674,279,293,111
8311,16676,197,297,140
8312,16678,207,304,172
8313,16680,263,307,196
8314,16682,267,308,202
8315,16684,264,311,218
8316,16686,286,313,220
8317,16688,251,314,227
8318,16690,306,315,227
8319,16692,307,314,233
8320,16694,291,310,237
8321,16696,299,310,231
8322,16698,303,308,237
8323,16700,323,308,232
8324,16702,285,304,229
8325,16704,287,306,231
8326,16706,286,306,226
8327,16708,294,305,230
8328,16710,308,304,219
8329,16712,309,303,213
8330,16714,279,303,206
8331,16716,254,304,203
8332,16718,248,304,203
8333,16720,264,303,200
8334,16722,262,301,192
8335,16724,256,303,190
8336,16726,255,303,191
8337,16728,281,303,189
8338,16730,319,302,190
8339,16732,314,301,188
8340,16734,285,299,186
8341,16736,238,291,187
8342,16738,253,289,191
8343,16740,278,286,186
8344,16742,250,282,188
8345,16744,219,279,180
8346,16746,194,275,181
8347,16748,185,272,178
8348,16750,187,270,180
8349,16752,133,263,173
8350,16754,174,259,176
8351,16756,108,254,177
8352,16758,190,250,174
8353,16760,200,249,169
8354,16762,195,248,167
8355,16764,173,247,162
8356,16766,158,246,165
8357,16768,145,247,164
8358,16770,163,248,164
8359,16772,167,249,163
8360,16774,151,249,164
8361,16776,106,253,169
8362,16778,136,257,175
8363,16780,138,261,174
8364,16782,165,266,179
8365,16784,226,271,185
8366,16786,233,276,193
8367,16788,246,280,191
8368,16790,273,287,191
8369,16792,308,292,202
8370,16794,277,298,211
8371,16796,268,306,214
8372,16798,273,309,225
8373,16800,257,314,233
8374,16802,282,317,239
8375,16804,260,317,239
8376,16806,304,319,239
8377,16808,278,318,247
8378,16810,344,316,245
8379,16812,323,315,242
8380,16814,317,312,249
8381,16816,309,307,244
8382,16818,323,305,246
8383,16820,337,302,245
8384,16822,334,299,242
8385,16824,318,298,233
8386,16826,308,298,233
8387,16828,317,296,235
8388,16830,328,295,233
8389,16832,338,295,228
8390,16834,308,295,231
8391,16836,289,295,231
8392,16838,291,294,232
8393,16840,305,294,235
8394,16842,300,295,235
8395,16844,294,296,237
8396,16846,285,297,238
8397,16848,304,299,245
8398,16850,316,301,247
8399,16852,321,301,254
8400,16854,317,303,254
8401,16856,284,304,249
8402,16858,268,304,250
8403,16860,291,304,251
8404,16862,290,303,245
8405,16864,299,301,244
8406,16866,289,296,239
8407,16868,275,283,236
8408,16870,234,281,227
8409,16872,196,277,221
8410,16874,179,271,211
8411,16876,196,265,197
8412,16878,192,259,187
8413,16880,201,253,180
8414,16882,197,240,178
8415,16884,188,231,164
8416,16886,203,224,162
8417,16888,189,217,157
8418,16890,218,203,151
8419,16892,191,199,147
8420,16894,186,195,121
8421,16896,162,193,90
8422,16898,156,192,75
8423,16900,169,191,66
8424,16902,145,191,54
8425,16904,169,192,48
8426,16906,151,195,46
8427,16908,135,201,48
8428,16910,131,212,49
8429,16912,134,220,49
8430,16914,114,229,54
8431,16916,132,235,59
8432,16918,167,240,65
8433,16920,217,248,76
8434,16922,217,257,88
8435,16924,251,263,131
8436,16926,244,273,170
8437,16928,290,284,182
8438,16930,272,282,185
8439,16932,214,287,191
8440,16934,269,293,198
8441,16936,260,294,219
8442,16938,293,291,230
8443,16940,318,289,232
8444,16942,337,288,230
8445,16944,333,285,226
8446,16946,302,279,221
8447,16948,296,271,217
8448,16950,325,264,215
8449,16952,326,260,208
8450,16954,293,253,210
8451,16956,263,243,206
8452,16958,262,242,200
8453,16960,284,240,197
8454,16962,295,238,191
8455,16964,272,239,188
8456,16966,295,240,190
8457,16968,311,242,199
8458,16970,334,243,197
8459,16972,339,245,205
8460,16974,326,258,208
8461,16976,311,268,204
8462,16978,312,277,211
8463,16980,316,278,212
8464,16982,301,282,212
8465,16984,290,284,216
8466,16986,272,285,220
8467,16988,316,285,217
8468,16990,338,282,216
8469,16992,325,276,211
8470,16994,300,275,205
8471,16996,300,273,198
8472,16998,254,268,189
8473,17000,285,268,191
8474,17002,244,262,183
8475,17004,243,256,179
8476,17006,243,249,168
8477,17008,219,238,150
8478,17010,244,233,117
8479,17012,233,226,79
8480,17014,209,222,68
8481,17016,187,211,57
8482,17018,169,210,51
8483,17020,171,207,47
8484,17022,165,204,44
8485,17024,123,202,36
8486,17026,130,201,24
8487,17028,125,203,3
8488,17030,139,206,3
8489,17032,127,208,4
8490,17034,137,211,4
8491,17036,193,213,4
8492,17038,203,222,4
8493,17040,213,227,4
8494,17042,240,232,4
8495,17044,237,238,4
8496,17046,278,246,5
8497,17048,278,251,4
8498,17050,297,257,5
8499,17052,241,263,6
8500,17054,254,265,21
8501,17056,245,268,41
8502,17058,280,271,50
8503,17060,298,276,57
8504,17062,317,278,60
8505,17064,354,279,64
8506,17066,359,280,76
8507,17068,377,284,98
8508,17070,384,287,117
8509,17072,377,286,136
8510,17074,380,284,155
8511,17076,365,281,160
8512,17078,371,278,170
8513,17080,371,277,170
8514,17082,383,277,179
8515,17084,373,276,178
8516,17086,362,276,177
8517,17088,352,277,178
8518,17090,384,280,186
8519,17092,377,282,187
8520,17094,360,282,187
8521,17096,334,283,186
8522,17098,338,284,190
8523,17100,355,286,196
8524,17102,348,287,195
8525,17104,328,288,195
8526,17106,325,290,188
8527,17108,310,289,191
8528,17110,319,288,185
8529,17112,304,282,185
8530,17114,318,279,178
8531,17116,278,278,178
8532,17118,291,278,171
8533,17120,299,276,159
8534,17122,292,270,143
8535,17124,275,267,82
8536,17126,289,262,73
8537,17128,258,255,59
8538,17130,250,245,48
8539,17132,249,239,45
8540,17134,197,230,39
8541,17136,189,226,5
8542,17138,188,224,4
8543,17140,179,220,3
8544,17142,164,215,3
8545,17144,175,212,4
8546,17146,186,208,4
8547,17148,175,203,5
8548,17150,190,201,3
8549,17152,199,200,3
8550,17154,248,200,7
8551,17156,255,200,4
8552,17158,239,201,6
8553,17160,281,203,4
8554,17162,265,209,3
8555,17164,263,213,4
8556,17166,272,216,5
8557,17168,291,218,4
8558,17170,310,220,4
8559,17172,308,222,5
8560,17174,279,224,3
8561,17176,219,233,4
8562,17178,232,237,4
8563,17180,255,243,4
8564,17182,260,248,4
8565,17184,248,251,4
8566,17186,253,254,4
8567,17188,298,256,5
8568,17190,316,262,27
8569,17192,316,265,43
8570,17194,298,265,55
8571,17196,291,264,69
8572,17198,291,266,72
8573,17200,306,266,95
8574,17202,317,266,103
8575,17204,311,266,113
8576,17206,307,267,116
8577,17208,315,267,150
8578,17210,342,265,158
8579,17212,330,263,165
8580,17214,315,264,166
8581,17216,292,263,168
8582,17218,293,264,169
8583,17220,300,264,174
8584,17222,302,265,172
8585,17224,308,264,170
8586,17226,310,263,173
8587,17228,308,264,177
8588,17230,329,263,179
8589,17232,326,263,179
8590,17234,305,263,178
8591,17236,262,263,181
8592,17238,273,263,179
8593,17240,304,264,179
8594,17242,294,264,165
8595,17244,302,263,171
8596,17246,298,263,173
8597,17248,287,261,171
8598,17250,288,260,175
8599,17252,275,257,154
8600,17254,222,255,121
8601,17256,207,253,107
8602,17258,195,249,105
8603,17260,207,245,93
8604,17262,208,240,74
8605,17264,202,232,68
8606,17266,191,226,55
8607,17268,198,218,49
8608,17270,220,215,37
8609,17272,186,213,18
8610,17274,178,211,5
8611,17276,126,210,4
8612,17278,115,208,3
8613,17280,139,205,4
8614,17282,152,204,3
8615,17284,156,204,5
8616,17286,153,204,3
8617,17288,163,201,4
8618,17290,191,205,5
8619,17292,198,204,3
8620,17294,203,205,4
8621,17296,196,205,3
8622,17298,174,206,4
8623,17300,203,206,4
8624,17302,225,208,4
8625,17304,222,207,4
8626,17306,236,215,4
8627,17308,231,217,5
8628,17310,258,221,4
8629,17312,243,224,16
8630,17314,231,227,33
8631,17316,212,231,41
8632,17318,228,233,46
8633,17320,244,236,47
8634,17322,232,236,47
8635,17324,242,237,61
8636,17326,259,245,71
8637,17328,258,244,73
8638,17330,287,247,77
8639,17332,275,245,78
8640,17334,270,240,87
8641,17336,245,237,90
8642,17338,260,240,94
8643,17340,281,238,100
8644,17342,279,240,101
8645,17344,287,240,110
8646,17346,289,238,112
8647,17348,289,237,116
8648,17350,323,237,117
8649,17352,323,236,119
8650,17354,325,235,118
8651,17356,297,233,118
8652,17358,289,232,119
8653,17360,298,227,118
8654,17362,277,226,114
8655,17364,269,226,106
8656,17366,250,224,103
8657,17368,249,222,98
8658,17370,262,215,92
8659,17372,233,213,90
8660,17374,232,213,76
8661,17376,195,210,62
8662,17378,195,209,60
8663,17380,212,208,61
8664,17382,214,208,67
8665,17384,222,204,65
8666,17386,223,204,65
8667,17388,219,205,60
8668,17390,250,204,59
8669,17392,239,204,62
8670,17394,230,203,56
8671,17396,203,202,62
8672,17398,190,202,61
8673,17400,222,203,62
8674,17402,217,203,61
8675,17404,208,204,61
8676,17406,221,202,61
8677,17408,216,203,60
8678,17410,246,203,60
8679,17412,229,202,61
8680,17414,210,203,60
8681,17416,225,203,60
8682,17418,217,202,60
8683,17420,238,200,58
8684,17422,225,200,58
8685,17424,219,199,59
8686,17426,219,199,53
8687,17428,222,198,52
8688,17430,261,198,56
8689,17432,247,196,54
8690,17434,242,194,51
8691,17436,203,193,45
8692,17438,202,193,41
8693,17440,221,192,32
8694,17442,223,190,17
8695,17444,197,188,18
8696,17446,197,183,17
8697,17448,181,179,16
8698,17450,214,171,14
8699,17452,201,167,14
8700,17454,171,165,10
8701,17456,157,164,13
8702,17458,157,160,11
8703,17460,167,156,13
8704,17462,166,149,12
8705,17464,165,147,12
8706,17466,180,144,11
8707,17468,172,142,11
8708,17470,169,139,12
8709,17472,148,138,11
8710,17474,164,135,12
8711,17476,144,132,11
8712,17478,126,130,11
8713,17480,47,130,13
8714,17482,60,133,12
8715,17484,108,135,12
8716,17486,119,139,11
8717,17488,132,143,12
8718,17490,177,147,10
8719,17492,179,152,11
8720,17494,189,161,13
8721,17496,181,167,12
8722,17498,176,175,13
8723,17500,205,183,11
8724,17502,208,184,12
8725,17504,204,185,12
8726,17506,201,187,13
8727,17508,195,194,11
8728,17510,297,210,14
8729,17512,274,215,14
8730,17514,263,219,45
8731,17516,247,223,57
8732,17518,210,224,72
8733,17520,276,225,82
8734,17522,285,226,104
8735,17524,279,227,115
8736,17526,285,225,119
8737,17528,250,220,119
8738,17530,287,214,124
8739,17532,275,209,122
8740,17534,269,199,122
8741,17536,238,191,121
8742,17538,230,164,118
8743,17540,257,159,117
8744,17542,252,151,114
8745,17544,257,145,113
8746,17546,263,143,113
8747,17548,251,143,111
8748,17550,286,145,112
8749,17552,255,150,113
8750,17554,235,159,112
8751,17556,214,169,110
8752,17558,223,177,112
8753,17560,250,184,119
8754,17562,219,199,116
8755,17564,210,209,125
8756,17566,232,213,159
8757,17568,217,218,161
8758,17570,270,222,159
8759,17572,257,225,149
8760,17574,213,228,148
8761,17576,229,228,152
8762,17578,247,230,149
8763,17580,250,229,152
8764,17582,275,229,148
8765,17584,263,230,148
8766,17586,252,226,146
8767,17588,236,225,137
8768,17590,265,221,135
8769,17592,231,218,127
8770,17594,209,210,126
8771,17596,173,205,123
8772,17598,175,202,81
8773,17600,172,199,72
8774,17602,177,196,64
8775,17604,188,196,61
8776,17606,181,193,56
8777,17608,167,191,46
8778,17610,205,188,39
8779,17612,177,182,36
8780,17614,159,177,19
8781,17616,128,176,12
8782,17618,104,174,10
8783,17620,155,174,13
8784,17622,138,173,12
8785,17624,137,173,11
8786,17626,62,175,12
8787,17628,126,177,12
8788,17630,133,182,12
8789,17632,140,187,12
8790,17634,177,190,12
8791,17636,161,191,12
8792,17638,160,192,11
8793,17640,193,193,18
8794,17642,204,194,31
8795,17644,228,199,50
8796,17646,230,214,56
8797,17648,246,219,58
8798,17650,279,222,67
8799,17652,263,226,72
8800,17654,277,230,77
8801,17656,254,231,89
8802,17658,271,233,124
8803,17660,283,234,134
8804,17662,298,235,153
8805,17664,284,236,159
8806,17666,320,236,163
8807,17668,298,237,172
8808,17670,323,236,181
8809,17672,296,235,176
8810,17674,258,235,172
8811,17676,257,232,169
8812,17678,256,232,166
8813,17680,261,231,162
8814,17682,269,225,135
8815,17684,259,221,133
8816,17686,237,218,126
8817,17688,217,212,126
8818,17690,266,208,128
8819,17692,253,205,126
8820,17694,244,203,127
8821,17696,235,203,122
8822,17698,222,204,126
8823,17700,247,205,126
8824,17702,248,205,125
8825,17704,249,207,126
8826,17706,253,208,122
8827,17708,245,209,123
8828,17710,266,217,127
8829,17712,248,219,125
8830,17714,255,222,130
8831,17716,244,223,135
8832,17718,239,225,141
8833,17720,292,225,162
8834,17722,277,226,167
8835,17724,250,223,165
8836,17726,253,223,162
8837,17728,253,221,152
8838,17730,292,219,151
8839,17732,272,215,135
8840,17734,247,208,120
8841,17736,217,206,93
8842,17738,226,203,89
8843,17740,236,201,81
8844,17742,211,199,79
8845,17744,220,196,75
8846,17746,190,196,71
8847,17748,184,194,66
8848,17750,216,195,63
8849,17752,149,194,56
8850,17754,157,192,50
8851,17756,144,191,38
8852,17758,161,190,40
8853,17760,190,190,38
8854,17762,159,190,36
8855,17764,169,190,33
8856,17766,161,189,14
8857,17768,158,189,12
8858,17770,182,190,13
8859,17772,193,192,13
8860,17774,170,193,13
8861,17776,151,194,13
8862,17778,135,195,12
8863,17780,149,195,10
8864,17782,99,196,12
8865,17784,108,197,11
8866,17786,106,197,11
8867,17788,146,198,14
8868,17790,200,200,13
8869,17792,233,201,13
8870,17794,220,211,13
8871,17796,217,217,19
8872,17798,235,223,30
8873,17800,234,225,40
8874,17802,214,228,51
8875,17804,226,230,53
8876,17806,250,235,64
8877,17808,294,237,67
8878,17810,332,237,68
8879,17812,303,238,70
8880,17814,310,237,78
8881,17816,304,238,90
8882,17818,300,239,101
8883,17820,320,237,111
8884,17822,312,236,125
8885,17824,318,235,125
8886,17826,334,235,126
8887,17828,334,232,127
8888,17830,371,227,128
8889,17832,347,224,133
8890,17834,356,219,131
8891,17836,323,215,137
8892,17838,315,209,138
8893,17840,340,204,139
8894,17842,324,203,142
8895,17844,337,201,141
8896,17846,334,200,140
8897,17848,345,198,139
8898,17850,364,200,140
8899,17852,348,198,138
8900,17854,325,200,136
8901,17856,311,200,131
8902,17858,288,202,129
8903,17860,310,203,128
8904,17862,312,209,129
8905,17864,314,212,129
8906,17866,295,217,146
8907,17868,274,220,161
8908,17870,309,223,168
8909,17872,289,222,170
8910,17874,265,224,170
8911,17876,257,224,169
8912,17878,250,224,168
8913,17880,248,224,174
8914,17882,258,223,165
8915,17884,254,220,162
8916,17886,255,221,160
8917,17888,217,218,152
8918,17890,230,217,126
8919,17892,212,213,125
8920,17894,206,207,115
8921,17896,184,202,111
8922,17898,174,194,105
8923,17900,155,189,101
8924,17902,147,187,98
8925,17904,108,186,90
8926,17906,104,185,88
8927,17908,108,181,79
8928,17910,136,179,85
8929,17912,117,178,75
8930,17914,107,179,74
8931,17916,70,177,75
8932,17918,63,178,75
8933,17920,106,177,74
8934,17922,102,177,78
8935,17924,122,177,80
8936,17926,69,178,80
8937,17928,78,179,82
8938,17930,132,181,85
8939,17932,108,190,114
8940,17934,106,196,122
8941,17936,124,204,139
8942,17938,127,207,153
8943,17940,201,212,155
8944,17942,201,218,172
8945,17944,230,231,173
8946,17946,238,230,180
8947,17948,230,232,187
8948,17950,265,238,190
8949,17952,277,237,188
8950,17954,244,239,195
8951,17956,242,241,195
8952,17958,232,241,192
8953,17960,239,241,195
8954,17962,254,242,195
8955,17964,272,242,197
8956,17966,285,241,199
8957,17968,275,242,192
8958,17970,306,242,190
8959,17972,289,242,188
8960,17974,277,240,186
8961,17976,280,237,185
8962,17978,273,234,181
8963,17980,295,233,176
8964,17982,281,229,172
8965,17984,293,225,174
8966,17986,305,222,153
8967,17988,298,220,125
8968,17990,335,219,125
8969,17992,316,217,120
8970,17994,309,216,120
8971,17996,290,215,122
8972,17998,289,215,122
8973,18000,319,216,121
8974,18002,294,217,124
8975,18004,291,218,127
8976,18006,301,221,128
8977,18008,289,223,129
8978,18010,311,224,125
8979,18012,302,226,126
8980,18014,289,225,127
8981,18016,265,226,131
8982,18018,261,227,129
8983,18020,285,226,128
8984,18022,289,224,163
8985,18024,297,220,186
8986,18026,288,220,186
8987,18028,265,217,184
8988,18030,268,213,183
8989,18032,249,207,180
8990,18034,225,203,183
8991,18036,206,200,175
8992,18038,183,198,163
8993,18040,186,195,160
8994,18042,178,196,153
8995,18044,200,196,144
8996,18046,197,193,120
8997,18048,143,191,104
8998,18050,157,191,101
8999,18052,141,189,95
9000,18054,138,188,94
9001,18056,84,185,86
9002,18058,79,182,80
9003,18060,113,182,79
9004,18062,101,180,76
9005,18064,115,178,76
9006,18066,108,177,74
9007,18068,113,177,73
9008,18070,132,178,74
9009,18072,105,180,74
9010,18074,95,181,73
9011,18076,74,184,79
9012,18078,73,188,82
9013,18080,149,190,81
9014,18082,164,190,92
9015,18084,130,193,110
9016,18086,136,194,124
9017,18088,142,195,135
9018,18090,179,199,144
9019,18092,212,209,149
9020,18094,186,217,161
9021,18096,174,222,166
9022,18098,189,227,172
9023,18100,219,230,180
9024,18102,218,233,189
9025,18104,266,233,190
9026,18106,247,235,189
9027,18108,249,235,185
9028,18110,272,238,179
9029,18112,274,237,179
9030,18114,296,238,185
9031,18116,254,237,179
9032,18118,299,236,176
9033,18120,314,234,167
9034,18122,325,234,142
9035,18124,305,230,133
9036,18126,324,227,126
9037,18128,319,223,129
9038,18130,345,221,123
9039,18132,317,219,122
9040,18134,318,218,123
9041,18136,304,217,120
9042,18138,306,215,122
9043,18140,327,214,123
9044,18142,318,215,124
9045,18144,316,218,124
9046,18146,312,222,126
9047,18148,321,224,125
9048,18150,355,227,121
9049,18152,335,229,123
9050,18154,308,231,133
9051,18156,286,232,128
9052,18158,283,233,168
9053,18160,306,233,172
9054,18162,269,234,175
9055,18164,299,234,176
9056,18166,282,234,169
9057,18168,264,233,168
9058,18170,276,233,161
9059,18172,259,229,154
9060,18174,207,225,151
9061,18176,221,218,138
9062,18178,206,212,130
9063,18180,203,208,124
9064,18182,204,206,86
9065,18184,191,203,82
9066,18186,198,199,77
9067,18188,188,199,71
9068,18190,177,197,68
9069,18192,155,195,60
9070,18194,138,193,50
9071,18196,102,190,44
9072,18198,93,183,37
9073,18200,107,178,23
9074,18202,101,174,11
9075,18204,102,170,11
9076,18206,90,166,10
9077,18208,95,163,12
9078,18210,122,161,11
9079,18212,103,158,11
9080,18214,92,158,12
9081,18216,0,157,11
9082,18218,0,161,10
9083,18220,49,165,12
9084,18222,51,166,12
9085,18224,67,173,10
9086,18226,64,178,12
9087,18228,70,188,13
9088,18230,93,192,12
9089,18232,118,194,12
9090,18234,127,196,11
9091,18236,101,201,11
9092,18238,113,218,19
9093,18240,128,225,41
9094,18242,105,232,53
9095,18244,113,236,58
9096,18246,100,240,64
9097,18248,113,242,78
9098,18250,224,243,83
9099,18252,215,243,142
9100,18254,238,245,154
9101,18256,188,244,162
9102,18258,265,246,169
9103,18260,285,245,170
9104,18262,270,245,176
9105,18264,239,240,171
9106,18266,303,235,176
9107,18268,320,226,174
9108,18270,329,217,173
9109,18272,318,205,164
9110,18274,300,192,143
9111,18276,301,183,135
9112,18278,296,174,136
9113,18280,296,168,141
9114,18282,291,163,136
9115,18284,299,164,138
9116,18286,306,164,135
9117,18288,287,166,132
9118,18290,313,172,140
9119,18292,308,179,143
9120,18294,290,183,161
9121,18296,276,191,166
9122,18298,240,201,186
9123,18300,302,209,200
9124,18302,298,211,206
9125,18304,284,216,212
9126,18306,290,222,215
9127,18308,265,226,223
9128,18310,279,228,224
9129,18312,263,229,222
9130,18314,247,229,223
9131,18316,176,228,221
9132,18318,166,227,217
9133,18320,190,227,210
9134,18322,190,222,205
9135,18324,200,219,194
9136,18326,178,212,192
9137,18328,189,204,184
9138,18330,182,199,172
9139,18332,172,191,161
9140,18334,162,183,153
9141,18336,157,178,141
9142,18338,176,177,134
9143,18340,131,174,130
9144,18342,129,173,130
9145,18344,122,172,130
9146,18346,124,171,128
9147,18348,119,171,130
9148,18350,148,172,129
9149,18352,137,173,131
9150,18354,134,173,132
9151,18356,190,175,136
9152,18358,149,184,144
9153,18360,87,192,155
9154,18362,99,199,162
9155,18364,120,207,179
9156,18366,117,215,185
9157,18368,215,223,192
9158,18370,227,229,200
9159,18372,235,232,212
9160,18374,237,234,222
9161,18376,212,240,227
9162,18378,127,242,223
9163,18380,211,247,237
9164,18382,203,249,248
9165,18384,307,251,252
9166,18386,307,251,254
9167,18388,313,255,256
9168,18390,329,253,259
9169,18392,311,251,261
9170,18394,291,247,256
9171,18396,266,234,249
9172,18398,249,226,244
9173,18400,272,222,242
9174,18402,279,215,243
9175,18404,264,209,239
9176,18406,259,206,235
9177,18408,253,202,230
9178,18410,248,200,232
9179,18412,229,199,232
9180,18414,227,199,231
9181,18416,225,202,231
9182,18418,225,205,233
9183,18420,244,208,233
9184,18422,251,214,233
9185,18424,262,220,230
9186,18426,264,227,237
9187,18428,296,230,244
9188,18430,309,234,243
9189,18432,306,235,236
9190,18434,290,234,235
9191,18436,272,239,231
9192,18438,280,235,229
9193,18440,261,233,229
9194,18442,286,232,225
9195,18444,286,232,219
9196,18446,270,231,215
9197,18448,262,228,202
9198,18450,268,223,197
9199,18452,252,214,192
9200,18454,188,209,190
9201,18456,196,201,179
9202,18458,188,192,170
9203,18460,176,190,173
9204,18462,179,189,167
9205,18464,169,185,163
9206,18466,139,184,158
9207,18468,141,183,155
9208,18470,162,183,151
9209,18472,145,183,143
9210,18474,183,184,138
9211,18476,111,185,135
9212,18478,137,186,128
9213,18480,122,188,124
9214,18482,109,191,124
9215,18484,164,201,122
9216,18486,143,205,129
9217,18488,136,209,135
9218,18490,199,212,143
9219,18492,253,221,148
9220,18494,251,232,169
9221,18496,250,237,183
9222,18498,250,245,202
9223,18500,278,247,213
9224,18502,277,251,216
9225,18504,268,254,225
9226,18506,206,258,233
9227,18508,258,263,239
9228,18510,240,264,247
9229,18512,268,266,244
9230,18514,301,267,242
9231,18516,283,267,243
9232,18518,295,267,249
9233,18520,306,267,250
9234,18522,324,264,251
9235,18524,337,259,251
9236,18526,308,260,251
9237,18528,302,257,252
9238,18530,319,253,245
9239,18532,309,253,244
9240,18534,298,253,244
9241,18536,275,251,242
9242,18538,271,252,244
9243,18540,281,252,243
9244,18542,298,253,244
9245,18544,296,252,244
9246,18546,297,253,245
9247,18548,283,254,246
9248,18550,316,256,248
9249,18552,313,256,251
9250,18554,294,260,250
9251,18556,279,265,248
9252,18558,291,267,252
9253,18560,292,269,255
9254,18562,289,271,257
9255,18564,297,270,257
9256,18566,283,270,256
9257,18568,282,269,253
9258,18570,306,268,254
9259,18572,305,267,254
9260,18574,276,265,247
9261,18576,236,262,244
9262,18578,242,254,237
9263,18580,251,250,229
9264,18582,249,245,226
9265,18584,240,235,212
9266,18586,241,222,198
9267,18588,136,216,188
9268,18590,211,215,175
9269,18592,211,206,168
9270,18594,207,190,161
9271,18596,113,183,142
9272,18598,157,176,99
9273,18600,138,170,78
9274,18602,195,164,78
9275,18604,186,158,51
9276,18606,162,156,49
9277,18608,180,154,37
9278,18610,186,155,36
9279,18612,180,155,35
9280,18614,150,158,50
9281,18616,136,161,62
9282,18618,139,172,66
9283,18620,162,179,81
9284,18622,157,189,97
9285,18624,177,194,118
9286,18626,236,207,159
9287,18628,247,215,176
9288,18630,271,230,187
9289,18632,272,237,194
9290,18634,207,242,210
9291,18636,234,246,230
9292,18638,288,250,238
9293,18640,302,252,240
9294,18642,277,258,248
9295,18644,290,259,242
9296,18646,311,259,247
9297,18648,301,258,246
9298,18650,288,257,237
9299,18652,266,248,229
9300,18654,263,242,225
9301,18656,233,238,221
9302,18658,252,236,220
9303,18660,262,232,218
9304,18662,271,228,218
9305,18664,252,223,218
9306,18666,248,222,211
9307,18668,234,220,210
9308,18670,266,220,212
9309,18672,256,227,210
9310,18674,236,230,210
9311,18676,201,234,205
9312,18678,255,239,197
9313,18680,271,242,199
9314,18682,267,245,207
9315,18684,226,247,210
9316,18686,272,250,218
9317,18688,294,251,215
9318,18690,308,260,218
9319,18692,302,264,217
9320,18694,287,265,217
9321,18696,240,266,221
9322,18698,275,265,221
9323,18700,306,265,218
9324,18702,263,263,211
9325,18704,251,260,205
9326,18706,242,256,203
9327,18708,195,252,196
9328,18710,203,248,191
9329,18712,198,245,186
9330,18714,184,237,175
9331,18716,165,234,167
9332,18718,174,231,151
9333,18720,182,228,142
9334,18722,180,222,130
9335,18724,179,220,87
9336,18726,182,215,83
9337,18728,172,218,81
9338,18730,196,215,79
9339,18732,189,209,77
9340,18734,179,215,78
9341,18736,149,215,77
9342,18738,176,216,78
9343,18740,183,225,80
9344,18742,185,227,84
9345,18744,195,232,93
9346,18746,205,243,105
9347,18748,252,252,159
9348,18750,295,260,183
9349,18752,292,266,189
9350,18754,266,272,198
9351,18756,257,277,223
9352,18758,298,280,238
9353,18760,342,287,244
9354,18762,325,285,249
9355,18764,336,292,256
9356,18766,334,293,256
9357,18768,343,294,251
9358,18770,383,291,255
9359,18772,372,290,250
9360,18774,349,288,249
9361,18776,313,284,249
9362,18778,322,280,244
9363,18780,351,270,234
9364,18782,351,265,231
9365,18784,366,258,226
9366,18786,372,257,225
9367,18788,375,258,225
9368,18790,367,259,224
9369,18792,361,261,225
9370,18794,363,270,225
9371,18796,334,280,230
9372,18798,354,285,234
9373,18800,359,289,246
9374,18802,354,295,251
9375,18804,356,296,249
9376,18806,351,297,248
9377,18808,363,301,251
9378,18810,356,300,254
9379,18812,304,300,255
9380,18814,333,301,257
9381,18816,266,297,260
9382,18818,259,292,253
9383,18820,284,286,249
9384,18822,270,281,244
9385,18824,249,277,240
9386,18826,266,271,235
9387,18828,168,267,223
9388,18830,198,260,217
9389,18832,199,253,206
9390,18834,252,245,206
9391,18836,222,235,192
9392,18838,229,231,187
9393,18840,222,229,184
9394,18842,216,225,177
9395,18844,218,220,175
9396,18846,223,219,173
9397,18848,212,219,174
9398,18850,226,219,173
9399,18852,231,218,171
9400,18854,215,218,169
9401,18856,170,221,166
9402,18858,161,219,165
9403,18860,179,221,173
9404,18862,181,221,169
9405,18864,177,222,170
9406,18866,188,224,158
9407,18868,180,229,155
9408,18870,189,235,159
9409,18872,202,238,160
9410,18874,248,245,158
9411,18876,207,249,156
9412,18878,223,253,157
9413,18880,278,255,163
9414,18882,197,259,163
9415,18884,232,265,170
9416,18886,270,270,168
9417,18888,260,272,178
9418,18890,305,274,179
9419,18892,316,276,180
9420,18894,330,279,185
9421,18896,342,278,180
9422,18898,338,279,176
9423,18900,357,280,186
9424,18902,319,281,188
9425,18904,314,281,186
9426,18906,313,282,192
9427,18908,316,283,197
9428,18910,338,286,194
9429,18912,311,285,193
9430,18914,341,288,197
9431,18916,337,290,196
9432,18918,352,291,197
9433,18920,363,292,196
9434,18922,368,295,198
9435,18924,368,295,210
9436,18926,363,297,209
9437,18928,358,297,206
9438,18930,365,298,200
9439,18932,357,298,196
9440,18934,337,298,187
9441,18936,303,297,188
9442,18938,324,296,174
9443,18940,335,294,160
9444,18942,305,292,152
9445,18944,300,290,130
9446,18946,300,281,125
9447,18948,294,267,69
9448,18950,316,258,61
9449,18952,260,246,45
9450,18954,241,239,35
9451,18956,156,233,10
9452,18958,169,228,14
9453,18960,205,220,12
9454,18962,203,207,12
9455,18964,187,198,12
9456,18966,210,191,12
9457,18968,173,189,12
9458,18970,197,183,13
9459,18972,135,178,12
9460,18974,186,177,11
9461,18976,175,177,11
9462,18978,152,177,11
9463,18980,108,180,12
9464,18982,74,181,11
9465,18984,137,183,11
9466,18986,67,188,13
9467,18988,76,195,12
9468,18990,113,197,13
9469,18992,91,202,12
9470,18994,130,213,13
9471,18996,179,218,11
9472,18998,215,223,11
9473,19000,259,227,12
9474,19002,263,239,13
9475,19004,236,253,13
9476,19006,296,262,12
9477,19008,261,277,11
9478,19010,312,283,12
9479,19012,330,286,12
9480,19014,323,286,55
9481,19016,306,294,73
9482,19018,324,296,94
9483,19020,345,299,164
9484,19022,391,300,190
9485,19024,400,300,202
9486,19026,372,300,204
9487,19028,356,299,199
9488,19030,371,297,199
9489,19032,387,295,200
9490,19034,366,290,194
9491,19036,341,281,188
9492,19038,329,279,187
9493,19040,338,279,178
9494,19042,342,280,180
9495,19044,348,279,179
9496,19046,353,280,184
9497,19048,342,280,186
9498,19050,378,283,182
9499,19052,367,289,193
9500,19054,355,295,196
9501,19056,322,298,197
9502,19058,333,299,196
9503,19060,345,299,200
9504,19062,349,302,216
9505,19064,356,303,209
9506,19066,347,302,211
9507,19068,341,297,209
9508,19070,369,298,204
9509,19072,329,295,202
9510,19074,320,290,198
9511,19076,289,280,199
9512,19078,297,269,190
9513,19080,298,259,180
9514,19082,272,248,167
9515,19084,256,235,152
9516,19086,242,225,147
9517,19088,221,221,134
9518,19090,210,213,96
9519,19092,203,202,91
9520,19094,170,192,69
9521,19096,160,186,63
9522,19098,165,181,53
9523,19100,182,178,49
9524,19102,172,176,36
9525,19104,181,176,38
9526,19106,184,180,39
9527,19108,184,184,26
9528,19110,191,189,30
9529,19112,179,194,47
9530,19114,175,207,49
9531,19116,152,214,54
9532,19118,252,217,56
9533,19120,311,226,68
9534,19122,363,236,109
9535,19124,368,247,123
9536,19126,373,260,145
9537,19128,349,269,176
9538,19130,363,279,202
9539,19132,343,287,215
9540,19134,348,298,228
9541,19136,340,301,237
9542,19138,355,304,251
9543,19140,374,307,248
9544,19142,385,309,250
9545,19144,389,309,251
9546,19146,379,311,261
9547,19148,393,311,263
9548,19150,421,312,262
9549,19152,395,311,267
9550,19154,405,312,271
9551,19156,383,312,276
9552,19158,380,312,266
9553,19160,389,312,267
9554,19162,383,312,262
9555,19164,388,312,250
9556,19166,378,310,247
9557,19168,360,309,239
9558,19170,377,309,234
9559,19172,329,306,238
9560,19174,329,305,236
9561,19176,317,304,233
9562,19178,322,304,223
9563,19180,334,302,208
9564,19182,321,302,204
9565,19184,333,298,200
9566,19186,335,293,199
9567,19188,338,292,197
9568,19190,333,290,197
9569,19192,348,285,194
9570,19194,352,279,187
9571,19196,330,273,171
9572,19198,324,271,148
9573,19200,337,259,144
9574,19202,321,252,135
9575,19204,313,247,132
9576,19206,318,239,129
9577,19208,318,232,127
9578,19210,321,226,120
9579,19212,243,224,120
9580,19214,246,223,115
9581,19216,225,221,117
9582,19218,228,220,114
9583,19220,240,221,112
9584,19222,245,222,116
9585,19224,246,221,125
9586,19226,238,221,125
9587,19228,246,223,130
9588,19230,283,225,127
9589,19232,281,223,146
9590,19234,276,230,158
9591,19236,247,235,163
9592,19238,266,242,168
9593,19240,266,246,177
9594,19242,265,250,186
9595,19244,308,253,185
9596,19246,292,260,188
9597,19248,321,266,193
9598,19250,334,270,192
9599,19252,304,275,203
9600,19254,312,277,223
9601,19256,301,286,231
9602,19258,305,293,237
9603,19260,345,298,243
9604,19262,343,302,247
9605,19264,342,304,244
9606,19266,346,306,243
9607,19268,364,306,245
9608,19270,385,307,247
9609,19272,387,307,251
9610,19274,381,306,250
9611,19276,379,306,257
9612,19278,387,306,248
9613,19280,399,304,249
9614,19282,397,303,247
9615,19284,383,302,252
9616,19286,378,302,248
9617,19288,363,302,248
9618,19290,388,298,245
9619,19292,365,298,245
9620,19294,346,297,241
9621,19296,322,297,240
9622,19298,332,295,240
9623,19300,325,294,237
9624,19302,319,293,239
9625,19304,285,292,227
9626,19306,301,286,222
9627,19308,292,283,221
9628,19310,310,275,211
9629,19312,288,274,211
9630,19314,297,270,202
9631,19316,271,272,198
9632,19318,280,265,194
9633,19320,301,263,191
9634,19322,290,260,181
9635,19324,287,251,170
9636,19326,266,246,166
9637,19328,264,239,164
9638,19330,280,235,157
9639,19332,244,231,135
9640,19334,260,229,119
9641,19336,238,224,120
9642,19338,239,223,115
9643,19340,228,218,111
9644,19342,226,217,108
9645,19344,221,217,108
9646,19346,232,215,110
9647,19348,225,216,116
9648,19350,244,216,111
9649,19352,232,219,106
9650,19354,243,222,89
9651,19356,236,225,77
9652,19358,240,225,73
9653,19360,251,226,80
9654,19362,259,227,78
9655,19364,246,228,77
9656,19366,263,229,79
9657,19368,265,228,79
9658,19370,287,230,83
9659,19372,254,231,80
9660,19374,277,235,80
9661,19376,262,236,87
9662,19378,268,241,113
9663,19380,284,245,142
9664,19382,304,246,148
9665,19384,282,250,150
9666,19386,287,252,162
9667,19388,292,254,168
9668,19390,312,257,183
9669,19392,320,257,183
9670,19394,310,258,186
9671,19396,279,263,187
9672,19398,281,271,190
9673,19400,295,281,194
9674,19402,294,283,196
9675,19404,319,285,197
9676,19406,306,288,198
9677,19408,322,289,202
9678,19410,338,289,199
9679,19412,311,289,201
9680,19414,332,291,202
9681,19416,322,292,204
9682,19418,314,290,201
9683,19420,318,289,212
9684,19422,339,290,214
9685,19424,346,288,217
9686,19426,345,286,217
9687,19428,348,284,217
9688,19430,355,282,217
9689,19432,360,282,220
9690,19434,331,283,221
9691,19436,316,281,220
9692,19438,311,282,217
9693,19440,319,281,217
9694,19442,307,280,207
9695,19444,322,281,207
9696,19446,324,277,204
9697,19448,324,274,198
9698,19450,319,269,197
9699,19452,294,265,198
9700,19454,278,261,192
9701,19456,259,256,181
9702,19458,254,255,178
9703,19460,261,254,173
9704,19462,266,252,156
9705,19464,259,250,106
9706,19466,227,247,92
9707,19468,261,244,85
9708,19470,274,242,79
9709,19472,246,235,68
9710,19474,250,228,61
9711,19476,230,221,59
9712,19478,207,213,47
9713,19480,225,202,47
9714,19482,229,203,22
9715,19484,223,201,17
9716,19486,207,196,18
9717,19488,183,196,18
9718,19490,181,195,17
9719,19492,190,196,15
9720,19494,216,195,16
9721,19496,203,194,14
9722,19498,208,196,15
9723,19500,215,196,16
9724,19502,222,196,18
9725,19504,238,198,24
9726,19506,256,198,33
9727,19508,272,201,43
9728,19510,277,211,54
9729,19512,256,222,56
9730,19514,264,226,64
9731,19516,248,231,67
9732,19518,255,237,80
9733,19520,280,244,92
9734,19522,278,249,128
9735,19524,290,251,138
9736,19526,297,262,176
9737,19528,318,270,186
9738,19530,328,279,193
9739,19532,300,289,195
9740,19534,299,291,201
9741,19536,297,293,205
9742,19538,298,295,219
9743,19540,310,295,227
9744,19542,315,297,231
9745,19544,301,297,235
9746,19546,297,298,233
9747,19548,285,296,243
9748,19550,279,296,244
9749,19552,276,294,242
9750,19554,275,291,239
9751,19556,261,288,238
9752,19558,272,283,237
9753,19560,264,281,234
9754,19562,240,280,225
9755,19564,241,275,222
9756,19566,238,274,220
9757,19568,255,272,220
9758,19570,263,272,221
9759,19572,228,272,224
9760,19574,222,270,216
9761,19576,192,270,218
9762,19578,204,271,222
9763,19580,236,270,221
9764,19582,251,271,222
9765,19584,244,270,222
9766,19586,244,268,226
9767,19588,272,268,227
9768,19590,277,259,227
9769,19592,247,264,218
9770,19594,268,263,214
9771,19596,234,261,208
9772,19598,243,258,201
9773,19600,274,257,208
9774,19602,269,256,201
9775,19604,265,254,199
9776,19606,253,247,195
9777,19608,250,244,190
9778,19610,249,243,185
9779,19612,235,236,185
9780,19614,226,233,189
9781,19616,204,229,184
9782,19618,214,226,179
9783,19620,224,224,175
9784,19622,176,225,171
9785,19624,178,220,166
9786,19626,169,219,154
9787,19628,206,216,144
9788,19630,204,214,125
9789,19632,186,214,124
9790,19634,175,214,123
9791,19636,212,214,124
9792,19638,224,214,122
9793,19640,238,217,121
9794,19642,258,223,120
9795,19644,263,227,123
9796,19646,264,229,128
9797,19648,289,232,132
9798,19650,289,234,151
9799,19652,277,239,160
9800,19654,283,248,166
9801,19656,263,250,171
9802,19658,279,254,183
9803,19660,277,256,188
9804,19662,276,258,185
9805,19664,274,258,189
9806,19666,270,257,196
9807,19668,288,258,196
9808,19670,285,260,200
9809,19672,251,261,200
9810,19674,243,267,201
9811,19676,222,267,202
9812,19678,242,268,205
9813,19680,256,268,203
9814,19682,263,269,207
9815,19684,260,268,203
9816,19686,248,267,205
9817,19688,282,264,202
9818,19690,283,261,205
9819,19692,266,258,202
9820,19694,243,256,201
9821,19696,229,254,200
9822,19698,234,253,199
9823,19700,236,253,197
9824,19702,244,252,198
9825,19704,255,252,192
9826,19706,243,252,193
9827,19708,277,251,195
9828,19710,275,252,190
9829,19712,260,251,196
9830,19714,251,251,194
9831,19716,241,251,193
9832,19718,243,249,195
9833,19720,253,251,191
9834,19722,255,251,191
9835,19724,263,251,190
9836,19726,242,250,181
9837,19728,271,250,181
9838,19730,266,248,178
9839,19732,259,246,176
9840,19734,218,244,173
9841,19736,181,243,170
9842,19738,189,239,166
9843,19740,192,235,156
9844,19742,209,233,158
9845,19744,189,229,146
9846,19746,157,226,142
9847,19748,191,224,123
9848,19750,195,215,105
9849,19752,175,207,83
9850,19754,174,201,80
9851,19756,154,195,70
9852,19758,168,192,63
9853,19760,170,189,60
9854,19762,190,187,52
9855,19764,172,187,52
9856,19766,161,186,47
9857,19768,188,183,37
9858,19770,186,182,18
9859,19772,174,182,18
9860,19774,176,182,17
9861,19776,155,182,16
9862,19778,154,183,15
9863,19780,189,184,16
9864,19782,184,185,26
9865,19784,182,187,31
9866,19786,171,189,39
9867,19788,246,197,47
9868,19790,249,206,62
9869,19792,243,214,63
9870,19794,222,221,71
9871,19796,201,226,74
9872,19798,220,232,81
9873,19800,241,235,95
9874,19802,250,237,143
9875,19804,260,240,155
9876,19806,252,242,163
9877,19808,267,243,171
9878,19810,259,246,183
9879,19812,243,247,193
9880,19814,242,250,194
9881,19816,223,252,194
9882,19818,235,253,199
9883,19820,238,254,198
9884,19822,243,254,200
9885,19824,248,254,200
9886,19826,263,254,199
9887,19828,269,254,200
9888,19830,278,252,198
9889,19832,257,251,197
9890,19834,246,251,196
9891,19836,239,251,196
9892,19838,241,251,197
9893,19840,260,250,199
9894,19842,251,251,198
9895,19844,264,251,197
9896,19846,259,251,195
9897,19848,263,251,195
9898,19850,267,252,198
9899,19852,249,251,198
9900,19854,229,251,192
9901,19856,214,250,190
9902,19858,229,248,186
9903,19860,236,248,166
9904,19862,234,242,147
9905,19864,239,240,132
9906,19866,216,234,122
9907,19868,244,228,88
9908,19870,242,219,81
9909,19872,227,211,73
9910,19874,155,204,70
9911,19876,141,202,62
9912,19878,150,199,57
9913,19880,163,198,44
9914,19882,167,196,26
9915,19884,170,192,15
9916,19886,169,191,12
9917,19888,182,189,9
9918,19890,185,183,14
9919,19892,163,181,11
9920,19894,172,179,11
9921,19896,160,178,11
9922,19898,182,177,11
9923,19900,197,178,11
9924,19902,192,178,12
9925,19904,174,179,12
9926,19906,176,181,12
9927,19908,204,184,13
9928,19910,202,189,11
9929,19912,180,193,12
9930,19914,179,194,11
9931,19916,160,197,12
9932,19918,155,198,11
9933,19920,174,199,14
9934,19922,189,201,10
9935,19924,219,205,12
9936,19926,245,216,11
9937,19928,281,224,11
9938,19930,250,229,11
9939,19932,261,232,22
9940,19934,278,239,36
9941,19936,249,239,54
9942,19938,263,238,59
9943,19940,272,242,71
9944,19942,255,242,78
9945,19944,241,241,74
9946,19946,225,241,75
9947,19948,235,241,78
9948,19950,242,240,82
9949,19952,229,239,85
9950,19954,224,239,107
9951,19956,203,238,102
9952,19958,228,239,124
9953,19960,256,237,132
9954,19962,252,240,139
9955,19964,260,239,150
9956,19966,268,239,154
9957,19968,274,239,161
9958,19970,276,240,169
9959,19972,251,241,171
9960,19974,250,241,173
9961,19976,232,243,171
9962,19978,217,243,168
9963,19980,232,243,162
9964,19982,254,244,159
9965,19984,252,243,152
9966,19986,273,243,146
9967,19988,297,241,138
9968,19990,294,237,134
9969,19992,283,237,127
9970,19994,278,232,116
9971,19996,230,230,81
9972,19998,223,226,76
9973,20000,239,223,71
9974,20002,229,213,61
9975,20004,237,201,55
9976,20006,244,198,41
9977,20008,211,196,37
9978,20010,209,195,17
9979,20012,190,193,12
9980,20014,181,189,12
9981,20016,166,186,14
9982,20018,170,182,13
9983,20020,176,179,13
9984,20022,177,172,11
9985,20024,185,172,10
9986,20026,181,172,12
9987,20028,203,169,12
9988,20030,195,169,11
9989,20032,184,169,12
9990,20034,173,170,12
9991,20036,149,174,11
9992,20038,166,173,11
9993,20040,182,177,13
9994,20042,172,184,11
9995,20044,182,189,11
9996,20046,190,191,14
9997,20048,209,193,13
9998,20050,207,196,13
9999,20052,189,207,12
10000,20054,179,214,11
10001,20056,180,223,13
10002,20058,228,227,12
10003,20060,204,233,50
10004,20062,262,237,63
10005,20064,282,241,77
10006,20066,290,243,106
10007,20068,306,245,149
10008,20070,310,246,161
10009,20072,285,247,175
10010,20074,310,250,186
10011,20076,297,248,196
10012,20078,305,248,192
10013,20080,323,247,198
10014,20082,312,247,196
10015,20084,320,246,194
10016,20086,315,243,191
10017,20088,334,242,186
10018,20090,311,241,185
10019,20092,305,240,184
10020,20094,297,239,183
10021,20096,268,239,178
10022,20098,285,239,181
10023,20100,274,238,180
10024,20102,274,239,182
10025,20104,286,239,177
10026,20106,284,239,185
10027,20108,312,239,185
10028,20110,301,240,186
10029,20112,273,243,189
10030,20114,264,244,186
10031,20116,238,242,191
10032,20118,239,243,187
10033,20120,249,241,181
10034,20122,263,239,188
10035,20124,281,236,185
10036,20126,284,234,188
10037,20128,295,231,185
10038,20130,292,226,173
10039,20132,258,223,167
10040,20134,243,210,153
10041,20136,216,200,136
10042,20138,223,198,123
10043,20140,234,195,114
10044,20142,192,193,83
10045,20144,186,190,69
10046,20146,197,185,62
10047,20148,202,181,61
10048,20150,203,176,48
10049,20152,173,170,44
10050,20154,162,166,17
10051,20156,151,161,15
10052,20158,161,157,12
10053,20160,179,155,10
10054,20162,174,155,12
10055,20164,174,149,11
10056,20166,158,154,11
10057,20168,172,156,12
10058,20170,97,157,12
10059,20172,142,159,11
10060,20174,131,159,11
10061,20176,145,168,12
10062,20178,149,171,12
10063,20180,163,177,12
10064,20182,152,183,13
10065,20184,168,189,31
10066,20186,168,192,45
10067,20188,200,195,52
10068,20190,182,209,64
10069,20192,243,219,77
10070,20194,232,225,109
10071,20196,221,232,132
10072,20198,271,238,156
10073,20200,283,242,178
10074,20202,280,246,192
10075,20204,304,247,202
10076,20206,346,248,207
10077,20208,359,250,209
10078,20210,365,251,216
10079,20212,342,253,221
10080,20214,360,259,214
10081,20216,347,259,209
10082,20218,358,255,207
10083,20220,347,257,200
10084,20222,342,254,197
10085,20224,315,254,197
10086,20226,320,253,198
10087,20228,334,252,203
10088,20230,340,251,205
10089,20232,322,251,217
10090,20234,313,251,218
10091,20236,285,252,222
10092,20238,325,253,222
10093,20240,343,254,221
10094,20242,341,256,226
10095,20244,344,257,222
10096,20246,342,258,227
10097,20248,364,256,228
10098,20250,344,262,236
10099,20252,313,265,229
10100,20254,327,267,234
10101,20256,305,268,225
10102,20258,267,266,216
10103,20260,292,264,211
10104,20262,300,262,207
10105,20264,300,260,200
10106,20266,304,250,193
10107,20268,265,244,190
10108,20270,244,234,166
10109,20272,223,228,132
10110,20274,205,224,122
10111,20276,160,220,91
10112,20278,139,216,66
10113,20280,136,211,55
10114,20282,168,202,49
10115,20284,172,191,38
10116,20286,140,186,15
10117,20288,169,175,13
10118,20290,122,161,11
10119,20292,126,154,12
10120,20294,99,148,11
10121,20296,137,144,12
10122,20298,136,139,12
10123,20300,117,136,13
10124,20302,137,135,12
10125,20304,141,131,12
10126,20306,143,130,12
10127,20308,104,130,13
10128,20310,144,131,11
10129,20312,99,134,12
10130,20314,80,136,11
10131,20316,72,140,11
10132,20318,91,150,12
10133,20320,136,159,12
10134,20322,152,168,11
10135,20324,162,179,12
10136,20326,204,187,13
10137,20328,187,196,13
10138,20330,183,206,13
10139,20332,185,211,12
10140,20334,207,215,12
10141,20336,264,223,47
10142,20338,239,237,64
10143,20340,264,241,73
10144,20342,295,246,104
10145,20344,297,254,117
10146,20346,306,257,152
10147,20348,340,258,176
10148,20350,353,260,185
10149,20352,370,258,191
10150,20354,366,250,197
10151,20356,362,250,198
10152,20358,352,252,198
10153,20360,354,252,197
10154,20362,367,251,195
10155,20364,357,250,194
10156,20366,337,251,189
10157,20368,359,250,192
10158,20370,335,251,193
10159,20372,332,251,192
10160,20374,332,251,193
10161,20376,323,251,195
10162,20378,347,252,198
10163,20380,345,253,198
10164,20382,347,253,198
10165,20384,335,254,209
10166,20386,368,254,206
10167,20388,387,254,204
10168,20390,375,255,208
10169,20392,347,262,205
10170,20394,330,262,198
10171,20396,303,263,194
10172,20398,291,263,196
10173,20400,313,263,192
10174,20402,310,261,186
10175,20404,299,260,180
10176,20406,276,251,171
10177,20408,303,242,159
10178,20410,299,229,151
10179,20412,239,226,129
10180,20414,209,220,80
10181,20416,245,213,73
10182,20418,207,200,62
10183,20420,182,197,53
10184,20422,120,190,29
10185,20424,136,178,14
10186,20426,135,171,13
10187,20428,179,165,13
10188,20430,178,157,11
10189,20432,167,149,13
10190,20434,194,142,12
10191,20436,168,139,11
10192,20438,191,137,11
10193,20440,144,136,13
10194,20442,161,134,14
10195,20444,162,132,11
10196,20446,101,134,11
10197,20448,155,135,14
10198,20450,146,135,11
10199,20452,147,139,10
10200,20454,141,141,11
10201,20456,136,147,11
10202,20458,149,157,12
10203,20460,189,165,12
10204,20462,176,171,12
10205,20464,198,176,12
10206,20466,182,189,12
10207,20468,236,196,13
10208,20470,250,197,13
10209,20472,234,201,12
10210,20474,202,218,12
10211,20476,216,226,38
10212,20478,248,232,58
10213,20480,287,240,72
10214,20482,297,245,83
10215,20484,346,247,114
10216,20486,348,249,140
10217,20488,374,252,159
10218,20490,387,253,175
10219,20492,373,252,178
10220,20494,386,253,182
10221,20496,373,252,180
10222,20498,344,249,178
10223,20500,349,247,177
10224,20502,337,246,184
10225,20504,338,246,173
10226,20506,313,244,136
10227,20508,354,243,134
10228,20510,342,243,137
10229,20512,338,243,136
10230,20514,321,242,137
10231,20516,312,242,137
10232,20518,326,242,138
10233,20520,332,243,136
10234,20522,329,244,140
10235,20524,318,244,140
10236,20526,314,247,153
10237,20528,343,249,175
10238,20530,366,250,178
10239,20532,367,252,177
10240,20534,361,253,180
10241,20536,341,253,188
10242,20538,338,254,186
10243,20540,337,261,182
10244,20542,328,263,186
10245,20544,315,263,185
10246,20546,301,262,183
10247,20548,327,262,165
10248,20550,328,261,159
10249,20552,309,258,146
10250,20554,267,247,130
10251,20556,266,237,121
10252,20558,250,229,85
10253,20560,250,226,73
10254,20562,256,221,65
10255,20564,228,217,60
10256,20566,214,211,49
10257,20568,246,208,45
10258,20570,203,197,40
10259,20572,208,193,32
10260,20574,166,184,12
10261,20576,126,176,11
10262,20578,135,172,12
10263,20580,146,166,13
10264,20582,144,162,11
10265,20584,182,156,11
10266,20586,166,152,11
10267,20588,177,146,12
10268,20590,170,145,11
10269,20592,156,142,15
10270,20594,133,141,11
10271,20596,112,142,12
10272,20598,101,142,12
10273,20600,84,142,9
10274,20602,139,143,14
10275,20604,108,143,12
10276,20606,146,144,11
10277,20608,172,149,11
10278,20610,184,154,11
10279,20612,183,163,12
10280,20614,161,169,12
10281,20616,152,175,15
10282,20618,167,185,13
10283,20620,213,193,11
10284,20622,236,194,12
10285,20624,229,196,10
10286,20626,241,200,14
10287,20628,269,216,12
10288,20630,307,222,47
10289,20632,292,228,57
10290,20634,264,235,75
10291,20636,260,238,98
10292,20638,316,241,123
10293,20640,323,243,145
10294,20642,339,244,156
10295,20644,350,246,172
10296,20646,354,247,176
10297,20648,384,248,184
10298,20650,381,248,190
10299,20652,383,250,192
10300,20654,372,248,191
10301,20656,359,247,191
10302,20658,354,248,191
10303,20660,363,249,190
10304,20662,329,248,185
10305,20664,325,246,186
10306,20666,315,247,184
10307,20668,347,247,187
10308,20670,355,247,187
10309,20672,351,247,186
10310,20674,324,248,186
10311,20676,329,249,189
10312,20678,358,249,191
10313,20680,377,251,197
10314,20682,357,252,196
10315,20684,361,252,189
10316,20686,336,252,188
10317,20688,308,252,184
10318,20690,328,252,184
10319,20692,316,251,187
10320,20694,296,250,181
10321,20696,254,249,179
10322,20698,262,244,175
10323,20700,291,241,175
10324,20702,295,235,167
10325,20704,262,228,160
10326,20706,256,222,143
10327,20708,293,210,134
10328,20710,279,201,96
10329,20712,247,200,76
10330,20714,219,199,65
10331,20716,161,192,61
10332,20718,224,189,52
10333,20720,225,179,42
10334,20722,210,178,23
10335,20724,214,169,17
10336,20726,211,165,11
10337,20728,190,161,14
10338,20730,189,156,13
10339,20732,175,154,11
10340,20734,165,153,11
10341,20736,152,151,12
10342,20738,165,153,12
10343,20740,183,154,12
10344,20742,120,154,13
10345,20744,120,154,11
10346,20746,101,160,12
10347,20748,150,164,13
10348,20750,144,170,12
10349,20752,127,174,12
10350,20754,101,181,11
10351,20756,173,187,14
10352,20758,203,190,26
10353,20760,202,193,42
10354,20762,216,208,49
10355,20764,250,219,64
10356,20766,195,225,80
10357,20768,304,236,119
10358,20770,299,238,140
10359,20772,301,241,160
10360,20774,275,242,181
10361,20776,266,246,194
10362,20778,290,255,200
10363,20780,313,256,203
10364,20782,326,260,206
10365,20784,330,263,209
10366,20786,345,261,210
10367,20788,353,263,211
10368,20790,323,262,214
10369,20792,304,260,205
10370,20794,292,250,213
10371,20796,233,243,206
10372,20798,262,243,199
10373,20800,255,242,192
10374,20802,236,240,191
10375,20804,239,240,192
10376,20806,255,240,190
10377,20808,278,241,190
10378,20810,259,242,189
10379,20812,273,243,190
10380,20814,277,245,192
10381,20816,275,246,194
10382,20818,304,248,192
10383,20820,331,250,189
10384,20822,293,251,189
10385,20824,285,253,188
10386,20826,287,253,185
10387,20828,308,253,185
10388,20830,299,253,186
10389,20832,268,251,183
10390,20834,267,254,176
10391,20836,287,253,174
10392,20838,297,251,164
10393,20840,296,249,157
10394,20842,276,242,118
10395,20844,275,236,89
10396,20846,289,231,79
10397,20848,296,220,72
10398,20850,290,212,60
10399,20852,264,204,54
10400,20854,242,200,41
10401,20856,233,197,25
10402,20858,254,198,20
10403,20860,254,194,14
10404,20862,239,189,12
10405,20864,230,183,12
10406,20866,228,178,12
10407,20868,225,174,13
10408,20870,230,172,13
10409,20872,204,170,11
10410,20874,190,166,11
10411,20876,183,165,11
10412,20878,189,162,12
10413,20880,199,160,11
10414,20882,195,160,14
10415,20884,181,159,12
10416,20886,154,160,11
10417,20888,130,164,12
10418,20890,147,167,12
10419,20892,153,171,11
10420,20894,119,173,13
10421,20896,112,176,13
10422,20898,119,181,11
10423,20900,142,188,12
10424,20902,144,193,12
10425,20904,186,196,11
10426,20906,259,198,12
10427,20908,293,202,13
10428,20910,274,218,29
10429,20912,277,224,46
10430,20914,259,231,59
10431,20916,266,238,68
10432,20918,278,243,79
10433,20920,285,245,87
10434,20922,280,247,114
10435,20924,279,249,138
10436,20926,293,250,144
10437,20928,320,252,157
10438,20930,298,253,165
10439,20932,341,254,174
10440,20934,316,251,178
10441,20936,319,250,177
10442,20938,299,251,179
10443,20940,298,251,178
10444,20942,319,250,175
10445,20944,319,250,176
10446,20946,319,251,176
10447,20948,334,251,175
10448,20950,323,250,175
10449,20952,324,251,175
10450,20954,285,251,174
10451,20956,290,252,175
10452,20958,328,253,176
10453,20960,343,254,180
10454,20962,332,256,183
10455,20964,315,256,180
10456,20966,280,257,172
10457,20968,306,258,179
10458,20970,307,261,187
10459,20972,287,264,184
10460,20974,266,266,182
10461,20976,277,267,179
10462,20978,294,268,175
10463,20980,303,268,173
10464,20982,304,265,166
10465,20984,306,261,151
10466,20986,311,256,144
10467,20988,314,249,119
10468,20990,302,246,86
10469,20992,273,235,81
10470,20994,245,227,70
10471,20996,247,222,58
10472,20998,210,217,52
10473,21000,204,212,46
10474,21002,201,210,29
10475,21004,197,207,18
10476,21006,191,204,14
10477,21008,166,195,13
10478,21010,206,190,12
10479,21012,162,183,14
10480,21014,116,179,9
10481,21016,148,179,11
10482,21018,178,178,11
10483,21020,154,176,11
10484,21022,175,176,11
10485,21024,174,177,12
10486,21026,166,177,12
10487,21028,188,179,13
10488,21030,181,180,13
10489,21032,171,182,11
10490,21034,162,186,12
10491,21036,157,191,10
10492,21038,202,196,13
10493,21040,229,195,7
10494,21042,190,196,9
10495,21044,191,198,6
10496,21046,191,201,8
10497,21048,285,213,8
10498,21050,274,221,8
10499,21052,252,225,41
10500,21054,237,233,53
10501,21056,259,238,60
10502,21058,273,242,69
10503,21060,273,243,77
10504,21062,280,245,105
10505,21064,267,248,119
10506,21066,290,248,139
10507,21068,332,249,144
10508,21070,343,250,157
10509,21072,339,251,167
10510,21074,304,252,175
10511,21076,332,252,176
10512,21078,343,252,178
10513,21080,340,250,178
10514,21082,338,250,178
10515,21084,340,249,178
10516,21086,335,253,176
10517,21088,365,250,176
10518,21090,357,249,176
10519,21092,344,250,176
10520,21094,332,249,178
10521,21096,327,250,175
10522,21098,338,251,180
10523,21100,334,252,184
10524,21102,346,252,187
10525,21104,350,252,185
10526,21106,314,253,188
10527,21108,329,253,192
10528,21110,310,255,194
10529,21112,298,255,189
10530,21114,271,255,190
10531,21116,267,259,190
10532,21118,282,264,186
10533,21120,276,266,184
10534,21122,275,266,182
10535,21124,281,266,175
10536,21126,281,264,169
10537,21128,315,263,165
10538,21130,315,261,160
10539,21132,290,257,148
10540,21134,264,251,139
10541,21136,249,243,122
10542,21138,264,232,75
10543,21140,278,224,71
10544,21142,201,218,63
10545,21144,200,214,50
10546,21146,197,209,45
10547,21148,211,203,30
10548,21150,204,189,13
10549,21152,168,181,7
10550,21154,166,172,4
10551,21156,161,169,6
10552,21158,180,161,7
10553,21160,188,150,8
10554,21162,170,147,9
10555,21164,161,142,6
10556,21166,155,134,10
10557,21168,178,128,8
10558,21170,177,126,8
10559,21172,167,122,7
10560,21174,154,121,5
10561,21176,156,120,6
10562,21178,164,121,7
10563,21180,161,121,6
10564,21182,141,124,5
10565,21184,136,127,7
10566,21186,125,133,9
10567,21188,139,143,7
10568,21190,98,147,9
10569,21192,132,151,6
10570,21194,132,158,7
10571,21196,131,167,7
10572,21198,176,175,7
10573,21200,172,190,7
10574,21202,179,199,9
10575,21204,252,211,6
10576,21206,260,219,8
10577,21208,296,231,6
10578,21210,231,240,5
10579,21212,212,247,7
10580,21214,313,251,7
10581,21216,251,253,7
10582,21218,334,255,46
10583,21220,331,263,65
10584,21222,325,269,94
10585,21224,329,273,113
10586,21226,352,274,130
10587,21228,377,271,142
10588,21230,347,263,157
10589,21232,339,264,160
10590,21234,321,264,161
10591,21236,326,262,162
10592,21238,331,258,173
10593,21240,331,250,164
10594,21242,350,244,159
10595,21244,359,242,159
10596,21246,355,243,149
10597,21248,369,240,128
10598,21250,363,239,129
10599,21252,336,239,127
10600,21254,316,239,127
10601,21256,302,240,128
10602,21258,295,241,133
10603,21260,282,243,138
10604,21262,290,245,149
10605,21264,295,247,156
10606,21266,289,248,167
10607,21268,314,250,174
10608,21270,318,251,169
10609,21272,336,251,181
10610,21274,301,250,175
10611,21276,293,251,177
10612,21278,313,250,178
10613,21280,297,249,169
10614,21282,298,248,161
10615,21284,287,246,160
10616,21286,262,244,139
10617,21288,276,237,131
10618,21290,270,232,107
10619,21292,270,227,93
10620,21294,226,223,74
10621,21296,186,213,69
10622,21298,199,200,66
10623,21300,145,198,59
10624,21302,151,194,52
10625,21304,197,193,47
10626,21306,206,191,38
10627,21308,219,188,14
10628,21310,206,181,11
10629,21312,184,175,3
10630,21314,172,168,7
10631,21316,154,164,7
10632,21318,177,158,10
10633,21320,173,152,6
10634,21322,163,148,4
10635,21324,170,145,7
10636,21326,169,142,10
10637,21328,158,138,7
10638,21330,150,136,7
10639,21332,156,133,5
10640,21334,132,129,5
10641,21336,141,126,7
10642,21338,125,125,8
10643,21340,137,124,8
10644,21342,130,124,7
10645,21344,132,125,7
10646,21346,117,131,11
10647,21348,118,137,7
10648,21350,113,139,8
10649,21352,135,144,7
10650,21354,110,148,8
10651,21356,123,152,8
10652,21358,159,161,8
10653,21360,168,168,8
10654,21362,177,174,8
10655,21364,169,181,7
10656,21366,177,186,8
10657,21368,215,189,7
10658,21370,271,202,7
10659,21372,263,214,9
10660,21374,252,224,8
10661,21376,224,231,8
10662,21378,227,237,9
10663,21380,225,239,8
10664,21382,294,243,8
10665,21384,320,237,8
10666,21386,334,239,44
10667,21388,358,244,56
10668,21390,343,249,71
10669,21392,337,252,75
10670,21394,325,252,84
10671,21396,329,249,104
10672,21398,342,247,107
10673,21400,338,244,112
10674,21402,341,239,121
10675,21404,339,239,123
10676,21406,341,239,119
10677,21408,351,237,118
10678,21410,335,236,118
10679,21412,306,231,115
10680,21414,280,227,116
10681,21416,271,225,115
10682,21418,295,224,117
10683,21420,280,224,114
10684,21422,273,224,117
10685,21424,309,226,118
10686,21426,294,228,120
10687,21428,300,229,123
10688,21430,307,231,124
10689,21432,299,235,129
10690,21434,299,237,128
10691,21436,296,240,149
10692,21438,310,241,159
10693,21440,298,244,161
10694,21442,312,244,169
10695,21444,317,248,173
10696,21446,290,244,172
10697,21448,311,244,170
10698,21450,291,242,166
10699,21452,267,243,162
10700,21454,249,239,160
10701,21456,219,236,153
10702,21458,257,233,143
10703,21460,257,227,124
10704,21462,270,223,113
10705,21464,246,220,105
10706,21466,235,211,84
10707,21468,205,195,82
10708,21470,197,193,76
10709,21472,222,187,64
10710,21474,193,184,57
10711,21476,174,184,57
10712,21478,188,184,55
10713,21480,182,179,47
10714,21482,188,174,37
10715,21484,178,171,21
10716,21486,173,166,12
10717,21488,188,162,8
10718,21490,182,159,7
10719,21492,174,157,8
10720,21494,153,153,6
10721,21496,156,151,8
10722,21498,180,150,8
10723,21500,178,150,10
10724,21502,131,149,8
10725,21504,162,149,6
10726,21506,132,150,9
10727,21508,156,150,7
10728,21510,140,150,7
10729,21512,121,152,6
10730,21514,109,153,8
10731,21516,97,156,7
10732,21518,128,160,7
10733,21520,108,164,7
10734,21522,165,167,7
10735,21524,172,173,8
10736,21526,166,178,8
10737,21528,216,181,10
10738,21530,196,184,7
10739,21532,196,187,8
10740,21534,184,199,7
10741,21536,184,207,34
10742,21538,212,215,46
10743,21540,208,220,50
10744,21542,225,226,64
10745,21544,285,228,68
10746,21546,293,231,69
10747,21548,319,234,78
10748,21550,309,236,90
10749,21552,285,236,105
10750,21554,273,237,115
10751,21556,272,237,117
10752,21558,291,238,120
10753,21560,301,239,116
10754,21562,287,239,115
10755,21564,315,238,116
10756,21566,316,238,116
10757,21568,327,237,116
10758,21570,309,234,118
10759,21572,309,231,118
10760,21574,275,229,103
10761,21576,251,226,90
10762,21578,239,224,94
10763,21580,282,221,94
10764,21582,287,221,96
10765,21584,246,221,100
10766,21586,236,222,101
10767,21588,277,225,112
10768,21590,263,227,114
10769,21592,290,229,122
10770,21594,272,231,122
10771,21596,257,234,125
10772,21598,277,235,127
10773,21600,287,237,127
10774,21602,286,239,125
10775,21604,273,238,132
10776,21606,280,241,168
10777,21608,294,243,168
10778,21610,279,243,167
10779,21612,291,243,165
10780,21614,278,243,156
10781,21616,271,242,153
10782,21618,290,241,150
10783,21620,266,238,117
10784,21622,263,234,98
10785,21624,269,233,88
10786,21626,256,227,77
10787,21628,272,221,70
10788,21630,265,215,67
10789,21632,234,204,63
10790,21634,170,199,58
10791,21636,161,196,55
10792,21638,180,194,49
10793,21640,186,192,37
10794,21642,175,190,32
10795,21644,175,189,29
10796,21646,167,186,26
10797,21648,192,179,7
10798,21650,173,176,8
10799,21652,148,173,5
10800,21654,121,169,6
10801,21656,129,166,6
10802,21658,154,164,8
10803,21660,146,163,8
10804,21662,144,159,8
10805,21664,132,159,5
10806,21666,136,157,7
10807,21668,171,157,6
10808,21670,148,156,7
10809,21672,144,158,8
10810,21674,53,158,7
10811,21676,118,160,8
10812,21678,122,163,7
10813,21680,165,168,7
10814,21682,161,171,8
10815,21684,164,174,7
10816,21686,176,179,8
10817,21688,195,187,8
10818,21690,194,189,9
10819,21692,184,191,7
10820,21694,169,193,6
10821,21696,179,202,6
10822,21698,156,214,7
10823,21700,173,219,7
10824,21702,206,224,8
10825,21704,220,227,12
10826,21706,288,233,39
10827,21708,319,238,48
10828,21710,306,239,63
10829,21712,289,240,72
10830,21714,240,241,76
10831,21716,301,241,83
10832,21718,321,243,99
10833,21720,326,243,109
10834,21722,318,243,108
10835,21724,339,244,110
10836,21726,353,242,116
10837,21728,362,242,111
10838,21730,343,241,112
10839,21732,307,239,111
10840,21734,285,239,116
10841,21736,289,237,116
10842,21738,303,235,117
10843,21740,303,232,116
10844,21742,299,232,117
10845,21744,295,231,116
10846,21746,299,233,118
10847,21748,317,233,118
10848,21750,287,235,122
10849,21752,302,237,127
10850,21754,285,240,127
10851,21756,266,242,142
10852,21758,289,245,146
10853,21760,283,246,150
10854,21762,288,247,174
10855,21764,270,247,175
10856,21766,285,248,168
10857,21768,308,249,167
10858,21770,298,249,159
10859,21772,282,247,154
10860,21774,247,248,152
10861,21776,259,245,137
10862,21778,285,243,128
10863,21780,281,242,93
10864,21782,271,237,89
10865,21784,241,230,77
10866,21786,246,228,73
10867,21788,247,221,64
10868,21790,230,214,58
10869,21792,181,204,50
10870,21794,154,199,44
10871,21796,148,197,38
10872,21798,161,196,33
10873,21800,142,195,13
10874,21802,150,192,8
10875,21804,150,188,8
10876,21806,152,182,6
10877,21808,190,177,7
10878,21810,170,173,7
10879,21812,154,170,8
10880,21814,123,169,8
10881,21816,126,163,6
10882,21818,140,160,6
10883,21820,138,158,8
10884,21822,128,155,8
10885,21824,137,154,8
10886,21826,141,155,7
10887,21828,156,155,8
10888,21830,92,155,9
10889,21832,92,159,8
10890,21834,77,163,6
10891,21836,81,167,7
10892,21838,144,170,5
10893,21840,151,175,8
10894,21842,163,179,7
10895,21844,157,188,7
10896,21846,175,195,8
10897,21848,199,202,7
10898,21850,187,207,7
10899,21852,176,216,7
10900,21854,213,223,7
10901,21856,258,232,5
10902,21858,179,237,7
10903,21860,220,242,9
10904,21862,226,247,5
10905,21864,292,250,38
10906,21866,301,251,51
10907,21868,328,252,66
10908,21870,321,252,80
10909,21872,311,246,92
10910,21874,287,248,107
10911,21876,316,248,113
10912,21878,321,250,126
10913,21880,328,249,130
10914,21882,329,249,125
10915,21884,333,247,125
10916,21886,318,247,122
10917,21888,340,245,123
10918,21890,317,244,122
10919,21892,306,244,119
10920,21894,283,244,118
10921,21896,280,243,116
10922,21898,302,244,118
10923,21900,298,243,116
10924,21902,298,243,118
10925,21904,275,244,118
10926,21906,310,244,124
10927,21908,330,246,125
10928,21910,317,248,126
10929,21912,306,247,125
10930,21914,291,248,137
10931,21916,291,248,149
10932,21918,306,251,170
10933,21920,292,250,170
10934,21922,328,251,175
10935,21924,320,251,175
10936,21926,311,251,179
10937,21928,324,250,177
10938,21930,307,250,175
10939,21932,287,249,166
10940,21934,278,247,155
10941,21936,259,244,138
10942,21938,268,240,115
10943,21940,250,231,107
10944,21942,266,225,76
10945,21944,256,219,71
10946,21946,196,207,64
10947,21948,220,201,61
10948,21950,203,196,57
10949,21952,173,195,44
10950,21954,147,193,37
10951,21956,173,190,18
10952,21958,188,187,13
10953,21960,191,181,5
10954,21962,181,175,8
10955,21964,188,171,6
10956,21966,177,169,8
10957,21968,150,165,5
10958,21970,129,163,8
10959,21972,126,161,8
10960,21974,104,159,8
10961,21976,105,159,7
10962,21978,125,159,7
10963,21980,126,159,8
10964,21982,126,161,7
10965,21984,110,164,7
10966,21986,112,167,6
10967,21988,155,170,13
10968,21990,150,174,8
10969,21992,167,179,10
10970,21994,158,184,1
10971,21996,143,189,7
10972,21998,172,191,7
10973,22000,174,193,9
10974,22002,173,203,7
10975,22004,243,214,7
10976,22006,292,220,26
10977,22008,250,225,47
10978,22010,243,233,51
10979,22012,301,237,58
10980,22014,269,240,69
10981,22016,267,241,78
10982,22018,298,244,111
10983,22020,297,246,144
10984,22022,302,246,153
10985,22024,308,246,159
10986,22026,322,248,160
10987,22028,329,246,160
10988,22030,320,246,161
10989,22032,306,242,158
10990,22034,257,243,138
10991,22036,253,240,128
10992,22038,264,240,128
10993,22040,258,238,117
10994,22042,273,238,120
10995,22044,250,236,121
10996,22046,225,237,119
10997,22048,284,236,121
10998,22050,263,236,123
10999,22052,259,236,124
11000,22054,238,237,125
11001,22056,236,238,123
11002,22058,266,239,126
11003,22060,263,240,133
11004,22062,267,241,136
11005,22064,267,243,135
11006,22066,277,245,130
11007,22068,270,245,136
11008,22070,293,249,144
11009,22072,281,248,184
11010,22074,260,249,186
11011,22076,248,249,184
11012,22078,239,250,187
11013,22080,239,250,189
11014,22082,240,250,188
11015,22084,237,249,183
11016,22086,245,248,183
11017,22088,262,246,175
11018,22090,257,245,163
11019,22092,237,242,132
11020,22094,234,239,127
11021,22096,234,231,101
11022,22098,250,227,101
11023,22100,243,223,83
11024,22102,227,219,81
11025,22104,228,214,70
11026,22106,225,206,66
11027,22108,193,198,61
11028,22110,183,197,58
11029,22112,175,198,53
11030,22114,143,195,49
11031,22116,143,194,48
11032,22118,232,192,48
11033,22120,214,191,43
11034,22122,217,191,41
11035,22124,222,190,26
11036,22126,220,190,17
11037,22128,210,190,17
11038,22130,186,189,16
11039,22132,183,190,15
11040,22134,159,190,15
11041,22136,166,190,16
11042,22138,172,191,16
11043,22140,186,190,15
11044,22142,181,192,17
11045,22144,178,195,24
11046,22146,178,194,25
11047,22148,216,197,31
11048,22150,202,195,32
11049,22152,210,197,38
11050,22154,221,204,40
11051,22156,226,205,45
11052,22158,249,211,47
11053,22160,247,215,48
11054,22162,254,218,50
11055,22164,247,217,56
11056,22166,247,218,56
11057,22168,275,219,64
11058,22170,277,220,64
11059,22172,261,222,66
11060,22174,244,222,68
11061,22176,247,223,67
11062,22178,254,223,66
11063,22180,257,224,68
11064,22182,269,223,72
11065,22184,261,225,71
11066,22186,251,225,71
11067,22188,261,225,70
11068,22190,257,223,71
11069,22192,244,223,72
11070,22194,225,222,73
11071,22196,208,222,72
11072,22198,211,218,72
11073,22200,192,215,72
11074,22202,188,213,69
11075,22204,182,209,72
11076,22206,166,199,71
11077,22208,201,193,74
11078,22210,178,188,75
11079,22212,171,180,74
11080,22214,157,173,74
11081,22216,155,162,73
11082,22218,173,152,72
11083,22220,178,152,63
11084,22222,172,145,55
11085,22224,160,143,53
11086,22226,166,142,53
11087,22228,213,142,55
11088,22230,208,142,53
11089,22232,226,140,51
11090,22234,206,139,51
11091,22236,205,139,51
11092,22238,230,139,51
11093,22240,234,140,50
11094,22242,225,141,49
11095,22244,226,140,50
11096,22246,219,139,49
11097,22248,253,140,52
11098,22250,235,139,44
11099,22252,217,139,49
11100,22254,207,138,39
11101,22256,202,135,35
11102,22258,216,135,32
11103,22260,195,133,31
11104,22262,192,134,31
11105,22264,195,131,32
11106,22266,181,130,33
11107,22268,222,131,33
11108,22270,205,130,34
11109,22272,207,128,34
11110,22274,174,126,34
11111,22276,181,125,35
11112,22278,196,122,33
11113,22280,198,121,32
11114,22282,192,117,9
11115,22284,185,113,7
11116,22286,179,110,7
11117,22288,209,105,6
11118,22290,201,101,9
11119,22292,185,97,7
11120,22294,157,94,8
11121,22296,156,89,8
11122,22298,159,87,8
11123,22300,171,83,7
11124,22302,92,82,8
11125,22304,86,77,7
11126,22306,100,77,8
11127,22308,109,72,9
11128,22310,78,69,6
11129,22312,65,69,7
11130,22314,70,68,6
11131,22316,70,65,6
11132,22318,51,65,7
11133,22320,62,62,6
11134,22322,58,62,7
11135,22324,48,60,7
11136,22326,52,58,8
11137,22328,83,58,8
11138,22330,62,57,7
11139,22332,54,57,7
11140,22334,24,56,4
11141,22336,51,54,6
11142,22338,73,52,4
11143,22340,73,52,6
11144,22342,61,48,9
11145,22344,77,48,7
11146,22346,54,44,6
11147,22348,86,42,13
11148,22350,61,39,8
11149,22352,53,38,6
11150,22354,34,37,5
11151,22356,38,36,6
11152,22358,67,36,6
11153,22360,64,35,6
11154,22362,31,36,7
11155,22364,35,37,7
11156,22366,37,35,7
11157,22368,61,34,7
11158,22370,45,34,6
11159,22372,36,34,7
11160,22374,10,33,6
11161,22376,9,34,7
11162,22378,44,33,7
11163,22380,22,34,5
11164,22382,43,33,8
11165,22384,22,30,6
11166,22386,41,30,6
11167,22388,81,30,6
11168,22390,62,29,7
11169,22392,44,25,7
11170,22394,0,23,5
11171,22396,26,24,6
11172,22398,12,27,5
11173,22400,19,23,4
11174,22402,45,23,6
11175,22404,28,23,8
11176,22406,7,24,6
11177,22408,73,22,7
11178,22410,62,20,7
11179,22412,32,23,7
11180,22414,0,23,7
11181,22416,0,23,7
11182,22418,22,25,6
11183,22420,20,24,5
11184,22422,36,24,9
11185,22424,20,24,5
11186,22426,19,23,6
11187,22428,73,23,9
11188,22430,51,23,8
11189,22432,37,23,6
11190,22434,26,22,8
11191,22436,20,23,7
11192,22438,36,21,7
11193,22440,37,23,7
11194,22442,30,23,6
11195,22444,39,24,9
11196,22446,12,23,7
11197,22448,67,22,6
11198,22450,54,21,6
11199,22452,44,23,5
11200,22454,2,21,6
11201,22456,19,21,5
11202,22458,42,21,7
11203,22460,8,20,5
11204,22462,12,19,7
11205,22464,17,18,7
11206,22466,1,18,7
11207,22468,44,18,7
11208,22470,31,16,6
11209,22472,5,17,7
11210,22474,0,17,7
11211,22476,0,17,5
11212,22478,1,17,6
11213,22480,0,16,6
11214,22482,2,17,7
11215,22484,7,16,6
11216,22486,7,16,6
11217,22488,48,17,8
11218,22490,34,17,7
11219,22492,15,16,7
11220,22494,0,15,6
11221,22496,0,16,6
11222,22498,10,16,10
11223,22500,12,16,8
11224,22502,5,17,7
11225,22504,12,15,8
11226,22506,7,17,5
11227,22508,46,16,6
11228,22510,29,16,6
11229,22512,16,17,7
11230,22514,0,16,7
11231,22516,0,15,7
11232,22518,8,16,6
11233,22520,8,16,7
11234,22522,10,16,6
11235,22524,9,16,8
11236,22526,8,15,7
11237,22528,42,15,7
11238,22530,29,16,6
11239,22532,10,16,6
11240,22534,0,15,7
11241,22536,0,16,7
11242,22538,12,15,7
11243,22540,3,17,7
11244,22542,7,16,5
11245,22544,10,16,7
11246,22546,13,16,5
11247,22548,44,17,7
11248,22550,37,16,6
11249,22552,14,16,7
11250,22554,0,16,6
11251,22556,0,16,6
11252,22558,11,16,6
11253,22560,12,16,4
11254,22562,12,16,7
11255,22564,13,16,6
11256,22566,4,16,5
11257,22568,48,16,6
11258,22570,30,16,6
11259,22572,12,16,5
11260,22574,0,16,5
11261,22576,0,16,7
11262,22578,5,16,8
11263,22580,8,16,7
11264,22582,4,16,8
11265,22584,11,16,6
11266,22586,9,16,7
11267,22588,47,16,7
11268,22590,29,15,6
11269,22592,13,16,7
11270,22594,0,15,7
11271,22596,0,15,6
11272,22598,6,15,8
11273,22600,5,15,7
11274,22602,0,15,7
11275,22604,1,15,6
11276,22606,6,15,6
11277,22608,46,14,6
11278,22610,30,15,8
11279,22612,10,15,7
11280,22614,0,15,5
11281,22616,0,15,5
11282,22618,2,16,7
11283,22620,9,15,9
11284,22622,5,15,7
11285,22624,1,15,8
11286,22626,0,16,7
11287,22628,47,15,7
11288,22630,33,15,7
11289,22632,9,15,7
11290,22634,0,15,5
11291,22636,0,14,7
11292,22638,9,14,6
11293,22640,9,14,8
11294,22642,2,12,7
11295,22644,17,11,6
11296,22646,4,12,7
11297,22648,44,10,7
11298,22650,31,9,7
11299,22652,11,7,7
11300,22654,0,7,6
11301,22656,0,7,11
11302,22658,0,7,7
11303,22660,3,7,7
11304,22662,5,6,7
11305,22664,9,7,6
11306,22666,3,6,6
11307,22668,47,6,5
11308,22670,27,7,4
11309,22672,17,6,6
11310,22674,0,7,6
11311,22676,0,6,6
11312,22678,6,7,8
11313,22680,2,6,7
11314,22682,9,6,12
11315,22684,12,7,6
11316,22686,5,7,5
11317,22688,50,7,7
11318,22690,30,7,6
11319,22692,14,6,7
11320,22694,0,7,6
11321,22696,0,6,6
11322,22698,11,7,7
11323,22700,10,7,6
11324,22702,10,7,7
11325,22704,7,7,7
11326,22706,13,7,7
11327,22708,44,6,5
11328,22710,30,6,6
11329,22712,4,6,7
11330,22714,0,7,6
11331,22716,0,6,6
11332,22718,0,7,7
11333,22720,1,7,7
11334,22722,9,7,7
11335,22724,9,6,6
11336,22726,1,6,2
11337,22728,44,7,8
11338,22730,36,7,9
11339,22732,15,6,7
11340,22734,0,7,9
11341,22736,0,7,7
11342,22738,9,7,5
11343,22740,7,6,6
11344,22742,8,7,7
11345,22744,6,6,6
11346,22746,8,7,7
11347,22748,43,8,7
11348,22750,24,6,7
11349,22752,16,6,7
11350,22754,0,6,6
11351,22756,0,5,7
11352,22758,11,7,6
11353,22760,15,5,8
11354,22762,10,7,6
11355,22764,18,7,6
11356,22766,10,7,6
11357,22768,43,6,6
11358,22770,28,6,6
11359,22772,9,5,6
11360,22774,0,6,5
11361,22776,0,7,7
11362,22778,14,9,7
11363,22780,8,5,6
11364,22782,4,7,7
11365,22784,13,8,7
11366,22786,9,7,5
11367,22788,42,5,6
11368,22790,30,6,7
11369,22792,9,7,8
11370,22794,0,6,6
11371,22796,0,6,6
11372,22798,8,5,7
11373,22800,9,7,6
11374,22802,17,6,4
11375,22804,5,6,4
11376,22806,2,6,6
11377,22808,46,7,12
11378,22810,35,7,6
11379,22812,9,9,7
11380,22814,0,7,5
11381,22816,0,11,8
11382,22818,3,7,7
11383,22820,18,7,7
11384,22822,5,6,7
11385,22824,13,6,6
11386,22826,6,6,7
11387,22828,35,6,7
11388,22830,19,6,6
11389,22832,13,7,6
11390,22834,0,7,7
11391,22836,0,6,7
11392,22838,6,7,9
11393,22840,4,7,6
11394,22842,5,5,9
11395,22844,9,7,8
11396,22846,5,7,6
11397,22848,47,7,7
11398,22850,29,6,6
11399,22852,9,6,6
11400,22854,0,5,5
11401,22856,0,7,7
11402,22858,6,6,7
11403,22860,17,4,7
11404,22862,9,6,7
11405,22864,10,6,6
11406,22866,10,7,7
11407,22868,49,7,8
11408,22870,22,7,6
11409,22872,9,7,7
11410,22874,0,6,7
11411,22876,0,6,5
11412,22878,9,6,7
11413,22880,18,6,6
11414,22882,11,6,7
11415,22884,10,8,7
11416,22886,9,6,6
11417,22888,36,7,6
11418,22890,23,6,8
11419,22892,9,6,6
11420,22894,0,7,5
11421,22896,0,7,7
11422,22898,6,7,7
11423,22900,23,6,7
11424,22902,8,7,9
11425,22904,1,7,5
11426,22906,0,6,5
11427,22908,32,6,6
11428,22910,20,7,6
11429,22912,12,7,7
11430,22914,0,5,5
11431,22916,0,7,6
11432,22918,5,7,8
11433,22920,9,7,7
11434,22922,0,7,6
11435,22924,8,6,7
11436,22926,11,6,7
11437,22928,45,5,6
11438,22930,23,7,6
11439,22932,7,7,6
11440,22934,0,6,6
11441,22936,0,6,6
11442,22938,12,6,5
11443,22940,11,7,6
11444,22942,11,7,6
11445,22944,16,7,4
11446,22946,1,7,7
11447,22948,39,7,8
11448,22950,16,6,6
11449,22952,0,6,6
11450,22954,0,6,5
11451,22956,0,6,6
11452,22958,4,6,6
11453,22960,6,6,6
11454,22962,7,6,8
11455,22964,8,7,6
11456,22966,3,6,6
11457,22968,47,6,7
11458,22970,17,7,6
11459,22972,8,4,7
11460,22974,0,6,6
11461,22976,0,7,7
11462,22978,4,6,7
11463,22980,19,7,8
11464,22982,7,6,5
11465,22984,1,6,6
11466,22986,7,6,6
11467,22988,46,7,7
11468,22990,21,7,7
11469,22992,8,6,6
11470,22994,0,6,7
11471,22996,0,6,7
11472,22998,4,7,6
11473,23000,11,6,6
11474,23002,8,7,2
11475,23004,5,7,7
11476,23006,0,7,7
11477,23008,44,7,8
11478,23010,29,7,7
11479,23012,7,7,8
11480,23014,0,6,6
11481,23016,0,7,7
11482,23018,15,6,6
11483,23020,10,7,6
11484,23022,6,6,7
11485,23024,3,6,6
11486,23026,0,6,6
11487,23028,40,7,8
11488,23030,17,8,7
11489,23032,3,7,7
11490,23034,0,6,7
11491,23036,0,7,7
11492,23038,2,6,7
11493,23040,15,6,6
11494,23042,11,7,7
11495,23044,10,7,4
11496,23046,4,7,7
11497,23048,45,8,7
11498,23050,28,6,6
11499,23052,10,7,7
11500,23054,0,8,7
11501,23056,0,6,7
11502,23058,9,6,7
11503,23060,15,6,7
11504,23062,10,7,7
11505,23064,12,6,6
11506,23066,0,7,7
11507,23068,48,6,7
11508,23070,20,6,6
11509,23072,2,8,6
11510,23074,0,6,8
11511,23076,0,7,6
11512,23078,1,6,6
11513,23080,11,6,8
11514,23082,12,7,6
11515,23084,4,6,7
11516,23086,4,6,6
11517,23088,40,6,7
11518,23090,21,6,6
11519,23092,8,7,6
11520,23094,0,7,7
11521,23096,0,7,7
11522,23098,4,7,6
11523,23100,5,7,8
11524,23102,9,7,7
11525,23104,15,6,6
11526,23106,3,7,7
11527,23108,41,7,8
11528,23110,24,7,7
11529,23112,16,7,8
11530,23114,0,7,5
11531,23116,0,7,6
11532,23118,0,6,6
11533,23120,10,6,7
11534,23122,8,7,6
11535,23124,14,7,7
11536,23126,5,7,7
11537,23128,43,7,8
11538,23130,21,7,4
11539,23132,12,7,7
11540,23134,0,7,6
11541,23136,0,6,8
11542,23138,4,7,6
11543,23140,3,7,7
11544,23142,8,8,7
11545,23144,6,7,7
11546,23146,7,6,6
11547,23148,42,7,7
11548,23150,20,8,8
11549,23152,6,6,7
11550,23154,0,6,8
11551,23156,0,7,7
11552,23158,9,7,7
11553,23160,0,7,6
11554,23162,8,7,7
11555,23164,12,6,7
11556,23166,9,7,7
11557,23168,50,6,7
11558,23170,24,6,8
11559,23172,9,7,8
11560,23174,0,6,6
11561,23176,0,6,7
11562,23178,11,6,6
11563,23180,4,6,6
11564,23182,21,7,6
11565,23184,10,7,7
11566,23186,6,7,7
11567,23188,44,4,6
11568,23190,25,7,7
11569,23192,15,8,6
11570,23194,0,5,5
11571,23196,0,7,7
11572,23198,9,6,6
11573,23200,3,6,6
11574,23202,8,7,7
11575,23204,25,6,6
11576,23206,3,6,5
11577,23208,47,6,7
11578,23210,19,7,9
11579,23212,11,6,7
11580,23214,0,7,5
11581,23216,0,6,6
11582,23218,8,7,8
11583,23220,14,6,7
11584,23222,12,7,7
11585,23224,15,6,6
11586,23226,6,6,4
11587,23228,44,6,7
11588,23230,21,6,6
11589,23232,8,7,6
11590,23234,0,6,6
11591,23236,0,6,6
11592,23238,3,7,8
11593,23240,0,7,6
11594,23242,13,6,7
11595,23244,12,6,6
11596,23246,12,7,7
11597,23248,37,7,6
11598,23250,24,7,6
11599,23252,8,7,7
11600,23254,0,6,6
11601,23256,0,5,6
11602,23258,4,6,8
11603,23260,6,7,7
11604,23262,8,7,7
11605,23264,11,6,5
11606,23266,12,7,5
11607,23268,47,7,6
11608,23270,22,7,7
11609,23272,18,7,7
11610,23274,0,6,5
11611,23276,0,7,6
11612,23278,3,6,5
11613,23280,1,7,6
11614,23282,6,6,6
11615,23284,15,6,7
11616,23286,10,6,7
11617,23288,45,6,6
11618,23290,19,6,6
11619,23292,9,7,6
11620,23294,0,7,7
11621,23296,0,6,5
11622,23298,0,6,5
11623,23300,10,6,6
11624,23302,12,7,6
11625,23304,10,7,6
11626,23306,13,7,6
11627,23308,46,7,8
11628,23310,16,6,6
11629,23312,9,7,6
11630,23314,0,6,7
11631,23316,0,6,6
11632,23318,6,7,5
11633,23320,0,7,7
11634,23322,1,6,6
11635,23324,4,7,8
11636,23326,13,7,7
11637,23328,51,7,8
11638,23330,19,6,8
11639,23332,13,7,7
11640,23334,0,7,4
11641,23336,0,6,7
11642,23338,8,6,7
11643,23340,7,6,7
11644,23342,15,7,6
11645,23344,12,6,6
11646,23346,9,6,5
11647,23348,47,7,4
11648,23350,20,6,8
11649,23352,14,7,10
11650,23354,0,6,6
11651,23356,0,6,6
11652,23358,9,7,7
11653,23360,0,6,5
11654,23362,2,6,7
11655,23364,10,5,6
11656,23366,13,6,6
11657,23368,46,6,6
11658,23370,19,7,6
11659,23372,9,7,5
11660,23374,0,6,7
11661,23376,0,7,8
11662,23378,2,6,5
11663,23380,4,7,7
11664,23382,9,7,7
11665,23384,10,7,7
11666,23386,17,6,7
11667,23388,48,7,6
11668,23390,24,7,6
11669,23392,11,6,6
11670,23394,0,6,6
11671,23396,0,6,6
11672,23398,15,7,6
11673,23400,4,6,6
11674,23402,11,6,7
11675,23404,11,6,7
11676,23406,10,7,7
11677,23408,46,7,8
11678,23410,22,7,7
11679,23412,8,7,7
11680,23414,0,6,6
11681,23416,0,6,6
11682,23418,11,6,7
11683,23420,7,6,7
11684,23422,8,7,7
11685,23424,13,6,6
11686,23426,9,6,6
11687,23428,44,7,8
11688,23430,17,6,7
11689,23432,16,6,6
11690,23434,0,6,6
11691,23436,0,7,7
11692,23438,8,7,8
11693,23440,8,7,7
11694,23442,5,7,6
11695,23444,13,7,7
11696,23446,15,6,6
11697,23448,42,7,5
11698,23450,16,7,6
11699,23452,14,7,7
11700,23454,0,7,6
11701,23456,0,7,8
11702,23458,6,6,8
11703,23460,6,6,8
11704,23462,12,8,7
11705,23464,9,7,8
11706,23466,16,6,6
11707,23468,43,7,7
11708,23470,17,6,6
11709,23472,19,8,6
11710,23474,0,7,8
11711,23476,0,6,7
11712,23478,8,7,7
11713,23480,6,7,7
11714,23482,9,8,7
11715,23484,4,6,7
11716,23486,16,6,6
11717,23488,46,7,6
11718,23490,21,6,5
11719,23492,8,6,8
11720,23494,0,6,8
11721,23496,0,7,7
11722,23498,3,6,7
11723,23500,11,7,7
11724,23502,4,7,7
11725,23504,5,6,8
11726,23506,15,7,7
11727,23508,43,7,8
11728,23510,21,7,6
11729,23512,21,7,6
11730,23514,0,6,6
11731,23516,0,6,7
11732,23518,6,7,8
11733,23520,16,6,6
11734,23522,7,6,6
11735,23524,11,6,7
11736,23526,20,7,7
11737,23528,47,7,7
11738,23530,15,7,8
11739,23532,6,7,4
11740,23534,0,7,6
11741,23536,0,7,6
11742,23538,10,7,7
11743,23540,14,7,10
11744,23542,11,6,6
11745,23544,8,6,6
11746,23546,26,7,7
11747,23548,49,6,7
11748,23550,15,7,7
11749,23552,9,7,6
11750,23554,0,7,6
11751,23556,0,6,6
11752,23558,10,7,7
11753,23560,26,6,6
11754,23562,12,7,7
11755,23564,5,7,7
11756,23566,34,6,7
11757,23568,46,5,4
11758,23570,17,6,6
11759,23572,2,6,6
11760,23574,0,6,8
11761,23576,0,7,6
11762,23578,16,7,5
11763,23580,18,7,8
11764,23582,9,6,8
11765,23584,7,7,8
11766,23586,34,6,7
11767,23588,51,7,5
11768,23590,12,7,6
11769,23592,17,8,6
11770,23594,0,6,6
11771,23596,0,7,6
11772,23598,12,7,7
11773,23600,23,7,5
11774,23602,13,7,5
11775,23604,13,7,8
11776,23606,28,7,6
11777,23608,39,6,7
11778,23610,19,8,7
11779,23612,8,6,7
11780,23614,0,5,7
11781,23616,0,6,7
11782,23618,5,7,7
11783,23620,16,6,8
11784,23622,11,7,7
11785,23624,8,7,6
11786,23626,36,6,6
11787,23628,46,6,8
11788,23630,15,7,5
11789,23632,5,7,8
11790,23634,0,6,6
11791,23636,0,6,6
11792,23638,11,6,8
11793,23640,11,7,7
11794,23642,9,7,5
11795,23644,2,7,5
11796,23646,36,7,7
11797,23648,35,7,7
11798,23650,16,8,8
11799,23652,5,7,6
11800,23654,0,6,6
11801,23656,0,6,6
11802,23658,5,7,7
11803,23660,18,7,7
11804,23662,22,7,7
11805,23664,8,8,8
11806,23666,35,6,7
11807,23668,44,7,8
11808,23670,18,7,5
11809,23672,9,6,5
11810,23674,0,6,6
11811,23676,0,7,7
11812,23678,7,7,6
11813,23680,14,6,7
11814,23682,5,7,6
11815,23684,11,7,4
11816,23686,38,7,7
11817,23688,40,6,8
11818,23690,17,6,5
11819,23692,10,7,7
11820,23694,0,6,5
11821,23696,0,6,7
11822,23698,8,7,4
11823,23700,15,6,9
11824,23702,10,6,8
11825,23704,0,6,5
11826,23706,34,7,6
11827,23708,34,6,6
11828,23710,17,6,7
11829,23712,7,6,6
11830,23714,0,6,5
11831,23716,0,6,5
11832,23718,5,7,7
11833,23720,27,7,6
11834,23722,11,6,6
11835,23724,0,7,6
11836,23726,38,7,8
11837,23728,42,8,8
11838,23730,21,7,5
11839,23732,8,6,6
11840,23734,0,6,6
11841,23736,0,6,6
11842,23738,12,7,7
11843,23740,15,6,6
11844,23742,21,7,5
11845,23744,11,6,7
11846,23746,41,7,5
11847,23748,42,6,6
11848,23750,15,6,5
11849,23752,24,7,8
11850,23754,0,6,5
11851,23756,0,7,7
11852,23758,6,6,5
11853,23760,12,6,7
11854,23762,14,6,10
11855,23764,11,6,6
11856,23766,42,6,6
11857,23768,42,7,6
11858,23770,13,7,3
11859,23772,5,8,6
11860,23774,0,6,6
11861,23776,0,8,7
11862,23778,6,7,6
11863,23780,6,7,6
11864,23782,8,7,5
11865,23784,3,7,6
11866,23786,42,7,7
11867,23788,38,7,6
11868,23790,15,7,6
11869,23792,7,7,7
11870,23794,0,6,5
11871,23796,0,7,6
11872,23798,9,7,8
11873,23800,7,6,7
11874,23802,11,7,7
11875,23804,2,7,8
11876,23806,42,7,7
11877,23808,41,7,9
11878,23810,14,6,6
11879,23812,5,7,6
11880,23814,0,7,6
11881,23816,0,7,6
11882,23818,12,7,7
11883,23820,5,6,7
11884,23822,7,7,7
11885,23824,13,6,6
11886,23826,39,7,6
11887,23828,37,7,5
11888,23830,18,6,6
11889,23832,12,7,6
11890,23834,0,8,6
11891,23836,0,6,6
11892,23838,7,7,7
11893,23840,9,6,6
11894,23842,8,7,7
11895,23844,5,6,5
11896,23846,34,7,7
11897,23848,41,7,6
11898,23850,16,7,7
11899,23852,11,6,6
11900,23854,0,6,6
11901,23856,0,6,6
11902,23858,7,7,6
11903,23860,8,6,6
11904,23862,15,6,6
11905,23864,7,7,7
11906,23866,37,6,5
11907,23868,41,6,7
11908,23870,19,6,6
11909,23872,0,7,6
11910,23874,0,6,6
11911,23876,0,7,6
11912,23878,7,4,4
11913,23880,0,6,4
11914,23882,18,7,7
11915,23884,11,7,9
11916,23886,34,6,8
11917,23888,38,6,7
11918,23890,17,6,6
11919,23892,2,7,7
11920,23894,0,5,6
11921,23896,0,7,7
11922,23898,1,7,8
11923,23900,4,6,7
11924,23902,1,6,7
11925,23904,14,7,7
11926,23906,39,7,7
11927,23908,36,7,9
11928,23910,25,6,6
11929,23912,7,6,6
11930,23914,0,6,5
11931,23916,0,7,7
11932,23918,5,7,6
11933,23920,4,6,6
11934,23922,12,6,5
11935,23924,13,6,6
11936,23926,36,7,6
11937,23928,35,7,6
11938,23930,16,7,6
11939,23932,7,7,7
11940,23934,0,7,6
11941,23936,0,6,6
11942,23938,4,6,7
11943,23940,0,7,7
11944,23942,4,6,7
11945,23944,8,6,6
11946,23946,43,7,7
11947,23948,39,6,9
11948,23950,12,6,7
11949,23952,0,7,7
11950,23954,0,7,7
11951,23956,0,6,6
11952,23958,6,7,6
11953,23960,12,7,8
11954,23962,6,7,6
11955,23964,10,7,7
11956,23966,41,7,7
11957,23968,37,7,7
11958,23970,15,7,6
11959,23972,3,7,6
11960,23974,0,7,6
11961,23976,0,6,6
11962,23978,0,7,7
11963,23980,5,7,7
11964,23982,2,7,7
11965,23984,8,6,7
11966,23986,43,7,7
11967,23988,38,7,7
11968,23990,15,7,8
11969,23992,8,7,5
11970,23994,0,7,7
11971,23996,0,6,7
11972,23998,11,7,7
11973,24000,5,7,8
11974,24002,10,6,6
11975,24004,8,7,8
11976,24006,37,7,8
11977,24008,38,6,4
11978,24010,16,7,5
11979,24012,5,7,6
11980,24014,0,7,6
11981,24016,0,7,6
11982,24018,7,6,7
11983,24020,6,6,6
11984,24022,10,6,7
11985,24024,8,6,6
11986,24026,43,8,8
11987,24028,41,7,6
11988,24030,18,7,4
11989,24032,3,6,6
11990,24034,0,6,5
11991,24036,0,7,7
11992,24038,4,6,7
11993,24040,10,7,6
11994,24042,10,6,6
11995,24044,8,7,7
11996,24046,39,7,7
11997,24048,41,7,8
11998,24050,8,7,7
11999,24052,2,8,6
12000,24054,0,6,5
12001,24056,0,7,6
12002,24058,5,6,6
12003,24060,0,7,8
12004,24062,4,7,5
12005,24064,9,7,8
12006,24066,42,7,8
12007,24068,39,6,8
12008,24070,10,6,5
12009,24072,0,7,6
12010,24074,0,6,5
12011,24076,0,6,7
12012,24078,5,6,5
12013,24080,11,6,6
12014,24082,0,7,6
12015,24084,3,6,8
12016,24086,45,7,6
12017,24088,43,8,10
12018,24090,10,7,6
12019,24092,1,6,7
12020,24094,0,7,5
12021,24096,0,7,7
12022,24098,8,6,6
12023,24100,2,7,7
12024,24102,12,7,7
12025,24104,6,6,6
12026,24106,42,6,6
12027,24108,35,6,6
12028,24110,12,7,6
12029,24112,2,7,6
12030,24114,0,7,7
12031,24116,0,7,8
12032,24118,3,7,8
12033,24120,5,6,6
12034,24122,11,7,5
12035,24124,5,7,7
12036,24126,43,7,8
12037,24128,39,6,6
12038,24130,16,7,7
12039,24132,0,6,6
12040,24134,0,8,5
12041,24136,0,6,6
12042,24138,9,5,6
12043,24140,13,7,6
12044,24142,12,7,7
12045,24144,5,6,4
12046,24146,45,6,6
12047,24148,41,7,8
12048,24150,9,7,6
12049,24152,2,6,7
12050,24154,0,7,6
12051,24156,0,6,6
12052,24158,6,6,6
12053,24160,5,7,6
12054,24162,17,6,2
12055,24164,3,7,6
12056,24166,44,8,8
12057,24168,39,7,6
12058,24170,12,7,6
12059,24172,1,6,6
12060,24174,0,6,5
12061,24176,0,7,7
12062,24178,4,6,7
12063,24180,7,8,6
12064,24182,7,7,8
12065,24184,2,6,7
12066,24186,48,7,7
12067,24188,38,5,6
12068,24190,7,6,7
12069,24192,3,7,7
12070,24194,0,7,7
12071,24196,0,7,7
12072,24198,6,6,7
12073,24200,11,7,7
12074,24202,11,7,7
12075,24204,12,7,5
12076,24206,52,7,8
12077,24208,44,7,7
12078,24210,15,7,7
12079,24212,0,7,6
12080,24214,0,7,6
12081,24216,0,7,7
12082,24218,0,7,5
12083,24220,8,7,7
12084,24222,7,7,7
12085,24224,3,7,6
12086,24226,43,8,7
12087,24228,40,7,7
12088,24230,6,7,11
12089,24232,1,5,7
12090,24234,0,7,6
12091,24236,0,7,6
12092,24238,8,6,4
12093,24240,17,7,6
12094,24242,7,7,7
12095,24244,8,6,6
12096,24246,40,6,6
12097,24248,37,5,7
12098,24250,12,7,7
12099,24252,0,7,6
12100,24254,0,6,5
12101,24256,0,7,7
12102,24258,6,7,6
12103,24260,1,6,7
12104,24262,14,6,6
12105,24264,11,8,7
12106,24266,46,7,6
12107,24268,36,7,6
12108,24270,9,7,5
12109,24272,6,7,6
12110,24274,0,7,7
12111,24276,0,6,6
12112,24278,5,8,7
12113,24280,4,7,7
12114,24282,13,6,5
12115,24284,12,7,7
12116,24286,44,6,6
12117,24288,37,7,8
12118,24290,7,7,7
12119,24292,3,7,7
12120,24294,0,6,6
12121,24296,0,7,7
12122,24298,4,7,7
12123,24300,15,6,5
12124,24302,6,7,7
12125,24304,9,6,7
12126,24306,39,6,17
12127,24308,41,7,6
12128,24310,11,7,7
12129,24312,0,6,7
12130,24314,0,7,6
12131,24316,0,6,7
12132,24318,9,7,6
12133,24320,6,7,7
12134,24322,12,6,7
12135,24324,7,7,4
12136,24326,42,7,6
12137,24328,42,6,9
12138,24330,17,7,7
12139,24332,0,5,6
12140,24334,0,6,7
12141,24336,0,6,5
12142,24338,6,6,6
12143,24340,10,6,6
12144,24342,10,7,6
12145,24344,5,6,5
12146,24346,40,7,7
12147,24348,36,6,7
12148,24350,9,6,7
12149,24352,0,6,6
12150,24354,0,6,5
12151,24356,0,7,7
12152,24358,5,7,5
12153,24360,4,8,6
12154,24362,11,6,5
12155,24364,9,7,6
12156,24366,39,7,6
12157,24368,41,9,8
12158,24370,11,7,7
12159,24372,0,6,6
12160,24374,0,7,7
12161,24376,0,6,6
12162,24378,4,7,7
12163,24380,9,5,7
12164,24382,12,6,7
12165,24384,6,6,5
12166,24386,46,7,5
12167,24388,41,7,6
12168,24390,19,6,6
12169,24392,0,6,7
12170,24394,0,6,6
12171,24396,0,7,7
12172,24398,7,6,7
12173,24400,8,6,7
12174,24402,11,6,6
12175,24404,8,6,6
12176,24406,44,7,7
12177,24408,32,6,8
12178,24410,12,7,6
12179,24412,0,7,7
12180,24414,0,6,6
12181,24416,0,6,6
12182,24418,4,7,6
12183,24420,3,7,6
12184,24422,9,7,7
12185,24424,10,7,8
12186,24426,39,7,6
12187,24428,43,7,5
12188,24430,14,6,6
12189,24432,1,6,6
12190,24434,0,7,8
12191,24436,0,7,7
12192,24438,3,7,7
12193,24440,7,6,6
12194,24442,19,6,7
12195,24444,7,7,5
12196,24446,46,6,6
12197,24448,44,6,7
12198,24450,13,7,6
12199,24452,0,15,6
12200,24454,0,6,8
12201,24456,0,7,6
12202,24458,3,6,7
12203,24460,8,6,6
12204,24462,6,6,7
12205,24464,10,7,7
12206,24466,44,7,7
12207,24468,40,7,7
12208,24470,10,6,5
12209,24472,0,7,6
12210,24474,0,7,6
12211,24476,0,6,6
12212,24478,9,6,7
12213,24480,12,7,6
12214,24482,3,6,8
12215,24484,10,8,7
12216,24486,45,6,6
12217,24488,38,6,7
12218,24490,13,7,6
12219,24492,0,6,5
12220,24494,0,6,6
12221,24496,0,6,6
12222,24498,14,7,7
12223,24500,10,7,6
12224,24502,11,7,7
12225,24504,3,6,7
12226,24506,44,7,7
12227,24508,39,7,7
12228,24510,13,7,6
12229,24512,0,7,6
12230,24514,0,6,6
12231,24516,0,6,6
12232,24518,8,5,7
12233,24520,0,6,4
12234,24522,7,7,7
12235,24524,15,5,5
12236,24526,38,6,5
12237,24528,37,7,7
12238,24530,1,7,7
12239,24532,0,6,6
12240,24534,0,7,6
12241,24536,0,7,8
12242,24538,2,7,6
12243,24540,3,6,7
12244,24542,12,7,7
12245,24544,7,7,7
12246,24546,44,6,7
12247,24548,41,6,7
12248,24550,15,7,6
12249,24552,0,6,5
12250,24554,0,7,4
12251,24556,0,6,6
12252,24558,3,7,7
12253,24560,0,7,7
12254,24562,8,7,6
12255,24564,6,6,7
12256,24566,46,7,6
12257,24568,36,6,7
12258,24570,12,8,7
12259,24572,0,7,6
12260,24574,0,7,7
12261,24576,0,7,8
12262,24578,6,7,5
12263,24580,4,7,7
12264,24582,7,6,10
12265,24584,12,6,7
12266,24586,48,7,4
12267,24588,38,7,7
12268,24590,15,6,10
12269,24592,0,7,6
12270,24594,0,7,7
12271,24596,0,6,6
12272,24598,3,6,7
12273,24600,1,8,6
12274,24602,4,7,8
12275,24604,9,6,6
12276,24606,44,7,8
12277,24608,50,7,7
12278,24610,10,6,5
12279,24612,0,6,8
12280,24614,0,6,5
12281,24616,0,7,7
12282,24618,2,6,7
12283,24620,12,6,7
12284,24622,6,6,7
12285,24624,4,7,6
12286,24626,43,7,6
12287,24628,47,6,7
12288,24630,11,6,6
12289,24632,0,7,6
12290,24634,0,7,7
12291,24636,0,7,8
12292,24638,5,6,8
12293,24640,0,7,6
12294,24642,8,6,6
12295,24644,8,6,8
12296,24646,45,7,8
12297,24648,37,7,7
12298,24650,13,7,6
12299,24652,0,6,6
12300,24654,0,6,6
12301,24656,0,7,8
12302,24658,6,6,5
12303,24660,0,6,7
12304,24662,9,7,6
12305,24664,12,7,7
12306,24666,46,6,7
12307,24668,39,6,6
12308,24670,9,7,7
12309,24672,0,6,7
12310,24674,0,6,5
12311,24676,0,7,7
12312,24678,0,6,5
12313,24680,0,6,7
12314,24682,7,8,7
12315,24684,13,6,6
12316,24686,42,6,5
12317,24688,39,7,4
12318,24690,5,7,7
12319,24692,0,7,7
12320,24694,0,7,6
12321,24696,0,6,6
12322,24698,3,6,7
12323,24700,12,7,7
12324,24702,3,6,5
12325,24704,13,7,8
12326,24706,45,7,8
12327,24708,28,7,7
12328,24710,9,7,7
12329,24712,0,8,6
12330,24714,0,6,6
12331,24716,0,6,6
12332,24718,0,7,9
12333,24720,5,7,8
12334,24722,0,6,7
12335,24724,12,6,4
12336,24726,44,6,6
12337,24728,39,7,7
12338,24730,13,6,5
12339,24732,0,7,2
12340,24734,0,7,7
12341,24736,0,6,7
12342,24738,5,7,5
12343,24740,4,7,9
12344,24742,7,7,11
12345,24744,11,7,7
12346,24746,44,9,9
12347,24748,39,7,7
12348,24750,4,7,5
12349,24752,0,4,5
12350,24754,0,6,8
12351,24756,3,6,7
12352,24758,19,7,8
12353,24760,10,5,6
12354,24762,10,8,6
12355,24764,17,7,7
12356,24766,43,6,6
12357,24768,38,6,8
12358,24770,9,7,7
12359,24772,0,7,7
12360,24774,0,7,6
12361,24776,0,6,5
12362,24778,9,6,4
12363,24780,0,5,9
12364,24782,3,7,6
12365,24784,10,6,5
12366,24786,51,7,9
12367,24788,39,10,5
12368,24790,8,7,7
12369,24792,0,6,8
12370,24794,0,7,7
12371,24796,5,1,7
12372,24798,2,6,7
12373,24800,12,7,8
12374,24802,17,8,7
12375,24804,5,5,5
12376,24806,45,6,4
12377,24808,40,3,5
12378,24810,14,8,6
12379,24812,0,6,6
12380,24814,0,6,5
12381,24816,3,7,7
12382,24818,9,7,7
12383,24820,8,6,6
12384,24822,5,6,7
12385,24824,10,7,5
12386,24826,47,7,7
12387,24828,41,9,7
12388,24830,14,6,6
12389,24832,0,6,5
12390,24834,0,7,7
12391,24836,2,7,6
12392,24838,7,7,12
12393,24840,17,6,7
12394,24842,6,5,7
12395,24844,11,7,8
12396,24846,44,7,4
12397,24848,35,6,7
12398,24850,0,6,7
12399,24852,0,7,4
12400,24854,0,6,7
12401,24856,3,6,6
12402,24858,4,7,6
12403,24860,2,6,7
12404,24862,7,6,6
12405,24864,7,6,8
12406,24866,49,7,6
12407,24868,34,8,6
12408,24870,13,6,5
12409,24872,0,6,5
12410,24874,0,7,8
12411,24876,6,6,6
12412,24878,6,6,10
12413,24880,3,6,6
12414,24882,8,7,5
12415,24884,11,6,9
12416,24886,53,6,8
12417,24888,41,7,6
12418,24890,13,10,11
12419,24892,0,6,7
12420,24894,0,7,5
12421,24896,7,9,7
12422,24898,6,6,5
12423,24900,9,8,8
12424,24902,0,7,6
12425,24904,0,8,6
12426,24906,46,11,7
12427,24908,41,8,6
12428,24910,15,9,7
12429,24912,0,9,6
12430,24914,0,8,5
12431,24916,8,6,7
12432,24918,8,9,8
12433,24920,4,10,7
12434,24922,7,12,7
12435,24924,0,9,7
12436,24926,47,9,4
12437,24928,36,9,6
12438,24930,12,9,6
12439,24932,0,9,7
12440,24934,0,9,5
12441,24936,5,10,6
12442,24938,7,11,7
12443,24940,13,10,6
12444,24942,12,9,7
12445,24944,1,10,8
12446,24946,45,10,7
12447,24948,36,11,7
12448,24950,13,11,8
12449,24952,0,11,4
12450,24954,0,12,4
12451,24956,5,11,6
12452,24958,5,12,7
12453,24960,7,12,6
12454,24962,3,11,6
12455,24964,2,12,8
12456,24966,50,12,7
12457,24968,37,12,7
12458,24970,5,12,7
12459,24972,0,11,7
12460,24974,0,13,6
12461,24976,6,12,5
12462,24978,0,13,7
12463,24980,5,12,6
12464,24982,9,12,5
12465,24984,15,12,7
12466,24986,37,12,6
12467,24988,36,12,7
12468,24990,4,12,7
12469,24992,0,12,7
12470,24994,0,12,7
12471,24996,11,12,7
12472,24998,6,14,9
12473,25000,1,11,7
12474,25002,8,12,6
12475,25004,12,12,7
12476,25006,48,12,8
12477,25008,41,12,6
12478,25010,12,17,8
12479,25012,0,17,6
12480,25014,0,11,7
12481,25016,6,12,8
12482,25018,6,10,7
12483,25020,4,11,6
12484,25022,9,12,8
12485,25024,5,13,7
12486,25026,48,12,8
12487,25028,33,10,7
12488,25030,9,12,7
12489,25032,0,12,7
12490,25034,0,12,7
12491,25036,6,12,6
12492,25038,7,11,5
12493,25040,6,11,7
12494,25042,9,13,7
12495,25044,10,12,8
12496,25046,50,11,6
12497,25048,40,10,6
12498,25050,8,12,7
12499,25052,0,13,6
12500,25054,0,11,7
12501,25056,7,10,6
12502,25058,5,11,4
12503,25060,17,11,7
12504,25062,12,9,6
12505,25064,13,11,4
12506,25066,53,11,7
12507,25068,38,11,8
12508,25070,12,13,6
12509,25072,0,10,6
12510,25074,0,11,7
12511,25076,8,11,5
12512,25078,0,10,5
12513,25080,5,10,7
12514,25082,4,9,6
12515,25084,7,11,8
12516,25086,53,11,7
12517,25088,37,9,8
12518,25090,26,10,7
12519,25092,0,7,6
12520,25094,0,9,7
12521,25096,1,7,8
12522,25098,5,8,9
12523,25100,5,7,8
12524,25102,3,7,7
12525,25104,9,7,7
12526,25106,48,7,7
12527,25108,38,8,7
12528,25110,13,7,5
12529,25112,0,8,6
12530,25114,0,7,7
12531,25116,3,7,8
12532,25118,4,7,7
12533,25120,0,7,6
12534,25122,9,7,7
12535,25124,6,8,7
12536,25126,55,7,7
12537,25128,34,9,7
12538,25130,13,8,6
12539,25132,0,8,7
12540,25134,0,7,7
12541,25136,8,7,4
12542,25138,2,7,6
12543,25140,7,7,7
12544,25142,7,8,7
12545,25144,17,8,6
12546,25146,41,8,5
12547,25148,34,8,7
12548,25150,21,10,7
12549,25152,0,9,7
12550,25154,0,9,7
12551,25156,0,9,5
12552,25158,0,14,11
12553,25160,0,13,10
12554,25162,9,14,14
12555,25164,14,14,11
12556,25166,54,15,12
12557,25168,46,13,11
12558,25170,22,14,9
12559,25172,0,16,11
12560,25174,0,13,10
12561,25176,15,14,12
12562,25178,2,14,11
12563,25180,9,13,11
12564,25182,16,13,12
12565,25184,18,14,9
12566,25186,56,12,14
12567,25188,41,11,11
12568,25190,23,11,11
12569,25192,0,12,14
12570,25194,0,12,11
12571,25196,11,12,14
12572,25198,10,11,10
12573,25200,8,12,12
12574,25202,8,12,11
12575,25204,13,13,11
12576,25206,55,12,11
12577,25208,38,12,10
12578,25210,16,12,11
12579,25212,0,12,12
12580,25214,0,12,11
12581,25216,9,12,12
12582,25218,13,11,12
12583,25220,8,11,10
12584,25222,6,12,11
12585,25224,14,11,10
12586,25226,52,14,12
12587,25228,42,13,10
12588,25230,14,14,11
12589,25232,0,14,13
12590,25234,0,13,10
12591,25236,11,13,11
12592,25238,6,14,11
12593,25240,9,14,11
12594,25242,9,14,10
12595,25244,17,14,11
12596,25246,50,14,10
12597,25248,39,14,12
12598,25250,18,14,11
12599,25252,0,14,11
12600,25254,0,14,11
12601,25256,3,14,11
12602,25258,7,14,10
12603,25260,11,14,11
12604,25262,12,15,10
12605,25264,16,13,10
12606,25266,55,14,13
12607,25268,47,15,12
12608,25270,19,14,10
12609,25272,0,14,10
12610,25274,0,14,11
12611,25276,10,14,12
12612,25278,2,15,12
12613,25280,6,14,11
12614,25282,13,13,11
12615,25284,13,14,11
12616,25286,61,14,10
12617,25288,36,14,11
12618,25290,14,17,12
12619,25292,0,17,12
12620,25294,0,17,11
12621,25296,9,16,12
12622,25298,7,16,13
12623,25300,13,16,12
12624,25302,9,16,9
12625,25304,17,15,10
12626,25306,53,12,9
12627,25308,36,15,11
12628,25310,20,15,11
12629,25312,0,14,11
12630,25314,0,14,12
12631,25316,13,13,11
12632,25318,8,14,13
12633,25320,7,14,11
12634,25322,14,14,13
12635,25324,10,14,10
12636,25326,53,13,10
12637,25328,36,14,13
12638,25330,17,14,12
12639,25332,0,11,9
12640,25334,0,13,11
12641,25336,15,13,8
12642,25338,12,11,11
12643,25340,13,13,11
12644,25342,14,11,10
12645,25344,19,12,10
12646,25346,57,12,12
12647,25348,39,11,11
12648,25350,18,14,10
12649,25352,0,13,12
12650,25354,0,14,11
12651,25356,16,14,12
12652,25358,8,13,11
12653,25360,18,15,10
12654,25362,2,14,10
12655,25364,18,14,12
12656,25366,53,15,12
12657,25368,34,14,12
12658,25370,13,14,11
12659,25372,0,14,10
12660,25374,0,15,10
12661,25376,16,14,8
12662,25378,5,14,12
12663,25380,15,14,10
12664,25382,1,14,9
12665,25384,17,15,11
12666,25386,52,13,11
12667,25388,40,14,10
12668,25390,16,14,11
12669,25392,0,14,12
12670,25394,0,14,9
12671,25396,11,15,12
12672,25398,3,15,11
12673,25400,8,15,10
12674,25402,9,14,9
12675,25404,17,15,13
12676,25406,54,15,12
12677,25408,33,14,7
12678,25410,13,15,10
12679,25412,0,14,12
12680,25414,0,15,10
12681,25416,15,14,11
12682,25418,13,14,10
12683,25420,10,14,10
12684,25422,12,14,11
12685,25424,13,14,11
12686,25426,55,15,14
12687,25428,35,13,11
12688,25430,11,14,10
12689,25432,0,15,10
12690,25434,0,14,9
12691,25436,16,15,11
12692,25438,12,15,11
12693,25440,16,14,11
12694,25442,11,13,12
12695,25444,15,14,11
12696,25446,47,14,10
12697,25448,34,15,10
12698,25450,12,14,11
12699,25452,0,14,12
12700,25454,0,14,9
12701,25456,10,14,10
12702,25458,9,14,11
12703,25460,13,14,12
12704,25462,10,13,11
12705,25464,20,14,12
12706,25466,55,14,12
12707,25468,35,14,11
12708,25470,11,15,12
12709,25472,0,14,12
12710,25474,0,10,10
12711,25476,10,11,12
12712,25478,11,10,12
12713,25480,8,10,10
12714,25482,10,11,12
12715,25484,12,11,10
12716,25486,53,12,14
12717,25488,29,12,12
12718,25490,17,11,11
12719,25492,0,12,10
12720,25494,0,11,11
12721,25496,10,13,12
12722,25498,7,11,12
12723,25500,10,11,12
12724,25502,10,12,12
12725,25504,11,12,12
12726,25506,50,11,11
12727,25508,29,12,11
12728,25510,11,10,11
12729,25512,0,12,10
12730,25514,0,11,12
12731,25516,16,10,10
12732,25518,11,11,11
12733,25520,15,13,10
12734,25522,7,11,14
12735,25524,11,10,10
12736,25526,51,11,10
12737,25528,41,7,11
12738,25530,15,11,9
12739,25532,0,14,15
12740,25534,0,14,11
12741,25536,17,14,9
12742,25538,19,14,10
12743,25540,19,14,11
12744,25542,4,14,10
12745,25544,21,14,10
12746,25546,55,15,13
12747,25548,34,13,12
12748,25550,13,15,12
12749,25552,0,12,11
12750,25554,0,14,11
12751,25556,15,14,10
12752,25558,16,14,12
12753,25560,15,13,11
12754,25562,12,14,11
12755,25564,13,14,10
12756,25566,52,14,10
12757,25568,37,19,12
12758,25570,17,15,12
12759,25572,0,14,10
12760,25574,0,14,11
12761,25576,14,14,11
12762,25578,12,13,11
12763,25580,15,14,10
12764,25582,13,16,11
12765,25584,11,9,10
12766,25586,56,15,12
12767,25588,32,14,11
12768,25590,11,14,11
12769,25592,0,14,9
12770,25594,0,15,10
12771,25596,17,14,11
12772,25598,11,14,13
12773,25600,17,18,13
12774,25602,10,14,11
12775,25604,11,14,9
12776,25606,50,14,10
12777,25608,27,14,11
12778,25610,8,14,11
12779,25612,0,14,11
12780,25614,0,15,11
12781,25616,14,14,11
12782,25618,7,14,11
12783,25620,9,14,12
12784,25622,12,15,12
12785,25624,12,15,11
12786,25626,63,14,11
12787,25628,31,15,11
12788,25630,12,14,11
12789,25632,0,14,11
12790,25634,0,14,12
12791,25636,12,14,12
12792,25638,9,14,11
12793,25640,7,14,12
12794,25642,10,14,11
12795,25644,6,15,10
12796,25646,55,14,12
12797,25648,34,12,13
12798,25650,20,14,12
12799,25652,0,11,11
12800,25654,0,11,11
12801,25656,11,9,9
12802,25658,6,12,12
12803,25660,15,11,10
12804,25662,11,11,10
12805,25664,7,10,10
12806,25666,53,11,12
12807,25668,34,11,12
12808,25670,16,10,13
12809,25672,0,10,12
12810,25674,0,11,11
12811,25676,11,10,10
12812,25678,10,11,11
12813,25680,10,11,9
12814,25682,14,11,12
12815,25684,14,15,12
12816,25686,53,14,11
12817,25688,39,13,13
12818,25690,8,13,11
12819,25692,0,13,11
12820,25694,0,13,10
12821,25696,19,13,12
12822,25698,11,14,10
12823,25700,11,13,12
12824,25702,10,13,11
12825,25704,8,13,11
12826,25706,45,13,11
12827,25708,34,13,11
12828,25710,26,14,11
12829,25712,0,13,10
12830,25714,0,14,12
12831,25716,12,13,11
12832,25718,8,14,11
12833,25720,18,14,10
12834,25722,11,14,13
12835,25724,16,13,12
12836,25726,48,13,11
12837,25728,36,13,12
12838,25730,13,14,12
12839,25732,0,13,12
12840,25734,0,14,10
12841,25736,13,14,12
12842,25738,12,16,11
12843,25740,16,15,10
12844,25742,14,18,12
12845,25744,12,15,10
12846,25746,55,15,11
12847,25748,32,15,13
12848,25750,23,15,12
12849,25752,0,15,10
12850,25754,0,16,11
12851,25756,22,15,10
12852,25758,9,17,11
12853,25760,11,15,11
12854,25762,4,15,12
12855,25764,14,16,11
12856,25766,55,16,11
12857,25768,28,16,11
12858,25770,17,15,11
12859,25772,0,17,10
12860,25774,0,15,11
12861,25776,6,16,11
12862,25778,5,16,11
12863,25780,12,16,13
12864,25782,12,16,11
12865,25784,12,15,13
12866,25786,50,16,10
12867,25788,35,15,10
12868,25790,13,16,10
12869,25792,0,16,10
12870,25794,0,15,10
12871,25796,20,15,12
12872,25798,4,16,12
12873,25800,4,16,12
12874,25802,14,16,11
12875,25804,12,17,10
12876,25806,58,15,11
12877,25808,29,15,11
12878,25810,13,16,10
12879,25812,0,15,10
12880,25814,0,16,12
12881,25816,11,17,11
12882,25818,6,15,10
12883,25820,6,16,12
12884,25822,4,15,12
12885,25824,16,16,11
12886,25826,57,16,13
12887,25828,36,17,12
12888,25830,13,15,12
12889,25832,0,16,11
12890,25834,0,15,12
12891,25836,11,16,9
12892,25838,3,14,9
12893,25840,15,14,12
12894,25842,12,15,11
12895,25844,1,15,9
12896,25846,50,16,12
12897,25848,35,16,13
12898,25850,11,15,11
12899,25852,0,15,11
12900,25854,0,16,10
12901,25856,13,16,10
12902,25858,9,16,11
12903,25860,5,16,12
12904,25862,12,15,11
12905,25864,0,15,10
12906,25866,40,16,11
12907,25868,34,16,13
12908,25870,20,15,13
12909,25872,0,16,11
12910,25874,0,16,11
12911,25876,8,15,9
12912,25878,8,16,11
12913,25880,8,16,11
12914,25882,16,16,13
12915,25884,14,15,12
12916,25886,47,17,12
12917,25888,27,16,11
12918,25890,14,15,9
12919,25892,0,16,10
12920,25894,0,18,11
12921,25896,6,16,11
12922,25898,3,16,10
12923,25900,8,16,11
12924,25902,17,16,11
12925,25904,11,17,12
12926,25906,52,16,11
12927,25908,33,16,11
12928,25910,12,16,11
12929,25912,0,16,13
12930,25914,0,15,11
12931,25916,13,15,12
12932,25918,4,16,10
12933,25920,9,16,11
12934,25922,8,17,11
12935,25924,12,17,11
12936,25926,52,16,10
12937,25928,37,16,10
12938,25930,9,17,12
12939,25932,0,17,11
12940,25934,0,17,11
12941,25936,12,14,12
12942,25938,6,16,11
12943,25940,9,16,11
12944,25942,6,16,10
12945,25944,10,16,9
12946,25946,41,16,10
12947,25948,34,17,11
12948,25950,17,15,11
12949,25952,0,15,10
12950,25954,0,17,11
12951,25956,3,16,12
12952,25958,11,16,10
12953,25960,8,16,11
12954,25962,15,16,11
12955,25964,7,16,10
12956,25966,53,16,10
12957,25968,33,16,13
12958,25970,14,17,10
12959,25972,0,15,11
12960,25974,0,17,11
12961,25976,11,17,10
12962,25978,3,16,11
12963,25980,10,16,11
12964,25982,12,16,13
12965,25984,13,16,10
12966,25986,49,15,12
12967,25988,25,16,9
12968,25990,19,16,9
12969,25992,0,17,10
12970,25994,0,16,13
12971,25996,20,16,11
12972,25998,5,16,11
12973,26000,7,17,12
12974,26002,7,17,11
12975,26004,16,17,9
12976,26006,43,18,12
12977,26008,32,18,12
12978,26010,8,17,10
12979,26012,0,17,9
12980,26014,0,17,10
12981,26016,10,18,11
12982,26018,11,18,12
12983,26020,9,16,11
12984,26022,10,17,12
12985,26024,7,17,11
12986,26026,46,18,12
12987,26028,35,17,11
12988,26030,14,17,11
12989,26032,0,17,11
12990,26034,0,17,10
12991,26036,7,18,11
12992,26038,10,17,9
12993,26040,14,17,14
12994,26042,21,17,12
12995,26044,7,17,12
12996,26046,44,17,10
12997,26048,37,18,11
12998,26050,13,17,12
12999,26052,0,17,11
13000,26054,0,18,11
13001,26056,12,17,9
13002,26058,11,18,10
13003,26060,11,18,12
13004,26062,7,17,10
13005,26064,9,18,10
13006,26066,51,18,9
13007,26068,28,18,13
13008,26070,11,17,11
13009,26072,0,17,8
13010,26074,0,17,10
13011,26076,19,17,11
13012,26078,7,18,12
13013,26080,11,17,10
13014,26082,8,18,10
13015,26084,9,17,13
13016,26086,43,17,11
13017,26088,32,18,12
13018,26090,7,19,11
13019,26092,0,17,10
13020,26094,0,18,10
13021,26096,9,16,10
13022,26098,2,17,12
13023,26100,14,17,10
13024,26102,3,19,10
13025,26104,12,17,10
13026,26106,51,18,8
13027,26108,31,16,12
13028,26110,5,16,11
13029,26112,0,17,12
13030,26114,0,19,15
13031,26116,11,17,9
13032,26118,9,17,10
13033,26120,18,18,10
13034,26122,12,18,12
13035,26124,8,18,11
13036,26126,40,17,9
13037,26128,28,18,11
13038,26130,12,18,11
13039,26132,0,17,9
13040,26134,0,18,12
13041,26136,15,18,10
13042,26138,20,17,12
13043,26140,16,29,11
13044,26142,7,17,6
13045,26144,9,17,11
13046,26146,50,17,11
13047,26148,34,17,11
13048,26150,11,18,11
13049,26152,0,18,10
13050,26154,0,17,10
13051,26156,20,18,16
13052,26158,15,18,11
13053,26160,13,17,12
13054,26162,4,18,14
13055,26164,10,18,11
13056,26166,49,18,11
13057,26168,33,17,12
13058,26170,8,18,14
13059,26172,0,16,9
13060,26174,0,18,12
13061,26176,7,18,12
13062,26178,16,18,11
13063,26180,14,18,11
13064,26182,7,17,11
13065,26184,0,17,12
13066,26186,53,17,11
13067,26188,24,17,12
13068,26190,20,18,11
13069,26192,0,19,10
13070,26194,0,18,11
13071,26196,9,18,7
13072,26198,12,18,11
13073,26200,14,17,11
13074,26202,11,18,13
13075,26204,6,15,10
13076,26206,53,18,12
13077,26208,30,17,11
13078,26210,11,18,12
13079,26212,0,15,10
13080,26214,0,18,10
13081,26216,15,19,11
13082,26218,6,18,12
13083,26220,7,18,10
13084,26222,6,18,13
13085,26224,6,19,12
13086,26226,46,18,11
13087,26228,21,18,11
13088,26230,12,18,11
13089,26232,0,18,12
13090,26234,0,18,12
13091,26236,17,18,10
13092,26238,7,19,11
13093,26240,12,19,11
13094,26242,2,18,11
13095,26244,3,19,11
13096,26246,45,19,12
13097,26248,33,18,10
13098,26250,11,18,11
13099,26252,0,19,11
13100,26254,0,18,10
13101,26256,16,18,12
13102,26258,10,18,11
13103,26260,13,19,10
13104,26262,11,18,10
13105,26264,6,15,11
13106,26266,54,17,12
13107,26268,31,17,12
13108,26270,18,18,11
13109,26272,0,19,10
13110,26274,0,18,11
13111,26276,14,19,12
13112,26278,6,18,11
13113,26280,9,18,11
13114,26282,14,18,10
13115,26284,12,19,12
13116,26286,46,18,11
13117,26288,30,18,10
13118,26290,11,18,11
13119,26292,0,18,13
13120,26294,0,19,13
13121,26296,13,19,10
13122,26298,7,17,11
13123,26300,11,19,10
13124,26302,11,19,10
13125,26304,6,17,10
13126,26306,47,18,9
13127,26308,29,19,11
13128,26310,6,18,11
13129,26312,0,18,11
13130,26314,0,18,12
13131,26316,12,19,11
13132,26318,13,18,11
13133,26320,13,18,11
13134,26322,14,19,11
13135,26324,12,18,11
13136,26326,53,18,11
13137,26328,33,18,11
13138,26330,15,18,10
13139,26332,0,16,10
13140,26334,0,18,9
13141,26336,7,18,11
13142,26338,12,18,11
13143,26340,11,18,11
13144,26342,16,17,9
13145,26344,12,18,10
13146,26346,52,17,11
13147,26348,33,18,12
13148,26350,30,18,12
13149,26352,0,18,10
13150,26354,0,17,10
13151,26356,12,18,12
13152,26358,17,18,11
13153,26360,6,17,11
13154,26362,7,19,11
13155,26364,7,17,11
13156,26366,59,17,10
13157,26368,34,18,15
13158,26370,17,18,11
13159,26372,0,17,12
13160,26374,0,18,12
13161,26376,13,18,11
13162,26378,8,18,11
13163,26380,9,18,12
13164,26382,17,17,11
13165,26384,11,18,10
13166,26386,47,18,11
13167,26388,34,18,11
13168,26390,15,18,11
13169,26392,0,18,10
13170,26394,0,17,11
13171,26396,12,17,12
13172,26398,10,18,12
13173,26400,9,17,11
13174,26402,15,17,11
13175,26404,8,18,10
13176,26406,51,18,12
13177,26408,30,17,11
13178,26410,13,18,11
13179,26412,0,16,12
13180,26414,0,18,10
13181,26416,10,17,11
13182,26418,8,18,11
13183,26420,4,17,11
13184,26422,11,18,9
13185,26424,5,17,11
13186,26426,52,19,12
13187,26428,30,18,11
13188,26430,13,17,11
13189,26432,0,17,10
13190,26434,0,18,10
13191,26436,14,17,11
13192,26438,11,18,12
13193,26440,7,17,12
13194,26442,19,18,11
13195,26444,10,18,11
13196,26446,58,17,13
13197,26448,37,18,10
13198,26450,9,19,12
13199,26452,0,18,11
13200,26454,0,17,10
13201,26456,11,17,9
13202,26458,8,18,10
13203,26460,12,17,11
13204,26462,14,18,11
13205,26464,7,17,11
13206,26466,51,17,12
13207,26468,34,17,12
13208,26470,14,17,10
13209,26472,0,17,11
13210,26474,0,17,10
13211,26476,15,18,11
13212,26478,9,17,9
13213,26480,12,18,10
13214,26482,8,18,11
13215,26484,10,16,10
13216,26486,50,18,12
13217,26488,37,17,11
13218,26490,17,17,10
13219,26492,0,18,11
13220,26494,0,18,10
13221,26496,10,18,12
13222,26498,7,18,10
13223,26500,10,19,11
13224,26502,18,18,11
13225,26504,12,18,12
13226,26506,51,19,13
13227,26508,34,18,10
13228,26510,20,18,11
13229,26512,0,17,11
13230,26514,0,18,12
13231,26516,11,18,10
13232,26518,11,17,12
13233,26520,4,18,12
13234,26522,10,18,12
13235,26524,8,18,10
13236,26526,52,18,12
13237,26528,28,18,13
13238,26530,15,18,11
13239,26532,0,18,11
13240,26534,0,18,11
13241,26536,10,19,12
13242,26538,1,18,12
13243,26540,16,18,11
13244,26542,12,18,12
13245,26544,16,18,11
13246,26546,47,18,11
13247,26548,33,18,11
13248,26550,12,18,12
13249,26552,0,18,10
13250,26554,0,18,11
13251,26556,11,18,11
13252,26558,0,18,12
13253,26560,12,18,12
13254,26562,16,18,11
13255,26564,10,19,12
13256,26566,51,18,12
13257,26568,21,18,11
13258,26570,13,18,11
13259,26572,0,17,11
13260,26574,0,18,11
13261,26576,12,19,14
13262,26578,3,18,11
13263,26580,7,17,11
13264,26582,16,18,12
13265,26584,10,18,12
13266,26586,54,18,10
13267,26588,35,19,13
13268,26590,10,18,11
13269,26592,0,19,11
13270,26594,0,19,12
13271,26596,10,19,11
13272,26598,11,18,10
13273,26600,15,19,11
13274,26602,14,18,11
13275,26604,10,19,12
13276,26606,48,18,10
13277,26608,31,19,11
13278,26610,9,19,12
13279,26612,0,19,11
13280,26614,0,19,12
13281,26616,0,18,9
13282,26618,9,18,11
13283,26620,6,19,12
13284,26622,11,19,8
13285,26624,15,19,11
13286,26626,45,19,12
13287,26628,32,19,11
13288,26630,10,19,11
13289,26632,0,19,12
13290,26634,0,19,11
13291,26636,12,20,11
13292,26638,11,18,12
13293,26640,8,18,10
13294,26642,15,20,8
13295,26644,7,18,10
13296,26646,54,19,12
13297,26648,22,19,12
13298,26650,14,19,10
13299,26652,0,18,11
13300,26654,0,18,10
13301,26656,7,19,11
13302,26658,9,19,10
13303,26660,10,19,12
13304,26662,13,20,12
13305,26664,10,18,11
13306,26666,51,19,12
13307,26668,30,19,11
13308,26670,10,19,11
13309,26672,0,18,9
13310,26674,0,18,10
13311,26676,13,19,11
13312,26678,15,18,11
13313,26680,9,18,12
13314,26682,13,19,11
13315,26684,9,18,8
13316,26686,49,21,12
13317,26688,29,17,11
13318,26690,14,19,11
13319,26692,0,19,11
13320,26694,0,19,11
13321,26696,2,18,10
13322,26698,13,18,10
13323,26700,13,18,12
13324,26702,3,18,12
13325,26704,10,19,12
13326,26706,48,19,12
13327,26708,22,18,11
13328,26710,13,18,12
13329,26712,0,19,12
13330,26714,0,18,11
13331,26716,14,18,10
13332,26718,6,19,12
13333,26720,19,19,11
13334,26722,10,19,11
13335,26724,12,19,12
13336,26726,45,19,10
13337,26728,32,18,12
13338,26730,6,18,10
13339,26732,0,18,11
13340,26734,0,19,10
13341,26736,7,19,11
13342,26738,17,19,11
13343,26740,10,20,11
13344,26742,8,19,10
13345,26744,11,19,12
13346,26746,56,19,11
13347,26748,25,19,13
13348,26750,9,19,12
13349,26752,0,18,11
13350,26754,0,19,11
13351,26756,13,19,15
13352,26758,12,19,12
13353,26760,10,19,11
13354,26762,9,19,11
13355,26764,8,19,10
13356,26766,49,19,11
13357,26768,23,20,11
13358,26770,7,19,10
13359,26772,0,18,9
13360,26774,0,18,16
13361,26776,16,20,12
13362,26778,15,19,11
13363,26780,10,18,11
13364,26782,19,19,13
13365,26784,3,19,11
13366,26786,49,19,12
13367,26788,22,19,10
13368,26790,8,19,10
13369,26792,0,20,17
13370,26794,0,20,11
13371,26796,14,21,12
13372,26798,20,20,8
13373,26800,15,22,13
13374,26802,9,20,9
13375,26804,8,20,11
13376,26806,49,20,11
13377,26808,12,19,11
13378,26810,12,21,10
13379,26812,0,20,9
13380,26814,0,20,11
13381,26816,16,20,10
13382,26818,10,20,12
13383,26820,16,21,11
13384,26822,15,19,11
13385,26824,12,20,9
13386,26826,45,20,10
13387,26828,15,21,9
13388,26830,11,20,11
13389,26832,0,20,12
13390,26834,0,20,10
13391,26836,10,21,12
13392,26838,13,21,10
13393,26840,18,20,10
13394,26842,13,21,12
13395,26844,11,21,10
13396,26846,49,20,10
13397,26848,25,20,12
13398,26850,10,20,12
13399,26852,0,21,10
13400,26854,0,20,11
13401,26856,10,20,8
13402,26858,7,21,11
13403,26860,22,20,11
13404,26862,0,20,11
13405,26864,12,21,11
13406,26866,50,20,12
13407,26868,23,21,12
13408,26870,12,20,11
13409,26872,0,20,10
13410,26874,0,20,12
13411,26876,18,20,10
13412,26878,13,20,10
13413,26880,13,20,11
13414,26882,12,20,18
13415,26884,14,21,12
13416,26886,54,21,11
13417,26888,26,20,11
13418,26890,13,20,11
13419,26892,0,19,11
13420,26894,0,21,11
13421,26896,12,20,11
13422,26898,15,21,9
13423,26900,22,21,12
13424,26902,6,20,12
13425,26904,10,20,11
13426,26906,53,21,13
13427,26908,17,18,11
13428,26910,11,21,12
13429,26912,0,20,12
13430,26914,0,20,11
13431,26916,13,23,12
13432,26918,15,20,12
13433,26920,14,21,10
13434,26922,7,20,11
13435,26924,21,20,11
13436,26926,48,21,12
13437,26928,22,21,11
13438,26930,13,20,10
13439,26932,0,20,10
13440,26934,0,20,10
13441,26936,19,20,12
13442,26938,15,20,10
13443,26940,10,21,12
13444,26942,14,19,10
13445,26944,19,20,12
13446,26946,49,21,10
13447,26948,26,22,11
13448,26950,11,21,13
13449,26952,0,20,12
13450,26954,0,20,10
13451,26956,15,20,10
13452,26958,12,20,12
13453,26960,14,19,11
13454,26962,11,21,11
13455,26964,15,20,10
13456,26966,48,20,11
13457,26968,25,20,11
13458,26970,12,19,11
13459,26972,0,20,11
13460,26974,0,21,11
13461,26976,13,19,12
13462,26978,15,21,10
13463,26980,10,20,12
13464,26982,14,20,12
13465,26984,15,20,10
13466,26986,51,20,11
13467,26988,23,20,14
13468,26990,11,20,12
13469,26992,0,20,8
13470,26994,0,20,11
13471,26996,26,20,10
13472,26998,13,19,11
13473,27000,20,19,11
13474,27002,12,19,11
13475,27004,19,19,12
13476,27006,52,19,11
13477,27008,26,19,11
13478,27010,15,18,11
13479,27012,0,19,9
13480,27014,0,19,12
13481,27016,14,20,11
13482,27018,12,19,12
13483,27020,22,18,11
13484,27022,13,19,10
13485,27024,18,18,11
13486,27026,46,18,13
13487,27028,21,18,11
13488,27030,12,18,10
13489,27032,0,17,11
13490,27034,0,17,10
13491,27036,10,17,11
13492,27038,8,18,11
13493,27040,5,18,11
13494,27042,13,18,12
13495,27044,26,17,11
13496,27046,49,18,12
13497,27048,21,18,11
13498,27050,18,17,11
13499,27052,0,17,9
13500,27054,0,15,10
13501,27056,11,17,11
13502,27058,13,17,14
13503,27060,5,17,11
13504,27062,18,18,11
13505,27064,22,18,9
13506,27066,62,17,12
13507,27068,28,17,10
13508,27070,17,17,11
13509,27072,0,17,13
13510,27074,0,17,11
13511,27076,15,18,12
13512,27078,12,17,11
13513,27080,21,18,11
13514,27082,4,17,12
13515,27084,30,17,11
13516,27086,47,17,11
13517,27088,21,17,13
13518,27090,14,18,11
13519,27092,0,16,11
13520,27094,0,17,11
13521,27096,14,17,13
13522,27098,15,17,11
13523,27100,14,17,12
13524,27102,15,17,12
13525,27104,31,17,11
13526,27106,52,17,12
13527,27108,30,17,12
13528,27110,11,17,11
13529,27112,0,17,10
13530,27114,0,18,12
13531,27116,10,17,10
13532,27118,16,17,11
13533,27120,17,17,11
13534,27122,17,16,11
13535,27124,38,18,13
13536,27126,50,16,11
13537,27128,24,17,11
13538,27130,20,18,11
13539,27132,0,17,11
13540,27134,0,17,10
13541,27136,10,17,11
13542,27138,15,17,10
13543,27140,16,17,11
13544,27142,12,18,10
13545,27144,42,18,11
13546,27146,44,17,10
13547,27148,20,16,10
13548,27150,17,16,11
13549,27152,0,16,12
13550,27154,0,16,10
13551,27156,11,16,10
13552,27158,14,16,11
13553,27160,19,16,10
13554,27162,8,16,11
13555,27164,42,16,10
13556,27166,53,15,11
13557,27168,30,15,11
13558,27170,14,14,12
13559,27172,0,15,12
13560,27174,0,14,10
13561,27176,20,15,12
13562,27178,15,16,11
13563,27180,17,15,13
13564,27182,6,15,12
13565,27184,48,16,11
13566,27186,52,15,12
13567,27188,26,15,11
13568,27190,15,15,10
13569,27192,0,15,12
13570,27194,0,15,10
13571,27196,14,16,11
13572,27198,17,15,11
13573,27200,10,13,11
13574,27202,20,15,11
13575,27204,34,14,11
13576,27206,50,15,12
13577,27208,24,15,11
13578,27210,10,15,11
13579,27212,0,15,9
13580,27214,0,15,11
13581,27216,11,15,12
13582,27218,17,15,12
13583,27220,20,15,12
13584,27222,9,15,9
13585,27224,47,14,11
13586,27226,51,16,12
13587,27228,29,14,9
13588,27230,14,15,11
13589,27232,0,15,10
13590,27234,0,15,10
13591,27236,15,14,12
13592,27238,17,14,12
13593,27240,19,16,13
13594,27242,11,11,11
13595,27244,42,11,11
13596,27246,48,10,10
13597,27248,28,11,11
13598,27250,13,11,12
13599,27252,0,11,12
13600,27254,0,11,10
13601,27256,17,10,12
13602,27258,17,11,11
13603,27260,10,11,11
13604,27262,17,11,8
13605,27264,43,11,11
13606,27266,47,11,10
13607,27268,25,11,10
13608,27270,13,11,11
13609,27272,0,11,11
13610,27274,0,11,11
13611,27276,20,12,10
13612,27278,12,11,12
13613,27280,18,13,13
13614,27282,17,12,11
13615,27284,39,11,12
13616,27286,48,10,12
13617,27288,25,11,9
13618,27290,17,10,10
13619,27292,0,10,10
13620,27294,0,11,10
13621,27296,11,11,11
13622,27298,18,11,10
13623,27300,16,11,9
13624,27302,14,11,10
13625,27304,48,11,12
13626,27306,49,12,12
13627,27308,26,11,12
13628,27310,14,11,11
13629,27312,0,10,11
13630,27314,0,11,11
13631,27316,15,10,10
13632,27318,26,12,11
13633,27320,16,11,11
13634,27322,10,10,12
13635,27324,44,11,11
13636,27326,46,11,10
13637,27328,19,11,9
13638,27330,13,10,10
13639,27332,0,11,11
13640,27334,0,11,12
13641,27336,10,10,9
13642,27338,13,11,11
13643,27340,23,10,12
13644,27342,10,11,12
13645,27344,46,11,11
13646,27346,44,11,11
13647,27348,15,11,11
13648,27350,8,11,12
13649,27352,0,9,10
13650,27354,0,11,10
13651,27356,18,11,12
13652,27358,19,11,11
13653,27360,18,10,12
13654,27362,16,11,11
13655,27364,45,12,11
13656,27366,47,10,13
13657,27368,21,11,12
13658,27370,13,11,10
13659,27372,0,10,10
13660,27374,0,11,11
13661,27376,15,12,11
13662,27378,17,11,11
13663,27380,12,12,10
13664,27382,16,10,10
13665,27384,44,11,11
13666,27386,47,12,12
13667,27388,20,10,11
13668,27390,10,11,11
13669,27392,0,11,10
13670,27394,0,10,10
13671,27396,14,11,11
13672,27398,14,11,12
13673,27400,18,11,11
13674,27402,11,11,13
13675,27404,48,11,12
13676,27406,44,10,9
13677,27408,23,11,10
13678,27410,11,11,11
13679,27412,0,11,10
13680,27414,0,11,10
13681,27416,12,11,8
13682,27418,16,11,11
13683,27420,12,11,12
13684,27422,10,11,9
13685,27424,44,12,12
13686,27426,44,11,12
13687,27428,19,11,12
13688,27430,15,11,11
13689,27432,0,11,12
13690,27434,0,11,11
13691,27436,12,11,11
13692,27438,20,11,11
13693,27440,16,11,7
13694,27442,12,11,11
13695,27444,36,12,11
13696,27446,48,10,11
13697,27448,18,10,11
13698,27450,12,11,14
13699,27452,0,12,11
13700,27454,0,11,10
13701,27456,8,11,14
13702,27458,14,11,11
13703,27460,21,11,11
13704,27462,10,11,13
13705,27464,44,10,10
13706,27466,43,10,11
13707,27468,19,11,11
13708,27470,6,11,11
13709,27472,0,11,10
13710,27474,0,11,12
13711,27476,5,11,10
13712,27478,17,11,12
13713,27480,20,11,11
13714,27482,14,10,11
13715,27484,49,11,11
13716,27486,44,11,11
13717,27488,20,11,11
13718,27490,10,11,11
13719,27492,0,10,11
13720,27494,0,11,11
13721,27496,14,11,11
13722,27498,14,11,11
13723,27500,25,11,11
13724,27502,12,11,13
13725,27504,46,10,13
13726,27506,47,11,9
13727,27508,16,11,10
13728,27510,19,11,11
13729,27512,0,11,11
13730,27514,0,11,10
13731,27516,16,11,11
13732,27518,19,11,10
13733,27520,15,12,9
13734,27522,6,11,11
13735,27524,44,11,11
13736,27526,43,11,12
13737,27528,20,11,11
13738,27530,4,10,10
13739,27532,0,12,11
13740,27534,0,11,10
13741,27536,12,10,11
13742,27538,12,11,9
13743,27540,16,11,10
13744,27542,8,11,11
13745,27544,46,12,13
13746,27546,44,11,10
13747,27548,18,11,11
13748,27550,8,10,10
13749,27552,0,10,10
13750,27554,0,11,11
13751,27556,11,11,10
13752,27558,18,11,11
13753,27560,15,10,10
13754,27562,12,11,10
13755,27564,47,11,11
13756,27566,44,10,10
13757,27568,17,12,12
13758,27570,4,11,11
13759,27572,0,9,10
13760,27574,0,11,12
13761,27576,17,10,12
13762,27578,19,10,11
13763,27580,15,9,8
13764,27582,13,12,10
13765,27584,46,11,12
13766,27586,43,10,11
13767,27588,21,11,10
13768,27590,10,11,10
13769,27592,0,14,8
13770,27594,0,11,11
13771,27596,11,11,11
13772,27598,21,11,10
13773,27600,21,10,12
13774,27602,7,11,12
13775,27604,45,10,11
13776,27606,41,11,12
13777,27608,22,12,12
13778,27610,9,11,10
13779,27612,0,11,11
13780,27614,0,11,12
13781,27616,14,11,10
13782,27618,19,12,11
13783,27620,30,11,12
13784,27622,11,10,14
13785,27624,48,9,11
13786,27626,43,11,10
13787,27628,27,11,11
13788,27630,7,10,12
13789,27632,0,12,10
13790,27634,0,9,11
13791,27636,17,14,12
13792,27638,18,11,11
13793,27640,23,12,13
13794,27642,6,11,11
13795,27644,47,11,11
13796,27646,43,11,14
13797,27648,18,9,12
13798,27650,12,11,11
13799,27652,0,10,12
13800,27654,0,11,10
13801,27656,18,11,10
13802,27658,18,11,11
13803,27660,16,11,12
13804,27662,15,10,10
13805,27664,50,11,12
13806,27666,44,11,11
13807,27668,19,11,12
13808,27670,7,10,11
13809,27672,0,11,11
13810,27674,0,9,10
13811,27676,8,11,10
13812,27678,18,10,10
13813,27680,18,8,12
13814,27682,18,11,11
13815,27684,50,11,11
13816,27686,49,11,11
13817,27688,21,10,11
13818,27690,9,10,9
13819,27692,0,10,10
13820,27694,0,11,10
13821,27696,22,10,10
13822,27698,22,11,11
13823,27700,19,12,11
13824,27702,10,10,11
13825,27704,53,11,11
13826,27706,48,11,11
13827,27708,22,11,12
13828,27710,9,11,11
13829,27712,0,10,10
13830,27714,0,11,9
13831,27716,15,10,11
13832,27718,16,12,10
13833,27720,19,11,11
13834,27722,5,11,11
13835,27724,53,11,11
13836,27726,47,10,12
13837,27728,27,10,11
13838,27730,9,10,13
13839,27732,0,10,10
13840,27734,0,11,10
13841,27736,16,11,9
13842,27738,14,11,11
13843,27740,19,11,11
13844,27742,15,11,11
13845,27744,49,10,11
13846,27746,50,12,12
13847,27748,33,11,12
13848,27750,14,11,11
13849,27752,0,11,9
13850,27754,0,11,11
13851,27756,19,11,10
13852,27758,22,11,8
13853,27760,16,11,11
13854,27762,17,11,9
13855,27764,54,11,11
13856,27766,51,11,10
13857,27768,23,11,11
13858,27770,7,11,10
13859,27772,0,10,12
13860,27774,0,11,11
13861,27776,12,11,9
13862,27778,19,11,11
13863,27780,10,11,11
13864,27782,18,11,11
13865,27784,50,11,11
13866,27786,45,11,10
13867,27788,40,11,11
13868,27790,9,9,11
13869,27792,0,11,10
13870,27794,0,11,10
13871,27796,24,11,11
13872,27798,15,11,12
13873,27800,18,11,11
13874,27802,22,11,12
13875,27804,52,11,11
13876,27806,50,11,9
13877,27808,23,11,10
13878,27810,6,11,11
13879,27812,0,11,12
13880,27814,0,11,13
13881,27816,17,12,9
13882,27818,9,11,11
13883,27820,18,11,12
13884,27822,14,10,11
13885,27824,54,10,11
13886,27826,46,11,11
13887,27828,30,11,10
13888,27830,4,11,11
13889,27832,0,11,8
13890,27834,0,11,12
13891,27836,10,11,12
13892,27838,17,10,10
13893,27840,10,11,11
13894,27842,9,10,13
13895,27844,49,11,11
13896,27846,45,12,12
13897,27848,22,11,11
13898,27850,1,11,9
13899,27852,0,11,11
13900,27854,0,10,10
13901,27856,15,11,11
13902,27858,7,11,11
13903,27860,16,10,10
13904,27862,17,11,12
13905,27864,56,11,12
13906,27866,47,11,10
13907,27868,29,11,11
13908,27870,5,11,10
13909,27872,0,11,12
13910,27874,0,11,12
13911,27876,16,10,11
13912,27878,23,11,10
13913,27880,19,11,11
13914,27882,15,11,12
13915,27884,61,10,12
13916,27886,46,10,11
13917,27888,26,12,7
13918,27890,2,11,11
13919,27892,0,10,11
13920,27894,0,11,11
13921,27896,11,10,11
13922,27898,13,11,12
13923,27900,20,11,10
13924,27902,15,10,12
13925,27904,51,11,11
13926,27906,50,11,11
13927,27908,26,10,11
13928,27910,3,10,11
13929,27912,0,11,11
13930,27914,0,11,9
13931,27916,14,11,10
13932,27918,14,11,11
13933,27920,17,11,11
13934,27922,5,10,11
13935,27924,58,11,12
13936,27926,57,11,11
13937,27928,27,11,10
13938,27930,2,10,9
13939,27932,0,11,12
13940,27934,0,11,11
13941,27936,18,11,11
13942,27938,17,11,11
13943,27940,17,10,11
13944,27942,14,11,10
13945,27944,52,11,10
13946,27946,43,12,12
13947,27948,21,10,11
13948,27950,1,10,10
13949,27952,0,11,11
13950,27954,0,11,11
13951,27956,15,10,11
13952,27958,13,10,11
13953,27960,16,10,11
13954,27962,13,10,10
13955,27964,53,10,11
13956,27966,47,11,11
13957,27968,20,11,11
13958,27970,6,11,10
13959,27972,0,11,10
13960,27974,0,10,10
13961,27976,18,10,11
13962,27978,15,11,12
13963,27980,18,11,11
13964,27982,15,11,11
13965,27984,57,11,12
13966,27986,47,11,11
13967,27988,25,12,11
13968,27990,0,12,11
13969,27992,0,11,11
13970,27994,0,10,9
13971,27996,18,10,12
13972,27998,21,10,11
13973,28000,17,11,12
13974,28002,15,10,9
13975,28004,52,11,10
13976,28006,49,11,13
13977,28008,25,11,11
13978,28010,0,11,11
13979,28012,0,11,10
13980,28014,0,11,11
13981,28016,19,11,10
13982,28018,26,11,10
13983,28020,20,10,11
13984,28022,11,9,11
13985,28024,53,11,12
13986,28026,48,10,10
13987,28028,29,11,11
13988,28030,0,11,10
13989,28032,0,10,10
13990,28034,0,11,11
13991,28036,21,11,12
13992,28038,23,10,11
13993,28040,24,10,11
13994,28042,13,9,11
13995,28044,52,10,11
13996,28046,49,11,10
13997,28048,24,11,10
13998,28050,1,11,11
13999,28052,0,11,12
14000,28054,0,11,12
14001,28056,17,11,10
14002,28058,24,10,10
14003,28060,23,11,12
14004,28062,20,10,11
14005,28064,50,10,11
14006,28066,48,11,12
14007,28068,20,11,11
14008,28070,0,10,11
14009,28072,0,10,9
14010,28074,6,11,10
14011,28076,18,11,13
14012,28078,25,11,11
14013,28080,29,11,12
14014,28082,14,10,12
14015,28084,58,11,11
14016,28086,50,11,11
14017,28088,27,10,12
14018,28090,0,11,11
14019,28092,0,11,12
14020,28094,16,11,10
14021,28096,20,10,10
14022,28098,20,11,10
14023,28100,24,11,11
14024,28102,17,10,12
14025,28104,52,12,12
14026,28106,49,11,11
14027,28108,20,12,11
14028,28110,0,11,9
14029,28112,0,11,11
14030,28114,16,11,12
14031,28116,18,10,11
14032,28118,19,10,11
14033,28120,22,11,11
14034,28122,12,10,10
14035,28124,56,11,12
14036,28126,51,11,11
14037,28128,24,11,12
14038,28130,1,11,12
14039,28132,0,11,11
14040,28134,14,11,11
14041,28136,16,11,12
14042,28138,20,11,11
14043,28140,22,11,11
14044,28142,16,11,13
14045,28144,52,11,11
14046,28146,46,12,9
14047,28148,26,11,15
14048,28150,2,11,11
14049,28152,0,11,14
14050,28154,16,12,12
14051,28156,18,11,12
14052,28158,17,11,12
14053,28160,22,12,14
14054,28162,17,9,11
14055,28164,57,11,12
14056,28166,52,11,12
14057,28168,27,12,11
14058,28170,0,12,11
14059,28172,0,11,11
14060,28174,14,10,10
14061,28176,18,11,12
14062,28178,12,11,12
14063,28180,20,10,15
14064,28182,6,10,10
14065,28184,52,10,12
14066,28186,47,11,11
14067,28188,28,11,10
14068,28190,0,11,12
14069,28192,0,11,10
14070,28194,12,10,11
14071,28196,22,11,11
14072,28198,17,11,11
14073,28200,18,11,11
14074,28202,18,10,10
14075,28204,47,10,10
14076,28206,48,11,10
14077,28208,23,11,10
14078,28210,0,11,10
14079,28212,0,10,9
14080,28214,14,11,11
14081,28216,19,11,11
14082,28218,17,11,11
14083,28220,18,11,11
14084,28222,18,10,12
14085,28224,49,11,11
14086,28226,43,11,12
14087,28228,16,11,6
14088,28230,0,11,11
14089,28232,0,12,10
14090,28234,9,11,10
14091,28236,15,10,16
14092,28238,20,11,11
14093,28240,15,11,4
14094,28242,10,11,10
14095,28244,50,11,12
14096,28246,42,11,12
14097,28248,22,11,11
14098,28250,0,10,11
14099,28252,0,11,9
14100,28254,5,11,10
14101,28256,13,9,11
14102,28258,15,11,12
14103,28260,12,11,11
14104,28262,17,11,12
14105,28264,52,11,12
14106,28266,47,10,11
14107,28268,24,8,13
14108,28270,0,15,11
14109,28272,0,10,11
14110,28274,8,11,11
14111,28276,18,13,12
14112,28278,18,10,11
14113,28280,18,11,11
14114,28282,11,11,11
14115,28284,50,11,12
14116,28286,50,11,13
14117,28288,18,11,10
14118,28290,0,10,11
14119,28292,0,11,11
14120,28294,16,11,11
14121,28296,15,10,11
14122,28298,20,11,12
14123,28300,15,10,10
14124,28302,18,11,12
14125,28304,51,12,10
14126,28306,45,11,12
14127,28308,20,11,12
14128,28310,3,10,10
14129,28312,0,9,10
14130,28314,15,8,12
14131,28316,15,11,12
14132,28318,22,11,11
14133,28320,16,10,10
14134,28322,10,10,11
14135,28324,54,11,12
14136,28326,48,9,11
14137,28328,22,9,11
14138,28330,0,11,11
14139,28332,0,10,10
14140,28334,18,11,10
14141,28336,17,11,12
14142,28338,12,11,10
14143,28340,19,10,11
14144,28342,16,11,12
14145,28344,55,11,10
14146,28346,45,11,12
14147,28348,22,13,13
14148,28350,0,11,11
14149,28352,0,11,10
14150,28354,10,10,10
14151,28356,15,11,12
14152,28358,15,9,11
14153,28360,17,12,11
14154,28362,22,5,13
14155,28364,52,11,10
14156,28366,45,11,12
14157,28368,28,11,11
14158,28370,0,11,12
14159,28372,0,11,11
14160,28374,4,10,8
14161,28376,17,11,11
14162,28378,12,12,9
14163,28380,16,11,11
14164,28382,23,10,10
14165,28384,56,11,12
14166,28386,37,11,10
14167,28388,23,11,11
14168,28390,0,10,11
14169,28392,0,11,12
14170,28394,12,11,12
14171,28396,18,10,10
14172,28398,13,10,13
14173,28400,17,11,10
14174,28402,23,11,8
14175,28404,61,11,13
14176,28406,47,11,12
14177,28408,27,10,12
14178,28410,1,11,11
14179,28412,0,10,12
14180,28414,10,11,10
14181,28416,18,12,11
14182,28418,23,11,11
14183,28420,17,14,10
14184,28422,28,10,11
14185,28424,53,11,12
14186,28426,41,10,13
14187,28428,30,11,12
14188,28430,0,11,11
14189,28432,0,11,12
14190,28434,18,9,12
14191,28436,12,11,12
14192,28438,13,11,11
14193,28440,14,10,12
14194,28442,18,10,12
14195,28444,57,11,11
14196,28446,43,11,11
14197,28448,14,10,11
14198,28450,0,9,11
14199,28452,0,10,11
14200,28454,20,11,12
14201,28456,12,10,11
14202,28458,20,11,12
14203,28460,21,10,11
14204,28462,37,10,10
14205,28464,56,11,10
14206,28466,55,11,11
14207,28468,31,11,12
14208,28470,3,11,11
14209,28472,0,11,11
14210,28474,28,11,11
14211,28476,27,11,11
14212,28478,22,11,11
14213,28480,19,11,11
14214,28482,33,10,12
14215,28484,63,12,11
14216,28486,51,11,14
14217,28488,34,11,11
14218,28490,0,11,11
14219,28492,1,11,11
14220,28494,29,11,12
14221,28496,32,11,10
14222,28498,31,10,10
14223,28500,28,11,13
14224,28502,42,10,11
14225,28504,63,11,11
14226,28506,51,11,13
14227,28508,33,11,11
14228,28510,10,11,10
14229,28512,0,10,10
14230,28514,17,11,11
14231,28516,21,10,12
14232,28518,28,11,11
14233,28520,34,11,10
14234,28522,38,11,12
14235,28524,60,11,10
14236,28526,53,11,13
14237,28528,21,11,12
14238,28530,8,11,10
14239,28532,6,11,12
14240,28534,25,11,11
14241,28536,26,12,12
14242,28538,36,11,12
14243,28540,31,11,12
14244,28542,28,10,11
14245,28544,63,10,12
14246,28546,61,10,9
14247,28548,31,11,11
14248,28550,10,10,10
14249,28552,5,11,12
14250,28554,22,10,11
14251,28556,31,10,11
14252,28558,22,10,10
14253,28560,32,11,13
14254,28562,31,10,10
14255,28564,67,11,12
14256,28566,52,11,11
14257,28568,32,10,11
14258,28570,0,10,11
14259,28572,6,10,11
14260,28574,14,11,12
14261,28576,28,11,11
14262,28578,28,11,11
14263,28580,22,11,11
14264,28582,33,11,8
14265,28584,63,11,12
14266,28586,49,11,12
14267,28588,30,11,11
14268,28590,1,11,10
14269,28592,0,11,10
14270,28594,28,11,11
14271,28596,20,11,11
14272,28598,28,10,12
14273,28600,29,10,11
14274,28602,34,11,10
14275,28604,58,10,10
14276,28606,51,11,12
14277,28608,34,11,11
14278,28610,5,11,11
14279,28612,5,11,11
14280,28614,33,11,12
14281,28616,21,11,11
14282,28618,29,11,12
14283,28620,27,11,11
14284,28622,30,10,11
14285,28624,60,11,11
14286,28626,51,11,11
14287,28628,29,11,11
14288,28630,4,11,11
14289,28632,2,10,10
14290,28634,24,12,12
14291,28636,24,11,11
14292,28638,23,11,10
14293,28640,26,11,11
14294,28642,29,11,11
14295,28644,62,11,13
14296,28646,48,11,12
14297,28648,30,11,11
14298,28650,4,10,12
14299,28652,4,10,11
14300,28654,28,11,10
14301,28656,21,11,11
14302,28658,21,11,11
14303,28660,27,11,10
14304,28662,32,11,11
14305,28664,65,11,11
14306,28666,42,11,11
14307,28668,29,11,12
14308,28670,7,11,11
14309,28672,6,11,11
14310,28674,22,10,11
14311,28676,22,11,11
14312,28678,22,11,11
14313,28680,23,10,12
14314,28682,26,11,12
14315,28684,59,10,11
14316,28686,42,12,11
14317,28688,23,10,10
14318,28690,5,10,10
14319,28692,3,11,10
14320,28694,24,10,10
14321,28696,19,11,11
14322,28698,31,11,11
14323,28700,27,11,12
14324,28702,25,11,12
14325,28704,60,10,12
14326,28706,48,12,12
14327,28708,33,10,12
14328,28710,9,10,9
14329,28712,6,11,11
14330,28714,30,11,13
14331,28716,30,11,10
14332,28718,28,11,12
14333,28720,25,11,12
14334,28722,25,11,12
14335,28724,65,11,10
14336,28726,47,11,11
14337,28728,31,11,11
14338,28730,6,11,11
14339,28732,8,10,10
14340,28734,33,11,11
14341,28736,33,11,10
14342,28738,33,11,11
14343,28740,25,10,10
14344,28742,34,11,10
14345,28744,62,11,12
14346,28746,50,12,10
14347,28748,22,11,11
14348,28750,1,11,11
14349,28752,11,11,10
14350,28754,28,11,9
14351,28756,24,11,11
14352,28758,25,11,11
14353,28760,30,10,11
14354,28762,32,11,10
14355,28764,65,12,12
14356,28766,55,11,12
14357,28768,30,12,12
14358,28770,8,10,11
14359,28772,15,11,10
14360,28774,34,12,10
14361,28776,31,12,12
14362,28778,33,10,11
14363,28780,28,11,11
14364,28782,29,11,12
14365,28784,64,12,11
14366,28786,52,11,11
14367,28788,28,11,12
14368,28790,1,11,10
14369,28792,16,10,10
14370,28794,30,11,10
14371,28796,33,11,12
14372,28798,27,11,11
14373,28800,28,10,12
14374,28802,32,10,11
14375,28804,68,11,12
14376,28806,51,11,11
14377,28808,34,12,11
14378,28810,6,11,11
14379,28812,4,11,14
14380,28814,26,11,11
14381,28816,29,12,13
14382,28818,36,11,10
14383,28820,35,12,11
14384,28822,32,10,11
14385,28824,58,11,10
14386,28826,45,11,12
14387,28828,35,11,11
14388,28830,12,10,11
14389,28832,10,12,10
14390,28834,35,11,9
14391,28836,34,11,11
14392,28838,35,11,11
14393,28840,34,10,10
14394,28842,39,11,10
14395,28844,64,11,12
14396,28846,51,10,11
14397,28848,34,11,12
14398,28850,12,11,11
14399,28852,16,11,10
14400,28854,33,11,11
14401,28856,30,11,9
14402,28858,32,11,11
14403,28860,27,11,11
14404,28862,24,11,12
14405,28864,57,10,10
14406,28866,51,10,12
14407,28868,33,10,10
14408,28870,6,11,11
14409,28872,10,11,11
14410,28874,30,11,10
14411,28876,25,10,11
14412,28878,31,11,11
14413,28880,34,11,10
14414,28882,31,11,12
14415,28884,69,10,11
14416,28886,48,11,11
14417,28888,35,9,11
14418,28890,5,12,10
14419,28892,4,11,10
14420,28894,37,11,11
14421,28896,37,11,11
14422,28898,32,11,10
14423,28900,33,11,11
14424,28902,30,11,12
14425,28904,66,11,10
14426,28906,54,11,11
14427,28908,31,11,11
14428,28910,13,11,9
14429,28912,12,10,9
14430,28914,35,11,9
14431,28916,33,11,12
14432,28918,35,11,11
14433,28920,29,11,12
14434,28922,25,10,11
14435,28924,67,11,11
14436,28926,48,11,12
14437,28928,35,11,11
14438,28930,5,10,11
14439,28932,6,11,11
14440,28934,33,12,14
14441,28936,26,11,13
14442,28938,30,11,10
14443,28940,27,7,10
14444,28942,26,11,13
14445,28944,62,9,12
14446,28946,50,9,12
14447,28948,46,11,11
14448,28950,8,11,12
14449,28952,10,11,11
14450,28954,34,11,12
14451,28956,33,10,10
14452,28958,27,11,11
14453,28960,29,10,11
14454,28962,30,11,11
14455,28964,63,10,10
14456,28966,48,11,12
14457,28968,35,9,10
14458,28970,15,10,10
14459,28972,4,11,11
14460,28974,34,11,10
14461,28976,28,11,12
14462,28978,32,11,11
14463,28980,33,11,11
14464,28982,31,12,11
14465,28984,65,10,12
14466,28986,46,14,8
14467,28988,32,11,10
14468,28990,7,10,9
14469,28992,5,11,10
14470,28994,34,14,9
14471,28996,27,13,11
14472,28998,35,11,11
14473,29000,23,11,9
14474,29002,35,11,10
14475,29004,68,10,12
14476,29006,47,10,10
14477,29008,46,11,12
14478,29010,4,11,11
14479,29012,5,11,12
14480,29014,29,11,11
14481,29016,30,11,11
14482,29018,34,10,10
14483,29020,31,11,11
14484,29022,31,11,10
14485,29024,69,11,11
14486,29026,49,11,12
14487,29028,42,11,11
14488,29030,3,10,12
14489,29032,9,10,10
14490,29034,31,11,11
14491,29036,27,11,10
14492,29038,36,11,11
14493,29040,47,11,11
14494,29042,37,11,11
14495,29044,73,11,12
14496,29046,52,11,11
14497,29048,47,12,11
14498,29050,22,10,10
14499,29052,16,11,12
14500,29054,42,11,11
14501,29056,36,11,11
14502,29058,45,11,11
14503,29060,39,10,11
14504,29062,51,9,11
14505,29064,61,11,10
14506,29066,62,11,10
14507,29068,40,7,9
14508,29070,23,11,10
14509,29072,19,15,15
14510,29074,49,11,11
14511,29076,37,11,12
14512,29078,40,11,11
14513,29080,46,12,10
14514,29082,44,11,12
14515,29084,74,10,11
14516,29086,55,10,10
14517,29088,42,11,11
14518,29090,16,10,10
14519,29092,21,11,12
14520,29094,41,11,12
14521,29096,39,10,11
14522,29098,43,11,11
14523,29100,32,11,10
14524,29102,51,11,12
14525,29104,75,10,11
14526,29106,61,10,11
14527,29108,42,11,11
14528,29110,22,11,9
14529,29112,24,11,11
14530,29114,43,10,10
14531,29116,40,11,11
14532,29118,47,11,11
14533,29120,38,10,11
14534,29122,45,11,12
14535,29124,73,11,11
14536,29126,66,10,11
14537,29128,45,11,13
14538,29130,25,11,11
14539,29132,17,10,8
14540,29134,43,11,10
14541,29136,41,11,11
14542,29138,45,10,11
14543,29140,46,10,11
14544,29142,48,11,11
14545,29144,79,12,12
14546,29146,60,11,12
14547,29148,50,11,10
14548,29150,21,11,10
14549,29152,20,11,11
14550,29154,37,11,11
14551,29156,41,11,11
14552,29158,43,11,13
14553,29160,42,10,12
14554,29162,45,10,11
14555,29164,67,11,11
14556,29166,60,11,11
14557,29168,42,10,10
14558,29170,34,12,11
14559,29172,22,11,11
14560,29174,47,11,11
14561,29176,43,11,12
14562,29178,51,11,12
14563,29180,49,11,11
14564,29182,47,11,11
14565,29184,77,10,11
14566,29186,56,11,12
14567,29188,48,10,11
14568,29190,26,11,11
14569,29192,24,11,11
14570,29194,46,11,12
14571,29196,43,11,12
14572,29198,41,11,11
14573,29200,40,11,11
14574,29202,43,11,11
14575,29204,74,11,11
14576,29206,60,11,10
14577,29208,46,11,11
14578,29210,26,10,12
14579,29212,23,11,12
14580,29214,46,10,9
14581,29216,41,10,11
14582,29218,43,10,10
14583,29220,41,11,13
14584,29222,45,10,11
14585,29224,77,11,11
14586,29226,62,10,11
14587,29228,43,11,11
14588,29230,23,11,12
14589,29232,13,11,12
14590,29234,41,10,13
14591,29236,40,10,11
14592,29238,41,10,11
14593,29240,38,11,11
14594,29242,34,11,13
14595,29244,66,10,10
14596,29246,54,11,11
14597,29248,54,12,11
14598,29250,14,10,12
14599,29252,17,11,11
14600,29254,39,11,11
14601,29256,51,11,12
14602,29258,47,11,10
14603,29260,42,11,9
14604,29262,40,11,11
14605,29264,68,11,11
14606,29266,57,10,13
14607,29268,42,11,11
14608,29270,24,10,10
14609,29272,27,11,12
14610,29274,40,10,8
14611,29276,41,11,9
14612,29278,42,11,11
14613,29280,37,11,10
14614,29282,45,11,10
14615,29284,74,12,12
14616,29286,76,11,11
14617,29288,45,10,11
14618,29290,32,12,11
14619,29292,29,10,12
14620,29294,48,10,10
14621,29296,39,11,12
14622,29298,45,11,11
14623,29300,37,10,11
14624,29302,48,11,11
14625,29304,75,11,12
14626,29306,62,10,11
14627,29308,52,12,11
14628,29310,26,11,12
14629,29312,27,10,11
14630,29314,52,11,12
14631,29316,43,10,11
14632,29318,46,11,11
14633,29320,41,11,11
14634,29322,46,10,10
14635,29324,77,11,12
14636,29326,63,11,11
14637,29328,47,10,10
14638,29330,27,11,12
14639,29332,25,11,10
14640,29334,47,10,10
14641,29336,45,11,12
14642,29338,34,10,11
14643,29340,41,11,12
14644,29342,38,10,12
14645,29344,70,11,12
14646,29346,55,11,11
14647,29348,43,11,11
14648,29350,16,11,10
14649,29352,30,10,11
14650,29354,42,10,12
14651,29356,39,10,10
14652,29358,42,11,11
14653,29360,34,11,12
14654,29362,44,10,13
14655,29364,70,11,12
14656,29366,59,9,11
14657,29368,44,11,11
14658,29370,26,11,13
14659,29372,28,11,11
14660,29374,43,11,11
14661,29376,48,11,12
14662,29378,44,12,12
14663,29380,34,11,12
14664,29382,43,11,11
14665,29384,74,10,10
14666,29386,62,11,10
14667,29388,38,12,12
14668,29390,26,11,11
14669,29392,26,11,11
14670,29394,49,11,11
14671,29396,48,11,13
14672,29398,48,11,11
14673,29400,44,10,11
14674,29402,45,11,10
14675,29404,71,11,10
14676,29406,56,11,11
14677,29408,53,10,11
14678,29410,20,10,11
14679,29412,32,10,9
14680,29414,47,11,11
14681,29416,44,11,11
14682,29418,50,12,11
14683,29420,49,11,12
14684,29422,47,11,12
14685,29424,78,10,9
14686,29426,63,10,10
14687,29428,54,11,10
14688,29430,29,11,12
14689,29432,31,10,12
14690,29434,51,11,12
14691,29436,44,11,11
14692,29438,45,11,10
14693,29440,51,10,10
14694,29442,45,11,12
14695,29444,71,11,10
14696,29446,62,11,11
14697,29448,54,11,11
14698,29450,23,11,10
14699,29452,27,11,11
14700,29454,53,10,11
14701,29456,44,13,11
14702,29458,49,10,11
14703,29460,48,10,10
14704,29462,41,11,10
14705,29464,68,11,10
14706,29466,63,11,11
14707,29468,44,11,11
14708,29470,29,11,11
14709,29472,29,11,12
14710,29474,42,3,0
14711,29476,40,3,3
14712,29478,40,2,4
14713,29480,42,3,2
14714,29482,38,4,3
14715,29484,66,3,3
14716,29486,55,3,2
14717,29488,42,4,3
14718,29490,24,2,3
14719,29492,22,3,3
14720,29494,37,3,3
14721,29496,39,2,1
14722,29498,40,2,3
14723,29500,35,4,1
14724,29502,41,2,2
14725,29504,68,3,4
14726,29506,57,4,3
14727,29508,39,3,6
14728,29510,18,2,1
14729,29512,29,3,3
14730,29514,33,2,2
14731,29516,39,3,2
14732,29518,42,3,3
14733,29520,25,2,0
14734,29522,42,3,2
14735,29524,67,4,6
14736,29526,55,3,3
14737,29528,41,3,7
14738,29530,20,4,3
14739,29532,23,3,4
14740,29534,44,3,2
14741,29536,44,3,5
14742,29538,42,4,5
14743,29540,33,3,2
14744,29542,36,3,6
14745,29544,71,4,3
14746,29546,55,3,4
14747,29548,38,3,4
14748,29550,16,3,3
14749,29552,18,3,3
14750,29554,42,3,0
14751,29556,39,2,7
14752,29558,44,2,2
14753,29560,31,1,0
14754,29562,40,3,4
14755,29564,70,3,3
14756,29566,51,3,2
14757,29568,41,2,3
14758,29570,14,3,3
14759,29572,23,3,3
14760,29574,34,2,3
14761,29576,40,3,4
14762,29578,41,3,4
14763,29580,39,3,2
14764,29582,35,3,3
14765,29584,66,2,1
14766,29586,55,3,2
14767,29588,39,3,3
14768,29590,24,2,2
14769,29592,25,3,3
14770,29594,38,2,2
14771,29596,38,2,3
14772,29598,37,3,3
14773,29600,35,3,3
14774,29602,26,3,4
14775,29604,66,3,4
14776,29606,47,3,2
14777,29608,43,3,3
14778,29610,11,1,2
14779,29612,21,3,3
14780,29614,41,3,1
14781,29616,33,2,3
14782,29618,39,3,1
14783,29620,43,2,5
14784,29622,37,3,1
14785,29624,75,3,1
14786,29626,52,6,3
14787,29628,46,2,2
14788,29630,21,3,4
14789,29632,16,2,1
14790,29634,35,3,1
14791,29636,34,2,3
14792,29638,36,2,3
14793,29640,40,3,2
14794,29642,33,2,4
14795,29644,73,2,4
14796,29646,58,7,2
14797,29648,42,2,0
14798,29650,22,1,3
14799,29652,23,2,3
14800,29654,38,3,3
14801,29656,42,2,3
14802,29658,35,1,1
14803,29660,49,1,2
14804,29662,41,2,3
14805,29664,70,3,4
14806,29666,63,3,3
14807,29668,44,3,4
14808,29670,15,3,2
14809,29672,22,0,1
14810,29674,39,2,4
14811,29676,37,3,3
14812,29678,37,2,3
14813,29680,31,3,2
14814,29682,37,3,5
14815,29684,65,1,2
14816,29686,55,3,3
14817,29688,34,3,2
14818,29690,18,3,3
14819,29692,26,2,2
14820,29694,43,3,2
14821,29696,32,3,2
14822,29698,37,4,3
14823,29700,40,3,4
14824,29702,34,3,2
14825,29704,63,4,4
14826,29706,58,8,3
14827,29708,44,3,6
14828,29710,19,3,3
14829,29712,20,3,2
14830,29714,37,3,2
14831,29716,33,3,3
14832,29718,37,3,5
14833,29720,39,3,1
14834,29722,36,4,2
14835,29724,63,2,2
14836,29726,56,2,3
14837,29728,45,4,6
14838,29730,22,2,3
14839,29732,28,3,5
14840,29734,42,2,3
14841,29736,39,3,3
14842,29738,37,3,3
14843,29740,50,4,4
14844,29742,36,2,2
14845,29744,67,3,5
14846,29746,63,3,1
14847,29748,41,3,5
14848,29750,21,3,1
14849,29752,21,3,4
14850,29754,42,1,3
14851,29756,39,5,7
14852,29758,36,3,3
14853,29760,37,3,0
14854,29762,34,2,2
14855,29764,67,4,4
14856,29766,51,3,3
14857,29768,38,3,3
14858,29770,23,3,2
14859,29772,26,5,3
14860,29774,52,2,2
14861,29776,38,3,3
14862,29778,43,2,3
14863,29780,42,4,1
14864,29782,37,5,3
14865,29784,65,2,2
14866,29786,54,3,2
14867,29788,31,3,3
14868,29790,10,3,3
14869,29792,24,3,4
14870,29794,37,2,3
14871,29796,31,3,4
14872,29798,38,2,3
14873,29800,39,4,2
14874,29802,35,2,2
14875,29804,63,3,2
14876,29806,58,3,6
14877,29808,35,3,2
14878,29810,17,3,3
14879,29812,24,3,2
14880,29814,34,3,3
14881,29816,35,7,2
14882,29818,42,8,4
14883,29820,36,8,3
14884,29822,33,8,2
14885,29824,61,8,4
14886,29826,55,7,4
14887,29828,40,10,3
14888,29830,15,9,3
14889,29832,20,9,2
14890,29834,40,9,3
14891,29836,38,9,3
14892,29838,37,10,3
14893,29840,38,9,3
14894,29842,36,10,3
14895,29844,65,10,3
14896,29846,60,9,2
14897,29848,37,11,6
14898,29850,12,11,0
14899,29852,11,11,3
14900,29854,30,11,2
14901,29856,28,11,5
14902,29858,26,11,3
14903,29860,35,12,4
14904,29862,42,12,4
14905,29864,61,11,3
14906,29866,52,12,4
14907,29868,45,12,3
14908,29870,12,12,3
14909,29872,16,13,4
14910,29874,29,13,3
14911,29876,30,16,2
14912,29878,27,20,2
14913,29880,23,20,0
14914,29882,28,19,3
14915,29884,46,24,3
14916,29886,37,27,4
14917,29888,25,27,3
14918,29890,0,30,4
14919,29892,3,31,4
14920,29894,23,31,4
14921,29896,23,32,3
14922,29898,11,38,2
14923,29900,27,40,4
14924,29902,21,41,3
14925,29904,57,43,3
14926,29906,39,44,3
14927,29908,19,45,3
14928,29910,0,48,2
14929,29912,0,50,2
14930,29914,23,51,2
14931,29916,24,52,3
14932,29918,25,55,3
14933,29920,85,54,1
14934,29922,89,56,3
14935,29924,131,57,3
14936,29926,118,59,2
14937,29928,106,60,4
14938,29930,86,63,2
14939,29932,91,65,4
14940,29934,108,67,2
14941,29936,117,69,4
14942,29938,116,71,4
14943,29940,108,71,2
14944,29942,108,72,4
14945,29944,139,73,2
14946,29946,140,74,5
14947,29948,129,73,3
14948,29950,102,74,3
14949,29952,130,75,3
14950,29954,146,76,4
14951,29956,143,76,3
14952,29958,131,77,4
14953,29960,133,77,2
14954,29962,121,78,2
14955,29964,166,78,3
14956,29966,149,80,3
14957,29968,126,78,4
14958,29970,119,78,2
14959,29972,90,78,3
14960,29974,70,78,1
14961,29976,79,78,2
14962,29978,56,79,3
14963,29980,67,77,4
14964,29982,57,76,2
14965,29984,97,77,4
14966,29986,71,76,4
14967,29988,45,78,4
14968,29990,23,77,3
14969,29992,28,76,2
14970,29994,62,74,4
14971,29996,62,74,4
14972,29998,53,76,4
14973,30000,80,76,4
14974,30002,72,76,3
14975,30004,106,77,4
14976,30006,56,77,4
14977,30008,62,76,3
14978,30010,76,76,3
14979,30012,56,77,2
14980,30014,53,77,4
14981,30016,65,78,4
14982,30018,68,79,4
14983,30020,80,81,3
14984,30022,64,80,3
14985,30024,76,81,4
14986,30026,128,82,2
14987,30028,134,83,3
14988,30030,98,85,3
14989,30032,128,86,4
14990,30034,141,87,4
14991,30036,164,88,3
14992,30038,160,94,3
14993,30040,165,98,2
14994,30042,164,99,2
14995,30044,170,103,4
14996,30046,176,106,4
14997,30048,172,109,3
14998,30050,145,111,2
14999,30052,149,112,3
15000,30054,164,112,4
15001,30056,217,115,4
15002,30058,220,114,4
15003,30060,223,112,5
15004,30062,231,111,5
15005,30064,246,112,4
15006,30066,231,110,3
15007,30068,236,109,4
15008,30070,217,108,4
15009,30072,217,106,2
15010,30074,225,105,3
15011,30076,243,104,3
15012,30078,247,104,4
15013,30080,252,103,7
15014,30082,241,100,2
15015,30084,265,99,5
15016,30086,247,97,4
15017,30088,240,97,2
15018,30090,223,96,3
15019,30092,234,95,3
15020,30094,248,93,4
15021,30096,246,95,2
15022,30098,275,94,5
15023,30100,244,94,3
15024,30102,243,96,5
15025,30104,268,98,4
15026,30106,247,100,5
15027,30108,235,101,3
15028,30110,219,104,1
15029,30112,215,109,4
15030,30114,226,109,2
15031,30116,243,114,2
15032,30118,222,121,3
15033,30120,210,123,5
15034,30122,189,126,4
15035,30124,220,130,3
15036,30126,160,128,4
15037,30128,159,129,3
15038,30130,148,130,3
15039,30132,162,128,3
15040,30134,167,128,5
15041,30136,167,127,3
15042,30138,139,127,4
15043,30140,135,127,4
15044,30142,90,129,4
15045,30144,139,128,5
15046,30146,112,124,6
15047,30148,104,124,5
15048,30150,103,123,4
15049,30152,110,123,2
15050,30154,123,123,2
15051,30156,127,124,3
15052,30158,131,127,3
15053,30160,129,130,4
15054,30162,133,131,3
15055,30164,164,137,5
15056,30166,142,140,3
15057,30168,135,144,4
15058,30170,138,146,4
15059,30172,137,148,3
15060,30174,92,149,4
15061,30176,107,154,4
15062,30178,80,159,4
15063,30180,82,162,3
15064,30182,101,166,5
15065,30184,145,167,6
15066,30186,115,169,1
15067,30188,116,171,3
15068,30190,93,172,5
15069,30192,107,172,4
15070,30194,116,172,5
15071,30196,138,174,3
15072,30198,131,177,3
15073,30200,115,184,5
15074,30202,115,187,2
15075,30204,142,189,4
15076,30206,123,190,5
15077,30208,208,190,4
15078,30210,234,192,6
15079,30212,240,196,5
15080,30214,250,198,6
15081,30216,265,199,4
15082,30218,281,199,4
15083,30220,263,199,4
15084,30222,287,200,2
15085,30224,293,199,4
15086,30226,262,199,7
15087,30228,256,193,4
15088,30230,241,194,4
15089,30232,255,191,4
15090,30234,240,190,3
15091,30236,251,190,3
15092,30238,278,190,4
15093,30240,282,190,3
15094,30242,275,190,4
15095,30244,291,191,4
15096,30246,273,193,4
15097,30248,266,196,3
15098,30250,251,201,5
15099,30252,249,203,7
15100,30254,263,205,7
15101,30256,248,206,17
15102,30258,255,206,17
15103,30260,254,207,22
15104,30262,258,208,23
15105,30264,277,208,23
15106,30266,248,210,25
15107,30268,229,205,21
15108,30270,203,206,22
15109,30272,204,204,23
15110,30274,218,200,23
15111,30276,225,198,24
15112,30278,154,191,27
15113,30280,132,187,26
15114,30282,126,180,26
15115,30284,173,178,26
15116,30286,139,178,23
15117,30288,141,176,23
15118,30290,125,173,21
15119,30292,130,170,24
15120,30294,143,169,21
15121,30296,153,168,3
15122,30298,157,167,3
15123,30300,156,170,2
15124,30302,155,166,3
15125,30304,172,166,4
15126,30306,155,166,3
15127,30308,151,167,4
15128,30310,132,176,3
15129,30312,140,179,3
15130,30314,153,182,4
15131,30316,146,188,3
15132,30318,168,191,3
15133,30320,174,194,3
15134,30322,155,197,4
15135,30324,188,201,3
15136,30326,177,204,4
15137,30328,171,208,37
15138,30330,142,215,62
15139,30332,170,218,79
15140,30334,238,222,84
15141,30336,243,223,101
15142,30338,268,228,119
15143,30340,272,230,143
15144,30342,270,233,160
15145,30344,298,234,166
15146,30346,271,234,168
15147,30348,268,235,169
15148,30350,241,236,172
15149,30352,232,232,173
15150,30354,243,233,173
15151,30356,243,230,179
15152,30358,237,229,177
15153,30360,250,226,177
15154,30362,267,220,174
15155,30364,286,217,176
15156,30366,256,218,174
15157,30368,263,214,171
15158,30370,240,211,169
15159,30372,243,207,167
15160,30374,254,205,160
15161,30376,251,202,146
15162,30378,253,205,156
15163,30380,259,201,153
15164,30382,257,203,147
15165,30384,273,203,165
15166,30386,259,203,161
15167,30388,256,204,166
15168,30390,231,207,168
15169,30392,235,206,169
15170,30394,257,208,173
15171,30396,247,209,174
15172,30398,255,212,167
15173,30400,245,210,168
15174,30402,253,212,167
15175,30404,258,213,170
15176,30406,233,212,164
15177,30408,235,212,160
15178,30410,203,213,158
15179,30412,191,209,156
15180,30414,159,209,157
15181,30416,195,205,158
15182,30418,217,201,162
15183,30420,176,198,159
15184,30422,174,200,156
15185,30424,185,191,150
15186,30426,161,189,151
15187,30428,155,183,144
15188,30430,139,178,141
15189,30432,142,169,127
15190,30434,154,169,108
15191,30436,165,167,115
15192,30438,159,166,108
15193,30440,155,165,112
15194,30442,168,165,103
15195,30444,179,165,109
15196,30446,164,166,111
15197,30448,164,167,103
15198,30450,139,168,99
15199,30452,145,171,99
15200,30454,158,178,104
15201,30456,168,182,104
15202,30458,191,186,101
15203,30460,189,194,99
15204,30462,195,197,100
15205,30464,205,200,110
15206,30466,191,206,119
15207,30468,200,209,121
15208,30470,169,214,122
15209,30472,241,222,138
15210,30474,274,225,136
15211,30476,266,228,144
15212,30478,264,230,145
15213,30480,278,234,150
15214,30482,295,240,155
15215,30484,244,242,166
15216,30486,231,244,177
15217,30488,277,246,179
15218,30490,255,247,179
15219,30492,265,248,182
15220,30494,275,250,185
15221,30496,277,249,185
15222,30498,277,249,183
15223,30500,285,248,182
15224,30502,314,248,177
15225,30504,321,247,182
15226,30506,298,247,181
15227,30508,299,245,181
15228,30510,254,241,179
15229,30512,270,238,182
15230,30514,272,235,183
15231,30516,270,234,181
15232,30518,274,234,185
15233,30520,270,234,186
15234,30522,297,233,182
15235,30524,300,234,183
15236,30526,272,234,182
15237,30528,276,236,185
15238,30530,266,236,182
15239,30532,273,236,180
15240,30534,290,237,184
15241,30536,293,237,185
15242,30538,280,238,180
15243,30540,288,237,180
15244,30542,304,236,180
15245,30544,300,235,175
15246,30546,283,236,174
15247,30548,269,233,174
15248,30550,260,231,170
15249,30552,247,230,162
15250,30554,249,224,159
15251,30556,237,219,154
15252,30558,235,213,143
15253,30560,169,206,104
15254,30562,184,193,101
15255,30564,189,187,98
15256,30566,171,184,86
15257,30568,168,181,65
15258,30570,134,176,55
15259,30572,155,171,55
15260,30574,163,164,52
15261,30576,141,159,47
15262,30578,138,155,32
15263,30580,140,146,9
15264,30582,169,144,28
15265,30584,150,141,8
15266,30586,135,140,5
15267,30588,127,139,3
15268,30590,113,138,2
15269,30592,126,140,3
15270,30594,135,140,3
15271,30596,134,143,2
15272,30598,130,146,3
15273,30600,131,150,4
15274,30602,152,155,4
15275,30604,128,161,4
15276,30606,104,166,5
15277,30608,70,174,47
15278,30610,81,179,3
15279,30612,122,184,9
15280,30614,130,194,12
15281,30616,142,201,15
15282,30618,218,208,39
15283,30620,231,219,57
15284,30622,260,225,84
15285,30624,261,229,90
15286,30626,164,235,105
15287,30628,145,237,143
15288,30630,139,243,157
15289,30632,228,248,175
15290,30634,261,249,185
15291,30636,272,253,188
15292,30638,288,254,196
15293,30640,283,254,195
15294,30642,317,256,198
15295,30644,307,256,198
15296,30646,270,254,191
15297,30648,293,252,193
15298,30650,279,250,193
15299,30652,287,249,192
15300,30654,319,243,194
15301,30656,311,239,187
15302,30658,322,238,184
15303,30660,316,237,188
15304,30662,331,236,188
15305,30664,329,238,185
15306,30666,293,237,185
15307,30668,302,237,182
15308,30670,282,236,183
15309,30672,291,236,181
15310,30674,308,237,184
15311,30676,307,237,190
15312,30678,305,236,187
15313,30680,311,235,183
15314,30682,319,233,183
15315,30684,308,233,181
15316,30686,280,227,183
15317,30688,259,224,179
15318,30690,227,219,177
15319,30692,189,215,173
15320,30694,160,207,154
15321,30696,129,195,145
15322,30698,160,187,141
15323,30700,150,184,129
15324,30702,197,181,116
15325,30704,192,175,95
15326,30706,170,169,85
15327,30708,156,163,82
15328,30710,128,159,71
15329,30712,140,153,70
15330,30714,127,147,61
15331,30716,108,145,60
15332,30718,124,143,60
15333,30720,120,143,56
15334,30722,144,142,51
15335,30724,135,142,36
15336,30726,120,144,33
15337,30728,57,148,23
15338,30730,111,149,21
15339,30732,112,150,23
15340,30734,35,153,23
15341,30736,168,156,26
15342,30738,207,161,27
15343,30740,214,167,35
15344,30742,241,171,36
15345,30744,237,178,34
15346,30746,231,181,45
15347,30748,235,186,46
15348,30750,224,194,52
15349,30752,241,198,61
15350,30754,254,203,65
15351,30756,262,212,87
15352,30758,293,218,91
15353,30760,284,223,105
15354,30762,216,226,133
15355,30764,229,232,157
15356,30766,253,236,163
15357,30768,280,239,179
15358,30770,202,239,183
15359,30772,183,241,188
15360,30774,233,242,188
15361,30776,263,242,195
15362,30778,287,244,190
15363,30780,271,244,192
15364,30782,293,244,192
15365,30784,298,242,187
15366,30786,317,240,187
15367,30788,310,241,184
15368,30790,301,240,185
15369,30792,311,238,179
15370,30794,327,239,174
15371,30796,310,239,179
15372,30798,307,239,177
15373,30800,303,239,179
15374,30802,324,240,183
15375,30804,317,238,182
15376,30806,297,238,173
15377,30808,290,237,177
15378,30810,266,238,167
15379,30812,303,238,167
15380,30814,316,237,165
15381,30816,328,236,163
15382,30818,317,235,162
15383,30820,318,234,163
15384,30822,335,233,159
15385,30824,334,228,160
15386,30826,286,227,150
15387,30828,273,222,142
15388,30830,228,221,131
15389,30832,242,218,110
15390,30834,254,211,100
15391,30836,243,205,91
15392,30838,254,202,79
15393,30840,187,200,67
15394,30842,216,198,69
15395,30844,250,189,68
15396,30846,227,187,65
15397,30848,207,187,63
15398,30850,181,185,58
15399,30852,93,185,58
15400,30854,122,183,61
15401,30856,126,184,47
15402,30858,110,184,49
15403,30860,128,184,47
15404,30862,140,185,49
15405,30864,148,192,46
15406,30866,137,198,48
15407,30868,126,199,52
15408,30870,108,200,50
15409,30872,214,202,51
15410,30874,221,207,58
15411,30876,223,209,54
15412,30878,229,211,57
15413,30880,227,214,60
15414,30882,253,220,61
15415,30884,247,225,70
15416,30886,247,230,72
15417,30888,258,231,88
15418,30890,229,234,86
15419,30892,252,236,87
15420,30894,303,237,95
15421,30896,332,239,97
15422,30898,331,242,110
15423,30900,291,241,119
15424,30902,305,242,126
15425,30904,300,242,135
15426,30906,296,242,129
15427,30908,300,241,118
15428,30910,303,240,116
15429,30912,293,237,123
15430,30914,315,235,117
15431,30916,314,233,117
15432,30918,313,232,115
15433,30920,309,229,112
15434,30922,342,230,109
15435,30924,337,228,108
15436,30926,316,228,109
15437,30928,304,228,108
15438,30930,272,227,106
15439,30932,293,227,103
15440,30934,308,227,102
15441,30936,306,227,103
15442,30938,312,228,94
15443,30940,302,228,94
15444,30942,333,228,93
15445,30944,322,229,93
15446,30946,316,228,92
15447,30948,302,232,94
15448,30950,292,227,92
15449,30952,281,228,93
15450,30954,278,229,92
15451,30956,280,227,87
15452,30958,279,227,83
15453,30960,262,226,75
15454,30962,303,226,73
15455,30964,270,223,65
15456,30966,269,221,46
15457,30968,276,220,43
15458,30970,222,215,37
15459,30972,237,214,16
15460,30974,245,207,15
15461,30976,239,204,8
15462,30978,252,198,4
15463,30980,241,191,3
15464,30982,257,185,6
15465,30984,254,183,4
15466,30986,254,181,7
15467,30988,239,180,3
15468,30990,212,180,3
15469,30992,228,178,3
15470,30994,228,179,2
15471,30996,228,175,4
15472,30998,204,172,3
15473,31000,189,172,5
15474,31002,212,168,3
15475,31004,197,168,6
15476,31006,189,164,4
15477,31008,159,164,3
15478,31010,155,161,5
15479,31012,157,158,3
15480,31014,168,155,5
15481,31016,159,153,5
15482,31018,167,149,5
15483,31020,160,146,4
15484,31022,197,141,3
15485,31024,177,137,2
15486,31026,156,129,5
15487,31028,127,127,3
15488,31030,117,120,3
15489,31032,131,112,3
15490,31034,150,110,3
15491,31036,143,108,3
15492,31038,151,105,3
15493,31040,163,103,2
15494,31042,194,102,4
15495,31044,186,100,3
15496,31046,170,90,3
15497,31048,154,90,3
15498,31050,135,90,3
15499,31052,149,92,3
15500,31054,168,87,2
15501,31056,175,89,4
15502,31058,185,89,4
15503,31060,175,88,4
15504,31062,199,87,4
15505,31064,184,88,4
15506,31066,182,87,3
15507,31068,167,87,2
15508,31070,141,85,4
15509,31072,149,87,4
15510,31074,170,86,3
15511,31076,165,88,2
15512,31078,170,86,3
15513,31080,161,87,4
15514,31082,195,87,3
15515,31084,190,87,3
15516,31086,172,87,4
15517,31088,153,86,4
15518,31090,134,83,5
15519,31092,148,86,4
15520,31094,159,87,4
15521,31096,160,87,4
15522,31098,167,88,4
15523,31100,161,88,3
15524,31102,189,87,3
15525,31104,181,88,4
15526,31106,170,88,4
15527,31108,155,89,3
15528,31110,130,87,3
15529,31112,143,87,3
15530,31114,146,87,3
15531,31116,156,86,4
15532,31118,171,86,4
15533,31120,165,87,4
15534,31122,192,86,3
15535,31124,187,86,2
15536,31126,174,85,3
15537,31128,164,85,3
15538,31130,140,86,3
15539,31132,150,86,2
15540,31134,160,85,3
15541,31136,158,85,3
15542,31138,152,85,4
15543,31140,171,84,6
15544,31142,198,85,4
15545,31144,186,86,3
15546,31146,180,86,4
15547,31148,161,87,3
15548,31150,145,87,4
15549,31152,152,87,3
15550,31154,156,88,4
15551,31156,165,88,2
15552,31158,160,87,3
15553,31160,178,91,3
15554,31162,224,90,3
15555,31164,225,90,4
15556,31166,222,86,3
15557,31168,203,87,4
15558,31170,194,80,3
15559,31172,198,79,3
15560,31174,213,79,3
15561,31176,182,79,3
15562,31178,188,80,3
15563,31180,195,77,4
15564,31182,216,76,6
15565,31184,215,74,3
15566,31186,190,72,4
15567,31188,184,70,3
15568,31190,172,65,4
15569,31192,171,63,3
15570,31194,197,62,3
15571,31196,187,62,2
15572,31198,196,61,3
15573,31200,155,60,1
15574,31202,172,61,5
15575,31204,160,60,3
15576,31206,151,58,2
15577,31208,160,58,2
15578,31210,150,57,2
15579,31212,154,57,3
15580,31214,166,58,4
15581,31216,173,55,4
15582,31218,170,56,3
15583,31220,178,56,3
15584,31222,189,56,1
15585,31224,173,56,3
15586,31226,171,55,4
15587,31228,156,54,3
15588,31230,147,55,4
15589,31232,150,48,2
15590,31234,167,49,2
15591,31236,157,48,3
15592,31238,179,48,4
15593,31240,168,46,1
15594,31242,184,46,2
15595,31244,182,45,2
15596,31246,173,45,4
15597,31248,154,46,3
15598,31250,145,46,3
15599,31252,157,45,4
15600,31254,164,45,4
15601,31256,164,46,3
15602,31258,143,47,3
15603,31260,109,45,1
15604,31262,138,45,3
15605,31264,121,45,3
15606,31266,103,45,3
15607,31268,94,52,3
15608,31270,88,51,1
15609,31272,90,51,3
15610,31274,111,50,5
15611,31276,102,50,3
15612,31278,99,51,4
15613,31280,106,48,3
15614,31282,123,50,2
15615,31284,128,49,4
15616,31286,102,49,4
15617,31288,94,48,2
15618,31290,87,49,2
15619,31292,95,50,4
15620,31294,108,49,2
15621,31296,106,48,5
15622,31298,104,51,2
15623,31300,103,50,2
15624,31302,120,51,3
15625,31304,116,52,3
15626,31306,93,56,3
15627,31308,84,56,2
15628,31310,77,58,2
15629,31312,87,60,1
15630,31314,98,61,5
15631,31316,90,63,4
15632,31318,108,66,4
15633,31320,107,68,2
15634,31322,123,69,4
15635,31324,116,75,4
15636,31326,98,78,4
15637,31328,78,81,3
15638,31330,70,89,1
15639,31332,94,94,2
15640,31334,121,100,4
15641,31336,122,107,4
15642,31338,131,114,3
15643,31340,145,118,3
15644,31342,174,122,4
15645,31344,172,127,3
15646,31346,146,129,4
15647,31348,152,131,5
15648,31350,174,136,12
15649,31352,187,136,16
15650,31354,221,146,28
15651,31356,222,154,36
15652,31358,231,158,46
15653,31360,223,171,48
15654,31362,269,177,47
15655,31364,265,187,51
15656,31366,247,193,52
15657,31368,226,198,53
15658,31370,222,200,57
15659,31372,237,203,58
15660,31374,242,205,57
15661,31376,267,206,60
15662,31378,249,208,64
15663,31380,249,209,78
15664,31382,275,209,78
15665,31384,275,210,77
15666,31386,258,209,83
15667,31388,237,209,83
15668,31390,223,209,79
15669,31392,248,210,82
15670,31394,253,209,82
15671,31396,234,207,80
15672,31398,233,207,80
15673,31400,235,207,82
15674,31402,261,206,82
15675,31404,255,207,78
15676,31406,235,207,80
15677,31408,218,208,81
15678,31410,215,208,83
15679,31412,229,209,83
15680,31414,231,211,80
15681,31416,245,212,81
15682,31418,217,212,80
15683,31420,217,213,80
15684,31422,241,212,78
15685,31424,235,213,80
15686,31426,222,210,83
15687,31428,195,209,78
15688,31430,187,209,75
15689,31432,202,208,74
15690,31434,212,204,65
15691,31436,218,203,60
15692,31438,190,201,53
15693,31440,145,195,54
15694,31442,179,192,48
15695,31444,186,181,42
15696,31446,162,180,41
15697,31448,141,179,39
15698,31450,138,177,34
15699,31452,152,175,25
15700,31454,149,172,13
15701,31456,129,170,9
15702,31458,123,168,4
15703,31460,124,165,4
15704,31462,151,160,4
15705,31464,148,154,4
15706,31466,126,149,4
15707,31468,114,142,1
15708,31470,112,136,4
15709,31472,121,131,1
15710,31474,128,125,4
15711,31476,126,122,2
15712,31478,121,121,4
15713,31480,117,119,4
15714,31482,145,118,4
15715,31484,142,118,3
15716,31486,134,119,3
15717,31488,112,124,2
15718,31490,89,126,2
15719,31492,35,132,5
15720,31494,45,134,3
15721,31496,52,140,4
15722,31498,84,146,2
15723,31500,83,150,3
15724,31502,117,159,4
15725,31504,95,165,4
15726,31506,105,169,4
15727,31508,85,179,3
15728,31510,56,187,3
15729,31512,197,195,5
15730,31514,197,202,3
15731,31516,207,212,3
15732,31518,210,216,4
15733,31520,250,219,5
15734,31522,213,219,4
15735,31524,225,220,14
15736,31526,209,220,4
15737,31528,249,222,6
15738,31530,247,224,30
15739,31532,269,224,37
15740,31534,267,224,58
15741,31536,276,224,68
15742,31538,273,222,69
15743,31540,240,216,68
15744,31542,272,211,66
15745,31544,269,202,60
15746,31546,252,199,59
15747,31548,227,188,53
15748,31550,226,183,41
15749,31552,242,180,28
15750,31554,242,174,30
15751,31556,242,174,30
15752,31558,252,174,29
15753,31560,247,175,30
15754,31562,263,174,33
15755,31564,266,175,36
15756,31566,259,178,33
15757,31568,232,179,32
15758,31570,238,184,30
15759,31572,246,194,33
15760,31574,242,197,39
15761,31576,243,202,38
15762,31578,251,208,63
15763,31580,240,210,63
15764,31582,272,215,51
15765,31584,278,216,54
15766,31586,249,216,60
15767,31588,230,216,58
15768,31590,233,216,56
15769,31592,261,213,57
15770,31594,253,209,52
15771,31596,238,206,49
15772,31598,230,202,42
15773,31600,203,188,31
15774,31602,224,186,25
15775,31604,204,185,20
15776,31606,168,183,19
15777,31608,142,181,11
15778,31610,138,179,9
15779,31612,158,178,8
15780,31614,151,178,7
15781,31616,153,174,4
15782,31618,158,173,4
15783,31620,156,173,5
15784,31622,192,172,3
15785,31624,182,171,4
15786,31626,160,172,3
15787,31628,134,172,4
15788,31630,142,172,1
15789,31632,160,172,3
15790,31634,178,173,4
15791,31636,173,174,4
15792,31638,184,174,4
15793,31640,174,177,3
15794,31642,199,179,4
15795,31644,195,180,4
15796,31646,180,183,4
15797,31648,159,190,5
15798,31650,157,197,7
15799,31652,180,204,11
15800,31654,248,210,20
15801,31656,251,215,21
15802,31658,309,219,32
15803,31660,308,222,36
15804,31662,333,227,50
15805,31664,292,228,56
15806,31666,260,229,58
15807,31668,238,231,61
15808,31670,237,232,64
15809,31672,261,234,70
15810,31674,259,234,66
15811,31676,270,235,82
15812,31678,243,235,88
15813,31680,271,235,92
15814,31682,289,235,97
15815,31684,292,235,96
15816,31686,284,235,95
15817,31688,257,234,92
15818,31690,257,232,91
15819,31692,277,232,91
15820,31694,274,232,89
15821,31696,272,231,88
15822,31698,275,231,86
15823,31700,277,232,86
15824,31702,307,230,87
15825,31704,304,231,85
15826,31706,284,230,84
15827,31708,262,230,80
15828,31710,261,232,82
15829,31712,272,232,84
15830,31714,273,233,80
15831,31716,268,232,88
15832,31718,273,236,90
15833,31720,276,233,90
15834,31722,294,234,95
15835,31724,288,232,92
15836,31726,268,230,79
15837,31728,243,229,74
15838,31730,231,229,65
15839,31732,248,224,63
15840,31734,248,222,63
15841,31736,227,220,62
15842,31738,237,217,58
15843,31740,248,216,49
15844,31742,275,210,47
15845,31744,261,201,40
15846,31746,186,195,30
15847,31748,154,194,15
15848,31750,141,192,9
15849,31752,163,190,9
15850,31754,162,189,2
15851,31756,184,187,4
15852,31758,159,185,4
15853,31760,160,184,1
15854,31762,181,181,4
15855,31764,178,178,2
15856,31766,160,175,4
15857,31768,138,173,2
15858,31770,140,172,3
15859,31772,151,171,2
15860,31774,154,171,3
15861,31776,168,170,2
15862,31778,169,172,3
15863,31780,164,173,4
15864,31782,197,176,4
15865,31784,180,178,3
15866,31786,144,182,4
15867,31788,137,186,4
15868,31790,131,184,4
15869,31792,161,187,3
15870,31794,167,194,4
15871,31796,164,191,5
15872,31798,243,193,4
15873,31800,258,195,3
15874,31802,272,202,4
15875,31804,273,209,4
15876,31806,292,217,4
15877,31808,203,221,3
15878,31810,234,221,15
15879,31812,271,222,18
15880,31814,265,226,30
15881,31816,266,229,31
15882,31818,265,231,34
15883,31820,276,233,33
15884,31822,301,236,32
15885,31824,301,238,31
15886,31826,272,239,31
15887,31828,255,240,31
15888,31830,247,240,29
15889,31832,273,240,27
15890,31834,274,240,24
15891,31836,271,240,28
15892,31838,283,238,29
15893,31840,293,238,24
15894,31842,317,237,28
15895,31844,308,236,22
15896,31846,298,236,20
15897,31848,271,234,22
15898,31850,269,234,21
15899,31852,288,232,11
15900,31854,291,232,15
15901,31856,289,233,17
15902,31858,280,232,18
15903,31860,279,231,15
15904,31862,312,231,17
15905,31864,282,231,16
15906,31866,267,230,20
15907,31868,245,230,17
15908,31870,226,230,20
15909,31872,247,225,15
15910,31874,267,225,16
15911,31876,251,223,10
15912,31878,254,221,9
15913,31880,228,220,10
15914,31882,246,218,5
15915,31884,235,209,4
15916,31886,229,201,6
15917,31888,205,197,4
15918,31890,200,196,3
15919,31892,163,195,3
15920,31894,156,194,4
15921,31896,161,193,3
15922,31898,150,191,4
15923,31900,152,191,4
15924,31902,168,189,4
15925,31904,160,187,3
15926,31906,152,181,4
15927,31908,129,180,3
15928,31910,120,176,4
15929,31912,153,173,3
15930,31914,144,172,3
15931,31916,154,170,4
15932,31918,146,169,4
15933,31920,137,167,3
15934,31922,173,168,3
15935,31924,147,169,4
15936,31926,128,169,5
15937,31928,134,171,3
15938,31930,125,172,4
15939,31932,148,176,4
15940,31934,146,179,3
15941,31936,149,182,3
15942,31938,151,184,3
15943,31940,152,189,4
15944,31942,200,191,5
15945,31944,177,199,4
15946,31946,169,204,3
15947,31948,135,207,2
15948,31950,208,216,5
15949,31952,237,222,3
15950,31954,240,226,4
15951,31956,251,229,5
15952,31958,237,232,4
15953,31960,250,235,3
15954,31962,292,237,5
15955,31964,288,240,3
15956,31966,262,242,5
15957,31968,262,242,3
15958,31970,237,244,5
15959,31972,261,248,5
15960,31974,260,249,3
15961,31976,279,249,7
15962,31978,258,249,3
15963,31980,266,250,6
15964,31982,306,245,31
15965,31984,291,245,34
15966,31986,274,243,34
15967,31988,252,243,43
15968,31990,246,242,40
15969,31992,274,241,37
15970,31994,274,239,36
15971,31996,284,239,35
15972,31998,278,240,35
15973,32000,276,239,38
15974,32002,305,238,45
15975,32004,285,238,45
15976,32006,272,237,42
15977,32008,249,237,47
15978,32010,252,236,41
15979,32012,268,236,33
15980,32014,269,236,32
15981,32016,271,235,16
15982,32018,266,233,8
15983,32020,259,231,8
15984,32022,295,231,9
15985,32024,265,230,7
15986,32026,273,227,5
15987,32028,228,227,3
15988,32030,232,224,5
15989,32032,257,220,5
15990,32034,246,216,5
15991,32036,239,213,4
15992,32038,236,209,5
15993,32040,216,200,5
15994,32042,215,195,4
15995,32044,192,190,3
15996,32046,177,190,2
15997,32048,153,188,3
15998,32050,139,186,3
15999,32052,172,184,4
16000,32054,154,184,3
16001,32056,168,180,4
16002,32058,132,175,3
16003,32060,176,171,6
16004,32062,160,168,5
16005,32064,131,165,5
16006,32066,76,161,2
16007,32068,56,160,4
16008,32070,51,160,3
16009,32072,78,159,4
16010,32074,102,159,5
16011,32076,89,159,3
16012,32078,66,161,3
16013,32080,91,161,4
16014,32082,131,163,3
16015,32084,113,163,4
16016,32086,93,167,2
16017,32088,82,169,3
16018,32090,68,173,3
16019,32092,116,178,6
16020,32094,112,182,4
16021,32096,144,183,5
16022,32098,150,185,4
16023,32100,153,187,5
16024,32102,196,189,4
16025,32104,175,190,2
16026,32106,168,193,3
16027,32108,149,193,4
16028,32110,160,196,3
16029,32112,191,198,4
16030,32114,158,201,4
16031,32116,183,204,4
16032,32118,189,206,5
16033,32120,181,209,3
16034,32122,209,216,5
16035,32124,239,220,4
16036,32126,175,225,4
16037,32128,176,224,4
16038,32130,205,225,3
16039,32132,239,227,4
16040,32134,197,228,3
16041,32136,206,229,4
16042,32138,222,229,4
16043,32140,219,230,7
16044,32142,258,230,4
16045,32144,270,230,4
16046,32146,253,230,4
16047,32148,245,230,2
16048,32150,239,229,4
16049,32152,263,229,5
16050,32154,259,228,4
16051,32156,260,230,5
16052,32158,253,227,5
16053,32160,250,227,6
16054,32162,280,228,5
16055,32164,276,226,5
16056,32166,265,225,5
16057,32168,236,225,4
16058,32170,232,225,4
16059,32172,241,225,4
16060,32174,244,224,4
16061,32176,255,223,5
16062,32178,247,224,6
16063,32180,237,222,8
16064,32182,274,221,5
16065,32184,258,218,5
16066,32186,249,215,4
16067,32188,227,212,3
16068,32190,215,210,3
16069,32192,236,201,7
16070,32194,234,199,5
16071,32196,238,193,7
16072,32198,218,192,6
16073,32200,224,189,4
16074,32202,238,188,4
16075,32204,216,186,8
16076,32206,176,185,5
16077,32208,147,184,4
16078,32210,120,181,2
16079,32212,142,181,3
16080,32214,135,177,5
16081,32216,139,177,4
16082,32218,135,174,4
16083,32220,142,174,5
16084,32222,146,174,4
16085,32224,145,170,4
16086,32226,139,169,4
16087,32228,106,169,3
16088,32230,113,169,3
16089,32232,136,171,4
16090,32234,138,173,3
16091,32236,160,174,6
16092,32238,141,176,4
16093,32240,145,176,3
16094,32242,158,179,2
16095,32244,147,182,4
16096,32246,122,182,3
16097,32248,77,182,4
16098,32250,85,184,3
16099,32252,119,189,3
16100,32254,125,196,4
16101,32256,129,204,3
16102,32258,142,211,4
16103,32260,180,214,2
16104,32262,247,219,7
16105,32264,238,222,10
16106,32266,253,224,26
16107,32268,231,225,39
16108,32270,246,227,51
16109,32272,264,226,50
16110,32274,265,228,57
16111,32276,270,228,68
16112,32278,262,228,78
16113,32280,276,228,82
16114,32282,303,229,87
16115,32284,294,227,86
16116,32286,281,226,88
16117,32288,249,224,93
16118,32290,256,222,100
16119,32292,273,220,102
16120,32294,270,214,99
16121,32296,276,213,108
16122,32298,257,212,106
16123,32300,259,209,104
16124,32302,280,210,105
16125,32304,270,209,104
16126,32306,259,209,107
16127,32308,242,209,103
16128,32310,235,208,103
16129,32312,252,209,102
16130,32314,226,209,104
16131,32316,278,210,104
16132,32318,253,212,100
16133,32320,248,215,102
16134,32322,271,216,100
16135,32324,267,217,107
16136,32326,260,218,102
16137,32328,235,218,91
16138,32330,237,216,97
16139,32332,250,215,92
16140,32334,240,215,95
16141,32336,240,213,88
16142,32338,240,209,78
16143,32340,243,207,77
16144,32342,269,203,59
16145,32344,234,197,67
16146,32346,217,190,52
16147,32348,197,185,50
16148,32350,132,184,43
16149,32352,158,182,37
16150,32354,142,179,37
16151,32356,138,180,19
16152,32358,142,179,17
16153,32360,150,178,11
16154,32362,178,175,12
16155,32364,169,174,13
16156,32366,155,175,11
16157,32368,127,174,8
16158,32370,135,175,9
16159,32372,155,177,12
16160,32374,152,177,10
16161,32376,156,175,10
16162,32378,152,176,12
16163,32380,170,179,15
16164,32382,197,180,19
16165,32384,186,181,19
16166,32386,171,187,25
16167,32388,144,190,38
16168,32390,158,196,44
16169,32392,183,200,52
16170,32394,190,203,53
16171,32396,220,206,58
16172,32398,248,211,67
16173,32400,243,216,68
16174,32402,267,225,89
16175,32404,256,222,98
16176,32406,261,224,103
16177,32408,242,225,109
16178,32410,249,225,124
16179,32412,263,228,133
16180,32414,276,228,135
16181,32416,263,231,147
16182,32418,268,229,156
16183,32420,257,229,158
16184,32422,287,231,164
16185,32424,252,230,162
16186,32426,242,229,163
16187,32428,222,227,164
16188,32430,220,225,158
16189,32432,265,224,161
16190,32434,252,223,158
16191,32436,256,220,154
16192,32438,247,217,152
16193,32440,260,216,147
16194,32442,275,217,146
16195,32444,269,216,140
16196,32446,257,214,134
16197,32448,239,216,136
16198,32450,228,217,130
16199,32452,257,217,130
16200,32454,253,217,130
16201,32456,254,218,137
16202,32458,251,219,141
16203,32460,254,219,141
16204,32462,279,219,143
16205,32464,259,221,145
16206,32466,241,223,143
16207,32468,206,222,133
16208,32470,219,223,130
16209,32472,237,223,126
16210,32474,232,223,132
16211,32476,232,222,133
16212,32478,238,222,132
16213,32480,250,221,127
16214,32482,270,219,122
16215,32484,239,218,120
16216,32486,218,214,122
16217,32488,198,212,115
16218,32490,200,207,111
16219,32492,219,203,106
16220,32494,223,195,104
16221,32496,185,187,90
16222,32498,155,186,81
16223,32500,159,184,75
16224,32502,178,185,62
16225,32504,169,182,57
16226,32506,149,181,52
16227,32508,136,177,45
16228,32510,150,176,31
16229,32512,184,174,21
16230,32514,154,173,16
16231,32516,153,171,13
16232,32518,151,169,10
16233,32520,148,169,10
16234,32522,176,168,10
16235,32524,164,168,11
16236,32526,157,168,9
16237,32528,116,168,7
16238,32530,117,168,7
16239,32532,137,167,8
16240,32534,140,170,8
16241,32536,153,171,7
16242,32538,141,171,9
16243,32540,142,173,8
16244,32542,189,175,9
16245,32544,179,176,10
16246,32546,166,178,10
16247,32548,145,181,12
16248,32550,148,183,11
16249,32552,171,182,12
16250,32554,177,185,16
16251,32556,170,190,22
16252,32558,176,196,33
16253,32560,175,201,39
16254,32562,206,206,46
16255,32564,205,210,47
16256,32566,233,213,55
16257,32568,213,215,56
16258,32570,236,218,64
16259,32572,249,219,67
16260,32574,251,222,66
16261,32576,253,223,70
16262,32578,267,226,69
16263,32580,274,226,71
16264,32582,290,227,73
16265,32584,271,227,62
16266,32586,268,227,71
16267,32588,243,227,77
16268,32590,258,227,89
16269,32592,281,227,89
16270,32594,272,226,96
16271,32596,276,224,95
16272,32598,265,225,99
16273,32600,271,223,99
16274,32602,298,224,95
16275,32604,303,223,95
16276,32606,270,222,95
16277,32608,256,222,91
16278,32610,253,222,91
16279,32612,274,221,88
16280,32614,271,221,84
16281,32616,274,222,85
16282,32618,277,220,84
16283,32620,270,221,83
16284,32622,297,222,83
16285,32624,289,221,72
16286,32626,272,219,69
16287,32628,258,216,68
16288,32630,264,216,67
16289,32632,260,218,67
16290,32634,256,215,63
16291,32636,253,215,59
16292,32638,238,213,57
16293,32640,240,211,55
16294,32642,264,208,53
16295,32644,249,204,55
16296,32646,242,198,45
16297,32648,219,191,44
16298,32650,224,189,35
16299,32652,212,190,31
16300,32654,181,187,24
16301,32656,180,187,12
16302,32658,154,186,11
16303,32660,151,184,3
16304,32662,181,182,4
16305,32664,179,178,5
16306,32666,155,175,4
16307,32668,147,172,3
16308,32670,119,169,3
16309,32672,137,165,5
16310,32674,129,162,2
16311,32676,133,158,4
16312,32678,131,154,4
16313,32680,134,152,4
16314,32682,153,150,4
16315,32684,140,149,6
16316,32686,142,146,4
16317,32688,125,144,2
16318,32690,125,144,2
16319,32692,147,145,4
16320,32694,146,144,2
16321,32696,141,146,4
16322,32698,142,148,4
16323,32700,140,149,3
16324,32702,168,151,5
16325,32704,157,152,4
16326,32706,143,155,4
16327,32708,133,157,3
16328,32710,113,161,2
16329,32712,134,163,5
16330,32714,140,167,3
16331,32716,146,168,5
16332,32718,152,171,3
16333,32720,145,175,3
16334,32722,179,177,4
16335,32724,177,178,4
16336,32726,182,179,5
16337,32728,169,182,5
16338,32730,171,183,2
16339,32732,200,184,3
16340,32734,239,188,4
16341,32736,248,194,5
16342,32738,235,201,5
16343,32740,249,201,5
16344,32742,267,202,5
16345,32744,265,203,8
16346,32746,245,202,21
16347,32748,238,204,30
16348,32750,237,200,31
16349,32752,252,200,38
16350,32754,268,196,42
16351,32756,251,195,48
16352,32758,255,193,52
16353,32760,253,185,46
16354,32762,278,184,51
16355,32764,269,183,59
16356,32766,251,180,58
16357,32768,247,178,60
16358,32770,234,177,60
16359,32772,249,176,63
16360,32774,255,176,62
16361,32776,260,173,62
16362,32778,252,174,63
16363,32780,250,173,64
16364,32782,285,172,63
16365,32784,266,173,65
16366,32786,263,173,65
16367,32788,230,174,67
16368,32790,222,173,67
16369,32792,229,172,70
16370,32794,223,173,70
16371,32796,228,175,66
16372,32798,234,176,70
16373,32800,231,168,67
16374,32802,251,169,70
16375,32804,230,168,68
16376,32806,216,166,70
16377,32808,194,167,55
16378,32810,199,167,54
16379,32812,212,165,45
16380,32814,207,165,46
16381,32816,161,163,43
16382,32818,158,162,31
16383,32820,149,159,22
16384,32822,169,157,12
16385,32824,160,153,10
16386,32826,148,151,12
16387,32828,142,150,10
16388,32830,115,146,7
16389,32832,112,145,7
16390,32834,116,143,4
16391,32836,121,142,5
16392,32838,118,142,1
16393,32840,125,142,3
16394,32842,152,141,4
16395,32844,140,142,5
16396,32846,132,141,4
16397,32848,115,143,3
16398,32850,114,145,3
16399,32852,121,146,3
16400,32854,132,148,5
16401,32856,148,150,5
16402,32858,173,154,8
16403,32860,172,156,10
16404,32862,185,160,11
16405,32864,185,164,11
16406,32866,179,166,13
16407,32868,166,166,19
16408,32870,167,168,27
16409,32872,182,170,31
16410,32874,189,172,41
16411,32876,178,179,49
16412,32878,190,187,50
16413,32880,192,191,50
16414,32882,222,197,51
16415,32884,244,200,53
16416,32886,248,203,61
16417,32888,241,202,64
16418,32890,241,206,73
16419,32892,256,208,74
16420,32894,259,208,74
16421,32896,263,209,76
16422,32898,271,211,73
16423,32900,258,211,74
16424,32902,287,208,71
16425,32904,272,210,70
16426,32906,274,209,71
16427,32908,247,206,73
16428,32910,253,206,74
16429,32912,272,203,73
16430,32914,267,202,75
16431,32916,270,200,69
16432,32918,273,198,70
16433,32920,264,195,69
16434,32922,295,195,66
16435,32924,287,195,67
16436,32926,273,195,69
16437,32928,255,197,66
16438,32930,255,197,57
16439,32932,278,197,54
16440,32934,273,198,55
16441,32936,285,201,57
16442,32938,284,202,57
16443,32940,279,202,58
16444,32942,304,202,59
16445,32944,290,202,58
16446,32946,285,203,55
16447,32948,254,205,51
16448,32950,245,204,51
16449,32952,265,204,50
16450,32954,239,204,51
16451,32956,239,203,49
16452,32958,247,201,46
16453,32960,226,199,50
16454,32962,248,198,50
16455,32964,224,189,49
16456,32966,150,188,48
16457,32968,99,186,34
16458,32970,137,185,23
16459,32972,139,185,20
16460,32974,147,183,13
16461,32976,153,181,13
16462,32978,144,182,13
16463,32980,163,180,8
16464,32982,194,177,11
16465,32984,158,174,9
16466,32986,159,174,4
16467,32988,133,172,1
16468,32990,124,170,3
16469,32992,99,170,5
16470,32994,101,167,2
16471,32996,90,166,3
16472,32998,96,163,3
16473,33000,91,160,2
16474,33002,130,158,2
16475,33004,142,158,4
16476,33006,126,158,4
16477,33008,113,157,5
16478,33010,122,157,3
16479,33012,129,159,1
16480,33014,148,161,3
16481,33016,152,165,3
16482,33018,153,166,5
16483,33020,148,169,3
16484,33022,175,173,0
16485,33024,173,173,5
16486,33026,157,173,4
16487,33028,142,174,4
16488,33030,148,176,4
16489,33032,153,179,0
16490,33034,171,181,4
16491,33036,164,181,4
16492,33038,171,184,6
16493,33040,165,185,6
16494,33042,203,191,8
16495,33044,166,197,6
16496,33046,175,200,10
16497,33048,145,205,9
16498,33050,151,207,9
16499,33052,232,205,10
16500,33054,223,212,11
16501,33056,238,215,10
16502,33058,240,212,12
16503,33060,255,213,25
16504,33062,270,213,41
16505,33064,271,212,48
16506,33066,278,215,48
16507,33068,258,212,48
16508,33070,260,210,50
16509,33072,275,210,51
16510,33074,280,210,56
16511,33076,276,207,56
16512,33078,283,209,57
16513,33080,267,208,59
16514,33082,288,208,68
16515,33084,292,207,69
16516,33086,275,210,69
16517,33088,256,207,70
16518,33090,262,206,70
16519,33092,277,205,73
16520,33094,269,204,71
16521,33096,280,206,71
16522,33098,279,200,68
16523,33100,278,201,70
16524,33102,311,203,71
16525,33104,290,204,73
16526,33106,285,204,71
16527,33108,243,201,72
16528,33110,248,198,58
16529,33112,261,195,51
16530,33114,255,191,53
16531,33116,256,186,52
16532,33118,268,186,49
16533,33120,255,185,51
16534,33122,225,183,49
16535,33124,204,182,47
16536,33126,191,182,32
16537,33128,160,180,17
16538,33130,165,178,13
16539,33132,167,173,11
16540,33134,164,175,9
16541,33136,175,174,9
16542,33138,219,173,9
16543,33140,161,171,6
16544,33142,197,172,6
16545,33144,161,172,5
16546,33146,122,171,5
16547,33148,150,171,5
16548,33150,142,173,6
16549,33152,167,172,8
16550,33154,162,172,6
16551,33156,166,172,7
16552,33158,167,175,8
16553,33160,160,175,9
16554,33162,203,178,11
16555,33164,182,177,11
16556,33166,166,181,12
16557,33168,140,183,12
16558,33170,167,192,12
16559,33172,170,195,13
16560,33174,171,197,15
16561,33176,181,201,13
16562,33178,189,205,14
16563,33180,186,210,22
16564,33182,219,214,23
16565,33184,208,219,27
16566,33186,252,221,33
16567,33188,235,222,34
16568,33190,179,227,39
16569,33192,175,228,36
16570,33194,186,227,40
16571,33196,239,229,46
16572,33198,243,230,50
16573,33200,244,231,50
16574,33202,249,233,54
16575,33204,261,232,56
16576,33206,255,232,74
16577,33208,218,232,80
16578,33210,237,231,81
16579,33212,256,232,89
16580,33214,281,231,87
16581,33216,290,231,97
16582,33218,282,230,99
16583,33220,278,231,99
16584,33222,307,231,97
16585,33224,296,231,102
16586,33226,284,231,105
16587,33228,286,231,101
16588,33230,284,235,103
16589,33232,290,231,103
16590,33234,287,231,102
16591,33236,290,231,101
16592,33238,294,231,102
16593,33240,291,231,103
16594,33242,319,230,107
16595,33244,291,230,103
16596,33246,282,231,106
16597,33248,266,230,101
16598,33250,273,227,101
16599,33252,284,228,103
16600,33254,276,228,98
16601,33256,281,226,97
16602,33258,279,225,103
16603,33260,267,223,100
16604,33262,294,222,98
16605,33264,274,218,102
16606,33266,270,216,98
16607,33268,229,212,95
16608,33270,231,208,89
16609,33272,168,202,89
16610,33274,157,196,84
16611,33276,170,190,80
16612,33278,174,185,74
16613,33280,163,182,72
16614,33282,189,183,71
16615,33284,173,181,66
16616,33286,162,177,51
16617,33288,144,177,45
16618,33290,142,175,49
16619,33292,159,174,50
16620,33294,157,172,37
16621,33296,156,170,35
16622,33298,150,170,35
16623,33300,142,170,24
16624,33302,169,169,24
16625,33304,152,169,26
16626,33306,155,169,28
16627,33308,149,168,28
16628,33310,143,170,8
16629,33312,156,170,9
16630,33314,122,170,9
16631,33316,137,172,10
16632,33318,93,171,11
16633,33320,96,173,12
16634,33322,139,175,16
16635,33324,130,176,18
16636,33326,107,177,23
16637,33328,101,179,27
16638,33330,116,183,32
16639,33332,121,183,34
16640,33334,138,185,35
16641,33336,133,188,42
16642,33338,165,194,45
16643,33340,141,197,46
16644,33342,179,200,49
16645,33344,157,207,58
16646,33346,160,210,60
16647,33348,143,214,55
16648,33350,147,218,61
16649,33352,157,219,66
16650,33354,159,220,65
16651,33356,153,222,67
16652,33358,147,223,64
16653,33360,159,223,68
16654,33362,189,225,72
16655,33364,227,227,76
16656,33366,269,227,77
16657,33368,258,228,78
16658,33370,276,227,81
16659,33372,294,227,89
16660,33374,296,226,94
16661,33376,314,225,93
16662,33378,293,226,97
16663,33380,294,223,97
16664,33382,323,224,97
16665,33384,299,223,98
16666,33386,286,223,97
16667,33388,272,222,89
16668,33390,284,218,91
16669,33392,291,218,91
16670,33394,297,213,87
16671,33396,289,210,83
16672,33398,289,206,81
16673,33400,285,207,81
16674,33402,294,203,79
16675,33404,243,198,71
16676,33406,251,199,71
16677,33408,229,197,68
16678,33410,231,195,60
16679,33412,244,193,68
16680,33414,243,190,71
16681,33416,229,189,63
16682,33418,226,188,62
16683,33420,213,187,51
16684,33422,184,187,50
16685,33424,171,185,49
16686,33426,166,184,49
16687,33428,126,181,50
16688,33430,144,178,21
16689,33432,159,173,9
16690,33434,160,169,6
16691,33436,158,163,5
16692,33438,150,159,2
16693,33440,139,157,4
16694,33442,167,155,2
16695,33444,154,151,4
16696,33446,132,145,3
16697,33448,116,142,5
16698,33450,124,138,3
16699,33452,141,136,4
16700,33454,135,132,3
16701,33456,135,130,3
16702,33458,140,130,7
16703,33460,141,130,6
16704,33462,161,132,3
16705,33464,146,132,3
16706,33466,132,134,3
16707,33468,111,138,3
16708,33470,126,140,4
16709,33472,141,142,3
16710,33474,138,148,4
16711,33476,140,152,3
16712,33478,137,153,4
16713,33480,169,157,3
16714,33482,195,162,3
16715,33484,163,167,2
16716,33486,161,171,5
16717,33488,144,176,3
16718,33490,161,178,3
16719,33492,118,180,4
16720,33494,138,184,6
16721,33496,164,185,4
16722,33498,165,186,5
16723,33500,159,187,7
16724,33502,195,190,9
16725,33504,176,194,18
16726,33506,160,199,26
16727,33508,144,203,32
16728,33510,160,211,39
16729,33512,220,211,53
16730,33514,230,215,52
16731,33516,228,216,61
16732,33518,235,220,68
16733,33520,251,220,65
16734,33522,278,223,67
16735,33524,266,223,65
16736,33526,271,222,58
16737,33528,250,222,57
16738,33530,269,223,62
16739,33532,281,223,63
16740,33534,284,223,60
16741,33536,291,222,58
16742,33538,294,221,63
16743,33540,290,222,59
16744,33542,293,222,60
16745,33544,279,221,61
16746,33546,279,221,58
16747,33548,256,222,53
16748,33550,258,221,51
16749,33552,266,221,51
16750,33554,270,220,51
16751,33556,258,216,50
16752,33558,275,212,37
16753,33560,257,209,32
16754,33562,276,206,35
16755,33564,246,204,33
16756,33566,250,203,9
16757,33568,232,200,7
16758,33570,246,197,9
16759,33572,255,197,11
16760,33574,253,196,4
16761,33576,239,195,5
16762,33578,230,193,3
16763,33580,223,192,5
16764,33582,236,189,2
16765,33584,182,187,3
16766,33586,172,187,4
16767,33588,146,186,2
16768,33590,169,191,10
16769,33592,182,189,11
16770,33594,184,187,11
16771,33596,178,187,12
16772,33598,167,187,12
16773,33600,181,184,11
16774,33602,201,182,11
16775,33604,181,179,12
16776,33606,170,178,12
16777,33608,143,176,13
16778,33610,164,174,11
16779,33612,176,175,12
16780,33614,160,174,13
16781,33616,160,174,12
16782,33618,158,174,13
16783,33620,174,175,12
16784,33622,162,174,11
16785,33624,130,175,12
16786,33626,140,175,11
16787,33628,80,179,8
16788,33630,112,177,13
16789,33632,125,178,11
16790,33634,119,181,12
16791,33636,170,183,11
16792,33638,167,184,11
16793,33640,167,187,13
16794,33642,198,187,14
16795,33644,181,188,12
16796,33646,175,189,14
16797,33648,141,189,9
16798,33650,171,190,10
16799,33652,157,192,13
16800,33654,177,192,10
16801,33656,173,192,12
16802,33658,177,195,13
16803,33660,198,196,13
16804,33662,208,195,10
16805,33664,236,198,11
16806,33666,226,199,13
16807,33668,218,202,12
16808,33670,219,203,11
16809,33672,250,203,15
16810,33674,254,202,14
16811,33676,265,202,15
16812,33678,277,201,13
16813,33680,305,202,17
16814,33682,307,203,14
16815,33684,287,201,16
16816,33686,286,200,14
16817,33688,261,197,17
16818,33690,265,195,17
16819,33692,279,194,17
16820,33694,277,194,17
16821,33696,270,190,18
16822,33698,271,190,20
16823,33700,295,185,19
16824,33702,296,180,20
16825,33704,286,174,20
16826,33706,276,174,18
16827,33708,249,173,17
16828,33710,258,173,18
16829,33712,280,172,20
16830,33714,279,173,19
16831,33716,277,172,20
16832,33718,283,170,18
16833,33720,303,169,19
16834,33722,298,170,40
16835,33724,282,169,40
16836,33726,282,169,41
16837,33728,252,168,42
16838,33730,256,168,41
16839,33732,243,168,43
16840,33734,252,168,42
16841,33736,251,167,44
16842,33738,257,165,44
16843,33740,274,161,44
16844,33742,272,161,42
16845,33744,251,159,43
16846,33746,248,158,43
16847,33748,228,157,41
16848,33750,234,157,41
16849,33752,248,154,42
16850,33754,245,155,39
16851,33756,228,152,35
16852,33758,213,151,14
16853,33760,250,149,12
16854,33762,238,148,15
16855,33764,240,148,12
16856,33766,219,147,12
16857,33768,197,146,13
16858,33770,209,149,11
16859,33772,221,145,10
16860,33774,213,149,10
16861,33776,222,144,12
16862,33778,218,141,11
16863,33780,240,141,12
16864,33782,237,141,14
16865,33784,217,138,12
16866,33786,161,135,12
16867,33788,134,133,10
16868,33790,147,132,10
16869,33792,157,130,12
16870,33794,154,131,13
16871,33796,153,127,12
16872,33798,153,123,13
16873,33800,177,123,12
16874,33802,176,120,10
16875,33804,154,116,13
16876,33806,170,115,11
16877,33808,142,113,11
16878,33810,155,113,11
16879,33812,182,113,12
16880,33814,181,111,11
16881,33816,181,110,12
16882,33818,163,109,12
16883,33820,195,105,12
16884,33822,194,104,11
16885,33824,183,104,10
16886,33826,150,103,11
16887,33828,128,104,11
16888,33830,135,103,11
16889,33832,152,103,11
16890,33834,153,102,12
16891,33836,153,103,13
16892,33838,144,102,11
16893,33840,166,102,12
16894,33842,171,102,12
16895,33844,148,102,11
16896,33846,140,102,12
16897,33848,114,102,12
16898,33850,128,103,12
16899,33852,141,102,11
16900,33854,154,103,12
16901,33856,147,103,12
16902,33858,143,101,12
16903,33860,168,101,11
16904,33862,163,100,11
16905,33864,149,100,10
16906,33866,142,100,11
16907,33868,120,97,12
16908,33870,126,101,12
16909,33872,122,101,12
16910,33874,115,100,10
16911,33876,96,99,11
16912,33878,106,100,11
16913,33880,123,99,11
16914,33882,128,100,13
16915,33884,99,100,11
16916,33886,97,99,13
16917,33888,73,97,10
16918,33890,88,98,12
16919,33892,97,97,10
16920,33894,97,97,11
16921,33896,101,96,12
16922,33898,101,95,11
16923,33900,140,96,13
16924,33902,121,94,11
16925,33904,109,93,11
16926,33906,122,93,11
16927,33908,103,92,11
16928,33910,123,91,10
16929,33912,141,91,13
16930,33914,145,90,12
16931,33916,140,87,12
16932,33918,130,87,11
16933,33920,165,84,11
16934,33922,161,84,11
16935,33924,147,83,13
16936,33926,139,82,10
16937,33928,119,80,10
16938,33930,124,80,11
16939,33932,142,79,8
16940,33934,137,78,11
16941,33936,146,78,12
16942,33938,127,76,11
16943,33940,162,73,12
16944,33942,151,71,11
16945,33944,113,70,12
16946,33946,110,67,11
16947,33948,87,65,10
16948,33950,100,59,11
16949,33952,113,56,10
16950,33954,116,51,12
16951,33956,105,50,11
16952,33958,99,49,12
16953,33960,128,48,12
16954,33962,132,48,11
16955,33964,106,47,12
16956,33966,110,46,11
16957,33968,84,45,12
16958,33970,96,45,11
16959,33972,105,45,14
16960,33974,107,41,10
16961,33976,104,40,12
16962,33978,100,39,12
16963,33980,130,39,11
16964,33982,120,38,12
16965,33984,107,39,11
16966,33986,91,38,12
16967,33988,87,34,12
16968,33990,105,34,12
16969,33992,101,31,11
16970,33994,109,28,11
16971,33996,109,27,10
16972,33998,99,29,10
16973,34000,127,27,12
16974,34002,119,28,12
16975,34004,102,28,10
16976,34006,95,28,10
16977,34008,50,29,11
16978,34010,47,29,8
16979,34012,75,28,11
16980,34014,89,28,9
16981,34016,59,29,10
16982,34018,36,27,10
16983,34020,65,29,13
16984,34022,70,28,10
16985,34024,51,28,11
16986,34026,44,28,11
16987,34028,35,28,11
16988,34030,1,28,11
16989,34032,13,26,11
16990,34034,19,25,11
16991,34036,17,20,10
16992,34038,33,20,11
16993,34040,68,18,10
16994,34042,57,18,11
16995,34044,41,17,10
16996,34046,35,16,11
16997,34048,13,14,11
16998,34050,31,13,11
16999,34052,42,11,10
17000,34054,50,11,10
17001,34056,54,11,10
17002,34058,48,11,11
17003,34060,76,11,12
17004,34062,56,11,10
17005,34064,56,12,11
17006,34066,38,12,11
17007,34068,30,11,12
17008,34070,34,11,13
17009,34072,39,11,11
17010,34074,44,11,11
17011,34076,53,11,10
17012,34078,40,10,10
17013,34080,74,11,12
17014,34082,60,12,11
17015,34084,39,12,11
17016,34086,31,12,11
17017,34088,18,12,11
17018,34090,33,12,10
17019,34092,32,13,11
17020,34094,42,15,10
17021,34096,37,15,11
17022,34098,31,16,11
17023,34100,57,17,13
17024,34102,63,17,11
17025,34104,41,18,12
17026,34106,38,20,11
17027,34108,39,19,10
17028,34110,39,21,10
17029,34112,51,22,12
17030,34114,94,22,11
17031,34116,89,22,11
17032,34118,95,22,12
17033,34120,121,23,12
17034,34122,126,22,12
17035,34124,113,23,11
17036,34126,97,22,11
17037,34128,82,23,9
17038,34130,89,24,10
17039,34132,98,24,12
17040,34134,102,26,11
17041,34136,105,28,10
17042,34138,106,29,12
17043,34140,131,31,12
17044,34142,162,30,11
17045,34144,139,32,8
17046,34146,136,43,11
17047,34148,68,54,11
17048,34150,123,62,11
17049,34152,135,69,11
17050,34154,143,75,10
17051,34156,145,88,11
17052,34158,158,103,11
17053,34160,198,114,10
17054,34162,170,124,11
17055,34164,155,130,11
17056,34166,169,139,12
17057,34168,154,141,11
17058,34170,171,144,12
17059,34172,178,146,12
17060,34174,179,155,12
17061,34176,192,163,12
17062,34178,205,171,13
17063,34180,226,179,12
17064,34182,249,182,12
17065,34184,265,183,13
17066,34186,256,185,12
17067,34188,248,188,11
17068,34190,256,189,11
17069,34192,260,193,11
17070,34194,263,193,12
17071,34196,261,190,12
17072,34198,267,190,13
17073,34200,284,187,12
17074,34202,282,185,13
17075,34204,255,183,14
17076,34206,254,181,12
17077,34208,225,179,12
17078,34210,241,179,13
17079,34212,250,177,11
17080,34214,259,177,12
17081,34216,262,177,14
17082,34218,245,177,12
17083,34220,278,177,12
17084,34222,268,177,13
17085,34224,256,177,11
17086,34226,238,179,12
17087,34228,223,178,12
17088,34230,228,179,13
17089,34232,235,179,12
17090,34234,250,181,11
17091,34236,249,179,10
17092,34238,235,179,14
17093,34240,261,179,12
17094,34242,253,179,13
17095,34244,247,178,12
17096,34246,231,178,12
17097,34248,221,175,12
17098,34250,154,173,10
17099,34252,180,169,12
17100,34254,161,166,9
17101,34256,161,163,11
17102,34258,155,158,12
17103,34260,183,154,10
17104,34262,186,147,15
17105,34264,164,143,14
17106,34266,147,135,11
17107,34268,104,124,10
17108,34270,135,120,12
17109,34272,139,117,12
17110,34274,141,115,11
17111,34276,121,110,12
17112,34278,127,106,11
17113,34280,146,97,11
17114,34282,131,91,11
17115,34284,124,81,11
17116,34286,115,72,9
17117,34288,85,70,11
17118,34290,95,69,10
17119,34292,99,68,11
17120,34294,97,68,12
17121,34296,105,67,11
17122,34298,107,65,12
17123,34300,119,64,12
17124,34302,114,62,15
17125,34304,107,62,11
17126,34306,97,62,11
17127,34308,91,61,11
17128,34310,95,61,11
17129,34312,117,64,11
17130,34314,140,66,11
17131,34316,140,67,10
17132,34318,139,69,11
17133,34320,175,69,10
17134,34322,153,70,12
17135,34324,138,71,11
17136,34326,128,73,10
17137,34328,118,84,12
17138,34330,128,90,12
17139,34332,157,95,11
17140,34334,164,98,11
17141,34336,167,100,11
17142,34338,167,104,13
17143,34340,198,105,12
17144,34342,196,106,12
17145,34344,186,109,10
17146,34346,171,115,11
17147,34348,156,119,11
17148,34350,163,122,11
17149,34352,169,128,12
17150,34354,178,131,11
17151,34356,174,131,13
17152,34358,252,133,16
17153,34360,255,132,0
17154,34362,255,131,12
17155,34364,235,131,11
17156,34366,188,131,12
17157,34368,179,130,11
17158,34370,221,129,10
17159,34372,217,127,12
17160,34374,213,124,10
17161,34376,214,123,12
17162,34378,187,123,10
17163,34380,213,120,11
17164,34382,196,120,6
17165,34384,197,119,11
17166,34386,156,118,10
17167,34388,148,117,10
17168,34390,163,116,9
17169,34392,188,115,10
17170,34394,176,115,11
17171,34396,169,114,10
17172,34398,172,114,10
17173,34400,215,113,11
17174,34402,200,115,12
17175,34404,182,114,11
17176,34406,166,114,10
17177,34408,144,113,10
17178,34410,157,114,11
17179,34412,173,116,10
17180,34414,176,116,12
17181,34416,183,116,14
17182,34418,195,116,13
17183,34420,219,116,10
17184,34422,217,118,12
17185,34424,190,117,11
17186,34426,181,118,13
17187,34428,186,118,11
17188,34430,199,119,10
17189,34432,209,121,10
17190,34434,214,119,11
17191,34436,202,120,11
17192,34438,169,120,12
17193,34440,203,119,10
17194,34442,198,119,13
17195,34444,187,119,11
17196,34446,161,117,10
17197,34448,156,116,9
17198,34450,170,114,11
17199,34452,180,109,11
17200,34454,173,107,12
17201,34456,178,107,9
17202,34458,170,95,10
17203,34460,197,87,11
17204,34462,202,85,11
17205,34464,185,79,10
17206,34466,168,79,12
17207,34468,162,78,13
17208,34470,164,78,10
17209,34472,188,77,9
17210,34474,194,75,11
17211,34476,199,76,12
17212,34478,166,71,13
17213,34480,209,70,9
17214,34482,199,68,13
17215,34484,187,67,14
17216,34486,161,67,11
17217,34488,155,66,12
17218,34490,172,64,12
17219,34492,174,63,13
17220,34494,164,60,12
17221,34496,160,61,11
17222,34498,159,59,11
17223,34500,171,58,11
17224,34502,169,56,11
17225,34504,153,54,11
17226,34506,139,43,11
17227,34508,136,44,10
17228,34510,147,42,11
17229,34512,158,42,13
17230,34514,151,38,11
17231,34516,149,37,12
17232,34518,120,33,12
17233,34520,160,33,13
17234,34522,122,31,14
17235,34524,104,33,13
17236,34526,88,32,11
17237,34528,70,33,12
17238,34530,92,35,11
17239,34532,92,32,12
17240,34534,97,31,12
17241,34536,98,31,11
17242,34538,87,32,12
17243,34540,125,32,11
17244,34542,120,30,12
17245,34544,103,31,13
17246,34546,74,31,11
17247,34548,69,31,11
17248,34550,91,31,10
17249,34552,100,31,11
17250,34554,107,31,9
17251,34556,109,32,13
17252,34558,107,34,12
17253,34560,139,32,8
17254,34562,134,32,11
17255,34564,119,32,11
17256,34566,99,32,12
17257,34568,80,32,11
17258,34570,112,32,11
17259,34572,108,32,10
17260,34574,118,35,13
17261,34576,110,32,10
17262,34578,99,32,12
17263,34580,124,32,11
17264,34582,115,34,13
17265,34584,94,31,12
17266,34586,85,32,12
17267,34588,85,31,9
17268,34590,102,33,10
17269,34592,101,32,10
17270,34594,109,32,11
17271,34596,101,33,12
17272,34598,94,32,12
17273,34600,136,32,11
17274,34602,124,31,14
17275,34604,108,32,11
17276,34606,88,33,10
17277,34608,84,30,10
17278,34610,98,31,10
17279,34612,99,30,13
17280,34614,103,30,8
17281,34616,110,30,11
17282,34618,101,29,9
17283,34620,130,30,11
17284,34622,126,30,14
17285,34624,109,29,10
17286,34626,87,29,11
17287,34628,80,30,9
17288,34630,111,29,12
17289,34632,112,30,11
17290,34634,101,29,12
17291,34636,106,29,13
17292,34638,88,28,9
17293,34640,128,28,12
17294,34642,120,28,10
17295,34644,103,28,11
17296,34646,93,28,12
17297,34648,80,28,11
17298,34650,107,27,10
17299,34652,109,27,11
17300,34654,99,27,12
17301,34656,101,27,11
17302,34658,94,26,12
17303,34660,121,26,11
17304,34662,125,27,12
17305,34664,93,26,11
17306,34666,73,27,10
17307,34668,78,26,11
17308,34670,79,25,8
17309,34672,57,21,12
17310,34674,70,21,12
17311,34676,80,22,11
17312,34678,69,22,11
17313,34680,89,22,11
17314,34682,88,21,11
17315,34684,67,22,12
17316,34686,49,21,11
17317,34688,50,19,9
17318,34690,58,22,12
17319,34692,65,20,11
17320,34694,71,21,12
17321,34696,62,19,11
17322,34698,63,21,10
17323,34700,84,21,10
17324,34702,85,21,12
17325,34704,70,21,12
17326,34706,51,20,11
17327,34708,52,20,10
17328,34710,68,20,10
17329,34712,71,21,11
17330,34714,64,21,10
17331,34716,70,21,11
17332,34718,70,21,11
17333,34720,89,21,11
17334,34722,83,21,10
17335,34724,63,21,11
17336,34726,58,20,11
17337,34728,53,21,10
17338,34730,68,22,11
17339,34732,63,21,10
17340,34734,71,21,11
17341,34736,69,21,11
17342,34738,59,21,11
17343,34740,89,21,9
17344,34742,83,21,12
17345,34744,64,21,11
17346,34746,51,19,11
17347,34748,48,19,10
17348,34750,65,19,11
17349,34752,67,19,12
17350,34754,58,19,11
17351,34756,61,19,11
17352,34758,64,18,12
17353,34760,80,20,12
17354,34762,76,20,12
17355,34764,63,19,10
17356,34766,46,19,10
17357,34768,45,18,9
17358,34770,70,20,12
17359,34772,67,19,11
17360,34774,64,19,11
17361,34776,65,19,12
17362,34778,64,19,11
17363,34780,96,19,12
17364,34782,91,19,12
17365,34784,87,19,12
17366,34786,84,19,10
17367,34788,80,18,10
17368,34790,93,18,11
17369,34792,92,18,11
17370,34794,92,19,11
17371,34796,100,18,12
17372,34798,105,18,10
17373,34800,124,20,12
17374,34802,123,19,11
17375,34804,108,18,11
17376,34806,88,18,10
17377,34808,90,19,13
17378,34810,106,18,12
17379,34812,102,18,10
17380,34814,93,19,11
17381,34816,100,19,11
17382,34818,113,18,10
17383,34820,127,18,11
17384,34822,120,17,11
17385,34824,114,17,12
17386,34826,87,17,10
17387,34828,88,16,12
17388,34830,100,14,11
17389,34832,102,12,11
17390,34834,96,12,13
17391,34836,103,10,10
17392,34838,92,12,12
17393,34840,120,11,11
17394,34842,118,11,11
17395,34844,102,10,11
17396,34846,83,11,11
17397,34848,88,11,10
17398,34850,106,11,13
17399,34852,99,11,11
17400,34854,99,11,10
17401,34856,100,11,11
17402,34858,101,11,12
17403,34860,131,11,10
17404,34862,123,11,11
17405,34864,105,11,10
17406,34866,93,11,11
17407,34868,94,10,11
17408,34870,101,10,10
17409,34872,108,11,11
17410,34874,92,11,11
17411,34876,96,11,11
17412,34878,102,11,10
17413,34880,120,11,12
17414,34882,120,11,11
17415,34884,109,11,11
17416,34886,89,11,12
17417,34888,86,11,10
17418,34890,95,10,10
17419,34892,94,12,11
17420,34894,93,11,10
17421,34896,92,10,11
17422,34898,92,10,12
17423,34900,118,12,12
17424,34902,114,12,13
17425,34904,99,11,10
17426,34906,83,11,11
17427,34908,71,11,10
17428,34910,90,10,11
17429,34912,85,11,11
17430,34914,82,11,11
17431,34916,84,11,12
17432,34918,85,11,12
17433,34920,108,11,12
17434,34922,94,11,12
17435,34924,81,10,11
17436,34926,65,11,11
17437,34928,65,11,9
17438,34930,84,11,11
17439,34932,79,11,11
17440,34934,89,11,8
17441,34936,98,11,12
17442,34938,98,11,11
17443,34940,119,11,14
17444,34942,109,11,12
17445,34944,100,11,11
17446,34946,82,11,10
17447,34948,73,11,12
17448,34950,99,11,11
17449,34952,84,11,11
17450,34954,93,10,10
17451,34956,94,11,10
17452,34958,105,11,11
17453,34960,123,11,12
17454,34962,110,11,12
17455,34964,99,11,11
17456,34966,82,10,10
17457,34968,104,12,11
17458,34970,122,10,12
17459,34972,121,12,10
17460,34974,120,11,11
17461,34976,118,11,11
17462,34978,129,11,12
17463,34980,148,11,11
17464,34982,143,11,11
17465,34984,124,10,11
17466,34986,105,11,12
17467,34988,102,11,10
17468,34990,122,11,11
17469,34992,118,11,10
17470,34994,112,11,11
17471,34996,119,11,12
17472,34998,123,11,11
17473,35000,147,12,11
17474,35002,136,11,11
17475,35004,123,11,10
17476,35006,101,10,10
17477,35008,105,11,12
17478,35010,118,11,10
17479,35012,116,11,11
17480,35014,115,11,11
17481,35016,117,11,10
17482,35018,122,12,11
17483,35020,149,12,13
17484,35022,141,0,10
17485,35024,125,11,11
17486,35026,99,11,11
17487,35028,104,10,10
17488,35030,121,11,12
17489,35032,119,12,12
17490,35034,120,12,9
17491,35036,121,11,10
17492,35038,128,14,11
17493,35040,150,14,11
17494,35042,136,13,12
17495,35044,124,12,11
17496,35046,106,15,15
17497,35048,106,13,10
17498,35050,124,14,10
17499,35052,119,16,11
17500,35054,90,16,11
17501,35056,93,14,10
17502,35058,96,15,12
17503,35060,123,15,12
17504,35062,113,15,11
17505,35064,97,15,10
17506,35066,82,16,11
17507,35068,71,14,10
17508,35070,69,15,10
17509,35072,81,16,13
17510,35074,75,15,15
17511,35076,92,15,11
17512,35078,91,16,10
17513,35080,123,15,14
17514,35082,127,16,12
17515,35084,108,16,11
17516,35086,88,16,10
17517,35088,88,15,11
17518,35090,105,15,10
17519,35092,109,14,11
17520,35094,106,13,13
17521,35096,58,11,11
17522,35098,59,12,12
17523,35100,113,11,14
17524,35102,104,10,11
17525,35104,91,11,11
17526,35106,61,10,11
17527,35108,51,10,12
17528,35110,87,10,4
17529,35112,87,10,17
17530,35114,99,11,12
17531,35116,93,10,7
17532,35118,88,10,11
17533,35120,123,12,11
17534,35122,110,10,12
17535,35124,92,11,11
17536,35126,67,10,10
17537,35128,70,10,9
17538,35130,97,11,12
17539,35132,94,11,11
17540,35134,94,10,10
17541,35136,85,11,11
17542,35138,91,11,12
17543,35140,125,10,12
17544,35142,111,10,12
17545,35144,97,10,10
17546,35146,74,11,11
17547,35148,63,11,10
17548,35150,91,11,8
17549,35152,92,10,12
17550,35154,83,11,10
17551,35156,89,11,10
17552,35158,88,11,13
17553,35160,122,11,10
17554,35162,101,11,10
17555,35164,92,11,11
17556,35166,63,12,11
17557,35168,68,14,12
17558,35170,87,11,12
17559,35172,88,10,11
17560,35174,90,12,11
17561,35176,90,11,11
17562,35178,78,11,10
17563,35180,126,11,12
17564,35182,105,11,11
17565,35184,83,11,10
17566,35186,71,11,12
17567,35188,61,11,11
17568,35190,100,10,6
17569,35192,84,11,11
17570,35194,94,11,10
17571,35196,87,12,10
17572,35198,94,10,11
17573,35200,122,11,11
17574,35202,110,11,12
17575,35204,93,12,11
17576,35206,68,11,11
17577,35208,67,11,12
17578,35210,97,11,10
17579,35212,96,10,10
17580,35214,93,11,11
17581,35216,90,11,11
17582,35218,83,11,11
17583,35220,126,9,12
17584,35222,105,11,11
17585,35224,99,11,12
17586,35226,66,11,11
17587,35228,67,11,12
17588,35230,87,11,12
17589,35232,82,10,10
17590,35234,78,11,10
17591,35236,63,10,12
17592,35238,61,11,12
17593,35240,92,10,11
17594,35242,73,11,11
17595,35244,68,11,11
17596,35246,44,10,11
17597,35248,47,10,10
17598,35250,62,10,12
17599,35252,61,11,11
17600,35254,57,11,10
17601,35256,61,11,9
17602,35258,52,10,11
17603,35260,92,11,12
17604,35262,72,10,11
17605,35264,62,11,12
17606,35266,46,10,11
17607,35268,38,10,10
17608,35270,66,11,11
17609,35272,67,10,10
17610,35274,76,11,11
17611,35276,59,10,10
17612,35278,67,10,11
17613,35280,91,11,13
17614,35282,78,11,11
17615,35284,62,11,11
17616,35286,42,10,11
17617,35288,49,11,10
17618,35290,66,11,12
17619,35292,66,11,10
17620,35294,59,11,12
17621,35296,58,11,10
17622,35298,61,11,11
17623,35300,88,10,11
17624,35302,78,9,10
17625,35304,63,10,11
17626,35306,41,11,10
17627,35308,44,11,12
17628,35310,66,11,10
17629,35312,74,11,10
17630,35314,68,10,11
17631,35316,69,11,11
17632,35318,75,10,10
17633,35320,118,11,10
17634,35322,97,11,10
17635,35324,92,11,12
17636,35326,60,11,10
17637,35328,62,10,12
17638,35330,86,10,10
17639,35332,89,11,11
17640,35334,88,11,11
17641,35336,80,10,11
17642,35338,81,11,13
17643,35340,115,11,11
17644,35342,104,11,10
17645,35344,87,11,12
17646,35346,66,10,10
17647,35348,64,11,10
17648,35350,90,11,10
17649,35352,87,10,10
17650,35354,92,12,13
17651,35356,85,10,11
17652,35358,86,11,11
17653,35360,120,11,10
17654,35362,103,12,11
17655,35364,90,9,11
17656,35366,70,11,10
17657,35368,72,10,11
17658,35370,97,11,10
17659,35372,89,11,9
17660,35374,98,11,11
17661,35376,97,11,12
17662,35378,82,11,11
17663,35380,124,10,13
17664,35382,105,11,13
17665,35384,97,11,9
17666,35386,69,10,11
17667,35388,69,10,10
17668,35390,93,11,10
17669,35392,93,11,11
17670,35394,92,9,11
17671,35396,92,11,12
17672,35398,94,11,10
17673,35400,126,11,11
17674,35402,103,11,11
17675,35404,94,11,12
17676,35406,70,11,10
17677,35408,69,11,10
17678,35410,95,10,11
17679,35412,96,11,12
17680,35414,96,11,13
17681,35416,91,12,12
17682,35418,88,11,11
17683,35420,124,11,13
17684,35422,108,11,10
17685,35424,97,10,9
17686,35426,72,10,10
17687,35428,67,10,10
17688,35430,94,10,12
17689,35432,90,11,11
17690,35434,94,11,12
17691,35436,89,10,11
17692,35438,91,11,9
17693,35440,123,11,12
17694,35442,107,11,12
17695,35444,97,10,11
17696,35446,70,9,12
17697,35448,65,11,11
17698,35450,92,11,11
17699,35452,88,11,9
17700,35454,94,12,10
17701,35456,81,11,11
17702,35458,81,11,10
17703,35460,120,10,11
17704,35462,103,12,12
17705,35464,98,10,10
17706,35466,71,11,10
17707,35468,72,10,10
17708,35470,92,10,11
17709,35472,96,11,10
17710,35474,86,11,13
17711,35476,97,11,13
17712,35478,87,11,11
17713,35480,106,10,11
17714,35482,79,11,11
17715,35484,77,11,10
17716,35486,57,11,10
17717,35488,50,11,11
17718,35490,74,11,10
17719,35492,67,11,13
17720,35494,76,11,10
17721,35496,70,11,11
17722,35498,77,11,12
17723,35500,101,12,13
17724,35502,88,11,12
17725,35504,70,11,11
17726,35506,53,11,11
17727,35508,58,11,11
17728,35510,85,11,11
17729,35512,86,11,11
17730,35514,90,11,11
17731,35516,88,10,10
17732,35518,87,11,10
17733,35520,117,11,10
17734,35522,103,11,11
17735,35524,96,11,11
17736,35526,76,11,11
17737,35528,73,11,11
17738,35530,105,10,9
17739,35532,94,12,11
17740,35534,93,10,11
17741,35536,102,11,11
17742,35538,89,11,12
17743,35540,127,12,16
17744,35542,108,10,11
17745,35544,105,11,10
17746,35546,84,11,10
17747,35548,72,11,10
17748,35550,95,11,12
17749,35552,94,11,10
17750,35554,92,11,11
17751,35556,96,10,10
17752,35558,96,11,11
17753,35560,114,11,14
17754,35562,103,11,12
17755,35564,87,10,11
17756,35566,67,11,11
17757,35568,64,10,11
17758,35570,84,11,11
17759,35572,83,11,11
17760,35574,94,11,11
17761,35576,91,11,12
17762,35578,93,12,11
17763,35580,126,12,12
17764,35582,112,11,11
17765,35584,95,11,12
17766,35586,76,11,10
17767,35588,71,11,11
17768,35590,84,11,11
17769,35592,94,11,13
17770,35594,104,11,10
17771,35596,73,15,12
17772,35598,110,23,12
17773,35600,75,24,12
17774,35602,135,25,12
17775,35604,134,27,11
17776,35606,107,29,10
17777,35608,116,28,11
17778,35610,82,31,10
17779,35612,111,44,11
17780,35614,101,49,12
17781,35616,146,59,11
17782,35618,154,63,11
17783,35620,194,67,12
17784,35622,178,75,11
17785,35624,163,83,11
17786,35626,139,89,11
17787,35628,136,101,11
17788,35630,169,110,12
17789,35632,163,114,11
17790,35634,230,116,12
17791,35636,238,119,12
17792,35638,213,119,12
17793,35640,245,122,12
17794,35642,240,122,11
17795,35644,227,124,12
17796,35646,201,126,12
17797,35648,203,126,13
17798,35650,224,128,12
17799,35652,218,128,11
17800,35654,229,130,12
17801,35656,218,130,12
17802,35658,229,131,11
17803,35660,245,133,13
17804,35662,241,134,13
17805,35664,233,134,13
17806,35666,209,137,11
17807,35668,203,139,12
17808,35670,248,140,12
17809,35672,235,144,12
17810,35674,245,152,14
17811,35676,250,159,12
17812,35678,234,163,13
17813,35680,277,168,11
17814,35682,263,171,14
17815,35684,250,174,14
17816,35686,234,174,13
17817,35688,232,179,14
17818,35690,236,183,14
17819,35692,241,185,11
17820,35694,239,185,13
17821,35696,251,187,10
17822,35698,236,190,14
17823,35700,262,191,11
17824,35702,240,191,14
17825,35704,235,193,10
17826,35706,223,191,12
17827,35708,215,190,12
17828,35710,224,189,10
17829,35712,230,190,14
17830,35714,230,188,11
17831,35716,218,188,13
17832,35718,168,188,13
17833,35720,206,188,14
17834,35722,200,185,13
17835,35724,180,186,12
17836,35726,155,186,11
17837,35728,155,189,15
17838,35730,156,184,10
17839,35732,147,184,10
17840,35734,159,184,10
17841,35736,156,183,12
17842,35738,152,181,11
17843,35740,188,181,11
17844,35742,171,180,11
17845,35744,155,179,12
17846,35746,140,179,11
17847,35748,140,179,11
17848,35750,161,178,12
17849,35752,160,179,9
17850,35754,165,179,11
17851,35756,156,180,12
17852,35758,169,182,20
17853,35760,198,183,14
17854,35762,184,183,12
17855,35764,178,185,11
17856,35766,142,185,12
17857,35768,144,186,11
17858,35770,217,185,12
17859,35772,220,186,14
17860,35774,212,191,12
17861,35776,233,196,12
17862,35778,230,197,13
17863,35780,247,199,10
17864,35782,250,203,13
17865,35784,231,205,13
17866,35786,213,206,9
17867,35788,206,207,12
17868,35790,225,207,12
17869,35792,227,208,13
17870,35794,225,207,12
17871,35796,226,206,10
17872,35798,218,205,12
17873,35800,250,202,11
17874,35802,245,202,11
17875,35804,228,201,13
17876,35806,198,202,14
17877,35808,196,201,12
17878,35810,212,199,12
17879,35812,218,199,12
17880,35814,216,198,13
17881,35816,191,196,14
17882,35818,193,195,11
17883,35820,211,194,10
17884,35822,205,193,13
17885,35824,189,191,12
17886,35826,172,190,11
17887,35828,169,190,11
17888,35830,161,190,11
17889,35832,165,188,12
17890,35834,167,188,12
17891,35836,150,188,12
17892,35838,121,194,11
17893,35840,143,187,11
17894,35842,122,187,15
17895,35844,114,187,12
17896,35846,92,187,12
17897,35848,107,184,11
17898,35850,115,182,10
17899,35852,116,180,12
17900,35854,118,177,12
17901,35856,116,180,11
17902,35858,127,175,10
17903,35860,132,174,12
17904,35862,122,172,11
17905,35864,119,173,12
17906,35866,103,173,10
17907,35868,118,175,13
17908,35870,131,175,13
17909,35872,140,177,12
17910,35874,133,179,12
17911,35876,152,181,13
17912,35878,155,182,10
17913,35880,172,186,12
17914,35882,183,187,13
17915,35884,172,188,12
17916,35886,159,187,12
17917,35888,167,190,12
17918,35890,181,198,12
17919,35892,194,205,12
17920,35894,243,211,12
17921,35896,249,213,11
17922,35898,242,215,11
17923,35900,264,219,12
17924,35902,259,220,12
17925,35904,232,221,15
17926,35906,217,220,14
17927,35908,218,217,12
17928,35910,253,216,11
17929,35912,252,210,12
17930,35914,232,204,12
17931,35916,201,196,12
17932,35918,219,189,24
17933,35920,244,182,29
17934,35922,218,179,28
17935,35924,218,176,28
17936,35926,179,172,29
17937,35928,188,170,35
17938,35930,186,163,36
17939,35932,202,162,38
17940,35934,198,161,39
17941,35936,203,161,40
17942,35938,206,164,42
17943,35940,235,168,48
17944,35942,215,174,50
17945,35944,206,182,49
17946,35946,202,187,50
17947,35948,220,198,47
17948,35950,234,203,43
17949,35952,245,210,39
17950,35954,218,213,44
17951,35956,226,214,59
17952,35958,219,214,60
17953,35960,258,217,74
17954,35962,242,214,71
17955,35964,224,214,72
17956,35966,185,212,66
17957,35968,185,207,56
17958,35970,192,206,54
17959,35972,196,201,54
17960,35974,162,195,39
17961,35976,166,189,36
17962,35978,174,188,31
17963,35980,180,186,27
17964,35982,156,184,25
17965,35984,139,181,26
17966,35986,124,181,26
17967,35988,133,180,21
17968,35990,143,180,19
17969,35992,167,179,21
17970,35994,161,180,20
17971,35996,155,179,21
17972,35998,162,179,20
17973,36000,186,179,18
17974,36002,172,179,17
17975,36004,157,180,20
17976,36006,136,181,18
17977,36008,165,181,21
17978,36010,180,184,18
17979,36012,178,185,21
17980,36014,179,186,22
17981,36016,176,187,22
17982,36018,173,187,23
17983,36020,210,189,26
17984,36022,194,194,29
17985,36024,189,198,34
17986,36026,206,201,37
17987,36028,242,202,41
17988,36030,263,209,42
17989,36032,261,213,44
17990,36034,252,215,51
17991,36036,250,219,61
17992,36038,263,221,63
17993,36040,286,224,63
17994,36042,282,226,63
17995,36044,273,228,66
17996,36046,252,228,68
17997,36048,261,228,74
17998,36050,273,228,72
17999,36052,274,228,76
18000,36054,273,227,76
18001,36056,269,225,77
18002,36058,260,226,75
18003,36060,277,226,78
18004,36062,259,225,79
18005,36064,255,224,79
18006,36066,242,223,77
18007,36068,241,224,78
18008,36070,250,221,85
18009,36072,255,219,85
18010,36074,265,218,91
18011,36076,257,218,91
18012,36078,255,218,93
18013,36080,292,217,98
18014,36082,269,218,100
18015,36084,264,218,103
18016,36086,238,218,104
18017,36088,256,219,110
18018,36090,257,220,110
18019,36092,257,222,111
18020,36094,240,222,112
18021,36096,237,223,116
18022,36098,231,223,119
18023,36100,261,224,116
18024,36102,241,225,118
18025,36104,233,226,116
18026,36106,222,225,111
18027,36108,227,223,109
18028,36110,237,220,107
18029,36112,236,220,108
18030,36114,241,219,107
18031,36116,228,216,102
18032,36118,232,212,89
18033,36120,260,211,85
18034,36122,240,207,83
18035,36124,216,206,71
18036,36126,207,203,77
18037,36128,217,200,74
18038,36130,225,196,72
18039,36132,230,193,73
18040,36134,223,190,64
18041,36136,221,190,65
18042,36138,206,187,56
18043,36140,194,186,56
18044,36142,180,180,56
18045,36144,169,181,55
18046,36146,141,185,58
18047,36148,163,188,59
18048,36150,174,189,57
18049,36152,180,191,58
18050,36154,190,193,63
18051,36156,212,195,74
18052,36158,224,199,76
18053,36160,256,201,84
18054,36162,247,204,90
18055,36164,237,206,92
18056,36166,212,209,94
18057,36168,226,209,95
18058,36170,253,213,94
18059,36172,246,216,95
18060,36174,250,217,95
18061,36176,245,218,97
18062,36178,242,221,101
18063,36180,274,221,102
18064,36182,251,222,108
18065,36184,237,225,110
18066,36186,213,225,119
18067,36188,230,226,119
18068,36190,240,226,121
18069,36192,242,226,122
18070,36194,237,227,124
18071,36196,248,228,133
18072,36198,239,226,134
18073,36200,267,226,136
18074,36202,257,224,134
18075,36204,237,225,126
18076,36206,226,223,125
18077,36208,225,223,125
18078,36210,241,223,124
18079,36212,231,221,120
18080,36214,235,221,121
18081,36216,241,221,122
18082,36218,241,219,118
18083,36220,267,219,118
18084,36222,258,218,120
18085,36224,248,219,121
18086,36226,219,219,118
18087,36228,226,220,117
18088,36230,241,220,117
18089,36232,234,221,116
18090,36234,240,222,115
18091,36236,233,222,114
18092,36238,241,223,114
18093,36240,266,223,106
18094,36242,246,224,103
18095,36244,238,225,103
18096,36246,215,224,97
18097,36248,226,225,87
18098,36250,236,224,94
18099,36252,235,221,82
18100,36254,238,221,81
18101,36256,242,217,74
18102,36258,241,216,72
18103,36260,248,212,70
18104,36262,232,208,70
18105,36264,231,202,67
18106,36266,200,193,67
18107,36268,208,192,65
18108,36270,222,190,59
18109,36272,195,189,58
18110,36274,166,188,48
18111,36276,167,185,44
18112,36278,162,182,36
18113,36280,176,179,31
18114,36282,169,178,19
18115,36284,171,176,19
18116,36286,137,172,11
18117,36288,148,170,11
18118,36290,153,164,13
18119,36292,158,161,12
18120,36294,155,159,11
18121,36296,149,153,12
18122,36298,132,149,12
18123,36300,152,146,13
18124,36302,144,145,11
18125,36304,131,144,11
18126,36306,109,142,12
18127,36308,133,141,11
18128,36310,145,141,12
18129,36312,149,142,12
18130,36314,138,142,12
18131,36316,148,141,11
18132,36318,143,142,10
18133,36320,164,142,12
18134,36322,139,145,11
18135,36324,92,149,12
18136,36326,87,152,11
18137,36328,100,155,12
18138,36330,104,161,12
18139,36332,109,166,12
18140,36334,110,171,12
18141,36336,125,173,14
18142,36338,156,175,12
18143,36340,175,179,13
18144,36342,173,182,12
18145,36344,157,181,11
18146,36346,149,182,11
18147,36348,212,184,12
18148,36350,234,184,9
18149,36352,222,184,12
18150,36354,250,185,11
18151,36356,239,184,12
18152,36358,245,187,12
18153,36360,266,187,13
18154,36362,249,186,13
18155,36364,244,185,11
18156,36366,226,181,15
18157,36368,234,177,13
18158,36370,244,175,12
18159,36372,244,173,13
18160,36374,242,169,12
18161,36376,243,166,12
18162,36378,248,167,13
18163,36380,266,167,13
18164,36382,246,166,13
18165,36384,245,167,12
18166,36386,212,167,12
18167,36388,224,166,14
18168,36390,241,166,13
18169,36392,235,167,15
18170,36394,250,166,15
18171,36396,232,168,14
18172,36398,227,166,16
18173,36400,241,166,16
18174,36402,242,166,16
18175,36404,227,165,15
18176,36406,200,164,20
18177,36408,211,165,14
18178,36410,226,164,18
18179,36412,224,164,14
18180,36414,215,161,16
18181,36416,223,158,15
18182,36418,222,156,13
18183,36420,245,153,14
18184,36422,228,153,13
18185,36424,227,151,13
18186,36426,200,149,11
18187,36428,209,147,12
18188,36430,224,146,11
18189,36432,229,145,14
18190,36434,234,142,10
18191,36436,200,138,12
18192,36438,212,137,12
18193,36440,229,133,11
18194,36442,212,129,14
18195,36444,201,124,11
18196,36446,169,122,11
18197,36448,184,118,12
18198,36450,198,113,9
18199,36452,203,105,8
18200,36454,200,100,11
18201,36456,195,91,11
18202,36458,192,84,10
18203,36460,172,73,12
18204,36462,141,69,11
18205,36464,140,68,8
18206,36466,114,64,12
18207,36468,126,64,11
18208,36470,140,63,11
18209,36472,136,59,13
18210,36474,132,52,11
18211,36476,134,42,12
18212,36478,124,39,10
18213,36480,155,38,12
18214,36482,120,29,10
18215,36484,122,29,11
18216,36486,102,29,11
18217,36488,115,29,12
18218,36490,117,25,12
18219,36492,108,24,11
18220,36494,96,22,10
18221,36496,80,27,9
18222,36498,87,21,11
18223,36500,119,20,10
18224,36502,94,20,11
18225,36504,91,19,11
18226,36506,68,19,13
18227,36508,82,11,11
18228,36510,94,11,11
18229,36512,90,11,11
18230,36514,104,10,11
18231,36516,89,11,11
18232,36518,98,11,12
18233,36520,118,12,13
18234,36522,89,11,11
18235,36524,103,13,11
18236,36526,85,11,14
18237,36528,86,10,11
18238,36530,102,10,11
18239,36532,101,9,11
18240,36534,87,11,11
18241,36536,84,10,12
18242,36538,87,10,10
18243,36540,105,13,11
18244,36542,90,11,12
18245,36544,92,11,11
18246,36546,70,11,10
18247,36548,85,10,11
18248,36550,92,10,11
18249,36552,104,12,11
18250,36554,95,11,8
18251,36556,98,10,8
18252,36558,101,11,11
18253,36560,130,10,10
18254,36562,105,11,11
18255,36564,113,11,11
18256,36566,89,11,9
18257,36568,97,11,12
18258,36570,102,11,10
18259,36572,98,11,11
18260,36574,99,11,10
18261,36576,86,11,11
18262,36578,89,11,10
18263,36580,122,11,13
18264,36582,89,14,10
18265,36584,78,12,11
18266,36586,63,9,11
18267,36588,87,10,11
18268,36590,112,13,12
18269,36592,113,9,10
18270,36594,113,10,11
18271,36596,104,11,12
18272,36598,108,11,10
18273,36600,124,10,10
18274,36602,103,11,9
18275,36604,104,10,11
18276,36606,89,10,10
18277,36608,92,18,12
18278,36610,92,11,11
18279,36612,128,11,12
18280,36614,125,10,10
18281,36616,97,11,9
18282,36618,100,10,11
18283,36620,115,11,12
18284,36622,86,11,12
18285,36624,91,11,9
18286,36626,76,12,11
18287,36628,81,11,10
18288,36630,95,11,7
18289,36632,100,11,11
18290,36634,104,10,11
18291,36636,101,12,10
18292,36638,108,11,11
18293,36640,127,11,12
18294,36642,97,11,11
18295,36644,104,11,11
18296,36646,70,11,11
18297,36648,86,11,11
18298,36650,102,11,12
18299,36652,103,10,11
18300,36654,100,11,11
18301,36656,104,11,12
18302,36658,121,10,10
18303,36660,125,11,11
18304,36662,110,11,11
18305,36664,102,11,10
18306,36666,90,10,11
18307,36668,90,10,11
18308,36670,104,12,12
18309,36672,106,11,10
18310,36674,111,11,11
18311,36676,102,11,11
18312,36678,117,11,10
18313,36680,115,11,10
18314,36682,106,11,12
18315,36684,96,11,11
18316,36686,75,10,10
18317,36688,78,11,11
18318,36690,96,11,11
18319,36692,101,13,11
18320,36694,93,11,10
18321,36696,92,11,10
18322,36698,113,11,9
18323,36700,104,10,11
18324,36702,93,11,11
18325,36704,90,11,10
18326,36706,63,10,13
18327,36708,79,11,10
18328,36710,92,10,11
18329,36712,99,11,12
18330,36714,97,11,11
18331,36716,101,11,12
18332,36718,116,11,11
18333,36720,116,11,10
18334,36722,111,11,12
18335,36724,114,11,11
18336,36726,97,11,10
18337,36728,108,10,9
18338,36730,118,11,10
18339,36732,119,11,11
18340,36734,122,11,10
18341,36736,124,11,12
18342,36738,145,11,11
18343,36740,140,10,10
18344,36742,129,11,10
18345,36744,127,11,12
18346,36746,104,11,10
18347,36748,110,11,11
18348,36750,123,11,11
18349,36752,121,11,12
18350,36754,122,11,11
18351,36756,122,11,11
18352,36758,143,11,11
18353,36760,137,11,12
18354,36762,129,11,11
18355,36764,124,11,9
18356,36766,107,11,10
18357,36768,108,11,11
18358,36770,123,10,12
18359,36772,120,11,10
18360,36774,125,11,11
18361,36776,126,12,11
18362,36778,139,11,11
18363,36780,144,13,11
18364,36782,127,12,12
18365,36784,125,11,12
18366,36786,103,10,9
18367,36788,112,11,11
18368,36790,131,10,9
18369,36792,121,11,11
18370,36794,123,9,11
18371,36796,129,11,9
18372,36798,142,11,12
18373,36800,144,10,10
18374,36802,122,10,10
18375,36804,126,11,11
18376,36806,98,11,10
18377,36808,113,11,11
18378,36810,119,12,11
18379,36812,120,11,10
18380,36814,124,10,11
18381,36816,124,11,10
18382,36818,133,11,11
18383,36820,141,12,12
18384,36822,128,11,10
18385,36824,121,11,12
18386,36826,104,11,11
18387,36828,110,11,11
18388,36830,127,11,9
18389,36832,126,10,11
18390,36834,124,11,12
18391,36836,135,12,10
18392,36838,146,14,12
18393,36840,147,11,12
18394,36842,129,11,11
18395,36844,120,10,11
18396,36846,105,11,9
18397,36848,116,11,11
18398,36850,124,10,9
18399,36852,119,11,10
18400,36854,128,11,12
18401,36856,123,10,11
18402,36858,145,11,12
18403,36860,145,11,11
18404,36862,125,11,10
18405,36864,122,11,11
18406,36866,102,11,12
18407,36868,107,10,11
18408,36870,119,11,11
18409,36872,123,11,13
18410,36874,120,11,9
18411,36876,128,11,11
18412,36878,128,11,12
18413,36880,141,11,12
18414,36882,124,11,12
18415,36884,119,11,10
18416,36886,101,12,11
18417,36888,109,11,11
18418,36890,120,11,12
18419,36892,117,10,11
18420,36894,125,11,11
18421,36896,123,10,11
18422,36898,151,11,10
18423,36900,141,10,12
18424,36902,130,10,11
18425,36904,123,12,11
18426,36906,102,11,8
18427,36908,104,11,10
18428,36910,123,11,12
18429,36912,112,11,11
18430,36914,121,11,10
18431,36916,117,11,12
18432,36918,145,12,11
18433,36920,145,9,12
18434,36922,128,12,11
18435,36924,119,11,9
18436,36926,101,9,10
18437,36928,108,11,10
18438,36930,120,10,12
18439,36932,113,11,11
18440,36934,120,8,11
18441,36936,131,11,11
18442,36938,147,11,11
18443,36940,142,11,11
18444,36942,130,12,10
18445,36944,127,12,9
18446,36946,103,13,11
18447,36948,116,13,11
18448,36950,118,13,10
18449,36952,128,14,12
18450,36954,129,12,11
18451,36956,132,14,11
18452,36958,143,14,11
18453,36960,152,16,10
18454,36962,146,15,11
18455,36964,127,17,11
18456,36966,97,19,10
18457,36968,116,18,13
18458,36970,131,17,11
18459,36972,120,18,12
18460,36974,129,19,11
18461,36976,120,18,10
18462,36978,156,19,9
18463,36980,150,19,11
18464,36982,148,20,11
18465,36984,125,19,11
18466,36986,102,19,11
18467,36988,115,19,9
18468,36990,130,20,11
18469,36992,120,20,11
18470,36994,131,19,11
18471,36996,130,20,11
18472,36998,153,20,11
18473,37000,142,20,11
18474,37002,133,19,11
18475,37004,129,20,12
18476,37006,102,19,11
18477,37008,106,19,10
18478,37010,112,21,12
18479,37012,104,19,10
18480,37014,110,19,11
18481,37016,110,20,10
18482,37018,135,20,13
18483,37020,124,19,11
18484,37022,112,20,10
18485,37024,104,20,12
18486,37026,87,20,11
18487,37028,96,20,10
18488,37030,109,21,12
18489,37032,107,20,12
18490,37034,107,20,10
18491,37036,110,19,11
18492,37038,136,20,12
18493,37040,132,17,11
18494,37042,122,17,11
18495,37044,113,17,11
18496,37046,97,17,10
18497,37048,97,17,10
18498,37050,120,17,11
18499,37052,109,18,11
18500,37054,112,17,11
18501,37056,107,17,9
18502,37058,131,18,12
18503,37060,134,18,11
18504,37062,117,17,11
18505,37064,110,16,11
18506,37066,87,15,10
18507,37068,78,11,10
18508,37070,107,12,12
18509,37072,101,11,12
18510,37074,110,11,11
18511,37076,97,11,11
18512,37078,122,11,11
18513,37080,125,11,10
18514,37082,108,11,10
18515,37084,100,10,11
18516,37086,86,10,10
18517,37088,84,11,11
18518,37090,94,11,11
18519,37092,70,10,12
18520,37094,72,10,11
18521,37096,63,11,11
18522,37098,87,12,13
18523,37100,77,10,11
18524,37102,61,11,11
18525,37104,57,9,12
18526,37106,41,11,11
18527,37108,51,10,10
18528,37110,63,11,9
18529,37112,65,10,11
18530,37114,70,11,11
18531,37116,71,11,10
18532,37118,93,11,11
18533,37120,88,11,12
18534,37122,62,11,11
18535,37124,63,11,9
18536,37126,48,10,11
18537,37128,57,11,11
18538,37130,66,11,12
18539,37132,71,11,11
18540,37134,67,11,11
18541,37136,60,11,9
18542,37138,80,11,8
18543,37140,77,11,11
18544,37142,59,11,12
18545,37144,36,11,10
18546,37146,32,11,11
18547,37148,40,11,10
18548,37150,45,10,10
18549,37152,37,10,10
18550,37154,42,11,9
18551,37156,43,11,12
18552,37158,74,11,11
18553,37160,69,10,10
18554,37162,51,11,11
18555,37164,42,11,13
18556,37166,20,11,10
18557,37168,29,6,10
18558,37170,42,11,11
18559,37172,53,12,11
18560,37174,55,11,12
18561,37176,43,11,9
18562,37178,77,11,12
18563,37180,74,11,11
18564,37182,50,9,11
18565,37184,51,11,11
18566,37186,30,11,10
18567,37188,33,11,8
18568,37190,51,10,11
18569,37192,58,12,12
18570,37194,64,11,9
18571,37196,57,11,12
18572,37198,78,9,10
18573,37200,75,11,12
18574,37202,64,11,9
18575,37204,51,11,11
18576,37206,36,11,12
18577,37208,44,11,11
18578,37210,55,11,10
18579,37212,53,11,12
18580,37214,53,13,10
18581,37216,57,11,11
18582,37218,78,12,11
18583,37220,67,11,10
18584,37222,47,11,11
18585,37224,32,11,11
18586,37226,36,11,11
18587,37228,30,11,11
18588,37230,36,11,12
18589,37232,50,11,10
18590,37234,46,11,11
18591,37236,55,11,11
18592,37238,69,11,12
18593,37240,69,11,12
18594,37242,39,11,13
18595,37244,29,11,9
18596,37246,29,10,10
18597,37248,34,11,12
18598,37250,49,10,10
18599,37252,50,11,12
18600,37254,52,10,10
18601,37256,42,11,12
18602,37258,73,9,14
18603,37260,67,10,11
18604,37262,42,10,12
18605,37264,41,10,11
18606,37266,29,12,10
18607,37268,29,11,12
18608,37270,51,10,12
18609,37272,53,11,12
18610,37274,52,10,10
18611,37276,53,11,10
18612,37278,81,12,11
18613,37280,76,11,11
18614,37282,55,11,11
18615,37284,38,11,11
18616,37286,29,11,9
18617,37288,35,11,11
18618,37290,55,11,11
18619,37292,55,11,12
18620,37294,61,11,10
18621,37296,55,10,11
18622,37298,76,11,12
18623,37300,80,11,13
18624,37302,56,11,12
18625,37304,36,11,11
18626,37306,38,10,11
18627,37308,35,11,11
18628,37310,54,10,12
18629,37312,49,11,11
18630,37314,58,11,10
18631,37316,55,11,11
18632,37318,78,11,11
18633,37320,83,11,9
18634,37322,60,11,10
18635,37324,45,11,11
18636,37326,35,11,10
18637,37328,43,11,12
18638,37330,54,11,11
18639,37332,52,12,12
18640,37334,70,11,12
18641,37336,57,11,12
18642,37338,74,11,10
18643,37340,74,11,12
18644,37342,60,11,10
18645,37344,49,11,10
18646,37346,45,11,11
18647,37348,38,10,12
18648,37350,61,11,12
18649,37352,54,11,12
18650,37354,62,11,11
18651,37356,65,11,11
18652,37358,88,11,11
18653,37360,84,10,11
18654,37362,63,12,11
18655,37364,58,11,12
18656,37366,46,11,11
18657,37368,41,11,11
18658,37370,64,11,12
18659,37372,54,11,10
18660,37374,63,11,11
18661,37376,57,11,10
18662,37378,76,11,10
18663,37380,82,11,11
18664,37382,60,12,12
18665,37384,32,10,11
18666,37386,23,11,11
18667,37388,34,11,11
18668,37390,44,11,8
18669,37392,52,10,10
18670,37394,51,10,10
18671,37396,58,11,13
18672,37398,80,11,11
18673,37400,73,11,13
18674,37402,53,10,11
18675,37404,41,11,11
18676,37406,29,10,10
18677,37408,43,11,11
18678,37410,66,11,11
18679,37412,57,11,11
18680,37414,65,11,12
18681,37416,68,11,11
18682,37418,91,11,12
18683,37420,92,11,11
18684,37422,76,11,10
18685,37424,55,10,11
18686,37426,47,11,11
18687,37428,48,10,12
18688,37430,58,11,11
18689,37432,47,12,11
18690,37434,70,11,10
18691,37436,69,10,11
18692,37438,92,10,12
18693,37440,83,11,11
18694,37442,62,12,13
18695,37444,43,10,11
18696,37446,38,10,9
18697,37448,44,10,10
18698,37450,63,11,12
18699,37452,57,10,10
18700,37454,60,11,13
18701,37456,66,10,11
18702,37458,84,12,12
18703,37460,89,13,10
18704,37462,65,13,15
18705,37464,53,14,11
18706,37466,45,13,13
18707,37468,52,13,10
18708,37470,69,14,11
18709,37472,57,13,10
18710,37474,66,14,11
18711,37476,73,13,12
18712,37478,89,14,12
18713,37480,96,14,12
18714,37482,66,13,13
18715,37484,45,14,11
18716,37486,45,14,12
18717,37488,60,14,11
18718,37490,62,17,11
18719,37492,66,17,10
18720,37494,68,17,10
18721,37496,73,17,10
18722,37498,91,17,10
18723,37500,94,17,11
18724,37502,78,18,12
18725,37504,45,17,11
18726,37506,41,17,12
18727,37508,58,17,11
18728,37510,65,17,11
18729,37512,67,17,14
18730,37514,62,18,9
18731,37516,69,17,11
18732,37518,98,17,12
18733,37520,104,17,10
18734,37522,71,19,12
18735,37524,47,19,11
18736,37526,53,19,11
18737,37528,73,19,12
18738,37530,74,19,12
18739,37532,61,19,12
18740,37534,69,19,11
18741,37536,65,19,10
18742,37538,102,17,12
18743,37540,90,16,12
18744,37542,73,15,11
18745,37544,48,16,11
18746,37546,43,15,11
18747,37548,66,12,12
18748,37550,53,10,11
18749,37552,63,11,11
18750,37554,60,11,10
18751,37556,68,11,11
18752,37558,92,11,9
18753,37560,89,10,11
18754,37562,66,11,12
18755,37564,41,11,12
18756,37566,40,11,12
18757,37568,79,10,12
18758,37570,86,11,10
18759,37572,68,11,11
18760,37574,57,11,13
18761,37576,86,11,9
18762,37578,101,10,12
18763,37580,106,11,11
18764,37582,74,10,10
18765,37584,46,11,11
18766,37586,36,10,12
18767,37588,54,11,10
18768,37590,69,10,11
18769,37592,58,12,12
18770,37594,69,11,11
18771,37596,68,10,10
18772,37598,113,11,12
18773,37600,98,11,12
18774,37602,80,11,12
18775,37604,53,10,10
18776,37606,45,11,11
18777,37608,66,10,10
18778,37610,68,11,11
18779,37612,66,11,11
18780,37614,73,11,13
18781,37616,69,11,12
18782,37618,103,11,13
18783,37620,100,10,2
18784,37622,77,9,11
18785,37624,54,10,11
18786,37626,51,11,10
18787,37628,63,11,12
18788,37630,67,11,10
18789,37632,67,11,12
18790,37634,74,10,11
18791,37636,79,11,9
18792,37638,103,11,12
18793,37640,102,11,12
18794,37642,76,10,10
18795,37644,57,11,11
18796,37646,49,10,12
18797,37648,77,11,12
18798,37650,79,12,11
18799,37652,73,11,10
18800,37654,75,11,12
18801,37656,84,10,10
18802,37658,111,12,12
18803,37660,104,11,13
18804,37662,82,11,11
18805,37664,55,10,9
18806,37666,61,11,10
18807,37668,72,11,11
18808,37670,75,11,12
18809,37672,64,12,12
18810,37674,73,11,11
18811,37676,79,11,11
18812,37678,108,11,11
18813,37680,102,10,12
18814,37682,79,11,11
18815,37684,52,12,12
18816,37686,52,11,10
18817,37688,75,11,12
18818,37690,75,10,11
18819,37692,64,11,11
18820,37694,75,10,11
18821,37696,76,11,11
18822,37698,108,11,11
18823,37700,99,10,12
18824,37702,85,10,11
18825,37704,53,11,11
18826,37706,54,11,10
18827,37708,78,11,11
18828,37710,74,11,11
18829,37712,77,11,12
18830,37714,73,11,11
18831,37716,79,11,11
18832,37718,109,11,11
18833,37720,100,11,13
18834,37722,64,10,11
18835,37724,39,11,11
18836,37726,40,12,11
18837,37728,53,11,10
18838,37730,58,10,10
18839,37732,54,12,11
18840,37734,60,11,11
18841,37736,64,11,11
18842,37738,95,9,10
18843,37740,83,11,11
18844,37742,52,11,11
18845,37744,35,10,10
18846,37746,40,11,11
18847,37748,58,11,10
18848,37750,55,11,12
18849,37752,50,11,11
18850,37754,55,12,11
18851,37756,64,10,11
18852,37758,79,11,10
18853,37760,77,11,12
18854,37762,74,11,10
18855,37764,36,11,11
18856,37766,45,10,12
18857,37768,60,11,12
18858,37770,67,11,11
18859,37772,59,10,11
18860,37774,55,12,12
18861,37776,60,12,11
18862,37778,91,11,12
18863,37780,82,12,11
18864,37782,65,10,12
18865,37784,36,11,15
18866,37786,37,10,10
18867,37788,61,9,11
18868,37790,62,12,11
18869,37792,59,11,11
18870,37794,62,10,11
18871,37796,55,10,10
18872,37798,86,10,11
18873,37800,75,11,12
18874,37802,54,11,11
18875,37804,39,11,11
18876,37806,42,12,12
18877,37808,59,12,10
18878,37810,53,12,12
18879,37812,61,11,12
18880,37814,60,10,12
18881,37816,67,11,12
18882,37818,90,11,15
18883,37820,81,11,11
18884,37822,62,11,11
18885,37824,39,10,10
18886,37826,52,10,10
18887,37828,61,11,13
18888,37830,66,11,15
18889,37832,64,11,11
18890,37834,65,10,11
18891,37836,68,11,10
18892,37838,91,10,11
18893,37840,81,11,12
18894,37842,58,11,12
18895,37844,40,11,10
18896,37846,47,10,9
18897,37848,67,12,12
18898,37850,59,11,11
18899,37852,65,11,14
18900,37854,67,10,11
18901,37856,61,10,11
18902,37858,92,11,11
18903,37860,76,12,11
18904,37862,59,10,11
18905,37864,45,11,9
18906,37866,47,11,9
18907,37868,67,11,11
18908,37870,58,11,12
18909,37872,65,10,10
18910,37874,60,10,12
18911,37876,70,11,15
18912,37878,95,11,11
18913,37880,86,10,10
18914,37882,64,11,11
18915,37884,38,10,11
18916,37886,46,10,11
18917,37888,68,11,13
18918,37890,61,14,10
18919,37892,59,11,11
18920,37894,54,9,10
18921,37896,54,11,11
18922,37898,90,11,11
18923,37900,73,11,12
18924,37902,55,11,11
18925,37904,33,9,10
18926,37906,41,10,10
18927,37908,62,10,11
18928,37910,56,11,11
18929,37912,54,12,11
18930,37914,56,11,11
18931,37916,54,11,11
18932,37918,77,10,13
18933,37920,72,10,13
18934,37922,58,11,9
18935,37924,34,11,11
18936,37926,41,11,11
18937,37928,62,10,9
18938,37930,63,11,10
18939,37932,72,11,12
18940,37934,65,11,10
18941,37936,65,11,11
18942,37938,94,12,12
18943,37940,88,11,11
18944,37942,71,11,10
18945,37944,43,11,11
18946,37946,41,9,12
18947,37948,59,10,11
18948,37950,53,11,9
18949,37952,69,12,10
18950,37954,60,11,11
18951,37956,61,10,11
18952,37958,91,11,9
18953,37960,86,11,14
18954,37962,67,12,11
18955,37964,36,14,12
18956,37966,49,12,11
18957,37968,66,9,12
18958,37970,61,11,9
18959,37972,71,10,11
18960,37974,55,11,9
18961,37976,60,11,10
18962,37978,88,10,11
18963,37980,81,11,12
18964,37982,66,8,11
18965,37984,43,11,11
18966,37986,45,11,11
18967,37988,62,11,11
18968,37990,60,11,12
18969,37992,60,11,11
18970,37994,59,11,10
18971,37996,61,11,11
18972,37998,86,11,10
18973,38000,77,11,13
18974,38002,64,11,10
18975,38004,43,11,12
18976,38006,53,12,12
18977,38008,64,11,10
18978,38010,61,10,11
18979,38012,60,11,11
18980,38014,61,11,12
18981,38016,61,10,10
18982,38018,92,11,13
18983,38020,84,11,12
18984,38022,71,10,11
18985,38024,47,11,10
18986,38026,45,10,10
18987,38028,73,10,9
18988,38030,60,11,13
18989,38032,75,11,10
18990,38034,56,9,11
18991,38036,60,12,12
18992,38038,86,10,11
18993,38040,79,11,11
18994,38042,60,11,10
18995,38044,48,10,10
18996,38046,46,11,12
18997,38048,55,11,10
18998,38050,57,11,12
18999,38052,68,10,14
19000,38054,64,10,11
19001,38056,65,11,9
19002,38058,94,12,10
19003,38060,82,11,12
19004,38062,69,10,11
19005,38064,50,10,10
19006,38066,43,12,11
19007,38068,74,10,12
19008,38070,61,11,11
19009,38072,51,11,13
19010,38074,67,12,11
19011,38076,64,11,11
19012,38078,91,10,12
19013,38080,80,10,10
19014,38082,61,10,11
19015,38084,42,11,10
19016,38086,48,11,11
19017,38088,61,10,11
19018,38090,67,12,9
19019,38092,66,11,14
19020,38094,52,11,12
19021,38096,64,11,10
19022,38098,93,12,11
19023,38100,73,11,11
19024,38102,64,11,12
19025,38104,43,12,10
19026,38106,44,10,10
19027,38108,64,11,11
19028,38110,55,11,10
19029,38112,67,11,11
19030,38114,61,11,12
19031,38116,63,11,11
19032,38118,93,9,11
19033,38120,75,11,10
19034,38122,55,11,10
19035,38124,37,11,11
19036,38126,42,11,10
19037,38128,66,11,10
19038,38130,71,11,12
19039,38132,60,10,11
19040,38134,60,11,10
19041,38136,67,11,10
19042,38138,92,12,12
19043,38140,84,11,11
19044,38142,69,12,12
19045,38144,40,11,11
19046,38146,39,11,12
19047,38148,53,10,12
19048,38150,62,10,9
19049,38152,60,11,13
19050,38154,63,10,10
19051,38156,60,11,12
19052,38158,86,10,12
19053,38160,73,11,11
19054,38162,61,11,11
19055,38164,37,11,11
19056,38166,37,9,9
19057,38168,65,11,12
19058,38170,49,11,12
19059,38172,65,11,11
19060,38174,62,10,11
19061,38176,60,11,10
19062,38178,92,13,10
19063,38180,79,10,11
19064,38182,65,11,9
19065,38184,47,10,11
19066,38186,34,11,11
19067,38188,62,11,10
19068,38190,50,9,10
19069,38192,59,11,11
19070,38194,54,11,8
19071,38196,69,11,10
19072,38198,91,10,10
19073,38200,80,12,12
19074,38202,64,11,10
19075,38204,45,11,11
19076,38206,43,11,12
19077,38208,64,11,12
19078,38210,54,11,12
19079,38212,54,11,12
19080,38214,70,10,13
19081,38216,67,11,12
19082,38218,93,10,12
19083,38220,81,11,10
19084,38222,67,10,11
19085,38224,41,10,12
19086,38226,37,11,11
19087,38228,64,11,11
19088,38230,62,11,12
19089,38232,61,11,11
19090,38234,67,11,11
19091,38236,60,11,11
19092,38238,93,11,11
19093,38240,79,11,12
19094,38242,67,11,11
19095,38244,44,11,13
19096,38246,37,11,12
19097,38248,67,11,11
19098,38250,66,10,11
19099,38252,68,10,11
19100,38254,59,10,11
19101,38256,67,11,11
19102,38258,91,10,9
19103,38260,88,11,9
19104,38262,64,11,11
19105,38264,38,11,9
19106,38266,35,11,10
19107,38268,66,10,12
19108,38270,57,10,10
19109,38272,60,11,11
19110,38274,63,11,11
19111,38276,58,11,12
19112,38278,93,10,12
19113,38280,76,11,10
19114,38282,65,11,13
19115,38284,45,11,10
19116,38286,39,11,11
19117,38288,61,11,12
19118,38290,60,11,11
19119,38292,58,11,13
19120,38294,64,10,11
19121,38296,66,10,11
19122,38298,88,11,10
19123,38300,69,11,10
19124,38302,72,11,11
19125,38304,35,11,11
19126,38306,43,10,11
19127,38308,65,11,11
19128,38310,67,12,11
19129,38312,66,11,10
19130,38314,66,12,11
19131,38316,62,10,10
19132,38318,87,11,11
19133,38320,76,11,11
19134,38322,62,11,11
19135,38324,49,11,10
19136,38326,44,10,12
19137,38328,68,11,11
19138,38330,57,10,11
19139,38332,59,11,12
19140,38334,63,11,11
19141,38336,69,11,11
19142,38338,95,11,11
19143,38340,79,11,12
19144,38342,66,10,12
19145,38344,44,10,10
19146,38346,43,11,11
19147,38348,70,11,8
19148,38350,58,11,11
19149,38352,62,11,11
19150,38354,52,11,12
19151,38356,66,11,11
19152,38358,93,10,10
19153,38360,81,10,10
19154,38362,66,11,11
19155,38364,44,11,11
19156,38366,40,11,11
19157,38368,57,11,11
19158,38370,67,11,11
19159,38372,64,10,10
19160,38374,67,11,11
19161,38376,53,10,11
19162,38378,92,11,11
19163,38380,73,12,12
19164,38382,72,12,10
19165,38384,43,10,11
19166,38386,40,11,10
19167,38388,64,11,11
19168,38390,65,10,11
19169,38392,66,10,11
19170,38394,61,11,13
19171,38396,66,11,9
19172,38398,91,10,11
19173,38400,79,11,13
19174,38402,69,11,11
19175,38404,44,10,11
19176,38406,45,11,11
19177,38408,68,12,12
19178,38410,70,11,11
19179,38412,70,11,11
19180,38414,62,11,10
19181,38416,70,11,11
19182,38418,95,12,12
19183,38420,79,11,11
19184,38422,64,10,11
19185,38424,54,10,10
19186,38426,41,11,12
19187,38428,70,11,13
19188,38430,61,10,12
19189,38432,70,11,11
19190,38434,70,10,10
19191,38436,62,12,12
19192,38438,100,11,12
19193,38440,77,9,12
19194,38442,67,11,11
19195,38444,46,10,11
19196,38446,45,11,10
19197,38448,61,11,12
19198,38450,63,10,15
19199,38452,63,11,11
19200,38454,64,11,12
19201,38456,67,11,11
19202,38458,95,11,12
19203,38460,90,9,10
19204,38462,67,11,11
19205,38464,43,11,11
19206,38466,45,10,11
19207,38468,61,11,9
19208,38470,70,11,13
19209,38472,68,11,11
19210,38474,62,10,11
19211,38476,57,10,13
19212,38478,96,11,11
19213,38480,80,12,12
19214,38482,65,11,12
19215,38484,52,10,10
19216,38486,41,11,10
19217,38488,71,11,12
19218,38490,63,11,10
19219,38492,64,10,11
19220,38494,68,10,11
19221,38496,63,10,10
19222,38498,97,11,14
19223,38500,83,10,11
19224,38502,61,11,10
19225,38504,46,11,11
19226,38506,48,10,12
19227,38508,72,11,11
19228,38510,57,11,12
19229,38512,73,11,9
19230,38514,62,11,11
19231,38516,63,11,11
19232,38518,92,11,12
19233,38520,82,11,11
19234,38522,73,11,10
19235,38524,51,11,10
19236,38526,43,11,10
19237,38528,68,10,11
19238,38530,62,11,10
19239,38532,60,11,14
19240,38534,59,11,11
19241,38536,55,11,11
19242,38538,86,11,11
19243,38540,73,11,11
19244,38542,67,11,11
19245,38544,49,11,10
19246,38546,46,10,10
19247,38548,67,11,9
19248,38550,63,11,11
19249,38552,67,10,11
19250,38554,64,11,11
19251,38556,61,11,10
19252,38558,94,10,10
19253,38560,80,10,11
19254,38562,66,6,11
19255,38564,47,12,12
19256,38566,47,11,11
19257,38568,63,11,13
19258,38570,61,10,11
19259,38572,73,11,11
19260,38574,62,11,12
19261,38576,60,12,12
19262,38578,87,11,11
19263,38580,80,11,9
19264,38582,64,11,11
19265,38584,49,10,11
19266,38586,45,11,11
19267,38588,67,11,11
19268,38590,73,11,10
19269,38592,74,10,11
19270,38594,66,5,11
19271,38596,58,11,13
19272,38598,93,11,11
19273,38600,74,11,13
19274,38602,66,11,11
19275,38604,47,10,10
19276,38606,47,12,11
19277,38608,70,11,13
19278,38610,73,18,11
19279,38612,70,11,9
19280,38614,59,11,10
19281,38616,62,11,10
19282,38618,96,9,12
19283,38620,79,11,10
19284,38622,70,11,11
19285,38624,52,11,13
19286,38626,50,10,11
19287,38628,67,12,11
19288,38630,76,13,12
19289,38632,70,11,12
19290,38634,80,11,11
19291,38636,62,13,12
19292,38638,96,11,12
19293,38640,77,11,10
19294,38642,65,10,12
19295,38644,56,11,11
19296,38646,46,10,10
19297,38648,72,12,11
19298,38650,69,9,11
19299,38652,83,11,11
19300,38654,62,11,8
19301,38656,58,12,10
19302,38658,94,11,11
19303,38660,73,11,12
19304,38662,66,11,14
19305,38664,50,10,11
19306,38666,50,9,9
19307,38668,65,11,11
19308,38670,68,10,11
19309,38672,64,10,11
19310,38674,59,11,11
19311,38676,59,10,11
19312,38678,96,11,11
19313,38680,84,11,12
19314,38682,71,11,9
19315,38684,38,11,10
19316,38686,54,11,11
19317,38688,67,11,10
19318,38690,72,11,11
19319,38692,66,11,11
19320,38694,68,11,11
19321,38696,62,11,12
19322,38698,100,11,13
19323,38700,79,11,12
19324,38702,68,11,11
19325,38704,45,11,10
19326,38706,53,11,10
19327,38708,68,11,11
19328,38710,70,11,11
19329,38712,72,10,12
19330,38714,66,10,11
19331,38716,66,11,10
19332,38718,92,11,12
19333,38720,78,11,10
19334,38722,71,9,11
19335,38724,50,10,12
19336,38726,48,11,11
19337,38728,69,11,12
19338,38730,78,10,10
19339,38732,73,11,12
19340,38734,64,12,12
19341,38736,62,11,11
19342,38738,94,11,11
19343,38740,85,11,12
19344,38742,72,10,12
19345,38744,56,11,8
19346,38746,54,10,10
19347,38748,71,11,11
19348,38750,64,10,10
19349,38752,75,11,11
19350,38754,75,11,10
19351,38756,66,11,11
19352,38758,94,10,11
19353,38760,77,11,11
19354,38762,79,11,13
19355,38764,49,10,8
19356,38766,54,10,10
19357,38768,65,11,11
19358,38770,60,11,11
19359,38772,58,11,11
19360,38774,69,10,11
19361,38776,60,11,7
19362,38778,89,11,11
19363,38780,77,11,11
19364,38782,69,10,11
19365,38784,43,10,9
19366,38786,54,11,11
19367,38788,65,11,12
19368,38790,61,11,11
19369,38792,60,11,11
19370,38794,68,11,14
19371,38796,66,12,11
19372,38798,95,11,12
19373,38800,82,12,12
19374,38802,67,11,11
19375,38804,50,10,11
19376,38806,55,11,9
19377,38808,74,11,11
19378,38810,61,10,11
19379,38812,76,11,13
19380,38814,81,11,9
19381,38816,67,11,10
19382,38818,94,10,12
19383,38820,84,10,11
19384,38822,75,10,13
19385,38824,46,9,11
19386,38826,55,11,10
19387,38828,64,11,11
19388,38830,72,11,12
19389,38832,61,11,11
19390,38834,62,11,12
19391,38836,63,11,11
19392,38838,89,10,11
19393,38840,77,11,11
19394,38842,67,11,11
19395,38844,51,11,12
19396,38846,46,10,10
19397,38848,69,10,12
19398,38850,73,10,11
19399,38852,72,10,10
19400,38854,70,11,10
19401,38856,67,11,11
19402,38858,94,11,11
19403,38860,83,11,11
19404,38862,70,11,12
19405,38864,54,11,9
19406,38866,52,11,11
19407,38868,67,11,11
19408,38870,65,12,13
19409,38872,71,11,12
19410,38874,66,11,13
19411,38876,69,10,12
19412,38878,78,11,10
19413,38880,87,11,11
19414,38882,71,11,9
19415,38884,43,11,11
19416,38886,55,11,11
19417,38888,59,11,11
19418,38890,60,11,11
19419,38892,72,11,11
19420,38894,72,11,9
19421,38896,60,10,10
19422,38898,97,11,12
19423,38900,85,11,10
19424,38902,71,11,10
19425,38904,46,11,11
19426,38906,49,10,10
19427,38908,65,10,11
19428,38910,66,11,9
19429,38912,61,11,11
19430,38914,71,11,11
19431,38916,64,11,12
19432,38918,92,11,12
19433,38920,74,11,10
19434,38922,76,11,9
19435,38924,46,11,11
19436,38926,55,11,10
19437,38928,65,12,11
19438,38930,66,10,12
19439,38932,63,11,11
19440,38934,74,11,12
19441,38936,69,11,9
19442,38938,91,11,10
19443,38940,75,11,11
19444,38942,69,11,11
19445,38944,49,11,11
19446,38946,53,11,11
19447,38948,68,11,12
19448,38950,66,11,11
19449,38952,55,11,12
19450,38954,62,11,11
19451,38956,64,12,10
19452,38958,91,11,11
19453,38960,74,10,10
19454,38962,62,10,11
19455,38964,44,10,11
19456,38966,52,11,11
19457,38968,63,10,10
19458,38970,62,11,12
19459,38972,72,11,15
19460,38974,69,10,11
19461,38976,69,11,12
19462,38978,91,11,11
19463,38980,79,12,12
19464,38982,71,11,10
19465,38984,42,10,9
19466,38986,54,11,11
19467,38988,62,11,11
19468,38990,75,10,12
19469,38992,60,10,11
19470,38994,69,11,11
19471,38996,65,11,12
19472,38998,87,10,12
19473,39000,78,12,11
19474,39002,67,11,11
19475,39004,50,11,11
19476,39006,55,11,11
19477,39008,64,10,8
19478,39010,70,11,11
19479,39012,66,11,10
19480,39014,68,11,11
19481,39016,58,10,10
19482,39018,86,10,10
19483,39020,69,11,10
19484,39022,64,11,11
19485,39024,47,10,10
19486,39026,53,11,10
19487,39028,54,11,11
19488,39030,62,10,11
19489,39032,70,11,11
19490,39034,68,11,11
19491,39036,65,11,10
19492,39038,85,11,12
19493,39040,76,11,11
19494,39042,67,11,10
19495,39044,51,10,9
19496,39046,52,10,10
19497,39048,59,11,11
19498,39050,67,11,11
19499,39052,65,11,11
19500,39054,61,12,12
19501,39056,66,11,12
19502,39058,88,8,10
19503,39060,77,11,11
19504,39062,64,10,12
19505,39064,42,11,11
19506,39066,53,10,10
19507,39068,65,11,12
19508,39070,69,11,11
19509,39072,68,11,11
19510,39074,63,10,9
19511,39076,65,11,9
19512,39078,93,11,12
19513,39080,76,11,10
19514,39082,65,11,11
19515,39084,48,11,11
19516,39086,56,10,10
19517,39088,61,10,10
19518,39090,70,11,11
19519,39092,69,11,12
19520,39094,66,11,12
19521,39096,65,10,10
19522,39098,90,12,12
19523,39100,75,11,10
19524,39102,64,10,11
19525,39104,46,11,10
19526,39106,53,11,11
19527,39108,65,10,11
19528,39110,70,11,10
19529,39112,63,11,11
19530,39114,60,11,12
19531,39116,62,11,11
19532,39118,88,11,12
19533,39120,81,11,11
19534,39122,65,11,11
19535,39124,43,11,9
19536,39126,48,10,11
19537,39128,64,11,12
19538,39130,73,10,10
19539,39132,72,10,11
19540,39134,58,10,10
19541,39136,61,11,10
19542,39138,90,11,13
19543,39140,70,11,13
19544,39142,69,13,9
19545,39144,44,11,11
19546,39146,60,11,14
19547,39148,63,11,10
19548,39150,72,11,9
19549,39152,60,11,11
19550,39154,60,10,12
19551,39156,60,11,10
19552,39158,87,11,11
19553,39160,70,12,11
19554,39162,63,10,13
19555,39164,41,10,9
19556,39166,50,11,12
19557,39168,62,11,10
19558,39170,67,11,10
19559,39172,63,12,11
19560,39174,70,11,11
19561,39176,63,11,12
19562,39178,89,10,11
19563,39180,66,11,11
19564,39182,63,12,11
19565,39184,41,11,11
19566,39186,57,11,11
19567,39188,67,10,10
19568,39190,67,11,11
19569,39192,69,12,11
19570,39194,61,11,10
19571,39196,64,10,10
19572,39198,84,11,10
19573,39200,75,11,11
19574,39202,58,11,11
19575,39204,46,12,10
19576,39206,50,10,10
19577,39208,66,10,11
19578,39210,62,11,11
19579,39212,64,11,11
19580,39214,63,10,12
19581,39216,59,11,11
19582,39218,89,11,10
19583,39220,72,11,10
19584,39222,64,11,10
19585,39224,40,11,11
19586,39226,56,11,11
19587,39228,68,11,13
19588,39230,66,11,11
19589,39232,64,11,10
19590,39234,62,11,14
19591,39236,63,11,11
19592,39238,90,11,10
19593,39240,68,11,11
19594,39242,64,14,12
19595,39244,41,11,10
19596,39246,63,11,12
19597,39248,63,10,9
19598,39250,70,12,12
19599,39252,73,11,12
19600,39254,64,11,11
19601,39256,62,12,11
19602,39258,85,11,10
19603,39260,80,11,11
19604,39262,62,12,12
19605,39264,41,10,10
19606,39266,56,10,10
19607,39268,66,10,11
19608,39270,68,14,11
19609,39272,62,11,12
19610,39274,51,11,9
19611,39276,73,11,11
19612,39278,93,10,9
19613,39280,67,8,9
19614,39282,61,11,11
19615,39284,34,10,12
19616,39286,57,11,11
19617,39288,75,11,10
19618,39290,73,11,10
19619,39292,68,11,8
19620,39294,62,11,10
19621,39296,69,11,11
19622,39298,98,11,14
19623,39300,83,12,11
19624,39302,63,11,11
19625,39304,40,11,10
19626,39306,60,10,10
19627,39308,76,10,10
19628,39310,85,11,11
19629,39312,65,11,9
19630,39314,75,11,14
19631,39316,71,10,10
19632,39318,95,11,12
19633,39320,79,11,11
19634,39322,69,10,11
19635,39324,38,11,11
19636,39326,57,10,11
19637,39328,63,9,11
19638,39330,69,9,11
19639,39332,70,11,11
19640,39334,63,13,11
19641,39336,64,10,10
19642,39338,91,12,14
19643,39340,73,11,10
19644,39342,70,12,11
19645,39344,38,8,11
19646,39346,51,11,10
19647,39348,69,11,11
19648,39350,61,11,11
19649,39352,69,10,12
19650,39354,61,11,10
19651,39356,66,11,12
19652,39358,95,11,12
19653,39360,78,10,9
19654,39362,69,10,10
19655,39364,45,10,10
19656,39366,51,11,11
19657,39368,69,12,11
19658,39370,77,10,11
19659,39372,70,11,11
19660,39374,64,11,11
19661,39376,72,11,11
19662,39378,89,11,10
19663,39380,73,11,12
19664,39382,70,11,9
19665,39384,45,11,10
19666,39386,55,10,11
19667,39388,67,11,11
19668,39390,66,10,11
19669,39392,68,11,9
19670,39394,63,11,9
19671,39396,73,11,12
19672,39398,88,11,10
19673,39400,67,11,12
19674,39402,67,11,12
19675,39404,40,11,9
19676,39406,58,11,12
19677,39408,60,11,10
19678,39410,64,10,11
19679,39412,69,10,12
19680,39414,68,11,11
19681,39416,74,11,12
19682,39418,96,12,12
19683,39420,79,11,12
19684,39422,62,11,11
19685,39424,43,10,11
19686,39426,48,10,11
19687,39428,75,11,12
19688,39430,65,12,11
19689,39432,68,11,10
19690,39434,65,8,10
19691,39436,74,10,11
19692,39438,97,12,11
19693,39440,81,12,12
19694,39442,74,11,12
19695,39444,37,11,11
19696,39446,53,11,11
19697,39448,79,10,10
19698,39450,62,11,10
19699,39452,64,11,11
19700,39454,66,11,10
19701,39456,66,11,11
19702,39458,90,11,11
19703,39460,76,11,10
19704,39462,72,10,11
19705,39464,42,10,11
19706,39466,50,11,11
19707,39468,63,12,10
19708,39470,62,11,11
19709,39472,70,10,10
19710,39474,78,10,10
19711,39476,73,11,11
19712,39478,95,11,11
19713,39480,71,12,12
19714,39482,70,10,11
19715,39484,46,11,11
19716,39486,51,11,11
19717,39488,62,11,11
19718,39490,63,11,12
19719,39492,76,10,11
19720,39494,70,11,10
19721,39496,79,11,12
19722,39498,91,11,12
19723,39500,77,11,12
19724,39502,67,12,12
19725,39504,41,10,9
19726,39506,54,11,10
19727,39508,69,11,11
19728,39510,63,10,11
19729,39512,65,11,11
19730,39514,66,11,11
19731,39516,79,10,11
19732,39518,91,10,11
19733,39520,72,11,11
19734,39522,79,11,11
19735,39524,43,11,11
19736,39526,52,10,10
19737,39528,69,10,12
19738,39530,72,11,11
19739,39532,66,11,12
19740,39534,81,11,11
19741,39536,89,11,12
19742,39538,93,10,11
19743,39540,70,12,11
19744,39542,71,11,11
19745,39544,39,11,10
19746,39546,52,11,11
19747,39548,70,11,8
19748,39550,65,10,11
19749,39552,78,11,11
19750,39554,64,12,11
19751,39556,88,11,12
19752,39558,90,10,11
19753,39560,67,12,11
19754,39562,67,10,11
19755,39564,40,11,11
19756,39566,49,11,11
19757,39568,59,10,10
19758,39570,67,12,11
19759,39572,60,11,11
19760,39574,67,11,11
19761,39576,87,11,12
19762,39578,88,10,14
19763,39580,78,11,11
19764,39582,65,10,10
19765,39584,45,10,10
19766,39586,45,11,10
19767,39588,68,11,12
19768,39590,68,10,11
19769,39592,60,11,11
19770,39594,68,12,11
19771,39596,89,11,11
19772,39598,87,11,12
19773,39600,72,11,11
19774,39602,66,11,11
19775,39604,34,10,9
19776,39606,53,11,11
19777,39608,69,11,11
19778,39610,61,10,11
19779,39612,77,11,11
19780,39614,70,10,10
19781,39616,92,11,12
19782,39618,97,11,12
19783,39620,68,10,10
19784,39622,70,11,11
19785,39624,47,11,10
19786,39626,52,10,10
19787,39628,66,11,11
19788,39630,61,11,11
19789,39632,66,11,13
19790,39634,61,11,12
19791,39636,84,11,11
19792,39638,90,10,10
19793,39640,71,10,13
19794,39642,66,9,10
19795,39644,44,10,10
19796,39646,51,11,11
19797,39648,63,11,11
19798,39650,65,11,11
19799,39652,68,11,11
19800,39654,68,11,11
19801,39656,90,11,10
19802,39658,96,11,12
19803,39660,70,11,11
19804,39662,70,11,12
19805,39664,48,11,10
19806,39666,53,11,11
19807,39668,62,12,12
19808,39670,65,11,10
19809,39672,71,11,12
19810,39674,75,11,11
19811,39676,90,11,12
19812,39678,83,11,12
19813,39680,69,10,11
19814,39682,59,12,11
19815,39684,47,10,10
19816,39686,51,11,11
19817,39688,62,10,11
19818,39690,55,10,10
19819,39692,62,11,11
19820,39694,67,11,10
19821,39696,87,11,11
19822,39698,87,10,10
19823,39700,65,11,11
19824,39702,61,11,11
19825,39704,47,12,11
19826,39706,50,10,11
19827,39708,62,10,10
19828,39710,65,11,11
19829,39712,66,11,12
19830,39714,65,11,12
19831,39716,83,11,10
19832,39718,85,10,11
19833,39720,57,10,11
19834,39722,61,12,11
19835,39724,48,10,11
19836,39726,52,11,11
19837,39728,63,11,10
19838,39730,63,11,11
19839,39732,70,11,13
19840,39734,64,11,12
19841,39736,86,11,11
19842,39738,88,11,10
19843,39740,79,10,11
19844,39742,64,11,12
19845,39744,43,11,10
19846,39746,50,11,10
19847,39748,75,10,10
19848,39750,60,11,11
19849,39752,72,12,8
19850,39754,60,10,9
19851,39756,81,11,12
19852,39758,90,11,11
19853,39760,78,11,12
19854,39762,65,11,11
19855,39764,38,10,10
19856,39766,49,11,11
19857,39768,61,11,11
19858,39770,71,11,11
19859,39772,71,10,11
19860,39774,61,11,12
19861,39776,86,11,11
19862,39778,81,12,13
19863,39780,64,11,13
19864,39782,61,11,12
19865,39784,45,11,11
19866,39786,44,11,10
19867,39788,66,10,13
19868,39790,61,11,11
19869,39792,67,11,11
19870,39794,66,11,11
19871,39796,83,11,11
19872,39798,84,10,9
19873,39800,63,10,10
19874,39802,65,10,11
19875,39804,51,11,9
19876,39806,53,12,11
19877,39808,65,11,11
19878,39810,59,11,10
19879,39812,69,11,12
19880,39814,61,11,10
19881,39816,88,11,16
19882,39818,86,10,10
19883,39820,60,10,11
19884,39822,59,12,10
19885,39824,44,11,10
19886,39826,52,11,11
19887,39828,63,9,11
19888,39830,61,11,9
19889,39832,65,11,11
19890,39834,67,10,10
19891,39836,83,11,12
19892,39838,84,11,11
19893,39840,63,11,11
19894,39842,64,11,11
19895,39844,49,11,12
19896,39846,57,11,11
19897,39848,59,11,10
19898,39850,64,10,11
19899,39852,68,10,9
19900,39854,61,10,10
19901,39856,84,11,13
19902,39858,79,11,12
19903,39860,54,11,6
19904,39862,57,10,11
19905,39864,43,11,10
19906,39866,54,11,12
19907,39868,64,11,10
19908,39870,70,11,11
19909,39872,66,11,9
19910,39874,69,12,11
19911,39876,89,12,12
19912,39878,87,11,12
19913,39880,69,11,12
19914,39882,65,10,11
19915,39884,43,11,7
19916,39886,52,11,11
19917,39888,65,11,12
19918,39890,62,11,11
19919,39892,71,11,8
19920,39894,62,10,10
19921,39896,82,11,10
19922,39898,86,11,11
19923,39900,68,13,12
19924,39902,61,11,11
19925,39904,51,11,10
19926,39906,49,11,11
19927,39908,73,10,10
19928,39910,63,11,11
19929,39912,69,11,13
19930,39914,67,12,11
19931,39916,89,10,12
19932,39918,81,11,12
19933,39920,64,11,11
19934,39922,62,10,11
19935,39924,45,10,9
19936,39926,51,10,11
19937,39928,57,11,13
19938,39930,69,11,8
19939,39932,67,6,11
19940,39934,61,10,11
19941,39936,82,11,11
19942,39938,83,10,10
19943,39940,65,11,11
19944,39942,60,10,10
19945,39944,43,11,11
19946,39946,48,13,11
19947,39948,64,12,11
19948,39950,67,10,10
19949,39952,67,11,9
19950,39954,65,11,11
19951,39956,85,11,12
19952,39958,86,11,10
19953,39960,66,11,13
19954,39962,59,11,11
19955,39964,44,11,11
19956,39966,45,11,11
19957,39968,63,10,11
19958,39970,60,11,10
19959,39972,69,11,12
19960,39974,63,9,11
19961,39976,88,10,10
19962,39978,86,12,12
19963,39980,60,10,11
19964,39982,59,4,11
19965,39984,58,11,12
19966,39986,49,12,11
19967,39988,65,10,10
19968,39990,55,10,11
19969,39992,65,12,12
19970,39994,67,9,12
19971,39996,86,9,9
19972,39998,80,11,11
19973,40000,67,11,11
19974,40002,57,11,11
19975,40004,42,10,12
19976,40006,50,10,10
19977,40008,67,11,11
19978,40010,65,11,12
19979,40012,61,10,11
19980,40014,71,11,12
19981,40016,93,11,12
19982,40018,92,9,12
19983,40020,68,11,10
19984,40022,61,11,11
19985,40024,42,10,10
19986,40026,54,11,11
19987,40028,71,10,11
19988,40030,67,10,11
19989,40032,67,10,10
19990,40034,75,10,10
19991,40036,91,8,11
19992,40038,92,10,11
19993,40040,73,11,10
19994,40042,62,11,11
19995,40044,51,9,11
19996,40046,53,11,11
19997,40048,68,11,11
19998,40050,59,11,10
19999,40052,70,11,12
20000,40054,69,10,9
20001,40056,85,12,12
20002,40058,85,11,11
20003,40060,72,11,13
20004,40062,72,11,11
20005,40064,46,10,10
20006,40066,56,11,10
20007,40068,69,11,11
20008,40070,64,11,11
20009,40072,64,10,11
20010,40074,72,11,12
20011,40076,91,11,11
20012,40078,86,12,10
20013,40080,65,11,11
20014,40082,65,10,11
20015,40084,45,9,10
20016,40086,51,11,11
20017,40088,67,11,12
20018,40090,65,11,11
20019,40092,65,11,11
20020,40094,69,11,10
20021,40096,90,11,10
20022,40098,85,12,12
20023,40100,77,10,11
20024,40102,65,11,11
20025,40104,52,10,10
20026,40106,44,10,8
20027,40108,60,10,10
20028,40110,68,11,11
20029,40112,71,11,11
20030,40114,74,11,11
20031,40116,95,11,11
20032,40118,92,11,11
20033,40120,67,11,9
20034,40122,62,11,10
20035,40124,48,11,10
20036,40126,49,11,11
20037,40128,70,11,11
20038,40130,66,11,12
20039,40132,75,11,11
20040,40134,65,10,10
20041,40136,102,11,11
20042,40138,94,11,12
20043,40140,71,11,11
20044,40142,58,11,11
20045,40144,44,11,9
20046,40146,53,10,9
20047,40148,67,11,10
20048,40150,67,12,11
20049,40152,68,10,11
20050,40154,75,11,11
20051,40156,94,11,12
20052,40158,93,11,11
20053,40160,72,12,11
20054,40162,63,10,11
20055,40164,42,11,10
20056,40166,56,10,12
20057,40168,71,10,10
20058,40170,64,10,8
20059,40172,69,10,11
20060,40174,88,11,11
20061,40176,94,10,12
20062,40178,96,11,11
20063,40180,72,11,12
20064,40182,59,10,11
20065,40184,38,10,11
20066,40186,53,10,10
20067,40188,68,11,12
20068,40190,68,11,11
20069,40192,70,11,11
20070,40194,69,11,11
20071,40196,104,11,12
20072,40198,94,12,12
20073,40200,78,11,11
20074,40202,60,10,11
20075,40204,43,11,10
20076,40206,56,9,11
20077,40208,70,10,10
20078,40210,59,10,11
20079,40212,71,11,11
20080,40214,71,11,9
20081,40216,92,10,10
20082,40218,89,11,11
20083,40220,79,10,11
20084,40222,59,10,10
20085,40224,35,10,10
20086,40226,53,10,11
20087,40228,70,11,13
20088,40230,63,12,10
20089,40232,72,12,11
20090,40234,74,10,11
20091,40236,96,11,11
20092,40238,95,11,9
20093,40240,76,11,14
20094,40242,62,11,12
20095,40244,47,10,11
20096,40246,53,11,9
20097,40248,64,10,10
20098,40250,66,9,12
20099,40252,62,11,11
20100,40254,77,11,12
20101,40256,93,10,11
20102,40258,91,11,12
20103,40260,68,11,12
20104,40262,54,11,11
20105,40264,48,10,11
20106,40266,51,11,11
20107,40268,63,11,9
20108,40270,64,11,11
20109,40272,71,11,9
20110,40274,68,10,11
20111,40276,94,11,12
20112,40278,89,11,11
20113,40280,66,10,11
20114,40282,55,11,11
20115,40284,43,12,11
20116,40286,51,10,10
20117,40288,67,10,13
20118,40290,58,11,11
20119,40292,70,11,11
20120,40294,69,11,13
20121,40296,96,11,10
20122,40298,90,11,12
20123,40300,64,11,11
20124,40302,54,11,10
20125,40304,49,11,12
20126,40306,51,11,11
20127,40308,69,11,9
20128,40310,64,11,11
20129,40312,76,11,12
20130,40314,67,11,10
20131,40316,88,12,10
20132,40318,86,11,10
20133,40320,63,10,10
20134,40322,46,11,12
20135,40324,39,11,10
20136,40326,57,11,12
20137,40328,60,10,10
20138,40330,55,11,11
20139,40332,55,11,11
20140,40334,60,11,11
20141,40336,91,12,12
20142,40338,91,11,11
20143,40340,66,11,13
20144,40342,50,10,10
20145,40344,41,11,10
20146,40346,61,11,12
20147,40348,58,11,11
20148,40350,63,10,11
20149,40352,66,11,7
20150,40354,72,10,11
20151,40356,85,11,12
20152,40358,81,11,12
20153,40360,70,11,12
20154,40362,45,11,11
20155,40364,48,9,13
20156,40366,58,11,12
20157,40368,56,11,12
20158,40370,68,10,12
20159,40372,68,11,11
20160,40374,68,11,11
20161,40376,89,11,11
20162,40378,87,10,10
20163,40380,61,12,12
20164,40382,51,10,10
20165,40384,39,11,12
20166,40386,67,10,9
20167,40388,60,10,10
20168,40390,60,11,11
20169,40392,64,11,11
20170,40394,73,11,12
20171,40396,91,10,12
20172,40398,89,10,11
20173,40400,70,11,12
20174,40402,52,10,11
20175,40404,49,11,12
20176,40406,57,11,11
20177,40408,60,12,12
20178,40410,71,12,10
20179,40412,71,11,10
20180,40414,76,11,12
20181,40416,94,11,11
20182,40418,91,10,12
20183,40420,64,11,12
20184,40422,51,10,10
20185,40424,51,11,7
20186,40426,69,11,10
20187,40428,69,10,13
20188,40430,63,10,12
20189,40432,70,11,12
20190,40434,62,11,12
20191,40436,89,11,11
20192,40438,83,11,10
20193,40440,70,11,11
20194,40442,47,10,10
20195,40444,51,11,10
20196,40446,64,11,11
20197,40448,69,11,10
20198,40450,69,12,12
20199,40452,68,11,10
20200,40454,64,11,9
20201,40456,96,11,13
20202,40458,88,11,12
20203,40460,65,11,12
20204,40462,49,11,12
20205,40464,52,11,13
20206,40466,65,11,10
20207,40468,64,11,13
20208,40470,66,11,9
20209,40472,61,10,11
20210,40474,69,10,11
20211,40476,87,11,10
20212,40478,92,11,12
20213,40480,63,11,11
20214,40482,52,10,11
20215,40484,45,10,9
20216,40486,64,12,11
20217,40488,67,11,9
20218,40490,64,12,14
20219,40492,67,10,10
20220,40494,70,10,12
20221,40496,94,11,11
20222,40498,86,10,10
20223,40500,58,10,10
20224,40502,48,11,13
20225,40504,48,11,10
20226,40506,66,11,9
20227,40508,60,12,10
20228,40510,68,11,12
20229,40512,67,10,10
20230,40514,67,10,13
20231,40516,91,11,11
20232,40518,88,10,11
20233,40520,81,11,12
20234,40522,42,11,9
20235,40524,45,10,10
20236,40526,62,11,11
20237,40528,66,11,12
20238,40530,67,10,9
20239,40532,68,11,11
20240,40534,65,11,13
20241,40536,90,11,13
20242,40538,94,11,13
20243,40540,63,11,10
20244,40542,49,11,9
20245,40544,53,11,12
20246,40546,68,11,9
20247,40548,63,10,12
20248,40550,66,11,9
20249,40552,66,12,12
20250,40554,64,11,11
20251,40556,90,11,10
20252,40558,83,12,12
20253,40560,64,11,13
20254,40562,50,10,10
20255,40564,47,11,11
20256,40566,67,11,10
20257,40568,66,12,11
20258,40570,71,10,11
20259,40572,65,11,11
20260,40574,63,2,2
20261,40576,70,3,6
20262,40578,79,3,4
20263,40580,59,3,2
20264,40582,41,1,4
20265,40584,44,2,1
20266,40586,61,2,3
20267,40588,58,2,3
20268,40590,56,4,2
20269,40592,61,2,3
20270,40594,56,2,3
20271,40596,79,3,3
20272,40598,69,3,3
20273,40600,64,3,4
20274,40602,39,3,4
20275,40604,42,2,3
20276,40606,56,3,1
20277,40608,62,3,4
20278,40610,57,3,3
20279,40612,56,2,4
20280,40614,54,4,3
20281,40616,86,2,2
20282,40618,78,3,5
20283,40620,53,3,3
20284,40622,38,2,5
20285,40624,43,3,5
20286,40626,63,3,2
20287,40628,56,2,4
20288,40630,57,3,5
20289,40632,51,3,3
20290,40634,58,3,1
20291,40636,85,3,3
20292,40638,80,4,5
20293,40640,59,3,2
20294,40642,41,3,4
20295,40644,45,3,0
20296,40646,56,3,2
20297,40648,60,3,3
20298,40650,54,3,3
20299,40652,52,3,3
20300,40654,54,3,3
20301,40656,88,3,2
20302,40658,77,3,3
20303,40660,64,3,2
20304,40662,44,3,4
20305,40664,45,3,4
20306,40666,59,3,4
20307,40668,56,3,3
20308,40670,61,3,2
20309,40672,62,2,3
20310,40674,60,3,0
20311,40676,85,4,3
20312,40678,79,3,3
20313,40680,67,2,4
20314,40682,44,3,1
20315,40684,47,2,2
20316,40686,58,2,1
20317,40688,52,3,2
20318,40690,57,3,3
20319,40692,60,3,1
20320,40694,61,3,4
20321,40696,88,4,5
20322,40698,75,3,3
20323,40700,63,2,3
20324,40702,43,3,2
20325,40704,41,2,3
20326,40706,66,3,2
20327,40708,47,3,3
20328,40710,60,3,2
20329,40712,58,3,3
20330,40714,64,3,3
20331,40716,90,1,4
20332,40718,75,6,6
20333,40720,59,1,3
20334,40722,45,2,2
20335,40724,47,3,2
20336,40726,65,1,2
20337,40728,58,3,3
20338,40730,62,3,3
20339,40732,58,3,4
20340,40734,61,3,3
20341,40736,96,3,3
20342,40738,83,3,4
20343,40740,66,3,3
20344,40742,43,2,3
20345,40744,46,2,2
20346,40746,53,3,4
20347,40748,63,1,2
20348,40750,58,3,3
20349,40752,61,3,3
20350,40754,60,3,2
20351,40756,90,4,4
20352,40758,80,3,3
20353,40760,68,3,2
20354,40762,42,3,3
20355,40764,39,2,2
20356,40766,60,6,4
20357,40768,55,2,2
20358,40770,61,3,1
20359,40772,54,3,3
20360,40774,64,3,4
20361,40776,92,3,4
20362,40778,81,3,2
20363,40780,69,3,3
20364,40782,41,2,2
20365,40784,41,3,3
20366,40786,58,3,1
20367,40788,64,2,4
20368,40790,57,3,2
20369,40792,62,3,2
20370,40794,70,2,2
20371,40796,84,3,4
20372,40798,75,3,6
20373,40800,62,3,1
20374,40802,44,3,3
20375,40804,40,2,2
20376,40806,60,4,3
20377,40808,53,2,3
20378,40810,57,3,5
20379,40812,67,3,3
20380,40814,61,4,2
20381,40816,86,2,2
20382,40818,81,3,2
20383,40820,64,3,3
20384,40822,44,3,2
20385,40824,32,3,3
20386,40826,55,3,3
20387,40828,56,3,2
20388,40830,60,3,4
20389,40832,61,7,2
20390,40834,56,3,3
20391,40836,84,3,3
20392,40838,84,3,4
20393,40840,65,3,3
20394,40842,38,0,6
20395,40844,40,2,3
20396,40846,59,3,2
20397,40848,50,3,3
20398,40850,58,2,3
20399,40852,54,3,2
20400,40854,60,2,2
20401,40856,90,3,4
20402,40858,87,3,2
20403,40860,66,3,1
20404,40862,40,2,2
20405,40864,38,3,3
20406,40866,67,3,3
20407,40868,59,3,4
20408,40870,66,3,2
20409,40872,57,2,3
20410,40874,60,3,2
20411,40876,91,3,4
20412,40878,85,3,3
20413,40880,65,4,1
20414,40882,41,3,1
20415,40884,36,2,5
20416,40886,70,2,3
20417,40888,57,2,2
20418,40890,65,3,2
20419,40892,63,4,2
20420,40894,63,3,1
20421,40896,92,3,0
20422,40898,80,3,3
20423,40900,77,2,2
20424,40902,41,3,2
20425,40904,39,2,2
20426,40906,62,3,1
20427,40908,62,2,4
20428,40910,62,3,4
20429,40912,61,4,3
20430,40914,59,3,2
20431,40916,93,3,2
20432,40918,82,3,2
20433,40920,64,4,3
20434,40922,42,3,2
20435,40924,36,3,2
20436,40926,55,3,3
20437,40928,53,6,3
20438,40930,56,12,3
20439,40932,79,15,2
20440,40934,73,16,3
20441,40936,95,15,2
20442,40938,106,19,3
20443,40940,93,20,4
20444,40942,26,20,3
20445,40944,36,20,1
20446,40946,47,21,3
20447,40948,53,20,3
20448,40950,52,21,2
20449,40952,49,21,3
20450,40954,54,21,3
20451,40956,81,22,2
20452,40958,78,23,7
20453,40960,73,23,3
20454,40962,52,22,3
20455,40964,53,22,2
20456,40966,77,22,0
20457,40968,81,22,2
20458,40970,100,23,2
20459,40972,97,24,3
20460,40974,99,25,2
20461,40976,99,26,2
20462,40978,84,26,3
20463,40980,74,25,5
20464,40982,55,27,2
20465,40984,55,24,1
20466,40986,80,24,3
20467,40988,73,27,2
20468,40990,81,27,3
20469,40992,74,28,3
20470,40994,74,29,5
20471,40996,102,30,6
20472,40998,84,31,3
20473,41000,73,34,3
20474,41002,82,36,6
20475,41004,88,38,2
20476,41006,105,38,2
20477,41008,109,39,3
20478,41010,108,40,2
20479,41012,105,46,4
20480,41014,109,54,3
20481,41016,161,62,4
20482,41018,125,71,3
20483,41020,90,77,4
20484,41022,82,82,4
20485,41024,73,89,3
20486,41026,131,92,3
20487,41028,118,102,4
20488,41030,130,107,3
20489,41032,141,111,3
20490,41034,159,117,4
20491,41036,196,120,3
20492,41038,190,124,3
20493,41040,188,126,3
20494,41042,169,129,4
20495,41044,235,131,3
20496,41046,251,132,4
20497,41048,249,132,2
20498,41050,255,133,2
20499,41052,249,134,3
20500,41054,248,135,3
20501,41056,277,134,3
20502,41058,257,135,4
20503,41060,243,133,3
20504,41062,228,133,4
20505,41064,219,134,4
20506,41066,254,134,3
20507,41068,250,133,3
20508,41070,238,133,3
20509,41072,257,130,4
20510,41074,244,133,4
20511,41076,287,133,5
20512,41078,257,133,3
20513,41080,243,133,4
20514,41082,205,134,3
20515,41084,191,136,3
20516,41086,203,137,5
20517,41088,199,138,1
20518,41090,209,142,2
20519,41092,223,142,3
20520,41094,226,145,3
20521,41096,265,148,5
20522,41098,235,153,5
20523,41100,226,156,3
20524,41102,206,159,4
20525,41104,201,166,3
20526,41106,242,166,3
20527,41108,233,168,4
20528,41110,220,170,2
20529,41112,211,169,4
20530,41114,195,170,4
20531,41116,227,171,4
20532,41118,214,170,3
20533,41120,199,168,3
20534,41122,158,167,3
20535,41124,114,167,4
20536,41126,134,164,4
20537,41128,143,162,4
20538,41130,141,157,4
20539,41132,139,153,4
20540,41134,130,152,3
20541,41136,164,149,6
20542,41138,152,150,5
20543,41140,154,150,3
20544,41142,104,150,4
20545,41144,103,151,4
20546,41146,127,152,3
20547,41148,129,152,2
20548,41150,127,155,5
20549,41152,150,161,7
20550,41154,148,165,10
20551,41156,157,166,21
20552,41158,151,168,24
20553,41160,218,177,36
20554,41162,210,182,43
20555,41164,215,187,51
20556,41166,257,191,57
20557,41168,181,199,59
20558,41170,263,205,64
20559,41172,265,208,73
20560,41174,260,211,73
20561,41176,292,211,81
20562,41178,274,211,78
20563,41180,273,212,82
20564,41182,258,213,84
20565,41184,279,215,98
20566,41186,290,215,101
20567,41188,289,215,101
20568,41190,268,215,109
20569,41192,266,216,109
20570,41194,263,216,102
20571,41196,289,215,98
20572,41198,280,211,99
20573,41200,272,210,81
20574,41202,262,209,79
20575,41204,265,209,77
20576,41206,292,210,79
20577,41208,287,211,79
20578,41210,289,212,80
20579,41212,288,215,99
20580,41214,279,219,103
20581,41216,279,221,109
20582,41218,272,224,113
20583,41220,263,227,120
20584,41222,257,229,123
20585,41224,257,230,128
20586,41226,295,233,135
20587,41228,283,232,156
20588,41230,282,232,169
20589,41232,269,235,172
20590,41234,264,234,172
20591,41236,300,234,174
20592,41238,273,232,166
20593,41240,245,229,164
20594,41242,226,228,151
20595,41244,226,225,120
20596,41246,216,221,89
20597,41248,203,216,82
20598,41250,215,210,75
20599,41252,204,204,63
20600,41254,147,196,63
20601,41256,174,194,59
20602,41258,160,185,51
20603,41260,148,184,43
20604,41262,129,182,38
20605,41264,127,181,38
20606,41266,149,179,36
20607,41268,145,179,34
20608,41270,145,179,36
20609,41272,144,180,38
20610,41274,133,182,44
20611,41276,130,183,45
20612,41278,117,191,47
20613,41280,90,196,44
20614,41282,61,200,45
20615,41284,65,202,46
20616,41286,108,206,55
20617,41288,129,215,58
20618,41290,135,222,65
20619,41292,226,224,72
20620,41294,209,232,95
20621,41296,281,239,124
20622,41298,269,242,129
20623,41300,277,246,146
20624,41302,271,248,159
20625,41304,266,250,174
20626,41306,283,251,178
20627,41308,285,255,180
20628,41310,316,257,185
20629,41312,296,258,186
20630,41314,298,256,191
20631,41316,329,258,190
20632,41318,319,264,194
20633,41320,313,260,188
20634,41322,272,260,183
20635,41324,254,253,183
20636,41326,275,247,161
20637,41328,268,238,124
20638,41330,271,230,121
20639,41332,273,228,116
20640,41334,269,228,119
20641,41336,296,228,119
20642,41338,279,229,123
20643,41340,266,230,126
20644,41342,250,230,131
20645,41344,246,232,135
20646,41346,267,236,138
20647,41348,277,246,135
20648,41350,283,252,145
20649,41352,258,257,150
20650,41354,264,268,172
20651,41356,313,264,192
20652,41358,297,269,195
20653,41360,278,272,202
20654,41362,262,273,205
20655,41364,259,277,201
20656,41366,277,282,208
20657,41368,274,282,206
20658,41370,292,283,190
20659,41372,288,273,187
20660,41374,280,272,179
20661,41376,262,267,168
20662,41378,250,260,163
20663,41380,235,254,160
20664,41382,199,253,148
20665,41384,205,253,145
20666,41386,227,244,131
20667,41388,221,240,119
20668,41390,227,237,110
20669,41392,239,232,98
20670,41394,218,227,82
20671,41396,240,223,77
20672,41398,233,221,73
20673,41400,224,220,69
20674,41402,197,220,68
20675,41404,181,223,62
20676,41406,190,226,61
20677,41408,158,227,61
20678,41410,147,232,64
20679,41412,171,236,63
20680,41414,127,240,63
20681,41416,160,243,60
20682,41418,154,249,65
20683,41420,143,253,69
20684,41422,118,258,76
20685,41424,122,264,88
20686,41426,224,268,96
20687,41428,236,273,110
20688,41430,253,277,116
20689,41432,261,281,118
20690,41434,291,289,123
20691,41436,302,291,132
20692,41438,269,294,137
20693,41440,271,296,149
20694,41442,264,296,162
20695,41444,277,294,165
20696,41446,305,293,175
20697,41448,314,291,178
20698,41450,330,290,178
20699,41452,339,290,187
20700,41454,326,289,185
20701,41456,354,287,189
20702,41458,344,289,191
20703,41460,341,286,192
20704,41462,314,287,189
20705,41464,312,288,190
20706,41466,329,288,192
20707,41468,316,289,193
20708,41470,315,291,195
20709,41472,300,289,195
20710,41474,308,290,192
20711,41476,331,291,198
20712,41478,323,291,196
20713,41480,309,291,196
20714,41482,285,292,200
20715,41484,277,292,197
20716,41486,299,292,196
20717,41488,284,292,198
20718,41490,311,292,194
20719,41492,299,293,190
20720,41494,281,292,188
20721,41496,291,288,181
20722,41498,304,280,176
20723,41500,281,281,173
20724,41502,241,277,166
20725,41504,231,270,159
20726,41506,259,268,160
20727,41508,257,262,160
20728,41510,253,261,159
20729,41512,239,257,157
20730,41514,206,255,157
20731,41516,209,255,154
20732,41518,239,252,156
20733,41520,241,252,149
20734,41522,214,251,152
20735,41524,223,250,156
20736,41526,238,251,155
20737,41528,239,251,150
20738,41530,230,251,145
20739,41532,223,251,149
20740,41534,222,252,151
20741,41536,217,253,148
20742,41538,212,255,157
20743,41540,195,257,161
20744,41542,232,258,156
20745,41544,309,260,161
20746,41546,321,262,162
20747,41548,306,263,161
20748,41550,323,265,162
20749,41552,331,268,165
20750,41554,319,270,164
20751,41556,356,275,172
20752,41558,353,277,177
20753,41560,348,280,180
20754,41562,273,281,181
20755,41564,271,285,189
20756,41566,301,290,189
20757,41568,286,293,193
20758,41570,293,296,198
20759,41572,277,296,201
20760,41574,287,296,203
20761,41576,333,298,206
20762,41578,331,299,206
20763,41580,313,299,216
20764,41582,287,299,215
20765,41584,297,300,215
20766,41586,292,300,215
20767,41588,300,300,214
20768,41590,292,301,214
20769,41592,290,300,215
20770,41594,287,299,212
20771,41596,315,300,211
20772,41598,299,299,214
20773,41600,293,298,216
20774,41602,270,298,214
20775,41604,283,297,215
20776,41606,272,296,212
20777,41608,268,293,209
20778,41610,262,292,205
20779,41612,256,290,200
20780,41614,257,287,198
20781,41616,288,284,195
20782,41618,299,279,191
20783,41620,268,272,198
20784,41622,250,271,194
20785,41624,249,270,193
20786,41626,256,268,190
20787,41628,253,266,189
20788,41630,262,263,183
20789,41632,249,258,179
20790,41634,253,255,182
20791,41636,257,253,186
20792,41638,203,249,180
20793,41640,187,250,180
20794,41642,168,248,173
20795,41644,160,247,171
20796,41646,202,244,173
20797,41648,197,244,171
20798,41650,207,245,168
20799,41652,188,243,154
20800,41654,169,243,141
20801,41656,190,243,134
20802,41658,190,242,108
20803,41660,184,242,96
20804,41662,166,243,95
20805,41664,175,244,90
20806,41666,197,244,73
20807,41668,186,246,71
20808,41670,195,248,69
20809,41672,191,249,63
20810,41674,182,252,62
20811,41676,223,254,65
20812,41678,198,260,69
20813,41680,163,263,90
20814,41682,132,265,107
20815,41684,151,269,108
20816,41686,238,273,113
20817,41688,250,275,118
20818,41690,247,277,122
20819,41692,253,279,129
20820,41694,293,279,137
20821,41696,331,279,135
20822,41698,322,287,143
20823,41700,348,288,146
20824,41702,291,291,150
20825,41704,280,292,161
20826,41706,294,292,168
20827,41708,294,294,169
20828,41710,306,293,175
20829,41712,309,293,184
20830,41714,295,292,194
20831,41716,329,292,196
20832,41718,331,293,197
20833,41720,324,292,198
20834,41722,303,291,200
20835,41724,305,290,203
20836,41726,337,290,205
20837,41728,340,289,213
20838,41730,342,283,218
20839,41732,326,284,215
20840,41734,332,278,215
20841,41736,345,274,218
20842,41738,339,275,216
20843,41740,332,274,216
20844,41742,311,274,215
20845,41744,309,274,215
20846,41746,311,275,217
20847,41748,310,274,215
20848,41750,285,272,213
20849,41752,286,273,207
20850,41754,269,271,210
20851,41756,298,270,202
20852,41758,282,270,207
20853,41760,275,267,202
20854,41762,262,266,194
20855,41764,262,265,195
20856,41766,278,262,189
20857,41768,269,259,193
20858,41770,256,251,194
20859,41772,250,249,193
20860,41774,251,246,188
20861,41776,287,244,189
20862,41778,271,240,188
20863,41780,243,237,180
20864,41782,227,235,174
20865,41784,234,232,179
20866,41786,241,230,172
20867,41788,244,224,173
20868,41790,191,220,176
20869,41792,179,215,174
20870,41794,179,212,171
20871,41796,210,207,170
20872,41798,189,202,170
20873,41800,193,201,174
20874,41802,180,198,165
20875,41804,188,196,167
20876,41806,190,193,173
20877,41808,162,194,170
20878,41810,149,193,173
20879,41812,143,193,168
20880,41814,154,193,164
20881,41816,172,193,156
20882,41818,173,194,157
20883,41820,157,193,147
20884,41822,135,195,155
20885,41824,146,195,134
20886,41826,161,197,123
20887,41828,179,199,140
20888,41830,179,202,141
20889,41832,194,203,133
20890,41834,186,207,117
20891,41836,225,211,116
20892,41838,202,215,123
20893,41840,204,218,120
20894,41842,185,221,118
20895,41844,189,223,116
20896,41846,199,226,120
20897,41848,210,229,119
20898,41850,208,231,120
20899,41852,279,234,123
20900,41854,269,234,129
20901,41856,298,237,137
20902,41858,230,240,135
20903,41860,218,240,136
20904,41862,258,242,142
20905,41864,264,242,139
20906,41866,278,249,148
20907,41868,282,250,158
20908,41870,287,254,158
20909,41872,287,253,160
20910,41874,281,255,162
20911,41876,326,256,166
20912,41878,313,256,168
20913,41880,305,256,174
20914,41882,288,254,175
20915,41884,300,255,177
20916,41886,321,255,181
20917,41888,318,252,185
20918,41890,340,250,190
20919,41892,340,247,187
20920,41894,319,244,178
20921,41896,358,243,175
20922,41898,342,240,175
20923,41900,333,239,174
20924,41902,321,238,176
20925,41904,328,238,176
20926,41906,336,238,172
20927,41908,333,238,171
20928,41910,336,238,170
20929,41912,338,238,175
20930,41914,326,238,177
20931,41916,348,237,178
20932,41918,322,238,175
20933,41920,308,239,177
20934,41922,268,240,182
20935,41924,282,239,182
20936,41926,306,239,181
20937,41928,270,239,163
20938,41930,282,239,169
20939,41932,273,239,168
20940,41934,264,239,173
20941,41936,310,239,173
20942,41938,285,238,173
20943,41940,269,236,173
20944,41942,238,235,173
20945,41944,224,233,170
20946,41946,216,232,169
20947,41948,229,231,146
20948,41950,228,227,144
20949,41952,231,225,125
20950,41954,225,222,123
20951,41956,244,218,119
20952,41958,177,214,113
20953,41960,166,208,111
20954,41962,150,207,109
20955,41964,147,206,108
20956,41966,159,199,105
20957,41968,169,196,101
20958,41970,163,193,101
20959,41972,163,191,100
20960,41974,152,191,100
20961,41976,186,190,98
20962,41978,164,189,93
20963,41980,167,190,87
20964,41982,136,189,86
20965,41984,144,193,80
20966,41986,165,191,78
20967,41988,161,194,77
20968,41990,116,193,79
20969,41992,174,193,76
20970,41994,132,199,72
20971,41996,166,203,75
20972,41998,132,205,72
20973,42000,151,210,70
20974,42002,92,216,69
20975,42004,110,219,73
20976,42006,124,223,75
20977,42008,140,228,81
20978,42010,161,232,84
20979,42012,156,234,90
20980,42014,231,235,101
20981,42016,278,237,106
20982,42018,262,240,113
20983,42020,276,243,121
20984,42022,272,244,137
20985,42024,213,245,137
20986,42026,281,252,150
20987,42028,285,254,148
20988,42030,296,256,147
20989,42032,280,256,150
20990,42034,301,256,154
20991,42036,309,256,152
20992,42038,298,255,160
20993,42040,297,255,161
20994,42042,285,253,173
20995,42044,301,250,170
20996,42046,324,247,167
20997,42048,326,241,166
20998,42050,328,236,163
20999,42052,330,234,149
21000,42054,325,231,148
21001,42056,319,229,143
21002,42058,307,228,144
21003,42060,293,227,146
21004,42062,270,230,144
21005,42064,278,227,145
21006,42066,290,225,144
21007,42068,292,226,145
21008,42070,284,228,148
21009,42072,296,228,147
21010,42074,287,228,148
21011,42076,317,231,157
21012,42078,281,230,148
21013,42080,284,231,150
21014,42082,245,231,150
21015,42084,253,233,145
21016,42086,280,233,149
21017,42088,266,233,149
21018,42090,262,233,162
21019,42092,243,232,139
21020,42094,248,232,149
21021,42096,269,232,140
21022,42098,253,231,136
21023,42100,239,230,135
21024,42102,182,228,134
21025,42104,199,229,131
21026,42106,215,228,128
21027,42108,229,226,120
21028,42110,228,223,115
21029,42112,227,221,117
21030,42114,187,220,111
21031,42116,196,214,117
21032,42118,180,215,115
21033,42120,162,212,107
21034,42122,136,208,105
21035,42124,149,205,108
21036,42126,164,202,105
21037,42128,157,201,104
21038,42130,148,197,103
21039,42132,156,197,100
21040,42134,158,195,102
21041,42136,182,195,101
21042,42138,161,195,100
21043,42140,163,194,98
21044,42142,132,195,101
21045,42144,141,195,87
21046,42146,141,195,79
21047,42148,152,198,78
21048,42150,159,197,82
21049,42152,164,200,81
21050,42154,181,202,73
21051,42156,197,206,73
21052,42158,181,208,76
21053,42160,178,210,74
21054,42162,142,214,83
21055,42164,167,217,87
21056,42166,185,221,88
21057,42168,175,226,87
21058,42170,178,227,92
21059,42172,178,230,101
21060,42174,190,233,110
21061,42176,219,234,119
21062,42178,202,236,123
21063,42180,196,239,129
21064,42182,224,239,134
21065,42184,242,244,147
21066,42186,197,246,158
21067,42188,207,248,162
21068,42190,270,250,166
21069,42192,265,251,176
21070,42194,283,253,172
21071,42196,305,252,177
21072,42198,291,252,186
21073,42200,295,253,185
21074,42202,260,253,187
21075,42204,275,252,186
21076,42206,287,251,191
21077,42208,286,250,186
21078,42210,290,246,190
21079,42212,286,242,181
21080,42214,290,240,180
21081,42216,303,238,180
21082,42218,270,237,170
21083,42220,269,236,178
21084,42222,253,236,177
21085,42224,252,236,182
21086,42226,258,235,181
21087,42228,266,236,184
21088,42230,252,236,183
21089,42232,256,236,184
21090,42234,260,235,185
21091,42236,279,236,190
21092,42238,257,236,192
21093,42240,253,237,191
21094,42242,243,237,192
21095,42244,235,236,189
21096,42246,244,237,188
21097,42248,249,236,181
21098,42250,245,236,176
21099,42252,229,234,179
21100,42254,240,236,179
21101,42256,250,232,177
21102,42258,238,231,183
21103,42260,222,231,180
21104,42262,189,227,176
21105,42264,168,223,173
21106,42266,181,220,167
21107,42268,174,214,153
21108,42270,168,210,148
21109,42272,163,206,145
21110,42274,172,202,145
21111,42276,190,196,142
21112,42278,172,191,123
21113,42280,165,189,113
21114,42282,145,182,112
21115,42284,148,175,110
21116,42286,136,175,109
21117,42288,142,173,108
21118,42290,140,171,97
21119,42292,137,172,92
21120,42294,139,172,82
21121,42296,158,173,81
21122,42298,135,173,79
21123,42300,140,173,90
21124,42302,109,174,78
21125,42304,125,178,76
21126,42306,131,183,77
21127,42308,133,186,77
21128,42310,131,190,77
21129,42312,153,195,75
21130,42314,174,199,83
21131,42316,203,205,84
21132,42318,189,208,87
21133,42320,183,214,89
21134,42322,138,220,95
21135,42324,158,226,125
21136,42326,175,228,125
21137,42328,168,230,134
21138,42330,205,236,136
21139,42332,278,237,151
21140,42334,298,239,153
21141,42336,294,247,162
21142,42338,277,251,168
21143,42340,288,252,165
21144,42342,275,255,169
21145,42344,231,258,172
21146,42346,290,259,190
21147,42348,285,261,190
21148,42350,297,262,193
21149,42352,296,260,193
21150,42354,304,261,195
21151,42356,307,260,196
21152,42358,294,259,192
21153,42360,285,259,189
21154,42362,268,258,190
21155,42364,292,257,190
21156,42366,301,256,189
21157,42368,295,255,183
21158,42370,280,253,186
21159,42372,284,253,187
21160,42374,295,252,187
21161,42376,286,251,181
21162,42378,286,252,181
21163,42380,270,251,180
21164,42382,253,252,176
21165,42384,255,253,175
21166,42386,264,252,179
21167,42388,274,251,177
21168,42390,270,253,176
21169,42392,284,252,177
21170,42394,293,253,180
21171,42396,291,254,180
21172,42398,250,252,182
21173,42400,269,254,179
21174,42402,232,254,178
21175,42404,237,246,174
21176,42406,272,246,172
21177,42408,259,245,175
21178,42410,246,243,179
21179,42412,245,244,177
21180,42414,245,243,176
21181,42416,246,241,177
21182,42418,231,243,178
21183,42420,234,238,175
21184,42422,222,235,170
21185,42424,172,234,158
21186,42426,187,232,146
21187,42428,174,228,136
21188,42430,175,227,125
21189,42432,222,225,121
21190,42434,216,221,113
21191,42436,199,219,112
21192,42438,176,217,112
21193,42440,192,215,111
21194,42442,151,213,111
21195,42444,150,213,106
21196,42446,156,213,105
21197,42448,158,214,107
21198,42450,168,215,105
21199,42452,160,217,105
21200,42454,178,219,106
21201,42456,182,221,109
21202,42458,168,224,108
21203,42460,168,227,105
21204,42462,162,232,111
21205,42464,181,234,112
21206,42466,196,237,115
21207,42468,200,241,119
21208,42470,201,242,140
21209,42472,207,243,152
21210,42474,299,247,159
21211,42476,294,253,164
21212,42478,287,257,162
21213,42480,289,261,166
21214,42482,279,263,167
21215,42484,275,267,170
21216,42486,353,269,178
21217,42488,338,269,180
21218,42490,300,270,181
21219,42492,282,272,191
21220,42494,323,272,184
21221,42496,317,273,187
21222,42498,296,274,189
21223,42500,292,273,191
21224,42502,276,272,192
21225,42504,279,272,185
21226,42506,282,272,185
21227,42508,276,270,187
21228,42510,284,268,193
21229,42512,282,266,192
21230,42514,285,265,187
21231,42516,282,263,192
21232,42518,270,261,191
21233,42520,267,260,178
21234,42522,236,259,179
21235,42524,261,259,178
21236,42526,280,258,176
21237,42528,286,259,175
21238,42530,283,258,175
21239,42532,287,258,175
21240,42534,304,259,176
21241,42536,305,259,176
21242,42538,293,258,176
21243,42540,279,260,179
21244,42542,263,259,177
21245,42544,261,259,178
21246,42546,257,259,181
21247,42548,255,260,178
21248,42550,257,260,184
21249,42552,253,258,187
21250,42554,269,258,182
21251,42556,272,256,183
21252,42558,262,249,185
21253,42560,239,248,186
21254,42562,230,248,186
21255,42564,227,246,188
21256,42566,234,245,191
21257,42568,249,244,185
21258,42570,248,242,178
21259,42572,248,241,173
21260,42574,216,239,172
21261,42576,212,238,171
21262,42578,192,235,162
21263,42580,182,235,154
21264,42582,170,233,150
21265,42584,169,232,156
21266,42586,181,231,157
21267,42588,190,230,148
21268,42590,185,229,144
21269,42592,189,228,139
21270,42594,250,228,131
21271,42596,237,228,130
21272,42598,184,228,134
21273,42600,190,229,139
21274,42602,158,232,131
21275,42604,166,233,129
21276,42606,174,235,127
21277,42608,194,235,120
21278,42610,194,238,117
21279,42612,203,239,139
21280,42614,227,241,145
21281,42616,227,243,146
21282,42618,211,245,142
21283,42620,216,246,155
21284,42622,252,248,153
21285,42624,265,251,158
21286,42626,274,255,173
21287,42628,279,259,172
21288,42630,277,261,172
21289,42632,294,263,179
21290,42634,365,266,183
21291,42636,359,267,184
21292,42638,331,268,185
21293,42640,284,270,185
21294,42642,258,270,183
21295,42644,268,270,187
21296,42646,277,271,185
21297,42648,294,270,183
21298,42650,285,271,186
21299,42652,284,271,187
21300,42654,302,272,185
21301,42656,296,271,186
21302,42658,289,270,184
21303,42660,253,270,195
21304,42662,240,269,193
21305,42664,248,268,193
21306,42666,260,267,189
21307,42668,262,266,190
21308,42670,262,265,188
21309,42672,258,264,186
21310,42674,286,265,189
21311,42676,279,265,187
21312,42678,264,265,187
21313,42680,270,264,186
21314,42682,237,264,187
21315,42684,252,264,186
21316,42686,268,263,186
21317,42688,265,264,186
21318,42690,245,263,187
21319,42692,257,264,187
21320,42694,273,262,189
21321,42696,273,264,190
21322,42698,264,261,186
21323,42700,263,261,182
21324,42702,243,259,182
21325,42704,257,258,173
21326,42706,252,248,174
21327,42708,252,248,172
21328,42710,251,251,181
21329,42712,259,246,180
21330,42714,250,248,180
21331,42716,241,243,170
21332,42718,219,240,172
21333,42720,220,238,169
21334,42722,193,237,155
21335,42724,162,235,150
21336,42726,162,233,140
21337,42728,166,230,132
21338,42730,172,226,130
21339,42732,197,224,132
21340,42734,231,221,128
21341,42736,238,217,129
21342,42738,228,217,121
21343,42740,201,214,118
21344,42742,174,213,106
21345,42744,182,211,102
21346,42746,191,210,101
21347,42748,190,208,101
21348,42750,189,209,81
21349,42752,152,206,81
21350,42754,157,210,88
21351,42756,159,209,86
21352,42758,161,210,78
21353,42760,152,211,77
21354,42762,121,212,75
21355,42764,143,213,72
21356,42766,152,215,71
21357,42768,174,216,69
21358,42770,166,219,68
21359,42772,158,222,66
21360,42774,194,224,66
21361,42776,191,223,65
21362,42778,175,227,64
21363,42780,176,230,65
21364,42782,145,232,69
21365,42784,174,232,68
21366,42786,199,234,70
21367,42788,202,237,73
21368,42790,201,237,73
21369,42792,205,238,76
21370,42794,239,238,76
21371,42796,215,240,76
21372,42798,203,245,75
21373,42800,191,242,75
21374,42802,230,244,78
21375,42804,231,244,78
21376,42806,253,244,80
21377,42808,245,245,79
21378,42810,261,245,81
21379,42812,250,244,82
21380,42814,285,243,81
21381,42816,276,244,80
21382,42818,267,244,81
21383,42820,256,244,81
21384,42822,234,245,82
21385,42824,245,243,83
21386,42826,257,243,80
21387,42828,266,241,81
21388,42830,262,242,81
21389,42832,262,240,81
21390,42834,284,240,83
21391,42836,262,239,83
21392,42838,245,240,85
21393,42840,233,239,87
21394,42842,210,238,88
21395,42844,221,238,86
21396,42846,238,238,87
21397,42848,240,236,86
21398,42850,231,236,85
21399,42852,243,236,85
21400,42854,263,236,88
21401,42856,258,235,89
21402,42858,242,234,90
21403,42860,227,233,87
21404,42862,210,233,91
21405,42864,226,233,92
21406,42866,239,233,85
21407,42868,239,232,88
21408,42870,236,232,89
21409,42872,233,231,89
21410,42874,253,229,89
21411,42876,259,229,89
21412,42878,233,229,88
21413,42880,236,227,87
21414,42882,207,227,84
21415,42884,221,227,86
21416,42886,235,226,82
21417,42888,233,225,85
21418,42890,243,224,82
21419,42892,221,224,79
21420,42894,257,221,75
21421,42896,251,218,77
21422,42898,222,216,73
21423,42900,206,213,73
21424,42902,159,210,71
21425,42904,168,208,69
21426,42906,188,206,66
21427,42908,186,203,64
21428,42910,171,199,61
21429,42912,135,196,59
21430,42914,158,191,58
21431,42916,151,186,54
21432,42918,135,181,54
21433,42920,121,173,49
21434,42922,105,159,43
21435,42924,109,147,44
21436,42926,118,138,23
21437,42928,127,140,17
21438,42930,134,136,9
21439,42932,121,134,12
21440,42934,160,131,12
21441,42936,144,130,9
21442,42938,120,127,7
21443,42940,112,126,4
21444,42942,94,119,3
21445,42944,126,119,4
21446,42946,118,119,3
21447,42948,122,117,4
21448,42950,107,115,3
21449,42952,103,112,4
21450,42954,117,107,3
21451,42956,123,104,4
21452,42958,141,103,1
21453,42960,115,99,3
21454,42962,114,96,5
21455,42964,124,93,2
21456,42966,133,90,0
21457,42968,13,87,1
21458,42970,7,81,2
21459,42972,21,75,3
21460,42974,39,71,3
21461,42976,27,65,4
21462,42978,11,57,3
21463,42980,0,53,1
21464,42982,0,47,0
21465,42984,0,39,3
21466,42986,6,36,5
21467,42988,5,34,1
21468,42990,3,31,2
21469,42992,0,28,4
21470,42994,27,25,3
21471,42996,22,23,3
21472,42998,8,16,5
21473,43000,0,17,2
21474,43002,0,15,3
21475,43004,0,13,3
21476,43006,27,12,2
21477,43008,33,11,2
21478,43010,40,9,2
21479,43012,4,8,4
21480,43014,57,7,3
21481,43016,34,7,3
21482,43018,34,5,4
21483,43020,2,6,3
21484,43022,0,6,3
21485,43024,35,4,3
21486,43026,32,3,2
21487,43028,44,3,3
21488,43030,6,3,3
21489,43032,0,4,4
21490,43034,8,5,3
21491,43036,6,6,4
21492,43038,7,8,3
21493,43040,52,8,3
21494,43042,0,8,3
21495,43044,4,9,6
21496,43046,0,11,4
21497,43048,5,12,4
21498,43050,9,14,3
21499,43052,65,16,3
21500,43054,86,17,3
21501,43056,125,20,2
21502,43058,139,22,3
21503,43060,91,27,2
21504,43062,106,35,3
21505,43064,127,44,3
21506,43066,141,55,3
21507,43068,137,60,3
21508,43070,129,66,3
21509,43072,142,79,4
21510,43074,171,89,3
21511,43076,159,93,4
21512,43078,143,94,4
21513,43080,127,96,3
21514,43082,139,97,4
21515,43084,160,96,3
21516,43086,169,98,4
21517,43088,170,95,3
21518,43090,171,97,4
21519,43092,167,94,3
21520,43094,192,91,5
21521,43096,187,88,4
21522,43098,168,84,3
21523,43100,163,76,2
21524,43102,140,66,3
21525,43104,187,59,4
21526,43106,188,54,3
21527,43108,193,51,4
21528,43110,194,49,4
21529,43112,190,44,2
21530,43114,212,36,3
21531,43116,246,26,4
21532,43118,237,24,2
21533,43120,205,25,3
21534,43122,220,24,3
21535,43124,220,23,4
21536,43126,224,21,3
21537,43128,230,19,2
21538,43130,213,18,3
21539,43132,209,19,3
21540,43134,242,19,3
21541,43136,227,20,3
21542,43138,220,20,3
21543,43140,193,21,3
21544,43142,191,19,3
21545,43144,215,21,4
21546,43146,218,24,2
21547,43148,217,25,3
21548,43150,217,25,2
21549,43152,218,26,2
21550,43154,236,25,2
21551,43156,206,32,3
21552,43158,216,33,4
21553,43160,177,34,3
21554,43162,177,35,3
21555,43164,193,35,3
21556,43166,193,39,3
21557,43168,204,41,4
21558,43170,202,45,3
21559,43172,197,48,4
21560,43174,203,56,5
21561,43176,200,52,3
21562,43178,176,54,4
21563,43180,157,55,2
21564,43182,139,54,3
21565,43184,148,57,2
21566,43186,146,57,3
21567,43188,148,57,4
21568,43190,142,59,2
21569,43192,137,62,3
21570,43194,148,61,5
21571,43196,128,61,3
21572,43198,116,62,2
21573,43200,15,64,3
21574,43202,94,68,3
21575,43204,145,71,3
21576,43206,148,74,3
21577,43208,155,75,2
21578,43210,153,80,4
21579,43212,154,94,3
21580,43214,175,98,4
21581,43216,158,105,3
21582,43218,166,109,4
21583,43220,138,113,3
21584,43222,158,116,4
21585,43224,185,120,5
21586,43226,203,122,4
21587,43228,226,125,4
21588,43230,225,127,5
21589,43232,237,135,3
21590,43234,249,140,5
21591,43236,246,146,4
21592,43238,225,152,4
21593,43240,208,154,7
21594,43242,196,160,5
21595,43244,213,162,5
21596,43246,218,165,8
21597,43248,218,165,7
21598,43250,226,167,9
21599,43252,214,168,12
21600,43254,266,167,35
21601,43256,258,167,36
21602,43258,231,167,39
21603,43260,213,166,43
21604,43262,214,164,45
21605,43264,248,162,47
21606,43266,237,158,46
21607,43268,230,154,46
21608,43270,232,151,48
21609,43272,216,150,48
21610,43274,254,149,45
21611,43276,240,145,47
21612,43278,215,142,45
21613,43280,188,138,43
21614,43282,190,136,35
21615,43284,211,133,36
21616,43286,214,133,35
21617,43288,219,134,35
21618,43290,213,136,35
21619,43292,217,139,38
21620,43294,241,141,37
21621,43296,247,144,49
21622,43298,229,146,48
21623,43300,204,147,51
21624,43302,200,148,46
21625,43304,226,152,49
21626,43306,224,154,50
21627,43308,231,155,46
21628,43310,226,156,45
21629,43312,211,155,43
21630,43314,212,156,41
21631,43316,210,156,41
21632,43318,197,154,37
21633,43320,169,153,37
21634,43322,158,147,29
21635,43324,176,145,25
21636,43326,163,143,23
21637,43328,155,140,15
21638,43330,158,137,11
21639,43332,132,136,11
21640,43334,95,134,9
21641,43336,88,134,8
21642,43338,75,131,5
21643,43340,57,129,5
21644,43342,74,126,4
21645,43344,113,123,4
21646,43346,121,122,4
21647,43348,115,120,3
21648,43350,116,121,3
21649,43352,111,117,1
21650,43354,122,116,4
21651,43356,128,113,4
21652,43358,126,113,3
21653,43360,88,113,2
21654,43362,83,112,1
21655,43364,125,114,2
21656,43366,132,118,2
21657,43368,132,118,3
21658,43370,131,125,4
21659,43372,133,126,3
21660,43374,140,127,4
21661,43376,130,131,5
21662,43378,138,136,4
21663,43380,106,145,1
21664,43382,106,154,3
21665,43384,144,165,4
21666,43386,136,174,3
21667,43388,130,184,4
21668,43390,148,189,5
21669,43392,275,196,2
21670,43394,325,202,6
21671,43396,271,206,7
21672,43398,262,206,6
21673,43400,234,205,8
21674,43402,227,197,8
21675,43404,246,197,9
21676,43406,251,195,16
21677,43408,268,192,23
21678,43410,285,191,36
21679,43412,275,183,37
21680,43414,314,180,37
21681,43416,293,174,32
21682,43418,277,169,10
21683,43420,253,156,5
21684,43422,249,152,2
21685,43424,247,146,3
21686,43426,242,140,2
21687,43428,255,134,12
21688,43430,256,128,22
21689,43432,255,124,21
21690,43434,287,119,30
21691,43436,278,120,32
21692,43438,272,119,33
21693,43440,238,122,33
21694,43442,243,123,28
21695,43444,260,128,28
21696,43446,257,133,18
21697,43448,270,140,23
21698,43450,277,148,17
21699,43452,272,152,47
21700,43454,292,157,53
21701,43456,308,164,61
21702,43458,286,177,71
21703,43460,272,186,76
21704,43462,259,191,75
21705,43464,278,192,76
21706,43466,279,194,69
21707,43468,248,200,70
21708,43470,254,204,63
21709,43472,257,207,63
21710,43474,282,209,63
21711,43476,269,212,59
21712,43478,265,214,60
21713,43480,235,214,56
21714,43482,210,215,54
21715,43484,238,215,53
21716,43486,243,215,51
21717,43488,229,213,47
21718,43490,236,210,44
21719,43492,237,208,43
21720,43494,253,206,34
21721,43496,240,203,31
21722,43498,219,200,27
21723,43500,173,198,22
21724,43502,121,195,20
21725,43504,129,187,12
21726,43506,126,185,14
21727,43508,107,179,12
21728,43510,87,177,8
21729,43512,118,176,4
21730,43514,138,177,4
21731,43516,125,176,4
21732,43518,111,175,5
21733,43520,103,177,5
21734,43522,103,179,4
21735,43524,116,179,1
21736,43526,109,180,4
21737,43528,99,184,6
21738,43530,116,184,4
21739,43532,128,186,4
21740,43534,163,190,3
21741,43536,163,194,4
21742,43538,144,198,3
21743,43540,114,201,4
21744,43542,121,206,3
21745,43544,147,213,4
21746,43546,140,218,8
21747,43548,157,220,9
21748,43550,153,224,10
21749,43552,225,225,11
21750,43554,266,227,11
21751,43556,275,228,11
21752,43558,264,231,12
21753,43560,237,231,18
21754,43562,263,232,38
21755,43564,269,234,43
21756,43566,284,234,54
21757,43568,298,234,63
21758,43570,257,235,65
21759,43572,271,233,74
21760,43574,327,235,87
21761,43576,325,235,91
21762,43578,312,233,101
21763,43580,285,229,104
21764,43582,281,228,110
21765,43584,311,225,113
21766,43586,311,220,114
21767,43588,310,218,117
21768,43590,325,215,113
21769,43592,331,215,116
21770,43594,347,212,116
21771,43596,329,212,119
21772,43598,312,213,122
21773,43600,298,212,124
21774,43602,296,214,124
21775,43604,316,216,125
21776,43606,304,218,126
21777,43608,314,218,128
21778,43610,314,222,129
21779,43612,324,224,130
21780,43614,343,226,132
21781,43616,315,229,132
21782,43618,286,230,135
21783,43620,263,231,134
21784,43622,217,232,139
21785,43624,285,234,136
21786,43626,281,234,132
21787,43628,296,235,134
21788,43630,341,235,127
21789,43632,333,235,121
21790,43634,345,232,114
21791,43636,304,233,107
21792,43638,270,232,104
21793,43640,269,230,92
21794,43642,253,227,82
21795,43644,247,228,82
21796,43646,255,226,76
21797,43648,259,222,69
21798,43650,268,218,64
21799,43652,226,217,60
21800,43654,261,212,57
21801,43656,238,204,46
21802,43658,230,195,37
21803,43660,182,191,10
21804,43662,192,189,10
21805,43664,210,189,8
21806,43666,199,186,2
21807,43668,201,187,5
21808,43670,204,186,3
21809,43672,207,185,6
21810,43674,111,185,4
21811,43676,93,183,4
21812,43678,74,182,4
21813,43680,34,182,4
21814,43682,36,181,4
21815,43684,56,181,4
21816,43686,47,182,5
21817,43688,58,183,2
21818,43690,52,184,4
21819,43692,74,185,4
21820,43694,109,186,3
21821,43696,109,186,4
21822,43698,75,191,3
21823,43700,147,190,4
21824,43702,157,192,3
21825,43704,173,192,3
21826,43706,193,196,5
21827,43708,215,199,4
21828,43710,186,201,5
21829,43712,190,207,4
21830,43714,218,210,4
21831,43716,264,216,4
21832,43718,242,220,4
21833,43720,253,224,3
21834,43722,267,225,4
21835,43724,304,225,3
21836,43726,290,226,3
21837,43728,303,228,4
21838,43730,319,228,3
21839,43732,267,228,4
21840,43734,290,229,5
21841,43736,276,229,5
21842,43738,263,229,4
21843,43740,240,227,4
21844,43742,255,229,4
21845,43744,255,228,5
21846,43746,248,227,4
21847,43748,277,226,4
21848,43750,280,225,4
21849,43752,301,225,5
21850,43754,296,224,6
21851,43756,284,223,5
21852,43758,268,222,7
21853,43760,251,221,5
21854,43762,262,220,8
21855,43764,285,221,9
21856,43766,289,219,9
21857,43768,285,220,11
21858,43770,276,220,20
21859,43772,261,220,18
21860,43774,298,222,25
21861,43776,295,222,26
21862,43778,278,222,25
21863,43780,251,223,25
21864,43782,227,224,23
21865,43784,256,224,17
21866,43786,231,225,16
21867,43788,220,224,13
21868,43790,241,225,12
21869,43792,229,225,11
21870,43794,249,219,8
21871,43796,223,219,9
21872,43798,213,219,9
21873,43800,211,212,6
21874,43802,247,206,3
21875,43804,245,201,2
21876,43806,248,199,3
21877,43808,254,199,4
21878,43810,261,198,5
21879,43812,213,194,5
21880,43814,224,188,4
21881,43816,186,186,4
21882,43818,169,184,3
21883,43820,158,183,4
21884,43822,137,183,4
21885,43824,155,179,4
21886,43826,142,174,3
21887,43828,123,168,5
21888,43830,188,163,4
21889,43832,188,158,4
21890,43834,193,154,4
21891,43836,143,148,4
21892,43838,118,146,4
21893,43840,64,143,3
21894,43842,74,142,4
21895,43844,106,141,4
21896,43846,22,140,5
21897,43848,27,140,3
21898,43850,10,142,4
21899,43852,17,146,7
21900,43854,55,151,4
21901,43856,79,154,3
21902,43858,66,158,2
21903,43860,56,165,3
21904,43862,85,170,4
21905,43864,121,175,5
21906,43866,110,179,2
21907,43868,116,181,4
21908,43870,109,182,4
21909,43872,201,183,3
21910,43874,230,188,5
21911,43876,214,201,4
21912,43878,194,211,3
21913,43880,163,213,6
21914,43882,170,218,4
21915,43884,257,223,5
21916,43886,282,225,3
21917,43888,268,226,4
21918,43890,316,227,4
21919,43892,275,228,5
21920,43894,244,231,5
21921,43896,255,229,3
21922,43898,212,230,3
21923,43900,249,231,6
21924,43902,263,230,4
21925,43904,280,229,5
21926,43906,263,226,6
21927,43908,255,223,22
21928,43910,267,222,24
21929,43912,264,217,24
21930,43914,300,215,27
21931,43916,274,211,26
21932,43918,263,207,28
21933,43920,241,206,26
21934,43922,239,205,40
21935,43924,277,205,46
21936,43926,272,207,50
21937,43928,258,206,49
21938,43930,260,207,51
21939,43932,277,208,52
21940,43934,307,209,51
21941,43936,288,213,51
21942,43938,267,216,52
21943,43940,260,220,53
21944,43942,271,223,52
21945,43944,300,226,53
21946,43946,267,227,51
21947,43948,260,228,50
21948,43950,262,229,57
21949,43952,272,230,56
21950,43954,303,229,58
21951,43956,327,230,55
21952,43958,313,229,56
21953,43960,274,228,53
21954,43962,278,228,51
21955,43964,286,228,40
21956,43966,289,226,39
21957,43968,284,226,35
21958,43970,290,223,30
21959,43972,259,221,22
21960,43974,282,216,24
21961,43976,262,216,21
21962,43978,233,212,14
21963,43980,251,208,11
21964,43982,231,203,11
21965,43984,242,198,10
21966,43986,248,195,7
21967,43988,243,192,2
21968,43990,193,187,5
21969,43992,152,186,3
21970,43994,179,185,4
21971,43996,148,184,4
21972,43998,128,182,4
21973,44000,112,179,2
21974,44002,103,179,4
21975,44004,131,178,4
21976,44006,124,179,4
21977,44008,131,178,3
21978,44010,115,179,3
21979,44012,10,185,5
21980,44014,61,186,3
21981,44016,67,187,3
21982,44018,61,189,4
21983,44020,24,194,5
21984,44022,39,198,4
21985,44024,72,200,3
21986,44026,81,202,2
21987,44028,90,208,4
21988,44030,92,209,4
21989,44032,112,213,10
21990,44034,223,215,5
21991,44036,205,222,3
21992,44038,187,226,4
21993,44040,173,227,4
21994,44042,174,231,4
21995,44044,214,234,5
21996,44046,216,235,3
21997,44048,214,234,4
21998,44050,257,235,3
21999,44052,250,236,4
22000,44054,305,237,24
22001,44056,348,242,44
22002,44058,332,246,54
22003,44060,312,244,64
22004,44062,321,245,73
22005,44064,343,247,86
22006,44066,329,246,89
22007,44068,308,246,104
22008,44070,301,244,120
22009,44072,308,241,132
22010,44074,327,241,129
22011,44076,322,239,131
22012,44078,289,237,134
22013,44080,282,236,132
22014,44082,278,234,132
22015,44084,297,233,134
22016,44086,298,232,134
22017,44088,294,230,134
22018,44090,292,229,126
22019,44092,297,229,131
22020,44094,319,229,134
22021,44096,312,229,131
22022,44098,302,230,131
22023,44100,290,230,131
22024,44102,281,229,129
22025,44104,309,232,129
22026,44106,283,230,129
22027,44108,287,233,123
22028,44110,289,234,126
22029,44112,288,233,126
22030,44114,316,233,122
22031,44116,309,233,119
22032,44118,281,232,113
22033,44120,310,232,115
22034,44122,313,232,115
22035,44124,324,231,113
22036,44126,324,229,109
22037,44128,286,229,102
22038,44130,288,227,97
22039,44132,288,226,90
22040,44134,319,222,86
22041,44136,307,220,79
22042,44138,296,217,70
22043,44140,265,214,65
22044,44142,226,211,61
22045,44144,244,208,58
22046,44146,229,205,54
22047,44148,229,202,48
22048,44150,215,199,45
22049,44152,200,198,18
22050,44154,210,191,15
22051,44156,166,187,12
22052,44158,159,184,13
22053,44160,181,187,11
22054,44162,164,184,9
22055,44164,196,183,6
22056,44166,195,183,6
22057,44168,194,182,4
22058,44170,189,182,3
22059,44172,187,182,3
22060,44174,181,183,4
22061,44176,154,189,4
22062,44178,95,187,3
22063,44180,132,193,4
22064,44182,124,195,4
22065,44184,142,200,3
22066,44186,141,202,6
22067,44188,156,205,8
22068,44190,148,209,8
22069,44192,147,213,12
22070,44194,186,218,14
22071,44196,189,222,15
22072,44198,184,225,34
22073,44200,225,230,38
22074,44202,220,230,44
22075,44204,241,232,51
22076,44206,255,234,60
22077,44208,269,236,67
22078,44210,264,239,69
22079,44212,270,241,77
22080,44214,311,241,90
22081,44216,302,251,99
22082,44218,304,252,105
22083,44220,323,252,117
22084,44222,320,254,118
22085,44224,339,254,135
22086,44226,334,254,137
22087,44228,265,256,139
22088,44230,295,257,142
22089,44232,311,256,142
22090,44234,309,255,143
22091,44236,324,251,148
22092,44238,296,249,149
22093,44240,288,245,147
22094,44242,272,244,142
22095,44244,311,241,145
22096,44246,299,237,141
22097,44248,295,237,136
22098,44250,293,234,133
22099,44252,304,235,134
22100,44254,324,234,130
22101,44256,298,235,126
22102,44258,298,234,126
22103,44260,277,234,127
22104,44262,270,235,128
22105,44264,290,235,128
22106,44266,282,237,130
22107,44268,293,238,128
22108,44270,278,239,130
22109,44272,276,240,135
22110,44274,307,240,133
22111,44276,290,240,134
22112,44278,279,239,131
22113,44280,313,242,133
22114,44282,313,241,134
22115,44284,332,242,134
22116,44286,331,240,131
22117,44288,328,240,122
22118,44290,325,238,123
22119,44292,314,238,118
22120,44294,317,236,114
22121,44296,299,235,111
22122,44298,277,233,99
22123,44300,217,231,95
22124,44302,232,229,90
22125,44304,249,224,81
22126,44306,189,221,69
22127,44308,115,216,57
22128,44310,143,208,50
22129,44312,149,204,40
22130,44314,193,198,11
22131,44316,169,194,15
22132,44318,157,188,7
22133,44320,134,181,4
22134,44322,133,176,3
22135,44324,145,174,1
22136,44326,130,174,3
22137,44328,158,171,3
22138,44330,133,169,5
22139,44332,89,167,4
22140,44334,124,163,4
22141,44336,115,161,5
22142,44338,92,161,3
22143,44340,100,159,4
22144,44342,77,159,4
22145,44344,102,159,3
22146,44346,112,160,2
22147,44348,112,162,3
22148,44350,105,163,3
22149,44352,112,168,4
22150,44354,95,171,4
22151,44356,87,174,4
22152,44358,116,182,7
22153,44360,115,187,4
22154,44362,121,195,3
22155,44364,154,203,2
22156,44366,203,207,3
22157,44368,191,213,5
22158,44370,204,224,6
22159,44372,197,228,4
22160,44374,279,232,4
22161,44376,239,235,4
22162,44378,242,236,4
22163,44380,222,240,4
22164,44382,243,243,8
22165,44384,260,247,25
22166,44386,266,249,45
22167,44388,331,251,62
22168,44390,335,252,73
22169,44392,309,252,85
22170,44394,305,252,93
22171,44396,297,252,97
22172,44398,282,246,109
22173,44400,273,239,121
22174,44402,264,234,121
22175,44404,292,231,120
22176,44406,286,228,115
22177,44408,285,222,113
22178,44410,279,218,113
22179,44412,281,213,111
22180,44414,321,209,110
22181,44416,301,205,109
22182,44418,295,203,111
22183,44420,275,204,107
22184,44422,280,204,108
22185,44424,282,204,111
22186,44426,286,205,110
22187,44428,276,207,111
22188,44430,263,211,117
22189,44432,267,212,118
22190,44434,307,218,118
22191,44436,290,220,122
22192,44438,290,224,126
22193,44440,254,226,125
22194,44442,256,229,132
22195,44444,276,230,131
22196,44446,272,230,132
22197,44448,266,231,131
22198,44450,267,233,133
22199,44452,245,233,134
22200,44454,297,234,127
22201,44456,275,234,117
22202,44458,262,233,114
22203,44460,298,231,105
22204,44462,291,231,93
22205,44464,308,229,89
22206,44466,316,228,78
22207,44468,300,227,74
22208,44470,279,226,67
22209,44472,262,221,67
22210,44474,241,218,61
22211,44476,225,215,53
22212,44478,212,213,51
22213,44480,195,210,40
22214,44482,198,207,26
22215,44484,211,205,14
22216,44486,136,201,19
22217,44488,148,198,16
22218,44490,146,195,13
22219,44492,132,194,11
22220,44494,111,194,13
22221,44496,171,194,12
22222,44498,101,194,11
22223,44500,136,194,10
22224,44502,147,193,11
22225,44504,151,193,8
22226,44506,166,194,5
22227,44508,161,195,5
22228,44510,158,195,5
22229,44512,143,195,3
22230,44514,144,197,5
22231,44516,130,202,3
22232,44518,136,206,5
22233,44520,111,208,6
22234,44522,130,214,10
22235,44524,143,217,10
22236,44526,149,221,11
22237,44528,205,224,13
22238,44530,199,229,14
22239,44532,213,229,13
22240,44534,249,231,21
22241,44536,240,233,26
22242,44538,273,235,30
22243,44540,294,236,29
22244,44542,296,237,42
22245,44544,301,237,55
22246,44546,327,237,60
22247,44548,272,239,63
22248,44550,267,239,73
22249,44552,257,239,73
22250,44554,296,240,77
22251,44556,280,239,76
22252,44558,260,237,80
22253,44560,246,235,87
22254,44562,255,229,87
22255,44564,270,226,87
22256,44566,274,217,97
22257,44568,277,209,100
22258,44570,286,205,102
22259,44572,268,200,108
22260,44574,276,199,109
22261,44576,263,195,109
22262,44578,268,193,106
22263,44580,243,192,104
22264,44582,261,191,102
22265,44584,271,192,101
22266,44586,263,192,104
22267,44588,263,192,103
22268,44590,271,192,107
22269,44592,252,193,110
22270,44594,281,195,112
22271,44596,267,195,115
22272,44598,266,197,122
22273,44600,234,199,123
22274,44602,248,200,123
22275,44604,239,202,128
22276,44606,251,202,126
22277,44608,240,205,131
22278,44610,240,206,130
22279,44612,241,207,127
22280,44614,268,213,131
22281,44616,255,213,129
22282,44618,255,214,130
22283,44620,293,214,124
22284,44622,292,214,124
22285,44624,305,214,123
22286,44626,298,215,125
22287,44628,315,214,121
22288,44630,323,214,120
22289,44632,318,213,114
22290,44634,325,214,113
22291,44636,313,210,109
22292,44638,281,209,107
22293,44640,239,207,104
22294,44642,251,206,102
22295,44644,275,206,100
22296,44646,232,206,95
22297,44648,249,204,90
22298,44650,236,204,93
22299,44652,226,203,92
22300,44654,262,202,88
22301,44656,192,201,86
22302,44658,182,201,85
22303,44660,154,202,83
22304,44662,161,202,80
22305,44664,171,203,78
22306,44666,157,204,74
22307,44668,168,204,75
22308,44670,172,206,69
22309,44672,159,208,73
22310,44674,197,208,72
22311,44676,177,209,66
22312,44678,178,210,74
22313,44680,151,212,76
22314,44682,180,214,77
22315,44684,234,215,67
22316,44686,291,219,75
22317,44688,313,220,77
22318,44690,309,221,75
22319,44692,308,221,76
22320,44694,337,221,78
22321,44696,335,222,83
22322,44698,320,222,82
22323,44700,309,222,82
22324,44702,306,222,83
22325,44704,314,222,89
22326,44706,328,223,86
22327,44708,330,222,86
22328,44710,333,221,86
22329,44712,322,221,88
22330,44714,303,220,84
22331,44716,292,216,88
22332,44718,279,213,88
22333,44720,261,214,91
22334,44722,261,212,93
22335,44724,271,210,98
22336,44726,269,208,93
22337,44728,271,209,100
22338,44730,279,207,91
22339,44732,279,205,94
22340,44734,305,205,93
22341,44736,294,204,89
22342,44738,288,203,91
22343,44740,263,205,87
22344,44742,272,203,89
22345,44744,280,204,91
22346,44746,281,203,90
22347,44748,279,204,92
22348,44750,292,203,90
22349,44752,287,205,93
22350,44754,309,205,91
22351,44756,297,205,96
22352,44758,289,205,95
22353,44760,254,206,94
22354,44762,269,207,97
22355,44764,265,207,94
22356,44766,267,213,91
22357,44768,254,211,84
22358,44770,258,211,84
22359,44772,260,217,85
22360,44774,281,219,77
22361,44776,276,221,80
22362,44778,265,223,75
22363,44780,240,223,70
22364,44782,265,224,67
22365,44784,263,225,65
22366,44786,268,225,66
22367,44788,264,224,63
22368,44790,247,224,62
22369,44792,242,224,60
22370,44794,265,224,54
22371,44796,252,224,53
22372,44798,232,224,55
22373,44800,206,222,49
22374,44802,166,219,50
22375,44804,172,219,51
22376,44806,170,216,43
22377,44808,157,213,41
22378,44810,203,210,36
22379,44812,199,207,26
22380,44814,167,206,24
22381,44816,167,202,11
22382,44818,155,199,13
22383,44820,130,196,11
22384,44822,136,190,9
22385,44824,146,186,5
22386,44826,193,182,4
22387,44828,153,180,4
22388,44830,151,172,5
22389,44832,176,166,4
22390,44834,191,168,3
22391,44836,159,167,5
22392,44838,150,165,4
22393,44840,133,164,3
22394,44842,133,163,3
22395,44844,127,160,4
22396,44846,122,161,5
22397,44848,125,162,4
22398,44850,128,161,5
22399,44852,136,161,2
22400,44854,148,161,2
22401,44856,132,161,4
22402,44858,117,160,4
22403,44860,95,161,3
22404,44862,109,161,4
22405,44864,117,163,4
22406,44866,120,164,5
22407,44868,122,165,3
22408,44870,123,164,4
22409,44872,132,167,2
22410,44874,154,175,4
22411,44876,167,182,4
22412,44878,152,189,4
22413,44880,139,195,4
22414,44882,153,202,3
22415,44884,177,206,6
22416,44886,178,211,8
22417,44888,173,216,11
22418,44890,170,218,36
22419,44892,233,220,44
22420,44894,275,222,47
22421,44896,256,223,57
22422,44898,192,224,59
22423,44900,224,223,69
22424,44902,247,224,70
22425,44904,256,222,75
22426,44906,263,221,93
22427,44908,252,217,95
22428,44910,257,215,97
22429,44912,256,214,103
22430,44914,279,211,113
22431,44916,262,208,118
22432,44918,266,207,123
22433,44920,237,206,126
22434,44922,254,204,125
22435,44924,256,199,125
22436,44926,264,197,127
22437,44928,265,194,129
22438,44930,259,191,131
22439,44932,270,189,132
22440,44934,304,190,133
22441,44936,269,189,132
22442,44938,243,190,136
22443,44940,234,192,137
22444,44942,252,196,145
22445,44944,265,198,143
22446,44946,271,202,147
22447,44948,277,206,149
22448,44950,267,209,149
22449,44952,271,212,150
22450,44954,278,215,152
22451,44956,268,219,148
22452,44958,255,225,146
22453,44960,213,227,160
22454,44962,222,230,159
22455,44964,232,233,160
22456,44966,251,233,161
22457,44968,302,235,161
22458,44970,301,234,159
22459,44972,297,234,154
22460,44974,297,233,142
22461,44976,218,233,144
22462,44978,157,230,140
22463,44980,132,228,130
22464,44982,152,226,127
22465,44984,153,225,128
22466,44986,154,220,129
22467,44988,148,219,127
22468,44990,150,216,125
22469,44992,155,213,117
22470,44994,186,210,116
22471,44996,167,208,112
22472,44998,157,205,109
22473,45000,104,204,103
22474,45002,120,201,81
22475,45004,131,200,80
22476,45006,138,200,81
22477,45008,133,199,70
22478,45010,119,200,70
22479,45012,124,201,71
22480,45014,138,202,74
22481,45016,50,204,72
22482,45018,96,208,74
22483,45020,104,210,80
22484,45022,139,211,81
22485,45024,160,217,82
22486,45026,172,220,80
22487,45028,161,221,82
22488,45030,175,225,82
22489,45032,186,228,105
22490,45034,206,232,108
22491,45036,191,233,110
22492,45038,180,234,111
22493,45040,209,234,116
22494,45042,209,241,121
22495,45044,253,244,131
22496,45046,252,247,132
22497,45048,236,249,144
22498,45050,324,250,148
22499,45052,315,252,152
22500,45054,284,255,171
22501,45056,269,255,184
22502,45058,266,255,185
22503,45060,258,255,187
22504,45062,288,256,191
22505,45064,283,254,194
22506,45066,326,252,192
22507,45068,310,251,196
22508,45070,303,247,192
22509,45072,308,244,196
22510,45074,336,239,196
22511,45076,315,235,193
22512,45078,313,234,184
22513,45080,298,232,181
22514,45082,307,233,186
22515,45084,319,233,186
22516,45086,331,233,194
22517,45088,336,234,189
22518,45090,320,234,196
22519,45092,324,236,194
22520,45094,346,234,200
22521,45096,322,241,198
22522,45098,309,246,200
22523,45100,295,247,204
22524,45102,302,247,206
22525,45104,318,248,207
22526,45106,316,248,202
22527,45108,299,244,205
22528,45110,290,239,204
22529,45112,300,240,196
22530,45114,300,240,197
22531,45116,280,239,195
22532,45118,224,238,189
22533,45120,222,234,186
22534,45122,228,232,187
22535,45124,257,229,190
22536,45126,206,224,182
22537,45128,231,220,154
22538,45130,218,214,139
22539,45132,228,207,134
22540,45134,235,199,128
22541,45136,217,192,123
22542,45138,196,189,120
22543,45140,172,182,111
22544,45142,176,175,108
22545,45144,171,173,88
22546,45146,178,172,85
22547,45148,162,170,63
22548,45150,159,169,59
22549,45152,169,168,52
22550,45154,146,167,36
22551,45156,126,166,30
22552,45158,60,166,12
22553,45160,75,165,11
22554,45162,74,165,10
22555,45164,129,167,8
22556,45166,139,165,8
22557,45168,39,166,6
22558,45170,135,167,4
22559,45172,54,168,5
22560,45174,36,168,3
22561,45176,128,169,4
22562,45178,120,171,4
22563,45180,108,174,5
22564,45182,0,175,4
22565,45184,36,177,4
22566,45186,60,181,6
22567,45188,58,187,7
22568,45190,79,192,8
22569,45192,92,199,18
22570,45194,112,205,27
22571,45196,91,211,35
22572,45198,73,216,42
22573,45200,51,221,47
22574,45202,83,221,53
22575,45204,162,228,63
22576,45206,164,229,66
22577,45208,191,230,69
22578,45210,176,233,68
22579,45212,265,235,72
22580,45214,284,237,73
22581,45216,255,237,80
22582,45218,234,238,85
22583,45220,240,239,87
22584,45222,268,238,86
22585,45224,272,242,89
22586,45226,285,240,109
22587,45228,275,240,110
22588,45230,284,240,113
22589,45232,307,241,121
22590,45234,288,241,121
22591,45236,286,240,130
22592,45238,268,239,131
22593,45240,263,240,127
22594,45242,271,241,126
22595,45244,281,240,125
22596,45246,285,241,130
22597,45248,282,241,129
22598,45250,274,241,129
22599,45252,294,241,130
22600,45254,294,241,129
22601,45256,283,242,130
22602,45258,282,242,132
22603,45260,257,243,133
22604,45262,270,243,133
22605,45264,284,243,132
22606,45266,307,242,132
22607,45268,243,241,129
22608,45270,259,242,130
22609,45272,292,241,128
22610,45274,289,241,123
22611,45276,278,240,120
22612,45278,236,239,114
22613,45280,216,237,113
22614,45282,226,237,111
22615,45284,243,236,106
22616,45286,241,237,95
22617,45288,235,234,94
22618,45290,174,231,87
22619,45292,197,228,83
22620,45294,250,224,77
22621,45296,241,221,71
22622,45298,234,221,70
22623,45300,203,215,64
22624,45302,211,210,64
22625,45304,208,205,61
22626,45306,210,200,51
22627,45308,205,198,40
22628,45310,208,194,34
22629,45312,231,193,25
22630,45314,220,192,14
22631,45316,151,187,12
22632,45318,146,187,15
22633,45320,121,186,12
22634,45322,135,187,8
22635,45324,124,185,12
22636,45326,148,186,7
22637,45328,146,185,4
22638,45330,142,186,2
22639,45332,167,186,3
22640,45334,95,187,5
22641,45336,120,190,5
22642,45338,81,192,4
22643,45340,49,193,6
22644,45342,75,194,8
22645,45344,85,198,9
22646,45346,91,199,14
22647,45348,104,203,8
22648,45350,106,206,15
22649,45352,121,210,11
22650,45354,133,216,19
22651,45356,116,221,24
22652,45358,126,225,24
22653,45360,86,227,29
22654,45362,188,229,40
22655,45364,216,233,48
22656,45366,213,236,48
22657,45368,212,237,54
22658,45370,214,241,57
22659,45372,282,243,62
22660,45374,177,244,66
22661,45376,199,246,70
22662,45378,258,246,73
22663,45380,227,247,75
22664,45382,265,247,78
22665,45384,286,251,81
22666,45386,280,253,87
22667,45388,291,254,85
22668,45390,280,253,87
22669,45392,308,255,90
22670,45394,293,252,91
22671,45396,292,251,107
22672,45398,297,248,111
22673,45400,266,248,109
22674,45402,268,246,116
22675,45404,276,244,119
22676,45406,292,243,129
22677,45408,301,244,126
22678,45410,300,244,123
22679,45412,326,242,123
22680,45414,313,242,124
22681,45416,302,242,125
22682,45418,278,241,125
22683,45420,265,242,127
22684,45422,275,240,127
22685,45424,298,242,126
22686,45426,291,243,127
22687,45428,296,243,126
22688,45430,300,240,125
22689,45432,323,242,122
22690,45434,313,241,123
22691,45436,304,243,124
22692,45438,280,241,122
22693,45440,259,242,119
22694,45442,271,241,111
22695,45444,260,240,106
22696,45446,263,240,110
22697,45448,243,241,98
22698,45450,265,237,93
22699,45452,278,238,91
22700,45454,257,235,87
22701,45456,250,235,86
22702,45458,253,232,79
22703,45460,204,231,74
22704,45462,200,230,67
22705,45464,195,224,65
22706,45466,207,221,65
22707,45468,234,219,68
22708,45470,227,217,62
22709,45472,228,213,52
22710,45474,175,206,42
22711,45476,175,197,32
22712,45478,157,190,27
22713,45480,57,188,11
22714,45482,102,187,11
22715,45484,103,187,11
22716,45486,152,184,0
22717,45488,151,183,5
22718,45490,144,183,1
22719,45492,184,180,3
22720,45494,164,178,5
22721,45496,141,176,4
22722,45498,150,176,4
22723,45500,127,174,4
22724,45502,127,181,2
22725,45504,155,174,5
22726,45506,101,173,3
22727,45508,62,174,3
22728,45510,116,174,5
22729,45512,146,173,5
22730,45514,150,173,3
22731,45516,123,173,3
22732,45518,131,174,4
22733,45520,106,174,3
22734,45522,130,175,5
22735,45524,142,177,5
22736,45526,69,179,4
22737,45528,56,179,2
22738,45530,43,180,5
22739,45532,83,185,5
22740,45534,88,185,3
22741,45536,48,185,4
22742,45538,47,192,3
22743,45540,25,194,4
22744,45542,54,204,5
22745,45544,62,209,5
22746,45546,90,215,4
22747,45548,76,217,3
22748,45550,183,222,4
22749,45552,209,227,7
22750,45554,218,231,9
22751,45556,212,233,9
22752,45558,187,232,9
22753,45560,53,236,14
22754,45562,122,237,28
22755,45564,168,238,32
22756,45566,152,238,36
22757,45568,239,239,37
22758,45570,256,239,42
22759,45572,294,238,45
22760,45574,270,238,50
22761,45576,233,239,50
22762,45578,273,237,49
22763,45580,244,238,54
22764,45582,231,236,56
22765,45584,268,234,57
22766,45586,281,234,58
22767,45588,282,234,56
22768,45590,273,234,57
22769,45592,310,234,59
22770,45594,299,233,58
22771,45596,288,233,58
22772,45598,269,233,60
22773,45600,262,234,59
22774,45602,270,232,60
22775,45604,279,233,64
22776,45606,295,233,70
22777,45608,297,234,70
22778,45610,289,233,68
22779,45612,312,233,73
22780,45614,305,233,72
22781,45616,282,234,72
22782,45618,280,233,71
22783,45620,253,233,76
22784,45622,247,233,72
22785,45624,243,233,76
22786,45626,239,232,72
22787,45628,239,229,69
22788,45630,233,229,69
22789,45632,317,227,71
22790,45634,272,227,70
22791,45636,244,224,63
22792,45638,229,220,63
22793,45640,215,217,59
22794,45642,215,214,53
22795,45644,226,211,45
22796,45646,211,205,38
22797,45648,215,199,26
22798,45650,141,190,14
22799,45652,162,184,14
22800,45654,161,180,11
22801,45656,123,177,9
22802,45658,115,174,4
22803,45660,64,172,3
22804,45662,86,169,3
22805,45664,98,166,5
22806,45666,72,160,4
22807,45668,78,155,5
22808,45670,83,149,3
22809,45672,115,146,5
22810,45674,82,140,3
22811,45676,99,137,4
22812,45678,92,134,4
22813,45680,83,132,4
22814,45682,87,128,4
22815,45684,96,125,3
22816,45686,95,125,5
22817,45688,87,123,2
22818,45690,77,119,4
22819,45692,102,117,4
22820,45694,94,116,5
22821,45696,85,115,4
22822,45698,82,114,2
22823,45700,70,115,3
22824,45702,80,115,3
22825,45704,92,113,3
22826,45706,96,116,5
22827,45708,93,118,4
22828,45710,100,119,3
22829,45712,109,122,4
22830,45714,114,122,2
22831,45716,114,127,3
22832,45718,100,128,3
22833,45720,88,130,4
22834,45722,89,133,4
22835,45724,107,135,4
22836,45726,106,138,3
22837,45728,109,139,3
22838,45730,86,141,1
22839,45732,112,144,5
22840,45734,122,147,3
22841,45736,111,150,4
22842,45738,96,152,5
22843,45740,80,154,3
22844,45742,131,160,4
22845,45744,134,163,5
22846,45746,134,166,4
22847,45748,145,168,3
22848,45750,146,174,3
22849,45752,186,180,5
22850,45754,184,186,5
22851,45756,225,188,4
22852,45758,225,192,4
22853,45760,220,194,2
22854,45762,229,197,3
22855,45764,245,197,3
22856,45766,260,195,3
22857,45768,245,197,3
22858,45770,175,196,3
22859,45772,210,193,4
22860,45774,205,189,5
22861,45776,190,178,4
22862,45778,175,172,4
22863,45780,162,171,3
22864,45782,205,169,2
22865,45784,238,169,4
22866,45786,233,168,5
22867,45788,236,167,3
22868,45790,221,165,1
22869,45792,242,167,3
22870,45794,250,168,5
22871,45796,255,166,4
22872,45798,223,167,3
22873,45800,209,168,2
22874,45802,230,168,3
22875,45804,247,170,4
22876,45806,238,169,4
22877,45808,232,169,4
22878,45810,234,170,5
22879,45812,261,171,5
22880,45814,262,171,5
22881,45816,235,170,6
22882,45818,223,172,6
22883,45820,171,177,7
22884,45822,167,181,9
22885,45824,243,183,10
22886,45826,233,184,9
22887,45828,224,185,10
22888,45830,223,184,11
22889,45832,244,182,16
22890,45834,240,178,13
22891,45836,213,175,11
22892,45838,144,171,10
22893,45840,128,169,8
22894,45842,130,169,8
22895,45844,159,168,5
22896,45846,137,166,4
22897,45848,115,166,4
22898,45850,104,165,3
22899,45852,130,165,4
22900,45854,128,161,3
22901,45856,110,162,5
22902,45858,103,160,5
22903,45860,80,161,5
22904,45862,87,159,3
22905,45864,107,159,5
22906,45866,114,158,3
22907,45868,125,159,4
22908,45870,123,158,4
22909,45872,141,160,4
22910,45874,163,161,4
22911,45876,159,162,4
22912,45878,134,165,4
22913,45880,123,168,3
22914,45882,103,170,4
22915,45884,129,176,4
22916,45886,153,179,6
22917,45888,148,181,5
22918,45890,147,188,12
22919,45892,164,194,14
22920,45894,166,198,13
22921,45896,159,205,16
22922,45898,158,207,32
22923,45900,143,214,36
22924,45902,228,219,42
22925,45904,250,223,47
22926,45906,258,227,57
22927,45908,253,228,66
22928,45910,264,229,63
22929,45912,278,232,66
22930,45914,286,232,75
22931,45916,259,234,74
22932,45918,236,234,72
22933,45920,242,235,75
22934,45922,314,235,80
22935,45924,315,235,89
22936,45926,264,236,92
22937,45928,284,238,102
22938,45930,275,237,103
22939,45932,332,235,105
22940,45934,329,234,116
22941,45936,308,233,123
22942,45938,280,231,116
22943,45940,280,228,117
22944,45942,288,226,122
22945,45944,291,224,117
22946,45946,288,221,119
22947,45948,301,220,116
22948,45950,293,220,117
22949,45952,334,220,120
22950,45954,317,220,120
22951,45956,306,220,121
22952,45958,283,220,121
22953,45960,270,221,122
22954,45962,285,220,124
22955,45964,290,223,124
22956,45966,307,224,124
22957,45968,260,226,122
22958,45970,265,227,127
22959,45972,303,227,128
22960,45974,309,228,125
22961,45976,266,228,124
22962,45978,246,228,119
22963,45980,247,228,118
22964,45982,216,228,115
22965,45984,265,227,111
22966,45986,244,226,105
22967,45988,294,223,102
22968,45990,256,221,98
22969,45992,257,217,86
22970,45994,223,214,83
22971,45996,204,210,75
22972,45998,218,204,67
22973,46000,214,194,66
22974,46002,200,187,61
22975,46004,199,186,58
22976,46006,132,182,47
22977,46008,156,179,33
22978,46010,121,175,15
22979,46012,161,173,16
22980,46014,149,170,12
22981,46016,138,165,9
22982,46018,97,163,5
22983,46020,84,157,5
22984,46022,99,153,5
22985,46024,107,150,2
22986,46026,107,147,4
22987,46028,110,146,3
22988,46030,123,147,4
22989,46032,125,148,3
22990,46034,94,150,5
22991,46036,119,151,3
22992,46038,0,152,4
22993,46040,0,157,4
22994,46042,6,161,3
22995,46044,19,167,3
22996,46046,4,171,5
22997,46048,12,177,4
22998,46050,13,188,4
22999,46052,52,192,5
23000,46054,84,198,4
23001,46056,69,202,5
23002,46058,51,205,4
23003,46060,41,211,3
23004,46062,87,220,4
23005,46064,155,227,4
23006,46066,169,229,3
23007,46068,170,237,3
23008,46070,190,242,4
23009,46072,222,246,7
23010,46074,247,249,8
23011,46076,204,252,6
23012,46078,210,255,33
23013,46080,209,257,74
23014,46082,305,258,93
23015,46084,299,259,123
23016,46086,292,260,137
23017,46088,305,260,138
23018,46090,300,260,151
23019,46092,325,259,156
23020,46094,315,258,157
23021,46096,294,257,158
23022,46098,270,254,158
23023,46100,318,252,170
23024,46102,301,251,150
23025,46104,308,248,142
23026,46106,310,248,144
23027,46108,314,245,143
23028,46110,281,244,142
23029,46112,329,245,142
23030,46114,306,244,142
23031,46116,302,246,142
23032,46118,280,247,142
23033,46120,280,249,145
23034,46122,299,248,165
23035,46124,300,251,169
23036,46126,298,251,177
23037,46128,276,252,177
23038,46130,262,254,187
23039,46132,325,256,200
23040,46134,319,256,201
23041,46136,290,258,204
23042,46138,191,258,199
23043,46140,265,258,204
23044,46142,299,258,206
23045,46144,291,260,207
23046,46146,283,256,207
23047,46148,284,257,204
23048,46150,258,250,203
23049,46152,283,251,196
23050,46154,286,247,192
23051,46156,246,244,190
23052,46158,186,243,190
23053,46160,228,240,191
23054,46162,220,237,183
23055,46164,183,233,181
23056,46166,172,229,183
23057,46168,164,223,176
23058,46170,155,220,173
23059,46172,196,213,160
23060,46174,187,207,147
23061,46176,173,204,138
23062,46178,150,199,119
23063,46180,125,197,102
23064,46182,143,196,102
23065,46184,144,191,97
23066,46186,135,188,93
23067,46188,140,184,82
23068,46190,141,183,79
23069,46192,166,184,77
23070,46194,136,187,77
23071,46196,23,188,83
23072,46198,0,193,71
23073,46200,0,195,71
23074,46202,7,199,74
23075,46204,12,202,73
23076,46206,12,206,74
23077,46208,23,209,73
23078,46210,24,213,77
23079,46212,80,213,79
23080,46214,100,218,78
23081,46216,73,222,82
23082,46218,69,229,84
23083,46220,59,231,94
23084,46222,92,235,99
23085,46224,106,237,97
23086,46226,96,239,136
23087,46228,209,246,151
23088,46230,196,250,166
23089,46232,230,254,186
23090,46234,221,255,191
23091,46236,201,258,191
23092,46238,205,258,188
23093,46240,133,260,192
23094,46242,166,261,198
23095,46244,183,262,201
23096,46246,232,263,208
23097,46248,237,264,212
23098,46250,296,264,214
23099,46252,286,264,222
23100,46254,277,263,224
23101,46256,294,262,220
23102,46258,275,261,219
23103,46260,280,259,210
23104,46262,292,259,211
23105,46264,305,257,209
23106,46266,288,258,206
23107,46268,300,257,204
23108,46270,291,255,204
23109,46272,293,255,202
23110,46274,294,251,200
23111,46276,288,246,198
23112,46278,256,245,198
23113,46280,252,245,198
23114,46282,270,244,198
23115,46284,223,246,198
23116,46286,248,242,195
23117,46288,247,242,199
23118,46290,247,239,193
23119,46292,219,239,197
23120,46294,208,237,190
23121,46296,182,233,191
23122,46298,160,230,187
23123,46300,184,226,183
23124,46302,139,220,190
23125,46304,167,213,186
23126,46306,159,208,184
23127,46308,111,203,175
23128,46310,108,197,171
23129,46312,143,191,170
23130,46314,139,180,164
23131,46316,121,177,172
23132,46318,86,172,166
23133,46320,90,167,166
23134,46322,90,163,168
23135,46324,101,160,158
23136,46326,94,155,158
23137,46328,114,153,152
23138,46330,79,150,152
23139,46332,146,150,151
23140,46334,135,149,137
23141,46336,127,147,133
23142,46338,113,147,128
23143,46340,128,148,126
23144,46342,131,148,124
23145,46344,124,150,115
23146,46346,80,151,96
23147,46348,93,153,83
23148,46350,106,158,76
23149,46352,126,157,66
23150,46354,131,163,64
23151,46356,119,165,63
23152,46358,99,168,62
23153,46360,100,172,61
23154,46362,132,176,57
23155,46364,133,183,58
23156,46366,139,186,58
23157,46368,137,194,64
23158,46370,125,196,66
23159,46372,167,201,68
23160,46374,165,205,69
23161,46376,134,211,78
23162,46378,163,214,82
23163,46380,148,218,83
23164,46382,170,223,93
23165,46384,183,228,98
23166,46386,179,231,114
23167,46388,242,233,140
23168,46390,174,236,149
23169,46392,230,237,168
23170,46394,227,238,181
23171,46396,238,238,187
23172,46398,217,241,187
23173,46400,210,242,196
23174,46402,204,243,197
23175,46404,248,244,190
23176,46406,209,243,192
23177,46408,282,243,190
23178,46410,303,242,196
23179,46412,324,242,195
23180,46414,315,241,192
23181,46416,333,240,192
23182,46418,339,239,193
23183,46420,335,239,193
23184,46422,346,240,196
23185,46424,347,240,197
23186,46426,343,240,195
23187,46428,338,241,203
23188,46430,336,241,206
23189,46432,363,241,207
23190,46434,357,241,206
23191,46436,333,242,205
23192,46438,305,242,207
23193,46440,299,242,208
23194,46442,314,243,208
23195,46444,302,243,207
23196,46446,340,244,206
23197,46448,314,244,205
23198,46450,304,243,200
23199,46452,290,244,194
23200,46454,268,243,194
23201,46456,243,242,192
23202,46458,265,239,195
23203,46460,244,239,204
23204,46462,203,239,201
23205,46464,199,236,203
23206,46466,186,234,203
23207,46468,185,230,201
23208,46470,186,228,195
23209,46472,235,225,197
23210,46474,231,217,194
23211,46476,177,211,194
23212,46478,155,206,190
23213,46480,157,202,180
23214,46482,155,196,170
23215,46484,125,193,158
23216,46486,117,189,128
23217,46488,131,185,119
23218,46490,116,179,107
23219,46492,144,178,98
23220,46494,142,172,90
23221,46496,106,167,77
23222,46498,92,161,69
23223,46500,93,159,65
23224,46502,106,156,53
23225,46504,104,153,38
23226,46506,109,159,23
23227,46508,110,160,20
23228,46510,107,159,10
23229,46512,129,158,11
23230,46514,124,157,11
23231,46516,114,157,12
23232,46518,101,157,11
23233,46520,95,158,12
23234,46522,108,159,13
23235,46524,98,159,11
23236,46526,105,161,12
23237,46528,115,163,12
23238,46530,72,165,12
23239,46532,129,171,12
23240,46534,145,173,11
23241,46536,118,178,12
23242,46538,116,183,11
23243,46540,114,188,12
23244,46542,132,192,12
23245,46544,158,194,13
23246,46546,161,205,12
23247,46548,169,208,11
23248,46550,166,215,13
23249,46552,204,220,12
23250,46554,194,224,11
23251,46556,181,231,13
23252,46558,221,235,13
23253,46560,221,238,35
23254,46562,250,240,52
23255,46564,248,244,56
23256,46566,251,246,65
23257,46568,247,250,76
23258,46570,221,252,82
23259,46572,285,257,91
23260,46574,265,261,120
23261,46576,276,263,134
23262,46578,274,262,144
23263,46580,272,262,168
23264,46582,337,261,174
23265,46584,332,260,176
23266,46586,333,259,171
23267,46588,308,259,168
23268,46590,325,251,153
23269,46592,371,249,148
23270,46594,366,247,147
23271,46596,358,246,144
23272,46598,338,244,141
23273,46600,336,244,137
23274,46602,370,244,139
23275,46604,358,244,140
23276,46606,359,243,137
23277,46608,348,244,138
23278,46610,358,244,133
23279,46612,371,245,132
23280,46614,372,245,131
23281,46616,362,246,130
23282,46618,335,246,134
23283,46620,328,245,135
23284,46622,357,247,134
23285,46624,343,248,136
23286,46626,344,249,135
23287,46628,340,250,144
23288,46630,296,251,147
23289,46632,327,251,147
23290,46634,310,251,151
23291,46636,292,251,165
23292,46638,257,251,192
23293,46640,264,251,196
23294,46642,268,250,197
23295,46644,268,250,195
23296,46646,267,249,195
23297,46648,276,247,197
23298,46650,251,245,195
23299,46652,290,242,195
23300,46654,195,241,195
23301,46656,185,239,203
23302,46658,168,234,202
23303,46660,177,232,199
23304,46662,183,229,205
23305,46664,164,227,202
23306,46666,157,219,200
23307,46668,153,216,197
23308,46670,142,209,191
23309,46672,159,206,186
23310,46674,155,200,177
23311,46676,114,194,178
23312,46678,99,193,177
23313,46680,84,192,179
23314,46682,120,189,174
23315,46684,117,188,171
23316,46686,122,188,168
23317,46688,122,186,163
23318,46690,126,186,164
23319,46692,149,185,163
23320,46694,144,186,165
23321,46696,129,186,168
23322,46698,112,188,173
23323,46700,104,188,179
23324,46702,137,189,176
23325,46704,128,199,177
23326,46706,132,203,181
23327,46708,136,205,188
23328,46710,157,209,188
23329,46712,194,212,192
23330,46714,170,217,187
23331,46716,176,221,184
23332,46718,150,227,191
23333,46720,177,230,190
23334,46722,212,235,193
23335,46724,202,238,192
23336,46726,219,241,191
23337,46728,221,244,194
23338,46730,270,247,193
23339,46732,293,246,196
23340,46734,275,248,202
23341,46736,221,250,200
23342,46738,207,251,199
23343,46740,243,258,205
23344,46742,204,259,208
23345,46744,293,259,202
23346,46746,279,260,199
23347,46748,307,260,194
23348,46750,317,261,197
23349,46752,322,260,196
23350,46754,335,260,193
23351,46756,326,261,191
23352,46758,300,260,178
23353,46760,286,259,175
23354,46762,308,259,177
23355,46764,299,257,155
23356,46766,316,256,156
23357,46768,325,254,152
23358,46770,332,255,152
23359,46772,341,255,153
23360,46774,338,255,155
23361,46776,328,254,160
23362,46778,317,254,161
23363,46780,306,255,163
23364,46782,333,255,166
23365,46784,332,255,185
23366,46786,324,256,187
23367,46788,326,255,180
23368,46790,310,255,190
23369,46792,333,253,191
23370,46794,306,251,194
23371,46796,315,252,193
23372,46798,286,252,204
23373,46800,274,251,211
23374,46802,260,252,208
23375,46804,219,251,209
23376,46806,254,252,212
23377,46808,252,251,219
23378,46810,263,250,220
23379,46812,270,248,222
23380,46814,210,248,224
23381,46816,276,246,224
23382,46818,252,245,226
23383,46820,248,244,227
23384,46822,272,244,223
23385,46824,255,240,216
23386,46826,254,239,212
23387,46828,230,237,211
23388,46830,194,231,207
23389,46832,202,227,208
23390,46834,195,223,203
23391,46836,180,221,201
23392,46838,169,218,195
23393,46840,163,214,199
23394,46842,178,213,200
23395,46844,174,213,200
23396,46846,176,214,193
23397,46848,164,214,188
23398,46850,153,214,179
23399,46852,175,216,178
23400,46854,154,218,179
23401,46856,150,219,178
23402,46858,135,222,185
23403,46860,143,223,187
23404,46862,160,226,191
23405,46864,168,230,190
23406,46866,183,233,190
23407,46868,175,238,195
23408,46870,183,242,194
23409,46872,213,244,196
23410,46874,204,247,199
23411,46876,195,249,201
23412,46878,178,255,200
23413,46880,243,258,202
23414,46882,258,265,207
23415,46884,234,266,209
23416,46886,262,269,213
23417,46888,248,272,218
23418,46890,257,273,224
23419,46892,301,272,226
23420,46894,282,272,224
23421,46896,295,271,222
23422,46898,253,271,222
23423,46900,296,269,222
23424,46902,332,267,219
23425,46904,321,264,215
23426,46906,347,261,208
23427,46908,294,257,208
23428,46910,291,252,204
23429,46912,307,246,196
23430,46914,320,238,185
23431,46916,291,230,170
23432,46918,269,227,153
23433,46920,256,225,141
23434,46922,277,224,137
23435,46924,265,223,137
23436,46926,267,223,138
23437,46928,268,224,139
23438,46930,279,224,138
23439,46932,304,225,139
23440,46934,291,227,143
23441,46936,265,231,144
23442,46938,254,241,146
23443,46940,250,245,146
23444,46942,312,248,150
23445,46944,275,251,151
23446,46946,273,253,150
23447,46948,278,255,176
23448,46950,261,256,188
23449,46952,295,258,194
23450,46954,282,259,203
23451,46956,282,260,209
23452,46958,294,262,208
23453,46960,241,263,208
23454,46962,243,262,209
23455,46964,235,262,208
23456,46966,221,258,211
23457,46968,168,257,210
23458,46970,161,255,208
23459,46972,197,249,207
23460,46974,183,247,209
23461,46976,170,245,205
23462,46978,155,245,202
23463,46980,154,244,203
23464,46982,169,245,201
23465,46984,163,242,200
23466,46986,171,242,206
23467,46988,180,239,196
23468,46990,176,239,198
23469,46992,194,237,199
23470,46994,165,235,197
23471,46996,154,236,192
23472,46998,142,233,189
23473,47000,137,233,186
23474,47002,155,230,185
23475,47004,156,232,184
23476,47006,151,233,182
23477,47008,156,233,176
23478,47010,167,238,175
23479,47012,195,239,175
23480,47014,192,239,172
23481,47016,188,241,172
23482,47018,179,244,173
23483,47020,177,244,175
23484,47022,198,246,178
23485,47024,198,247,172
23486,47026,197,253,177
23487,47028,211,254,182
23488,47030,198,256,183
23489,47032,225,260,183
23490,47034,210,262,182
23491,47036,231,265,189
23492,47038,286,266,190
23493,47040,271,267,195
23494,47042,285,269,194
23495,47044,279,271,197
23496,47046,278,272,193
23497,47048,282,273,197
23498,47050,263,273,202
23499,47052,305,273,203
23500,47054,331,273,200
23501,47056,308,272,198
23502,47058,319,272,193
23503,47060,315,271,193
23504,47062,320,270,192
23505,47064,326,267,191
23506,47066,312,267,190
23507,47068,311,266,181
23508,47070,310,265,177
23509,47072,304,264,179
23510,47074,293,264,177
23511,47076,276,263,157
23512,47078,262,262,154
23513,47080,251,263,158
23514,47082,273,264,158
23515,47084,274,263,158
23516,47086,273,264,164
23517,47088,277,264,165
23518,47090,268,265,166
23519,47092,296,266,169
23520,47094,277,264,178
23521,47096,260,266,188
23522,47098,242,267,200
23523,47100,229,268,203
23524,47102,260,270,201
23525,47104,264,270,194
23526,47106,311,270,193
23527,47108,313,270,191
23528,47110,303,270,191
23529,47112,324,270,188
23530,47114,324,270,188
23531,47116,324,267,189
23532,47118,244,266,187
23533,47120,248,257,189
23534,47122,262,257,183
23535,47124,260,255,175
23536,47126,271,255,170
23537,47128,255,252,158
23538,47130,185,250,131
23539,47132,209,249,124
23540,47134,182,245,122
23541,47136,165,241,119
23542,47138,148,236,117
23543,47140,158,231,103
23544,47142,170,228,96
23545,47144,143,224,91
23546,47146,167,219,76
23547,47148,196,215,71
23548,47150,190,212,68
23549,47152,184,208,67
23550,47154,171,204,62
23551,47156,179,202,40
23552,47158,145,201,35
23553,47160,163,200,13
23554,47162,152,199,13
23555,47164,123,198,12
23556,47166,121,198,12
23557,47168,124,198,11
23558,47170,120,198,12
23559,47172,143,199,13
23560,47174,124,199,13
23561,47176,117,201,12
23562,47178,77,202,12
23563,47180,106,207,12
23564,47182,127,212,13
23565,47184,159,215,13
23566,47186,166,219,12
23567,47188,171,222,12
23568,47190,174,227,12
23569,47192,217,236,13
23570,47194,201,238,13
23571,47196,193,241,11
23572,47198,195,244,12
23573,47200,254,250,12
23574,47202,248,256,12
23575,47204,212,259,12
23576,47206,255,262,41
23577,47208,251,266,54
23578,47210,245,267,67
23579,47212,293,270,71
23580,47214,271,271,90
23581,47216,302,271,100
23582,47218,330,271,108
23583,47220,306,271,124
23584,47222,326,272,128
23585,47224,338,270,128
23586,47226,351,269,132
23587,47228,337,265,132
23588,47230,333,262,134
23589,47232,351,260,129
23590,47234,353,256,131
23591,47236,343,253,128
23592,47238,323,247,129
23593,47240,328,244,123
23594,47242,323,243,124
23595,47244,320,242,123
23596,47246,315,242,124
23597,47248,338,242,123
23598,47250,300,243,123
23599,47252,322,244,124
23600,47254,309,247,125
23601,47256,293,248,127
23602,47258,283,255,132
23603,47260,277,257,130
23604,47262,296,258,134
23605,47264,280,260,133
23606,47266,272,260,132
23607,47268,260,262,156
23608,47270,254,264,169
23609,47272,289,264,181
23610,47274,275,267,189
23611,47276,262,268,194
23612,47278,231,270,196
23613,47280,247,269,195
23614,47282,271,268,192
23615,47284,264,267,192
23616,47286,302,268,195
23617,47288,302,266,191
23618,47290,288,263,191
23619,47292,292,257,190
23620,47294,318,255,189
23621,47296,263,254,185
23622,47298,178,251,170
23623,47300,174,249,142
23624,47302,191,247,151
23625,47304,184,246,140
23626,47306,181,242,116
23627,47308,170,239,100
23628,47310,166,237,97
23629,47312,187,234,88
23630,47314,176,229,85
23631,47316,175,228,81
23632,47318,153,227,77
23633,47320,156,224,82
23634,47322,166,223,82
23635,47324,161,223,83
23636,47326,161,222,76
23637,47328,171,221,72
23638,47330,157,222,72
23639,47332,180,222,66
23640,47334,171,223,64
23641,47336,169,225,65
23642,47338,150,226,63
23643,47340,149,229,61
23644,47342,163,230,61
23645,47344,163,233,59
23646,47346,174,238,62
23647,47348,191,239,63
23648,47350,172,241,70
23649,47352,223,245,75
23650,47354,214,247,80
23651,47356,191,250,80
23652,47358,185,253,80
23653,47360,200,257,78
23654,47362,270,259,78
23655,47364,270,261,81
23656,47366,245,264,89
23657,47368,221,267,96
23658,47370,251,268,109
23659,47372,280,271,114
23660,47374,274,270,116
23661,47376,276,273,122
23662,47378,298,274,126
23663,47380,349,274,125
23664,47382,308,272,134
23665,47384,322,274,141
23666,47386,348,274,141
23667,47388,346,273,137
23668,47390,345,272,142
23669,47392,372,271,146
23670,47394,370,270,146
23671,47396,366,268,147
23672,47398,347,267,149
23673,47400,344,266,149
23674,47402,353,264,146
23675,47404,351,264,145
23676,47406,342,263,146
23677,47408,350,264,143
23678,47410,360,266,143
23679,47412,380,265,145
23680,47414,364,268,146
23681,47416,356,267,149
23682,47418,279,268,148
23683,47420,298,269,156
23684,47422,331,271,167
23685,47424,344,272,173
23686,47426,337,274,182
23687,47428,331,275,189
23688,47430,327,276,190
23689,47432,363,278,192
23690,47434,312,278,189
23691,47436,295,278,196
23692,47438,275,279,193
23693,47440,274,279,193
23694,47442,297,279,192
23695,47444,324,277,192
23696,47446,336,277,190
23697,47448,327,274,191
23698,47450,329,273,194
23699,47452,323,272,193
23700,47454,265,269,190
23701,47456,231,258,180
23702,47458,275,259,182
23703,47460,287,256,176
23704,47462,273,253,165
23705,47464,228,250,141
23706,47466,179,247,126
23707,47468,180,246,113
23708,47470,168,243,104
23709,47472,188,239,91
23710,47474,176,236,88
23711,47476,159,230,78
23712,47478,136,225,71
23713,47480,143,222,60
23714,47482,143,220,55
23715,47484,121,216,39
23716,47486,127,212,29
23717,47488,132,211,13
23718,47490,118,208,10
23719,47492,146,207,12
23720,47494,131,206,13
23721,47496,126,205,12
23722,47498,100,206,12
23723,47500,112,206,11
23724,47502,108,206,13
23725,47504,78,206,11
23726,47506,123,206,13
23727,47508,136,207,12
23728,47510,140,214,13
23729,47512,170,217,11
23730,47514,188,218,13
23731,47516,185,220,10
23732,47518,174,231,12
23733,47520,202,236,13
23734,47522,278,245,13
23735,47524,285,252,12
23736,47526,289,257,11
23737,47528,287,266,13
23738,47530,275,274,13
23739,47532,298,280,12
23740,47534,304,282,13
23741,47536,271,283,12
23742,47538,221,283,14
23743,47540,210,285,45
23744,47542,274,285,67
23745,47544,241,282,78
23746,47546,339,277,96
23747,47548,340,277,115
23748,47550,296,277,128
23749,47552,373,278,134
23750,47554,340,279,140
23751,47556,320,278,148
23752,47558,314,277,151
23753,47560,336,275,150
23754,47562,357,271,154
23755,47564,383,270,149
23756,47566,365,267,143
23757,47568,368,265,143
23758,47570,376,264,143
23759,47572,386,261,133
23760,47574,372,260,132
23761,47576,366,259,132
23762,47578,347,259,132
23763,47580,364,259,131
23764,47582,377,259,132
23765,47584,375,260,132
23766,47586,354,260,133
23767,47588,362,262,142
23768,47590,352,263,144
23769,47592,385,267,149
23770,47594,363,267,154
23771,47596,325,269,177
23772,47598,308,271,183
23773,47600,347,273,184
23774,47602,345,274,191
23775,47604,314,275,191
23776,47606,343,276,191
23777,47608,299,276,189
23778,47610,304,275,189
23779,47612,301,276,190
23780,47614,308,276,193
23781,47616,283,274,189
23782,47618,263,270,188
23783,47620,282,270,185
23784,47622,287,260,179
23785,47624,304,260,170
23786,47626,285,256,159
23787,47628,287,255,146
23788,47630,264,254,109
23789,47632,283,251,91
23790,47634,286,245,87
23791,47636,139,238,81
23792,47638,160,237,73
23793,47640,217,233,68
23794,47642,214,228,66
23795,47644,215,219,54
23796,47646,199,214,48
23797,47648,200,212,40
23798,47650,195,206,25
23799,47652,217,200,19
23800,47654,189,196,12
23801,47656,182,191,12
23802,47658,157,190,11
23803,47660,165,188,11
23804,47662,171,187,13
23805,47664,181,186,13
23806,47666,185,185,10
23807,47668,170,184,12
23808,47670,129,185,12
23809,47672,137,186,11
23810,47674,120,188,11
23811,47676,55,191,9
23812,47678,102,201,11
23813,47680,143,206,11
23814,47682,158,209,11
23815,47684,189,215,12
23816,47686,187,219,13
23817,47688,185,225,12
23818,47690,200,234,12
23819,47692,274,240,11
23820,47694,297,242,12
23821,47696,292,247,12
23822,47698,236,253,12
23823,47700,234,256,12
23824,47702,273,260,34
23825,47704,289,264,44
23826,47706,253,267,55
23827,47708,259,270,67
23828,47710,269,271,76
23829,47712,314,273,80
23830,47714,342,272,88
23831,47716,374,273,94
23832,47718,343,272,107
23833,47720,357,272,119
23834,47722,354,269,121
23835,47724,359,267,126
23836,47726,355,263,124
23837,47728,348,261,124
23838,47730,341,255,124
23839,47732,358,249,123
23840,47734,322,246,119
23841,47736,300,243,119
23842,47738,284,242,111
23843,47740,298,242,104
23844,47742,315,242,106
23845,47744,315,242,105
23846,47746,293,242,114
23847,47748,289,244,120
23848,47750,293,245,119
23849,47752,309,247,119
23850,47754,290,250,115
23851,47756,292,257,115
23852,47758,256,260,120
23853,47760,277,262,124
23854,47762,271,261,126
23855,47764,280,265,137
23856,47766,246,266,126
23857,47768,253,267,135
23858,47770,240,266,127
23859,47772,259,265,123
23860,47774,266,259,113
23861,47776,251,259,109
23862,47778,231,258,108
23863,47780,294,256,106
23864,47782,241,253,98
23865,47784,230,250,91
23866,47786,238,248,91
23867,47788,206,246,89
23868,47790,170,243,77
23869,47792,215,236,74
23870,47794,190,230,74
23871,47796,180,226,67
23872,47798,170,219,58
23873,47800,192,213,55
23874,47802,185,206,51
23875,47804,198,202,41
23876,47806,188,190,31
23877,47808,188,185,20
23878,47810,196,177,14
23879,47812,203,173,11
23880,47814,206,164,12
23881,47816,193,160,12
23882,47818,180,154,12
23883,47820,181,153,11
23884,47822,186,151,12
23885,47824,174,151,12
23886,47826,184,152,12
23887,47828,170,151,12
23888,47830,123,152,10
23889,47832,147,154,12
23890,47834,143,158,12
23891,47836,131,161,12
23892,47838,122,167,13
23893,47840,102,172,13
23894,47842,126,176,10
23895,47844,155,188,11
23896,47846,164,192,12
23897,47848,158,198,10
23898,47850,171,207,12
23899,47852,200,213,13
23900,47854,190,220,12
23901,47856,188,226,12
23902,47858,230,232,12
23903,47860,251,236,13
23904,47862,199,238,13
23905,47864,197,236,12
23906,47866,206,237,13
23907,47868,214,238,13
23908,47870,295,240,12
23909,47872,297,241,29
23910,47874,290,242,35
23911,47876,283,240,35
23912,47878,265,240,36
23913,47880,300,239,33
23914,47882,305,236,32
23915,47884,301,233,12
23916,47886,282,231,17
23917,47888,285,227,44
23918,47890,289,224,52
23919,47892,296,220,72
23920,47894,278,217,79
23921,47896,278,217,84
23922,47898,269,216,81
23923,47900,267,217,81
23924,47902,283,219,83
23925,47904,265,221,79
23926,47906,271,224,78
23927,47908,268,229,79
23928,47910,299,233,82
23929,47912,280,234,95
23930,47914,273,237,106
23931,47916,283,240,111
23932,47918,260,243,112
23933,47920,270,244,124
23934,47922,278,248,124
23935,47924,282,249,125
23936,47926,286,250,125
23937,47928,274,251,124
23938,47930,287,253,123
23939,47932,289,254,121
23940,47934,282,252,117
23941,47936,261,253,117
23942,47938,242,253,118
23943,47940,250,253,115
23944,47942,273,252,117
23945,47944,234,250,118
23946,47946,264,248,115
23947,47948,257,245,116
23948,47950,241,244,115
23949,47952,228,239,108
23950,47954,156,237,96
23951,47956,154,233,96
23952,47958,120,231,91
23953,47960,139,226,91
23954,47962,151,221,85
23955,47964,161,217,80
23956,47966,158,214,72
23957,47968,166,212,61
23958,47970,177,212,55
23959,47972,172,211,45
23960,47974,156,209,13
23961,47976,159,208,11
23962,47978,132,207,11
23963,47980,142,207,12
23964,47982,153,207,13
23965,47984,150,208,15
23966,47986,159,207,13
23967,47988,153,208,11
23968,47990,188,208,13
23969,47992,189,209,9
23970,47994,161,211,13
23971,47996,156,211,12
23972,47998,140,215,12
23973,48000,160,213,12
23974,48002,182,222,13
23975,48004,173,226,12
23976,48006,178,229,11
23977,48008,192,234,13
23978,48010,212,238,14
23979,48012,204,240,13
23980,48014,186,243,12
23981,48016,196,245,11
23982,48018,156,246,12
23983,48020,167,246,13
23984,48022,186,251,12
23985,48024,189,255,35
23986,48026,196,258,53
23987,48028,209,260,89
23988,48030,242,262,99
23989,48032,333,265,107
23990,48034,319,267,121
23991,48036,320,266,130
23992,48038,305,268,134
23993,48040,307,268,136
23994,48042,316,269,143
23995,48044,330,268,145
23996,48046,323,268,144
23997,48048,330,270,145
23998,48050,349,269,148
23999,48052,348,269,147
24000,48054,325,267,152
24001,48056,322,267,153
24002,48058,254,267,153
24003,48060,256,267,154
24004,48062,268,267,157
24005,48064,266,268,156
24006,48066,290,269,168
24007,48068,274,268,175
24008,48070,294,268,177
24009,48072,292,268,182
24010,48074,273,268,190
24011,48076,272,268,191
24012,48078,245,267,191
24013,48080,253,267,193
24014,48082,272,266,193
24015,48084,273,260,190
24016,48086,280,258,189
24017,48088,321,261,191
24018,48090,345,259,190
24019,48092,339,260,190
24020,48094,260,258,182
24021,48096,263,257,182
24022,48098,244,254,173
24023,48100,197,252,161
24024,48102,209,250,134
24025,48104,217,248,122
24026,48106,213,244,116
24027,48108,194,240,105
24028,48110,231,237,83
24029,48112,229,229,67
24030,48114,166,221,57
24031,48116,145,216,41
24032,48118,114,213,12
24033,48120,127,208,12
24034,48122,135,199,13
24035,48124,141,195,12
24036,48126,139,191,13
24037,48128,139,184,11
24038,48130,150,176,13
24039,48132,150,171,11
24040,48134,125,165,12
24041,48136,123,166,13
24042,48138,109,158,10
24043,48140,113,157,12
24044,48142,127,155,12
24045,48144,126,154,12
24046,48146,130,153,14
24047,48148,127,155,12
24048,48150,151,155,12
24049,48152,147,156,12
24050,48154,135,158,12
24051,48156,130,159,12
24052,48158,111,163,11
24053,48160,114,169,12
24054,48162,135,174,12
24055,48164,146,180,12
24056,48166,179,188,12
24057,48168,183,192,12
24058,48170,204,204,13
24059,48172,195,209,12
24060,48174,187,217,13
24061,48176,198,224,12
24062,48178,177,237,11
24063,48180,184,237,11
24064,48182,239,242,12
24065,48184,239,246,13
24066,48186,246,247,11
24067,48188,239,249,13
24068,48190,271,248,29
24069,48192,216,252,43
24070,48194,241,252,69
24071,48196,250,250,76
24072,48198,256,249,79
24073,48200,271,246,84
24074,48202,279,241,100
24075,48204,276,242,108
24076,48206,276,240,118
24077,48208,235,238,117
24078,48210,257,234,118
24079,48212,247,233,115
24080,48214,219,228,111
24081,48216,220,225,114
24082,48218,216,222,114
24083,48220,215,221,119
24084,48222,229,219,118
24085,48224,233,219,117
24086,48226,236,220,120
24087,48228,240,220,118
24088,48230,259,223,120
24089,48232,255,226,120
24090,48234,242,229,124
24091,48236,235,232,126
24092,48238,248,236,135
24093,48240,245,237,141
24094,48242,275,240,138
24095,48244,251,241,174
24096,48246,236,244,179
24097,48248,231,246,185
24098,48250,257,248,189
24099,48252,250,248,189
24100,48254,241,247,188
24101,48256,219,247,188
24102,48258,192,247,182
24103,48260,208,244,176
24104,48262,257,244,170
24105,48264,170,243,158
24106,48266,185,240,141
24107,48268,166,238,119
24108,48270,191,233,113
24109,48272,184,227,109
24110,48274,209,219,96
24111,48276,211,221,95
24112,48278,176,210,80
24113,48280,170,207,74
24114,48282,203,206,68
24115,48284,208,198,64
24116,48286,198,191,54
24117,48288,195,189,53
24118,48290,207,186,51
24119,48292,215,183,41
24120,48294,135,182,20
24121,48296,128,180,19
24122,48298,109,184,13
24123,48300,123,180,13
24124,48302,131,178,11
24125,48304,136,180,12
24126,48306,147,182,13
24127,48308,130,182,14
24128,48310,162,185,14
24129,48312,161,186,11
24130,48314,171,195,12
24131,48316,161,199,12
24132,48318,164,202,12
24133,48320,161,206,11
24134,48322,168,210,13
24135,48324,178,214,12
24136,48326,204,219,12
24137,48328,187,226,12
24138,48330,206,234,12
24139,48332,253,238,15
24140,48334,244,242,55
24141,48336,248,243,56
24142,48338,237,245,61
24143,48340,246,249,70
24144,48342,252,254,81
24145,48344,273,257,80
24146,48346,223,259,106
24147,48348,267,261,151
24148,48350,316,264,158
24149,48352,323,265,168
24150,48354,322,266,175
24151,48356,281,266,177
24152,48358,265,267,189
24153,48360,282,266,191
24154,48362,292,267,189
24155,48364,293,266,192
24156,48366,286,266,189
24157,48368,286,265,185
24158,48370,305,265,188
24159,48372,297,265,183
24160,48374,284,264,181
24161,48376,273,265,178
24162,48378,263,265,181
24163,48380,278,265,182
24164,48382,281,265,183
24165,48384,278,266,185
24166,48386,281,267,184
24167,48388,279,268,188
24168,48390,306,270,192
24169,48392,306,270,193
24170,48394,289,269,194
24171,48396,273,271,193
24172,48398,257,272,190
24173,48400,251,272,189
24174,48402,236,272,195
24175,48404,220,267,194
24176,48406,219,262,193
24177,48408,206,260,196
24178,48410,235,260,193
24179,48412,234,258,189
24180,48414,190,255,186
24181,48416,177,250,180
24182,48418,146,248,172
24183,48420,154,244,155
24184,48422,168,240,150
24185,48424,164,238,139
24186,48426,157,230,99
24187,48428,176,223,78
24188,48430,203,220,69
24189,48432,203,215,65
24190,48434,189,213,61
24191,48436,200,202,55
24192,48438,178,200,46
24193,48440,182,198,33
24194,48442,192,196,17
24195,48444,204,195,12
24196,48446,199,194,13
24197,48448,186,193,10
24198,48450,206,192,13
24199,48452,209,191,13
24200,48454,199,190,12
24201,48456,120,191,12
24202,48458,109,192,12
24203,48460,117,193,11
24204,48462,130,194,12
24205,48464,129,196,12
24206,48466,131,197,12
24207,48468,128,199,11
24208,48470,180,202,11
24209,48472,188,207,12
24210,48474,164,212,12
24211,48476,151,215,12
24212,48478,146,224,13
24213,48480,159,233,12
24214,48482,170,244,13
24215,48484,177,245,13
24216,48486,178,251,13
24217,48488,243,252,12
24218,48490,258,259,13
24219,48492,248,263,12
24220,48494,244,266,12
24221,48496,167,266,29
24222,48498,152,267,47
24223,48500,168,268,54
24224,48502,181,268,57
24225,48504,248,270,67
24226,48506,242,269,71
24227,48508,239,269,72
24228,48510,270,270,78
24229,48512,255,270,80
24230,48514,277,273,85
24231,48516,253,268,90
24232,48518,238,266,98
24233,48520,259,266,102
24234,48522,261,266,109
24235,48524,264,265,110
24236,48526,227,262,118
24237,48528,221,264,119
24238,48530,279,263,130
24239,48532,279,263,131
24240,48534,254,263,131
24241,48536,224,263,130
24242,48538,212,263,135
24243,48540,227,263,134
24244,48542,243,263,153
24245,48544,239,265,156
24246,48546,234,270,159
24247,48548,230,271,159
24248,48550,264,270,163
24249,48552,247,271,164
24250,48554,238,271,167
24251,48556,213,274,167
24252,48558,210,275,166
24253,48560,198,275,159
24254,48562,194,276,148
24255,48564,195,276,132
24256,48566,207,275,123
24257,48568,214,274,113
24258,48570,233,273,97
24259,48572,221,271,103
24260,48574,148,271,88
24261,48576,112,269,81
24262,48578,102,266,74
24263,48580,134,260,72
24264,48582,138,256,66
24265,48584,134,252,60
24266,48586,133,249,41
24267,48588,136,242,23
24268,48590,163,232,18
24269,48592,149,229,13
24270,48594,121,226,13
24271,48596,167,223,12
24272,48598,153,219,12
24273,48600,188,217,13
24274,48602,171,214,13
24275,48604,162,208,12
24276,48606,158,204,11
24277,48608,148,201,13
24278,48610,194,199,14
24279,48612,187,197,11
24280,48614,192,195,12
24281,48616,120,194,12
24282,48618,115,193,13
24283,48620,131,192,13
24284,48622,129,194,12
24285,48624,96,194,13
24286,48626,118,199,12
24287,48628,130,201,12
24288,48630,155,205,13
24289,48632,171,211,12
24290,48634,162,215,13
24291,48636,160,217,12
24292,48638,152,219,13
24293,48640,169,222,11
24294,48642,173,224,13
24295,48644,163,235,13
24296,48646,170,246,13
24297,48648,217,250,12
24298,48650,254,255,12
24299,48652,255,262,14
24300,48654,244,266,12
24301,48656,228,268,10
24302,48658,143,268,12
24303,48660,178,270,12
24304,48662,236,271,13
24305,48664,250,271,12
24306,48666,259,266,13
24307,48668,285,262,11
24308,48670,303,261,13
24309,48672,299,260,12
24310,48674,288,259,12
24311,48676,267,256,12
24312,48678,262,258,12
24313,48680,285,257,12
24314,48682,284,254,14
24315,48684,277,251,18
24316,48686,284,252,15
24317,48688,288,252,18
24318,48690,302,252,19
24319,48692,305,252,41
24320,48694,294,252,44
24321,48696,267,252,47
24322,48698,259,253,59
24323,48700,285,254,62
24324,48702,288,255,65
24325,48704,285,256,67
24326,48706,281,258,69
24327,48708,314,264,67
24328,48710,335,267,69
24329,48712,321,270,72
24330,48714,305,271,70
24331,48716,288,273,72
24332,48718,235,274,71
24333,48720,255,276,70
24334,48722,256,278,73
24335,48724,253,277,67
24336,48726,269,277,66
24337,48728,306,275,65
24338,48730,289,275,60
24339,48732,302,275,58
24340,48734,277,274,39
24341,48736,259,271,23
24342,48738,251,267,21
24343,48740,267,265,20
24344,48742,290,260,16
24345,48744,292,258,12
24346,48746,285,255,13
24347,48748,227,253,12
24348,48750,239,248,13
24349,48752,233,245,12
24350,48754,222,242,11
24351,48756,201,240,12
24352,48758,188,236,10
24353,48760,204,231,13
24354,48762,202,232,13
24355,48764,136,230,13
24356,48766,137,231,13
24357,48768,135,228,12
24358,48770,161,230,13
24359,48772,155,229,12
24360,48774,147,230,13
24361,48776,146,230,12
24362,48778,152,230,11
24363,48780,140,232,12
24364,48782,137,238,12
24365,48784,143,240,12
24366,48786,154,242,10
24367,48788,228,245,10
24368,48790,265,249,16
24369,48792,259,255,13
24370,48794,270,259,11
24371,48796,247,263,13
24372,48798,247,266,13
24373,48800,255,269,13
24374,48802,261,273,10
24375,48804,273,278,13
24376,48806,256,280,12
24377,48808,258,279,12
24378,48810,288,280,12
24379,48812,282,277,13
24380,48814,243,280,9
24381,48816,228,282,12
24382,48818,236,282,12
24383,48820,246,284,13
24384,48822,253,285,13
24385,48824,296,283,13
24386,48826,296,286,13
24387,48828,291,285,13
24388,48830,303,284,31
24389,48832,273,284,39
24390,48834,261,274,45
24391,48836,245,272,51
24392,48838,249,271,52
24393,48840,268,271,55
24394,48842,266,270,58
24395,48844,279,270,62
24396,48846,287,269,64
24397,48848,289,268,64
24398,48850,307,269,68
24399,48852,300,268,65
24400,48854,289,265,64
24401,48856,271,264,67
24402,48858,265,266,67
24403,48860,285,268,68
24404,48862,297,268,72
24405,48864,287,268,76
24406,48866,286,269,79
24407,48868,266,268,76
24408,48870,269,263,77
24409,48872,264,263,76
24410,48874,253,263,77
24411,48876,254,262,79
24412,48878,273,262,81
24413,48880,255,261,77
24414,48882,246,260,80
24415,48884,254,258,77
24416,48886,263,257,76
24417,48888,264,258,78
24418,48890,277,250,73
24419,48892,277,250,67
24420,48894,252,245,63
24421,48896,238,244,61
24422,48898,175,240,58
24423,48900,169,241,53
24424,48902,192,237,51
24425,48904,168,232,51
24426,48906,172,226,50
24427,48908,203,222,44
24428,48910,216,222,38
24429,48912,206,219,13
24430,48914,196,219,13
24431,48916,179,217,12
24432,48918,171,216,13
24433,48920,192,214,13
24434,48922,130,213,12
24435,48924,136,210,12
24436,48926,134,207,12
24437,48928,133,207,13
24438,48930,155,206,12
24439,48932,145,206,12
24440,48934,136,205,13
24441,48936,116,203,12
24442,48938,119,203,12
24443,48940,133,203,12
24444,48942,136,203,12
24445,48944,132,203,12
24446,48946,136,205,12
24447,48948,142,208,14
24448,48950,192,214,12
24449,48952,182,216,13
24450,48954,167,218,12
24451,48956,163,220,12
24452,48958,162,224,12
24453,48960,180,226,11
24454,48962,178,230,13
24455,48964,260,236,12
24456,48966,270,240,12
24457,48968,277,244,12
24458,48970,295,246,12
24459,48972,292,247,12
24460,48974,279,251,13
24461,48976,261,252,14
24462,48978,258,258,11
24463,48980,274,258,12
24464,48982,277,259,11
24465,48984,273,263,13
24466,48986,272,264,44
24467,48988,282,266,58
24468,48990,290,268,59
24469,48992,291,268,65
24470,48994,274,269,69
24471,48996,255,269,73
24472,48998,254,270,77
24473,49000,311,269,85
24474,49002,289,267,81
24475,49004,268,266,83
24476,49006,277,265,101
24477,49008,268,265,104
24478,49010,292,263,108
24479,49012,290,263,115
24480,49014,272,261,120
24481,49016,262,255,121
24482,49018,264,254,125
24483,49020,276,253,125
24484,49022,279,253,125
24485,49024,270,255,125
24486,49026,279,254,124
24487,49028,277,253,126
24488,49030,292,254,126
24489,49032,308,254,128
24490,49034,294,256,132
24491,49036,283,256,137
24492,49038,297,256,171
24493,49040,314,256,178
24494,49042,271,257,178
24495,49044,280,257,179
24496,49046,270,258,174
24497,49048,260,257,172
24498,49050,274,257,172
24499,49052,277,257,169
24500,49054,260,255,159
24501,49056,270,254,152
24502,49058,245,257,153
24503,49060,264,259,145
24504,49062,261,254,147
24505,49064,249,254,130
24506,49066,234,251,114
24507,49068,169,250,106
24508,49070,188,249,80
24509,49072,175,246,78
24510,49074,159,241,71
24511,49076,146,236,56
24512,49078,160,232,45
24513,49080,173,230,12
24514,49082,160,228,11
24515,49084,164,222,11
24516,49086,163,220,14
24517,49088,161,219,11
24518,49090,184,218,12
24519,49092,177,216,12
24520,49094,176,215,11
24521,49096,152,213,12
24522,49098,158,212,14
24523,49100,176,214,13
24524,49102,170,214,12
24525,49104,176,216,12
24526,49106,162,216,12
24527,49108,173,217,13
24528,49110,197,218,12
24529,49112,197,221,12
24530,49114,176,222,12
24531,49116,168,225,11
24532,49118,165,229,12
24533,49120,262,232,12
24534,49122,257,237,12
24535,49124,263,244,12
24536,49126,251,248,12
24537,49128,261,249,12
24538,49130,283,253,14
24539,49132,271,260,12
24540,49134,271,262,40
24541,49136,244,265,56
24542,49138,256,268,57
24543,49140,275,268,60
24544,49142,273,270,67
24545,49144,285,272,73
24546,49146,260,273,78
24547,49148,215,273,80
24548,49150,305,275,87
24549,49152,311,277,103
24550,49154,299,275,101
24551,49156,276,275,115
24552,49158,281,270,122
24553,49160,284,270,128
24554,49162,301,269,134
24555,49164,294,268,144
24556,49166,301,269,146
24557,49168,299,269,145
24558,49170,317,269,145
24559,49172,309,268,150
24560,49174,296,268,150
24561,49176,274,268,151
24562,49178,271,274,153
24563,49180,288,277,155
24564,49182,284,278,163
24565,49184,293,282,183
24566,49186,289,283,190
24567,49188,300,282,197
24568,49190,309,286,201
24569,49192,309,287,197
24570,49194,279,281,196
24571,49196,248,282,203
24572,49198,243,284,199
24573,49200,258,284,201
24574,49202,258,283,200
24575,49204,311,284,206
24576,49206,310,285,201
24577,49208,269,285,197
24578,49210,284,284,194
24579,49212,294,286,194
24580,49214,287,280,191
24581,49216,261,279,187
24582,49218,253,276,184
24583,49220,184,273,183
24584,49222,169,271,175
24585,49224,171,270,164
24586,49226,167,266,156
24587,49228,168,261,145
24588,49230,192,257,133
24589,49232,194,256,117
24590,49234,179,250,110
24591,49236,163,248,100
24592,49238,157,246,97
24593,49240,173,245,69
24594,49242,172,242,62
24595,49244,168,240,62
24596,49246,160,241,63
24597,49248,160,242,54
24598,49250,181,241,50
24599,49252,183,240,51
24600,49254,166,241,49
24601,49256,141,241,49
24602,49258,155,242,49
24603,49260,169,243,50
24604,49262,173,245,50
24605,49264,177,247,52
24606,49266,173,251,56
24607,49268,173,253,56
24608,49270,205,255,59
24609,49272,273,259,66
24610,49274,270,264,74
24611,49276,259,269,83
24612,49278,254,273,84
24613,49280,271,279,105
24614,49282,267,280,113
24615,49284,269,284,124
24616,49286,271,287,133
24617,49288,288,294,171
24618,49290,320,294,181
24619,49292,315,299,191
24620,49294,300,303,196
24621,49296,279,306,201
24622,49298,273,308,204
24623,49300,297,307,207
24624,49302,278,309,208
24625,49304,290,309,210
24626,49306,295,307,212
24627,49308,303,307,212
24628,49310,324,307,209
24629,49312,318,306,206
24630,49314,302,302,207
24631,49316,280,302,204
24632,49318,277,301,202
24633,49320,293,303,202
24634,49322,296,300,199
24635,49324,295,301,194
24636,49326,298,301,191
24637,49328,297,300,190
24638,49330,328,300,190
24639,49332,319,301,190
24640,49334,302,301,195
24641,49336,277,301,202
24642,49338,278,302,206
24643,49340,301,302,209
24644,49342,303,302,211
24645,49344,301,301,215
24646,49346,296,302,212
24647,49348,282,303,214
24648,49350,302,303,212
24649,49352,300,303,213
24650,49354,291,301,215
24651,49356,254,295,215
24652,49358,254,295,214
24653,49360,255,293,210
24654,49362,274,289,208
24655,49364,263,288,207
24656,49366,314,287,202
24657,49368,279,285,200
24658,49370,301,282,195
24659,49372,308,275,194
24660,49374,261,272,189
24661,49376,236,267,181
24662,49378,148,263,169
24663,49380,160,254,137
24664,49382,162,249,125
24665,49384,162,245,114
24666,49386,182,236,79
24667,49388,166,233,71
24668,49390,188,227,62
24669,49392,154,221,51
24670,49394,139,215,13
24671,49396,113,211,12
24672,49398,116,209,12
24673,49400,114,205,12
24674,49402,102,204,13
24675,49404,39,200,12
24676,49406,105,196,13
24677,49408,113,192,12
24678,49410,139,187,11
24679,49412,126,180,12
24680,49414,113,179,12
24681,49416,93,179,12
24682,49418,102,179,11
24683,49420,126,179,13
24684,49422,120,181,12
24685,49424,124,187,14
24686,49426,131,191,11
24687,49428,140,198,11
24688,49430,163,204,12
24689,49432,213,211,12
24690,49434,217,216,12
24691,49436,204,224,11
24692,49438,212,226,12
24693,49440,246,236,12
24694,49442,244,245,12
24695,49444,257,254,13
24696,49446,267,263,11
24697,49448,261,268,12
24698,49450,282,277,13
24699,49452,284,284,13
24700,49454,270,291,47
24701,49456,253,292,62
24702,49458,261,298,69
24703,49460,271,299,80
24704,49462,269,299,118
24705,49464,273,300,136
24706,49466,285,299,160
24707,49468,322,296,164
24708,49470,330,296,160
24709,49472,284,293,166
24710,49474,275,290,162
24711,49476,250,288,149
24712,49478,260,288,141
24713,49480,270,286,148
24714,49482,270,283,143
24715,49484,282,274,138
24716,49486,256,270,136
24717,49488,252,270,140
24718,49490,287,269,141
24719,49492,268,269,142
24720,49494,269,270,141
24721,49496,237,270,140
24722,49498,247,273,145
24723,49500,292,274,147
24724,49502,277,277,148
24725,49504,285,288,152
24726,49506,266,291,148
24727,49508,266,295,174
24728,49510,306,299,199
24729,49512,289,304,201
24730,49514,268,304,202
24731,49516,255,305,205
24732,49518,241,306,208
24733,49520,255,306,204
24734,49522,249,306,200
24735,49524,232,297,197
24736,49526,299,299,192
24737,49528,313,299,193
24738,49530,301,299,190
24739,49532,314,298,177
24740,49534,272,293,169
24741,49536,287,282,141
24742,49538,198,274,124
24743,49540,226,267,116
24744,49542,185,260,78
24745,49544,188,249,73
24746,49546,205,243,67
24747,49548,152,232,55
24748,49550,164,228,35
24749,49552,156,223,20
24750,49554,137,212,12
24751,49556,111,206,11
24752,49558,117,203,12
24753,49560,54,197,11
24754,49562,13,191,13
24755,49564,17,186,12
24756,49566,4,182,11
24757,49568,8,181,11
24758,49570,44,180,12
24759,49572,28,179,12
24760,49574,19,177,12
24761,49576,1,179,11
24762,49578,23,176,12
24763,49580,33,178,13
24764,49582,34,180,12
24765,49584,56,185,12
24766,49586,100,191,12
24767,49588,137,197,12
24768,49590,225,202,12
24769,49592,227,207,12
24770,49594,213,216,13
24771,49596,208,222,13
24772,49598,223,226,11
24773,49600,247,237,12
24774,49602,240,245,13
24775,49604,247,258,12
24776,49606,241,262,12
24777,49608,261,270,12
24778,49610,251,276,13
24779,49612,281,282,13
24780,49614,284,282,12
24781,49616,269,286,38
24782,49618,283,288,57
24783,49620,290,289,60
24784,49622,285,290,63
24785,49624,310,288,69
24786,49626,295,290,72
24787,49628,238,289,73
24788,49630,261,288,73
24789,49632,277,280,88
24790,49634,247,278,99
24791,49636,221,277,110
24792,49638,240,275,116
24793,49640,264,275,116
24794,49642,257,274,119
24795,49644,261,272,124
24796,49646,269,274,126
24797,49648,258,274,127
24798,49650,301,275,129
24799,49652,275,277,131
24800,49654,264,278,130
24801,49656,263,279,133
24802,49658,276,284,140
24803,49660,292,291,137
24804,49662,289,294,135
24805,49664,300,297,138
24806,49666,302,299,138
24807,49668,273,301,164
24808,49670,266,302,182
24809,49672,265,303,189
24810,49674,270,304,190
24811,49676,257,304,188
24812,49678,266,302,183
24813,49680,305,302,187
24814,49682,291,296,177
24815,49684,293,296,168
24816,49686,281,295,157
24817,49688,285,290,142
24818,49690,295,286,117
24819,49692,262,280,96
24820,49694,244,272,104
24821,49696,241,265,83
24822,49698,173,261,72
24823,49700,160,250,68
24824,49702,153,241,61
24825,49704,168,237,42
24826,49706,91,234,18
24827,49708,44,224,14
24828,49710,55,219,13
24829,49712,29,211,12
24830,49714,18,206,12
24831,49716,0,202,11
24832,49718,6,200,12
24833,49720,26,199,12
24834,49722,24,195,11
24835,49724,24,193,12
24836,49726,19,192,12
24837,49728,20,193,13
24838,49730,58,197,11
24839,49732,41,202,11
24840,49734,33,204,12
24841,49736,47,209,12
24842,49738,145,215,12
24843,49740,219,225,12
24844,49742,216,232,12
24845,49744,224,240,12
24846,49746,223,242,13
24847,49748,237,245,12
24848,49750,271,255,13
24849,49752,249,263,12
24850,49754,243,269,11
24851,49756,220,277,10
24852,49758,218,287,12
24853,49760,238,291,11
24854,49762,263,300,12
24855,49764,269,304,42
24856,49766,271,308,66
24857,49768,272,307,73
24858,49770,293,307,81
24859,49772,297,304,117
24860,49774,318,300,134
24861,49776,302,296,154
24862,49778,275,294,146
24863,49780,227,292,130
24864,49782,235,290,131
24865,49784,241,291,131
24866,49786,237,288,129
24867,49788,222,284,133
24868,49790,257,284,136
24869,49792,243,280,138
24870,49794,238,280,138
24871,49796,219,281,139
24872,49798,224,280,140
24873,49800,241,284,142
24874,49802,241,285,143
24875,49804,236,289,146
24876,49806,243,292,148
24877,49808,254,295,141
24878,49810,295,297,166
24879,49812,303,300,179
24880,49814,294,302,191
24881,49816,256,303,191
24882,49818,291,304,190
24883,49820,312,306,188
24884,49822,296,306,186
24885,49824,298,307,189
24886,49826,304,308,186
24887,49828,298,304,185
24888,49830,318,297,182
24889,49832,324,299,179
24890,49834,272,290,167
24891,49836,246,285,156
24892,49838,238,280,133
24893,49840,250,270,120
24894,49842,246,267,84
24895,49844,264,259,69
24896,49846,152,250,56
24897,49848,149,242,40
24898,49850,169,237,9
24899,49852,153,231,7
24900,49854,62,223,8
24901,49856,0,218,8
24902,49858,2,212,8
24903,49860,21,208,7
24904,49862,23,204,8
24905,49864,18,198,7
24906,49866,24,191,8
24907,49868,18,185,8
24908,49870,47,179,9
24909,49872,28,174,8
24910,49874,22,172,7
24911,49876,1,168,7
24912,49878,3,168,7
24913,49880,17,170,7
24914,49882,22,169,8
24915,49884,20,175,7
24916,49886,149,181,8
24917,49888,153,187,8
24918,49890,179,195,8
24919,49892,161,203,8
24920,49894,181,209,7
24921,49896,181,216,7
24922,49898,197,228,8
24923,49900,210,235,7
24924,49902,227,242,8
24925,49904,246,251,8
24926,49906,249,261,8
24927,49908,248,267,7
24928,49910,259,280,8
24929,49912,240,287,8
24930,49914,232,291,8
24931,49916,220,298,7
24932,49918,227,302,8
24933,49920,249,304,26
24934,49922,246,303,51
24935,49924,253,302,63
24936,49926,251,301,68
24937,49928,256,300,75
24938,49930,278,300,103
24939,49932,287,297,111
24940,49934,284,298,126
24941,49936,269,298,146
24942,49938,278,297,148
24943,49940,268,296,159
24944,49942,264,296,167
24945,49944,260,295,159
24946,49946,266,296,149
24947,49948,265,296,155
24948,49950,289,296,155
24949,49952,277,297,157
24950,49954,270,297,176
24951,49956,260,298,177
24952,49958,261,299,182
24953,49960,302,300,192
24954,49962,290,302,191
24955,49964,287,303,196
24956,49966,310,304,194
24957,49968,296,306,192
24958,49970,314,307,201
24959,49972,307,308,197
24960,49974,308,309,198
24961,49976,283,309,195
24962,49978,226,309,195
24963,49980,225,307,192
24964,49982,232,302,192
24965,49984,232,295,181
24966,49986,236,291,172
24967,49988,208,285,167
24968,49990,224,281,153
24969,49992,224,274,135
24970,49994,228,271,130
24971,49996,182,265,103
24972,49998,183,258,87
24973,50000,178,248,59
24974,50002,78,242,53
24975,50004,61,237,43
24976,50006,53,230,9
24977,50008,16,223,8
24978,50010,59,212,6
24979,50012,34,206,8
24980,50014,24,199,8
24981,50016,0,189,7
24982,50018,5,183,8
24983,50020,19,178,6
24984,50022,12,176,7
24985,50024,14,169,9
24986,50026,19,162,7
24987,50028,14,157,7
24988,50030,48,153,7
24989,50032,24,150,8
24990,50034,21,147,7
24991,50036,0,148,7
24992,50038,2,147,7
24993,50040,28,149,9
24994,50042,18,151,8
24995,50044,20,153,7
24996,50046,18,160,7
24997,50048,22,165,7
24998,50050,171,171,9
24999,50052,159,175,8
25000,50054,151,182,8
25001,50056,142,190,7
25002,50058,147,198,7
25003,50060,178,206,8
25004,50062,181,220,8
25005,50064,206,226,8
25006,50066,211,233,8
25007,50068,222,240,7
25008,50070,229,248,9
25009,50072,234,255,8
25010,50074,233,259,7
25011,50076,219,266,8
25012,50078,222,276,8
25013,50080,250,277,9
25014,50082,254,278,8
25015,50084,271,278,8
25016,50086,258,278,9
25017,50088,245,279,26
25018,50090,276,277,50
25019,50092,260,277,58
25020,50094,275,276,60
25021,50096,260,274,61
25022,50098,243,273,64
25023,50100,297,269,67
25024,50102,283,269,71
25025,50104,278,270,68
25026,50106,271,270,74
25027,50108,262,272,88
25028,50110,264,273,95
25029,50112,254,273,99
25030,50114,248,273,117
25031,50116,230,272,117
25032,50118,238,274,120
25033,50120,254,273,121
25034,50122,248,274,121
25035,50124,258,275,125
25036,50126,261,275,124
25037,50128,250,274,125
25038,50130,293,276,130
25039,50132,279,279,129
25040,50134,281,281,132
25041,50136,252,283,131
25042,50138,280,284,132
25043,50140,278,284,141
25044,50142,301,284,146
25045,50144,290,282,167
25046,50146,255,282,159
25047,50148,258,283,153
25048,50150,221,281,149
25049,50152,217,276,136
25050,50154,192,272,132
25051,50156,176,270,124
25052,50158,181,266,117
25053,50160,194,263,100
25054,50162,172,259,91
25055,50164,82,255,82
25056,50166,131,249,77
25057,50168,79,237,65
25058,50170,113,230,61
25059,50172,121,220,52
25060,50174,66,215,43
25061,50176,0,209,34
25062,50178,5,197,7
25063,50180,16,192,8
25064,50182,11,185,9
25065,50184,16,178,7
25066,50186,17,172,8
25067,50188,7,165,8
25068,50190,52,161,7
25069,50192,24,156,8
25070,50194,17,152,7
25071,50196,0,147,8
25072,50198,0,144,7
25073,50200,19,140,7
25074,50202,16,139,7
25075,50204,24,139,8
25076,50206,18,139,6
25077,50208,14,140,7
25078,50210,46,140,8
25079,50212,29,143,8
25080,50214,18,146,8
25081,50216,3,149,7
25082,50218,6,154,7
25083,50220,23,158,7
25084,50222,20,161,10
25085,50224,139,165,7
25086,50226,151,171,9
25087,50228,143,176,7
25088,50230,177,183,7
25089,50232,161,192,8
25090,50234,172,200,10
25091,50236,147,208,8
25092,50238,150,213,6
25093,50240,181,218,8
25094,50242,206,223,9
25095,50244,210,233,8
25096,50246,206,236,9
25097,50248,218,236,7
25098,50250,256,239,7
25099,50252,238,244,8
25100,50254,230,243,8
25101,50256,236,248,8
25102,50258,246,251,8
25103,50260,249,252,22
25104,50262,236,253,46
25105,50264,238,253,48
25106,50266,227,261,54
25107,50268,222,257,52
25108,50270,255,257,50
25109,50272,241,257,51
25110,50274,243,257,46
25111,50276,245,257,37
25112,50278,245,256,24
25113,50280,256,257,39
25114,50282,271,254,52
25115,50284,303,254,67
25116,50286,294,254,87
25117,50288,289,255,91
25118,50290,314,254,92
25119,50292,299,254,102
25120,50294,295,253,103
25121,50296,275,256,111
25122,50298,281,253,118
25123,50300,294,253,121
25124,50302,295,254,122
25125,50304,314,254,128
25126,50306,300,255,129
25127,50308,297,254,126
25128,50310,329,256,131
25129,50312,307,257,132
25130,50314,309,258,130
25131,50316,285,258,132
25132,50318,307,257,133
25133,50320,311,260,137
25134,50322,298,256,139
25135,50324,288,254,140
25136,50326,248,255,138
25137,50328,236,255,146
25138,50330,255,253,148
25139,50332,222,251,142
25140,50334,219,252,143
25141,50336,205,249,141
25142,50338,205,244,143
25143,50340,207,242,146
25144,50342,199,242,147
25145,50344,195,240,142
25146,50346,194,238,144
25147,50348,137,234,147
25148,50350,171,231,150
25149,50352,156,228,148
25150,50354,143,223,149
25151,50356,126,220,149
25152,50358,132,214,148
25153,50360,140,213,146
25154,50362,142,208,137
25155,50364,128,203,135
25156,50366,137,199,136
25157,50368,116,194,121
25158,50370,151,191,121
25159,50372,128,188,118
25160,50374,133,188,118
25161,50376,81,185,111
25162,50378,94,182,110
25163,50380,115,179,105
25164,50382,119,176,103
25165,50384,121,176,104
25166,50386,141,172,101
25167,50388,138,172,103
25168,50390,161,171,104
25169,50392,112,170,103
25170,50394,98,171,102
25171,50396,81,171,101
25172,50398,101,172,100
25173,50400,120,172,103
25174,50402,121,174,101
25175,50404,118,174,103
25176,50406,124,174,95
25177,50408,121,175,95
25178,50410,161,178,95
25179,50412,158,179,95
25180,50414,146,183,92
25181,50416,124,187,90
25182,50418,216,189,87
25183,50420,227,192,87
25184,50422,218,196,85
25185,50424,225,200,87
25186,50426,220,206,86
25187,50428,231,208,85
25188,50430,266,214,83
25189,50432,260,218,84
25190,50434,263,223,85
25191,50436,255,226,92
25192,50438,237,229,98
25193,50440,241,234,97
25194,50442,240,234,99
25195,50444,240,237,96
25196,50446,248,237,95
25197,50448,236,237,94
25198,50450,248,228,92
25199,50452,251,222,78
25200,50454,240,214,85
25201,50456,231,207,94
25202,50458,264,198,97
25203,50460,267,195,100
25204,50462,290,194,101
25205,50464,295,187,101
25206,50466,295,178,100
25207,50468,291,177,102
25208,50470,310,175,101
25209,50472,296,175,101
25210,50474,288,174,98
25211,50476,273,173,99
25212,50478,274,174,97
25213,50480,286,175,98
25214,50482,292,175,94
25215,50484,286,176,92
25216,50486,294,178,88
25217,50488,290,185,86
25218,50490,308,189,83
25219,50492,292,194,82
25220,50494,282,199,83
25221,50496,249,204,85
25222,50498,260,209,90
25223,50500,275,217,104
25224,50502,281,220,108
25225,50504,265,224,111
25226,50506,271,228,119
25227,50508,259,231,121
25228,50510,217,232,123
25229,50512,205,234,132
25230,50514,205,234,133
25231,50516,182,234,134
25232,50518,202,233,136
25233,50520,206,233,138
25234,50522,189,234,139
25235,50524,194,233,141
25236,50526,94,233,140
25237,50528,102,231,141
25238,50530,114,228,138
25239,50532,102,226,136
25240,50534,99,221,134
25241,50536,82,218,131
25242,50538,73,215,126
25243,50540,89,210,112
25244,50542,90,205,108
25245,50544,75,201,98
25246,50546,61,196,86
25247,50548,27,192,86
25248,50550,59,188,85
25249,50552,33,187,83
25250,50554,23,183,76
25251,50556,0,172,74
25252,50558,9,171,77
25253,50560,18,169,70
25254,50562,25,167,37
25255,50564,17,165,32
25256,50566,19,163,19
25257,50568,25,163,19
25258,50570,57,162,20
25259,50572,59,162,22
25260,50574,83,162,22
25261,50576,76,163,7
25262,50578,95,164,7
25263,50580,104,164,8
25264,50582,108,170,7
25265,50584,106,177,7
25266,50586,111,179,8
25267,50588,115,182,7
25268,50590,135,186,8
25269,50592,122,190,10
25270,50594,122,193,8
25271,50596,106,196,8
25272,50598,107,199,8
25273,50600,135,203,8
25274,50602,139,206,9
25275,50604,136,209,7
25276,50606,154,213,8
25277,50608,171,216,8
25278,50610,193,219,38
25279,50612,179,226,43
25280,50614,152,228,50
25281,50616,131,231,48
25282,50618,139,234,49
25283,50620,211,236,48
25284,50622,217,238,52
25285,50624,212,238,55
25286,50626,208,239,62
25287,50628,195,239,63
25288,50630,215,243,66
25289,50632,198,244,67
25290,50634,196,244,72
25291,50636,174,245,72
25292,50638,194,245,73
25293,50640,205,244,77
25294,50642,202,244,79
25295,50644,212,243,90
25296,50646,227,241,93
25297,50648,238,241,97
25298,50650,258,240,95
25299,50652,236,242,102
25300,50654,232,243,109
25301,50656,207,247,112
25302,50658,221,247,115
25303,50660,228,249,115
25304,50662,230,250,123
25305,50664,230,251,127
25306,50666,221,252,130
25307,50668,232,253,123
25308,50670,256,253,129
25309,50672,241,253,127
25310,50674,236,250,127
25311,50676,201,246,125
25312,50678,212,247,117
25313,50680,196,249,128
25314,50682,107,248,123
25315,50684,98,249,128
25316,50686,89,246,126
25317,50688,108,247,121
25318,50690,117,244,113
25319,50692,91,243,100
25320,50694,92,242,101
25321,50696,65,241,101
25322,50698,64,238,87
25323,50700,81,234,87
25324,50702,70,230,85
25325,50704,80,224,84
25326,50706,78,219,70
25327,50708,90,212,56
25328,50710,101,208,54
25329,50712,48,202,47
25330,50714,34,197,31
25331,50716,0,188,26
25332,50718,10,182,29
25333,50720,14,176,12
25334,50722,23,172,7
25335,50724,17,166,7
25336,50726,12,161,6
25337,50728,36,156,8
25338,50730,39,155,8
25339,50732,38,150,7
25340,50734,42,147,7
25341,50736,15,148,7
25342,50738,36,147,8
25343,50740,45,146,7
25344,50742,45,147,8
25345,50744,51,148,8
25346,50746,47,148,8
25347,50748,67,149,8
25348,50750,77,150,7
25349,50752,91,154,8
25350,50754,85,159,8
25351,50756,94,162,7
25352,50758,104,165,8
25353,50760,124,171,8
25354,50762,124,182,8
25355,50764,130,188,8
25356,50766,128,193,8
25357,50768,162,197,7
25358,50770,159,203,8
25359,50772,141,209,8
25360,50774,140,211,7
25361,50776,121,218,8
25362,50778,213,225,8
25363,50780,231,230,7
25364,50782,226,232,8
25365,50784,226,239,8
25366,50786,217,243,7
25367,50788,247,247,9
25368,50790,247,249,37
25369,50792,209,252,46
25370,50794,185,253,61
25371,50796,162,255,65
25372,50798,176,254,71
25373,50800,195,253,72
25374,50802,220,254,75
25375,50804,223,251,85
25376,50806,228,250,87
25377,50808,236,248,85
25378,50810,215,242,93
25379,50812,234,234,103
25380,50814,203,230,101
25381,50816,195,228,93
25382,50818,212,226,94
25383,50820,220,225,97
25384,50822,222,225,96
25385,50824,230,223,99
25386,50826,215,224,104
25387,50828,240,225,103
25388,50830,233,226,106
25389,50832,224,227,106
25390,50834,195,228,112
25391,50836,181,231,113
25392,50838,187,234,111
25393,50840,201,235,111
25394,50842,258,236,110
25395,50844,271,239,118
25396,50846,254,241,120
25397,50848,278,242,120
25398,50850,275,244,123
25399,50852,262,244,123
25400,50854,214,246,125
25401,50856,203,243,128
25402,50858,204,245,119
25403,50860,182,245,116
25404,50862,212,245,124
25405,50864,103,245,114
25406,50866,84,244,108
25407,50868,116,242,108
25408,50870,113,239,106
25409,50872,97,238,105
25410,50874,84,236,103
25411,50876,61,233,94
25412,50878,84,230,88
25413,50880,94,227,88
25414,50882,83,218,73
25415,50884,86,213,71
25416,50886,95,206,66
25417,50888,122,202,62
25418,50890,114,199,59
25419,50892,77,187,47
25420,50894,38,184,31
25421,50896,0,182,15
25422,50898,25,179,10
25423,50900,39,173,8
25424,50902,42,168,8
25425,50904,55,165,8
25426,50906,41,158,7
25427,50908,65,155,8
25428,50910,63,153,7
25429,50912,34,151,8
25430,50914,47,148,7
25431,50916,30,146,7
25432,50918,31,145,8
25433,50920,50,145,7
25434,50922,50,146,8
25435,50924,62,146,7
25436,50926,51,149,8
25437,50928,78,150,7
25438,50930,88,154,8
25439,50932,105,156,8
25440,50934,108,157,7
25441,50936,100,163,7
25442,50938,113,167,7
25443,50940,125,173,8
25444,50942,131,176,9
25445,50944,133,179,8
25446,50946,134,188,8
25447,50948,159,194,9
25448,50950,157,198,8
25449,50952,162,200,7
25450,50954,167,205,6
25451,50956,135,210,7
25452,50958,222,215,8
25453,50960,229,222,8
25454,50962,233,227,8
25455,50964,243,228,9
25456,50966,231,230,8
25457,50968,250,233,9
25458,50970,244,233,9
25459,50972,210,233,8
25460,50974,203,234,9
25461,50976,167,234,11
25462,50978,183,236,12
25463,50980,191,236,13
25464,50982,199,237,18
25465,50984,221,235,20
25466,50986,227,236,38
25467,50988,270,236,40
25468,50990,263,235,40
25469,50992,273,236,53
25470,50994,249,236,65
25471,50996,259,236,67
25472,50998,270,237,77
25473,51000,288,238,88
25474,51002,284,238,98
25475,51004,292,238,99
25476,51006,289,238,104
25477,51008,306,240,105
25478,51010,303,240,106
25479,51012,292,242,109
25480,51014,286,243,112
25481,51016,269,244,111
25482,51018,274,247,117
25483,51020,278,248,122
25484,51022,273,248,112
25485,51024,277,249,123
25486,51026,274,248,123
25487,51028,248,249,121
25488,51030,234,249,119
25489,51032,231,249,120
25490,51034,228,248,122
25491,51036,179,247,119
25492,51038,196,248,121
25493,51040,203,245,117
25494,51042,193,245,117
25495,51044,216,241,114
25496,51046,207,240,108
25497,51048,232,239,113
25498,51050,163,236,104
25499,51052,155,233,97
25500,51054,140,226,91
25501,51056,111,220,82
25502,51058,129,213,81
25503,51060,146,206,80
25504,51062,146,202,67
25505,51064,127,198,58
25506,51066,107,194,35
25507,51068,114,181,17
25508,51070,82,180,16
25509,51072,29,178,12
25510,51074,16,173,7
25511,51076,19,169,7
25512,51078,17,165,7
25513,51080,28,161,7
25514,51082,33,157,7
25515,51084,34,154,8
25516,51086,35,152,7
25517,51088,60,151,9
25518,51090,57,152,8
25519,51092,45,151,8
25520,51094,44,151,6
25521,51096,18,152,8
25522,51098,88,152,7
25523,51100,110,156,8
25524,51102,112,158,8
25525,51104,124,163,8
25526,51106,133,166,8
25527,51108,152,171,8
25528,51110,150,174,8
25529,51112,138,183,8
25530,51114,142,188,8
25531,51116,119,193,9
25532,51118,125,201,7
25533,51120,212,206,7
25534,51122,226,212,7
25535,51124,237,217,6
25536,51126,238,226,8
25537,51128,252,232,8
25538,51130,254,235,9
25539,51132,244,238,26
25540,51134,238,244,41
25541,51136,228,248,48
25542,51138,229,250,62
25543,51140,227,251,67
25544,51142,211,253,73
25545,51144,214,253,73
25546,51146,235,252,98
25547,51148,258,253,107
25548,51150,256,254,113
25549,51152,270,254,112
25550,51154,263,253,120
25551,51156,236,253,122
25552,51158,246,250,124
25553,51160,313,247,127
25554,51162,312,240,133
25555,51164,292,236,127
25556,51166,295,233,130
25557,51168,314,230,128
25558,51170,309,230,129
25559,51172,265,230,124
25560,51174,266,229,119
25561,51176,259,230,122
25562,51178,263,231,121
25563,51180,272,232,121
25564,51182,285,233,126
25565,51184,300,234,129
25566,51186,291,236,128
25567,51188,321,239,130
25568,51190,314,240,131
25569,51192,293,242,134
25570,51194,279,243,138
25571,51196,256,243,133
25572,51198,269,244,134
25573,51200,266,244,132
25574,51202,220,246,138
25575,51204,218,246,139
25576,51206,207,247,136
25577,51208,238,245,141
25578,51210,225,246,141
25579,51212,211,246,138
25580,51214,203,247,138
25581,51216,191,245,135
25582,51218,178,243,129
25583,51220,197,239,121
25584,51222,186,238,118
25585,51224,119,238,115
25586,51226,116,233,110
25587,51228,156,231,109
25588,51230,157,226,98
25589,51232,134,221,91
25590,51234,121,217,90
25591,51236,110,209,85
25592,51238,104,204,69
25593,51240,78,201,65
25594,51242,66,190,62
25595,51244,51,185,53
25596,51246,21,182,48
25597,51248,53,179,35
25598,51250,40,174,17
25599,51252,21,171,16
25600,51254,10,163,7
25601,51256,0,160,8
25602,51258,0,155,7
25603,51260,12,150,6
25604,51262,9,148,7
25605,51264,12,147,7
25606,51266,20,143,8
25607,51268,47,142,8
25608,51270,40,140,8
25609,51272,29,139,7
25610,51274,37,140,7
25611,51276,27,140,6
25612,51278,29,141,7
25613,51280,47,142,7
25614,51282,49,144,7
25615,51284,55,146,8
25616,51286,78,150,9
25617,51288,133,152,8
25618,51290,134,156,8
25619,51292,133,162,8
25620,51294,122,165,7
25621,51296,105,170,6
25622,51298,108,175,7
25623,51300,129,183,8
25624,51302,129,192,8
25625,51304,140,198,8
25626,51306,136,200,8
25627,51308,230,206,8
25628,51310,240,212,7
25629,51312,226,218,8
25630,51314,220,225,8
25631,51316,213,231,7
25632,51318,218,235,8
25633,51320,236,237,8
25634,51322,239,239,8
25635,51324,234,239,8
25636,51326,241,240,10
25637,51328,251,241,13
25638,51330,249,243,13
25639,51332,221,241,24
25640,51334,225,239,27
25641,51336,193,238,30
25642,51338,216,240,48
25643,51340,227,239,44
25644,51342,245,237,56
25645,51344,254,236,56
25646,51346,253,235,56
25647,51348,285,233,66
25648,51350,275,232,80
25649,51352,265,232,83
25650,51354,274,231,86
25651,51356,260,231,93
25652,51358,288,230,96
25653,51360,297,230,100
25654,51362,316,231,105
25655,51364,309,231,103
25656,51366,316,231,105
25657,51368,327,232,106
25658,51370,328,233,110
25659,51372,317,233,112
25660,51374,306,235,112
25661,51376,300,236,113
25662,51378,302,236,113
25663,51380,317,238,114
25664,51382,308,239,115
25665,51384,311,239,118
25666,51386,266,241,121
25667,51388,304,240,118
25668,51390,261,242,118
25669,51392,238,242,115
25670,51394,231,242,115
25671,51396,207,243,114
25672,51398,218,243,107
25673,51400,233,244,103
25674,51402,233,243,100
25675,51404,229,243,94
25676,51406,224,241,91
25677,51408,238,241,84
25678,51410,239,238,83
25679,51412,212,237,82
25680,51414,205,236,80
25681,51416,197,233,79
25682,51418,198,230,77
25683,51420,143,229,76
25684,51422,141,224,73
25685,51424,141,216,73
25686,51426,133,214,66
25687,51428,150,208,64
25688,51430,145,206,64
25689,51432,116,199,60
25690,51434,104,196,54
25691,51436,95,188,48
25692,51438,102,184,41
25693,51440,89,181,35
25694,51442,106,180,27
25695,51444,70,176,16
25696,51446,49,175,17
25697,51448,86,171,8
25698,51450,78,169,8
25699,51452,83,166,11
25700,51454,60,165,8
25701,51456,68,163,9
25702,51458,84,162,8
25703,51460,94,162,7
25704,51462,100,161,8
25705,51464,106,162,9
25706,51466,103,162,7
25707,51468,136,164,8
25708,51470,128,166,0
25709,51472,117,170,8
25710,51474,96,171,9
25711,51476,84,174,7
25712,51478,110,184,8
25713,51480,124,187,7
25714,51482,138,193,8
25715,51484,213,196,7
25716,51486,216,200,8
25717,51488,237,204,8
25718,51490,240,207,7
25719,51492,220,212,7
25720,51494,211,217,7
25721,51496,200,226,8
25722,51498,216,231,8
25723,51500,242,233,8
25724,51502,248,235,7
25725,51504,236,241,8
25726,51506,229,243,8
25727,51508,246,245,8
25728,51510,248,249,10
25729,51512,231,249,28
25730,51514,225,250,29
25731,51516,223,251,35
25732,51518,252,251,36
25733,51520,238,251,48
25734,51522,249,250,48
25735,51524,250,250,47
25736,51526,269,243,50
25737,51528,274,240,43
25738,51530,286,239,43
25739,51532,281,235,53
25740,51534,289,234,44
25741,51536,264,232,53
25742,51538,285,231,69
25743,51540,324,230,81
25744,51542,319,228,81
25745,51544,319,228,87
25746,51546,315,230,90
25747,51548,332,229,92
25748,51550,322,228,92
25749,51552,320,229,100
25750,51554,314,229,100
25751,51556,310,230,101
25752,51558,320,231,106
25753,51560,324,233,114
25754,51562,324,235,118
25755,51564,321,237,121
25756,51566,313,240,118
25757,51568,337,242,127
25758,51570,330,245,127
25759,51572,322,248,125
25760,51574,297,248,125
25761,51576,268,250,129
25762,51578,248,255,130
25763,51580,243,257,133
25764,51582,246,258,143
25765,51584,242,259,138
25766,51586,229,261,141
25767,51588,256,260,147
25768,51590,253,261,145
25769,51592,234,258,145
25770,51594,215,252,145
25771,51596,207,250,144
25772,51598,233,250,141
25773,51600,220,251,139
25774,51602,227,251,135
25775,51604,227,249,130
25776,51606,222,245,127
25777,51608,236,244,126
25778,51610,242,243,122
25779,51612,194,241,114
25780,51614,207,239,110
25781,51616,201,235,106
25782,51618,154,235,99
25783,51620,161,233,97
25784,51622,158,229,97
25785,51624,149,227,92
25786,51626,155,224,89
25787,51628,193,222,87
25788,51630,163,222,81
25789,51632,147,219,86
25790,51634,127,218,87
25791,51636,122,218,86
25792,51638,140,218,86
25793,51640,142,218,86
25794,51642,146,218,86
25795,51644,147,218,86
25796,51646,143,219,86
25797,51648,174,221,89
25798,51650,166,223,88
25799,51652,151,225,88
25800,51654,132,225,83
25801,51656,123,227,104
25802,51658,226,232,109
25803,51660,231,236,115
25804,51662,237,237,117
25805,51664,247,238,120
25806,51666,246,240,121
25807,51668,274,247,127
25808,51670,271,246,119
25809,51672,263,249,131
25810,51674,235,252,144
25811,51676,231,255,147
25812,51678,258,256,155
25813,51680,251,259,168
25814,51682,261,260,168
25815,51684,254,262,167
25816,51686,258,264,172
25817,51688,272,266,176
25818,51690,259,267,177
25819,51692,250,269,176
25820,51694,221,269,173
25821,51696,217,270,173
25822,51698,226,270,173
25823,51700,235,271,176
25824,51702,230,271,175
25825,51704,255,272,176
25826,51706,246,271,184
25827,51708,292,271,186
25828,51710,284,270,180
25829,51712,273,271,187
25830,51714,266,271,177
25831,51716,260,273,186
25832,51718,311,272,182
25833,51720,312,273,186
25834,51722,320,272,186
25835,51724,334,273,187
25836,51726,323,274,191
25837,51728,347,275,193
25838,51730,335,275,193
25839,51732,335,276,196
25840,51734,313,277,198
25841,51736,309,278,200
25842,51738,328,278,204
25843,51740,325,280,202
25844,51742,324,280,204
25845,51744,324,281,206
25846,51746,300,280,207
25847,51748,322,283,209
25848,51750,302,283,206
25849,51752,268,283,209
25850,51754,233,283,204
25851,51756,240,284,209
25852,51758,241,284,208
25853,51760,236,284,210
25854,51762,228,283,210
25855,51764,237,283,208
25856,51766,230,283,209
25857,51768,255,282,210
25858,51770,245,286,210
25859,51772,234,286,207
25860,51774,212,284,204
25861,51776,203,287,205
25862,51778,237,288,208
25863,51780,232,290,202
25864,51782,216,287,203
25865,51784,229,285,199
25866,51786,228,283,198
25867,51788,253,282,197
25868,51790,235,278,194
25869,51792,217,278,189
25870,51794,198,277,179
25871,51796,201,276,175
25872,51798,216,273,156
25873,51800,217,271,145
25874,51802,222,269,139
25875,51804,229,268,128
25876,51806,220,266,117
25877,51808,242,266,95
25878,51810,235,267,75
25879,51812,225,267,69
25880,51814,208,267,65
25881,51816,196,267,45
25882,51818,217,269,8
25883,51820,220,270,8
25884,51822,217,272,8
25885,51824,220,273,8
25886,51826,211,275,9
25887,51828,237,276,9
25888,51830,236,278,9
25889,51832,233,280,8
25890,51834,213,282,8
25891,51836,201,282,7
25892,51838,225,283,15
25893,51840,236,288,48
25894,51842,233,289,50
25895,51844,225,290,58
25896,51846,245,290,57
25897,51848,268,290,56
25898,51850,261,290,69
25899,51852,251,288,70
25900,51854,217,285,75
25901,51856,205,280,82
25902,51858,223,275,91
25903,51860,226,276,98
25904,51862,203,274,106
25905,51864,210,275,111
25906,51866,218,275,112
25907,51868,248,274,112
25908,51870,241,274,115
25909,51872,226,273,118
25910,51874,206,270,122
25911,51876,218,269,120
25912,51878,272,267,110
25913,51880,267,267,105
25914,51882,271,266,108
25915,51884,225,267,115
25916,51886,222,267,116
25917,51888,240,267,119
25918,51890,264,268,117
25919,51892,263,268,118
25920,51894,246,268,113
25921,51896,217,269,114
25922,51898,237,268,115
25923,51900,235,269,120
25924,51902,231,270,121
25925,51904,227,271,119
25926,51906,271,273,125
25927,51908,296,274,125
25928,51910,299,275,125
25929,51912,295,276,124
25930,51914,265,277,127
25931,51916,269,277,126
25932,51918,272,279,126
25933,51920,274,280,124
25934,51922,278,279,125
25935,51924,283,278,128
25936,51926,226,284,154
25937,51928,244,287,152
25938,51930,238,289,165
25939,51932,218,289,164
25940,51934,201,288,157
25941,51936,199,289,156
25942,51938,212,291,162
25943,51940,214,292,161
25944,51942,220,293,154
25945,51944,213,292,149
25946,51946,208,291,136
25947,51948,235,288,136
25948,51950,225,285,127
25949,51952,215,280,102
25950,51954,211,277,99
25951,51956,199,274,88
25952,51958,138,272,84
25953,51960,148,269,75
25954,51962,152,267,70
25955,51964,135,267,64
25956,51966,160,263,59
25957,51968,178,261,53
25958,51970,160,257,47
25959,51972,137,254,39
25960,51974,108,251,7
25961,51976,105,249,7
25962,51978,131,248,7
25963,51980,133,247,7
25964,51982,123,247,9
25965,51984,134,248,8
25966,51986,132,248,9
25967,51988,163,248,8
25968,51990,158,248,9
25969,51992,146,248,9
25970,51994,113,248,8
25971,51996,117,249,9
25972,51998,140,249,8
25973,52000,141,250,8
25974,52002,140,252,9
25975,52004,224,253,8
25976,52006,222,255,8
25977,52008,238,260,9
25978,52010,239,262,8
25979,52012,226,266,8
25980,52014,210,268,7
25981,52016,230,270,8
25982,52018,243,273,11
25983,52020,241,275,9
25984,52022,244,279,8
25985,52024,250,282,8
25986,52026,250,281,8
25987,52028,269,282,8
25988,52030,251,281,9
25989,52032,237,279,9
25990,52034,221,279,9
25991,52036,203,278,29
25992,52038,233,279,35
25993,52040,224,281,39
25994,52042,226,281,54
25995,52044,221,277,59
25996,52046,207,272,60
25997,52048,239,273,62
25998,52050,230,273,66
25999,52052,214,274,67
26000,52054,200,274,64
26001,52056,192,274,59
26002,52058,225,275,57
26003,52060,228,275,58
26004,52062,225,276,65
26005,52064,233,275,72
26006,52066,284,278,84
26007,52068,314,279,87
26008,52070,307,278,93
26009,52072,296,279,102
26010,52074,282,279,104
26011,52076,278,280,108
26012,52078,290,280,109
26013,52080,285,280,108
26014,52082,284,281,110
26015,52084,296,280,111
26016,52086,246,280,110
26017,52088,256,282,107
26018,52090,254,280,108
26019,52092,229,285,105
26020,52094,212,286,109
26021,52096,209,288,108
26022,52098,227,288,103
26023,52100,219,289,102
26024,52102,222,289,101
26025,52104,212,288,99
26026,52106,223,288,95
26027,52108,245,288,91
26028,52110,241,287,88
26029,52112,211,288,88
26030,52114,198,287,86
26031,52116,199,287,86
26032,52118,235,284,82
26033,52120,228,280,72
26034,52122,222,276,70
26035,52124,225,275,66
26036,52126,224,271,61
26037,52128,237,270,57
26038,52130,229,269,51
26039,52132,211,265,8
26040,52134,199,259,8
26041,52136,191,252,7
26042,52138,212,249,7
26043,52140,209,246,9
26044,52142,213,243,7
26045,52144,139,240,8
26046,52146,127,237,7
26047,52148,153,233,8
26048,52150,142,226,8
26049,52152,123,222,6
26050,52154,52,218,8
26051,52156,77,210,7
26052,52158,69,202,7
26053,52160,51,196,6
26054,52162,55,188,8
26055,52164,66,183,9
26056,52166,98,180,10
26057,52168,95,176,8
26058,52170,119,175,7
26059,52172,75,167,8
26060,52174,53,166,7
26061,52176,80,166,8
26062,52178,116,165,7
26063,52180,108,166,7
26064,52182,105,168,7
26065,52184,100,168,7
26066,52186,104,171,7
26067,52188,198,175,8
26068,52190,195,178,8
26069,52192,192,183,8
26070,52194,200,187,8
26071,52196,199,198,8
26072,52198,214,203,7
26073,52200,216,212,8
26074,52202,223,217,7
26075,52204,217,219,8
26076,52206,223,222,7
26077,52208,244,225,8
26078,52210,235,229,8
26079,52212,231,234,8
26080,52214,200,238,9
26081,52216,225,241,8
26082,52218,234,242,8
26083,52220,243,238,8
26084,52222,240,242,8
26085,52224,219,244,8
26086,52226,229,245,7
26087,52228,261,247,8
26088,52230,248,248,8
26089,52232,245,249,8
26090,52234,202,247,6
26091,52236,242,247,6
26092,52238,276,246,7
26093,52240,253,243,6
26094,52242,279,243,8
26095,52244,282,242,8
26096,52246,278,241,11
26097,52248,293,240,7
26098,52250,314,239,8
26099,52252,302,239,7
26100,52254,284,240,8
26101,52256,280,239,6
26102,52258,289,239,8
26103,52260,287,239,9
26104,52262,300,240,8
26105,52264,283,239,8
26106,52266,292,240,6
26107,52268,310,242,15
26108,52270,311,242,16
26109,52272,294,244,19
26110,52274,285,244,17
26111,52276,281,246,24
26112,52278,316,247,30
26113,52280,312,249,44
26114,52282,316,246,52
26115,52284,322,250,55
26116,52286,303,252,71
26117,52288,290,253,71
26118,52290,288,258,74
26119,52292,283,262,74
26120,52294,273,262,73
26121,52296,203,261,72
26122,52298,242,256,74
26123,52300,223,257,73
26124,52302,228,257,69
26125,52304,228,255,73
26126,52306,224,254,67
26127,52308,242,254,66
26128,52310,228,252,65
26129,52312,213,249,62
26130,52314,188,246,61
26131,52316,197,244,63
26132,52318,201,240,62
26133,52320,204,237,51
26134,52322,128,233,48
26135,52324,128,232,45
26136,52326,137,223,37
26137,52328,143,217,21
26138,52330,129,212,14
26139,52332,120,208,8
26140,52334,79,204,8
26141,52336,87,199,8
26142,52338,102,198,9
26143,52340,102,193,8
26144,52342,78,186,8
26145,52344,82,184,7
26146,52346,55,179,7
26147,52348,112,175,9
26148,52350,101,175,8
26149,52352,101,171,8
26150,52354,52,169,7
26151,52356,59,166,7
26152,52358,87,163,8
26153,52360,78,163,8
26154,52362,65,163,8
26155,52364,80,163,7
26156,52366,92,162,8
26157,52368,120,163,8
26158,52370,120,166,8
26159,52372,127,167,7
26160,52374,105,170,7
26161,52376,108,172,7
26162,52378,128,182,9
26163,52380,121,186,7
26164,52382,111,190,7
26165,52384,187,193,7
26166,52386,183,196,7
26167,52388,223,202,8
26168,52390,227,205,8
26169,52392,211,209,7
26170,52394,181,212,8
26171,52396,206,217,8
26172,52398,225,225,8
26173,52400,233,227,8
26174,52402,242,231,9
26175,52404,254,233,7
26176,52406,252,234,9
26177,52408,266,235,10
26178,52410,245,233,8
26179,52412,248,234,9
26180,52414,236,239,7
26181,52416,218,239,7
26182,52418,246,236,9
26183,52420,252,235,8
26184,52422,255,232,7
26185,52424,240,228,7
26186,52426,288,224,9
26187,52428,299,217,8
26188,52430,290,209,9
26189,52432,288,202,10
26190,52434,215,193,21
26191,52436,220,184,40
26192,52438,230,183,45
26193,52440,227,182,58
26194,52442,224,181,67
26195,52444,220,182,73
26196,52446,223,182,77
26197,52448,241,182,78
26198,52450,226,182,79
26199,52452,239,183,80
26200,52454,227,184,85
26201,52456,224,187,93
26202,52458,203,197,95
26203,52460,200,204,103
26204,52462,253,210,115
26205,52464,279,215,116
26206,52466,276,224,118
26207,52468,307,236,123
26208,52470,293,240,127
26209,52472,281,243,129
26210,52474,265,247,130
26211,52476,260,247,135
26212,52478,268,249,157
26213,52480,256,249,159
26214,52482,258,251,172
26215,52484,207,251,179
26216,52486,215,251,189
26217,52488,238,247,190
26218,52490,225,243,192
26219,52492,213,243,193
26220,52494,119,243,190
26221,52496,113,242,191
26222,52498,128,240,184
26223,52500,145,238,182
26224,52502,141,237,181
26225,52504,136,234,182
26226,52506,137,229,175
26227,52508,161,227,170
26228,52510,153,223,169
26229,52512,126,217,164
26230,52514,113,214,153
26231,52516,67,211,151
26232,52518,92,206,149
26233,52520,90,204,145
26234,52522,88,203,142
26235,52524,83,200,138
26236,52526,30,198,136
26237,52528,62,195,106
26238,52530,45,194,104
26239,52532,28,191,102
26240,52534,0,191,97
26241,52536,1,188,94
26242,52538,27,187,90
26243,52540,19,184,88
26244,52542,17,183,78
26245,52544,34,183,77
26246,52546,67,183,73
26247,52548,96,183,74
26248,52550,84,185,72
26249,52552,81,188,73
26250,52554,77,190,65
26251,52556,142,192,80
26252,52558,166,194,64
26253,52560,164,196,81
26254,52562,166,198,81
26255,52564,182,204,81
26256,52566,167,209,73
26257,52568,214,212,74
26258,52570,178,214,73
26259,52572,159,217,76
26260,52574,148,223,77
26261,52576,135,227,85
26262,52578,165,228,84
26263,52580,159,232,88
26264,52582,215,233,91
26265,52584,212,234,89
26266,52586,234,235,90
26267,52588,249,235,92
26268,52590,259,235,91
26269,52592,252,235,93
26270,52594,238,235,93
26271,52596,261,235,101
26272,52598,275,235,100
26273,52600,275,235,100
26274,52602,267,234,105
26275,52604,265,234,94
26276,52606,277,233,100
26277,52608,294,232,91
26278,52610,254,231,92
26279,52612,248,232,95
26280,52614,212,232,94
26281,52616,223,232,96
26282,52618,243,232,94
26283,52620,240,232,94
26284,52622,237,234,107
26285,52624,261,236,105
26286,52626,264,237,110
26287,52628,281,238,116
26288,52630,308,240,112
26289,52632,306,241,122
26290,52634,289,244,123
26291,52636,294,246,126
26292,52638,304,246,128
26293,52640,289,247,128
26294,52642,299,249,129
26295,52644,298,249,136
26296,52646,301,250,137
26297,52648,328,251,137
26298,52650,309,250,136
26299,52652,286,250,135
26300,52654,212,251,133
26301,52656,205,250,130
26302,52658,231,249,124
26303,52660,227,248,122
26304,52662,225,247,117
26305,52664,212,245,120
26306,52666,221,244,107
26307,52668,243,243,118
26308,52670,174,239,118
26309,52672,151,237,98
26310,52674,133,234,96
26311,52676,130,226,81
26312,52678,134,220,79
26313,52680,153,215,77
26314,52682,157,210,68
26315,52684,133,205,64
26316,52686,135,198,54
26317,52688,159,194,32
26318,52690,144,186,17
26319,52692,129,180,17
26320,52694,81,178,17
26321,52696,27,175,7
26322,52698,80,170,8
26323,52700,72,167,8
26324,52702,80,163,7
26325,52704,39,162,7
26326,52706,42,159,8
26327,52708,63,156,8
26328,52710,27,154,7
26329,52712,11,153,9
26330,52714,0,151,8
26331,52716,0,154,7
26332,52718,48,154,8
26333,52720,52,156,8
26334,52722,51,159,9
26335,52724,75,161,7
26336,52726,98,164,10
26337,52728,139,169,9
26338,52730,125,178,7
26339,52732,130,184,7
26340,52734,101,189,7
26341,52736,112,195,7
26342,52738,123,200,7
26343,52740,134,206,7
26344,52742,138,210,8
26345,52744,215,215,7
26346,52746,226,221,8
26347,52748,248,228,8
26348,52750,248,235,7
26349,52752,238,241,9
26350,52754,235,245,9
26351,52756,235,246,9
26352,52758,246,250,23
26353,52760,249,254,43
26354,52762,254,257,48
26355,52764,236,258,61
26356,52766,227,260,63
26357,52768,238,261,71
26358,52770,221,260,71
26359,52772,223,259,73
26360,52774,211,259,80
26361,52776,222,259,83
26362,52778,249,258,88
26363,52780,247,255,86
26364,52782,246,251,94
26365,52784,251,249,92
26366,52786,241,243,95
26367,52788,262,235,101
26368,52790,241,235,102
26369,52792,236,232,103
26370,52794,227,234,105
26371,52796,232,234,106
26372,52798,237,237,107
26373,52800,248,240,109
26374,52802,246,248,112
26375,52804,242,252,117
26376,52806,241,253,111
26377,52808,267,256,120
26378,52810,260,258,122
26379,52812,250,261,125
26380,52814,241,261,121
26381,52816,218,263,123
26382,52818,229,264,131
26383,52820,219,265,131
26384,52822,222,266,130
26385,52824,215,268,127
26386,52826,220,265,138
26387,52828,235,266,139
26388,52830,229,266,156
26389,52832,224,264,158
26390,52834,207,262,160
26391,52836,138,262,157
26392,52838,150,260,159
26393,52840,163,253,161
26394,52842,154,251,163
26395,52844,145,247,165
26396,52846,147,246,156
26397,52848,175,246,140
26398,52850,167,243,127
26399,52852,155,239,121
26400,52854,114,237,118
26401,52856,123,234,111
26402,52858,144,226,103
26403,52860,146,223,98
26404,52862,144,219,100
26405,52864,138,215,94
26406,52866,136,212,93
26407,52868,165,209,91
26408,52870,155,205,88
26409,52872,137,199,67
26410,52874,116,197,57
26411,52876,119,197,51
26412,52878,132,195,47
26413,52880,131,192,48
26414,52882,119,190,48
26415,52884,104,191,47
26416,52886,118,192,43
26417,52888,152,191,43
26418,52890,131,192,41
26419,52892,123,192,43
26420,52894,105,192,43
26421,52896,113,196,42
26422,52898,128,198,43
26423,52900,129,198,47
26424,52902,134,201,46
26425,52904,142,204,48
26426,52906,129,209,51
26427,52908,160,210,47
26428,52910,152,212,47
26429,52912,146,215,45
26430,52914,214,218,53
26431,52916,233,223,51
26432,52918,240,226,55
26433,52920,239,230,55
26434,52922,244,233,54
26435,52924,252,234,53
26436,52926,250,238,52
26437,52928,277,239,59
26438,52930,260,240,63
26439,52932,249,241,65
26440,52934,231,246,67
26441,52936,236,246,67
26442,52938,251,250,67
26443,52940,248,252,72
26444,52942,220,253,73
26445,52944,225,253,87
26446,52946,227,254,89
26447,52948,252,253,90
26448,52950,236,255,89
26449,52952,225,255,96
26450,52954,217,254,99
26451,52956,230,254,103
26452,52958,246,255,104
26453,52960,255,255,108
26454,52962,254,256,109
26455,52964,257,256,112
26456,52966,265,257,110
26457,52968,300,257,121
26458,52970,287,258,119
26459,52972,270,257,117
26460,52974,262,258,116
26461,52976,269,258,114
26462,52978,291,258,116
26463,52980,264,258,117
26464,52982,271,258,125
26465,52984,263,255,130
26466,52986,233,250,125
26467,52988,256,251,125
26468,52990,237,250,124
26469,52992,229,251,120
26470,52994,212,250,116
26471,52996,205,249,114
26472,52998,215,247,105
26473,53000,216,246,101
26474,53002,213,243,99
26475,53004,199,241,91
26476,53006,133,240,83
26477,53008,169,237,76
26478,53010,150,231,75
26479,53012,138,226,76
26480,53014,112,218,69
26481,53016,145,214,63
26482,53018,154,210,60
26483,53020,132,205,53
26484,53022,131,202,53
26485,53024,130,198,50
26486,53026,124,192,48
26487,53028,157,186,49
26488,53030,137,184,36
26489,53032,124,179,8
26490,53034,104,177,8
26491,53036,108,174,7
26492,53038,130,171,7
26493,53040,118,166,8
26494,53042,121,164,9
26495,53044,121,162,8
26496,53046,120,159,9
26497,53048,143,156,7
26498,53050,130,155,7
26499,53052,120,154,6
26500,53054,103,152,7
26501,53056,104,151,6
26502,53058,121,151,7
26503,53060,117,152,6
26504,53062,124,152,8
26505,53064,121,159,8
26506,53066,117,159,7
26507,53068,145,161,8
26508,53070,132,164,8
26509,53072,125,167,7
26510,53074,111,170,7
26511,53076,115,179,7
26512,53078,128,186,8
26513,53080,134,191,7
26514,53082,140,198,8
26515,53084,145,201,8
26516,53086,138,206,6
26517,53088,247,211,7
26518,53090,227,214,8
26519,53092,242,218,9
26520,53094,225,223,8
26521,53096,238,228,8
26522,53098,245,232,7
26523,53100,250,235,8
26524,53102,249,236,9
26525,53104,251,237,27
26526,53106,241,237,37
26527,53108,265,238,40
26528,53110,246,237,44
26529,53112,235,236,45
26530,53114,200,235,45
26531,53116,210,237,45
26532,53118,221,235,44
26533,53120,222,236,43
26534,53122,222,236,42
26535,53124,223,234,42
26536,53126,220,236,41
26537,53128,257,237,51
26538,53130,262,237,61
26539,53132,247,238,68
26540,53134,233,239,74
26541,53136,230,240,77
26542,53138,249,241,83
26543,53140,246,240,86
26544,53142,247,241,84
26545,53144,241,241,87
26546,53146,239,242,98
26547,53148,265,242,100
26548,53150,234,242,102
26549,53152,237,243,101
26550,53154,206,243,103
26551,53156,212,244,104
26552,53158,217,245,104
26553,53160,223,246,100
26554,53162,216,245,99
26555,53164,216,244,96
26556,53166,206,242,86
26557,53168,228,242,86
26558,53170,222,242,84
26559,53172,147,239,84
26560,53174,107,236,75
26561,53176,106,236,72
26562,53178,121,231,71
26563,53180,140,226,71
26564,53182,138,217,63
26565,53184,120,215,60
26566,53186,118,212,58
26567,53188,143,206,58
26568,53190,140,201,48
26569,53192,127,195,10
26570,53194,113,194,8
26571,53196,118,184,8
26572,53198,128,177,8
26573,53200,132,173,7
26574,53202,123,168,8
26575,53204,125,165,8
26576,53206,124,161,7
26577,53208,145,158,7
26578,53210,114,154,7
26579,53212,100,152,8
26580,53214,50,151,6
26581,53216,73,150,7
26582,53218,74,148,7
26583,53220,64,148,8
26584,53222,83,145,8
26585,53224,97,146,6
26586,53226,103,145,7
26587,53228,124,146,6
26588,53230,114,148,7
26589,53232,106,149,7
26590,53234,86,152,8
26591,53236,91,152,8
26592,53238,107,155,7
26593,53240,103,158,7
26594,53242,106,163,7
26595,53244,120,171,7
26596,53246,127,177,8
26597,53248,161,181,7
26598,53250,150,184,7
26599,53252,138,190,8
26600,53254,121,193,7
26601,53256,129,197,8
26602,53258,210,198,7
26603,53260,219,204,8
26604,53262,216,207,8
26605,53264,217,210,8
26606,53266,224,211,7
26607,53268,243,216,8
26608,53270,237,217,10
26609,53272,229,218,8
26610,53274,221,218,8
26611,53276,236,224,8
26612,53278,240,224,8
26613,53280,246,226,8
26614,53282,234,224,8
26615,53284,241,227,9
26616,53286,238,227,8
26617,53288,255,229,9
26618,53290,251,229,28
26619,53292,225,230,32
26620,53294,198,231,8
26621,53296,206,230,8
26622,53298,216,230,9
26623,53300,211,231,9
26624,53302,224,231,7
26625,53304,226,230,8
26626,53306,214,231,7
26627,53308,248,233,41
26628,53310,242,234,44
26629,53312,245,234,44
26630,53314,222,235,29
26631,53316,235,237,37
26632,53318,247,238,50
26633,53320,240,240,54
26634,53322,240,240,59
26635,53324,247,241,64
26636,53326,249,241,60
26637,53328,274,241,69
26638,53330,260,241,72
26639,53332,255,241,75
26640,53334,224,240,76
26641,53336,232,241,79
26642,53338,240,241,77
26643,53340,252,241,78
26644,53342,247,241,73
26645,53344,231,241,71
26646,53346,231,238,67
26647,53348,246,236,69
26648,53350,255,237,62
26649,53352,228,233,59
26650,53354,197,231,55
26651,53356,200,225,53
26652,53358,137,219,49
26653,53360,142,214,35
26654,53362,139,210,8
26655,53364,138,206,9
26656,53366,138,203,8
26657,53368,166,198,9
26658,53370,145,195,8
26659,53372,139,185,7
26660,53374,117,181,7
26661,53376,125,175,8
26662,53378,142,171,8
26663,53380,137,168,9
26664,53382,138,162,7
26665,53384,136,159,8
26666,53386,134,155,8
26667,53388,154,150,7
26668,53390,137,147,8
26669,53392,132,143,7
26670,53394,117,140,7
26671,53396,124,138,7
26672,53398,133,134,6
26673,53400,134,133,7
26674,53402,138,128,7
26675,53404,134,125,7
26676,53406,130,126,7
26677,53408,155,127,7
26678,53410,139,128,8
26679,53412,134,130,7
26680,53414,117,132,7
26681,53416,126,135,7
26682,53418,138,139,7
26683,53420,137,143,7
26684,53422,139,147,7
26685,53424,138,150,7
26686,53426,134,154,7
26687,53428,162,158,8
26688,53430,133,163,8
26689,53432,206,168,7
26690,53434,201,179,7
26691,53436,205,187,8
26692,53438,220,194,9
26693,53440,221,200,8
26694,53442,222,204,8
26695,53444,221,207,7
26696,53446,228,211,8
26697,53448,248,214,8
26698,53450,230,219,8
26699,53452,234,221,7
26700,53454,236,220,9
26701,53456,239,221,8
26702,53458,243,220,8
26703,53460,238,218,8
26704,53462,229,219,7
26705,53464,225,217,7
26706,53466,213,215,7
26707,53468,239,215,8
26708,53470,221,212,8
26709,53472,218,212,8
26710,53474,197,211,7
26711,53476,224,208,8
26712,53478,230,208,8
26713,53480,234,208,7
26714,53482,221,208,8
26715,53484,243,209,9
26716,53486,253,209,9
26717,53488,267,210,9
26718,53490,250,211,7
26719,53492,262,214,8
26720,53494,236,217,11
26721,53496,234,219,8
26722,53498,235,222,7
26723,53500,227,224,13
26724,53502,227,226,35
26725,53504,224,229,47
26726,53506,219,231,55
26727,53508,244,232,58
26728,53510,219,233,66
26729,53512,230,232,69
26730,53514,209,233,69
26731,53516,237,234,68
26732,53518,246,234,69
26733,53520,247,235,65
26734,53522,231,237,69
26735,53524,232,236,69
26736,53526,226,237,69
26737,53528,266,236,70
26738,53530,229,234,68
26739,53532,222,234,69
26740,53534,133,231,64
26741,53536,145,226,65
26742,53538,129,222,61
26743,53540,127,217,52
26744,53542,124,213,55
26745,53544,131,208,43
26746,53546,136,204,8
26747,53548,167,196,9
26748,53550,145,193,8
26749,53552,132,191,7
26750,53554,113,179,7
26751,53556,131,173,7
26752,53558,131,169,7
26753,53560,135,167,6
26754,53562,136,162,8
26755,53564,139,159,7
26756,53566,131,156,7
26757,53568,157,154,8
26758,53570,134,151,7
26759,53572,135,149,8
26760,53574,117,148,7
26761,53576,126,147,7
26762,53578,136,147,7
26763,53580,132,148,8
26764,53582,141,147,7
26765,53584,135,148,7
26766,53586,139,148,8
26767,53588,160,151,8
26768,53590,145,152,8
26769,53592,137,155,8
26770,53594,123,156,8
26771,53596,129,159,5
26772,53598,144,161,7
26773,53600,142,166,7
26774,53602,143,174,9
26775,53604,137,180,8
26776,53606,138,186,8
26777,53608,164,190,8
26778,53610,147,193,8
26779,53612,214,200,7
26780,53614,205,204,7
26781,53616,216,208,7
26782,53618,245,211,6
26783,53620,245,213,10
26784,53622,244,216,6
26785,53624,250,222,8
26786,53626,252,224,7
26787,53628,269,224,8
26788,53630,248,225,8
26789,53632,232,225,8
26790,53634,204,227,8
26791,53636,216,228,8
26792,53638,219,227,7
26793,53640,225,229,8
26794,53642,235,229,7
26795,53644,255,228,9
26796,53646,254,229,8
26797,53648,280,230,6
26798,53650,253,230,8
26799,53652,259,229,7
26800,53654,239,231,11
26801,53656,246,230,7
26802,53658,264,233,8
26803,53660,269,234,9
26804,53662,289,235,11
26805,53664,285,234,12
26806,53666,281,235,11
26807,53668,305,237,18
26808,53670,286,237,31
26809,53672,278,237,38
26810,53674,256,238,42
26811,53676,260,238,48
26812,53678,262,239,53
26813,53680,251,240,58
26814,53682,249,238,61
26815,53684,237,237,63
26816,53686,254,239,64
26817,53688,246,239,64
26818,53690,254,239,64
26819,53692,241,238,58
26820,53694,201,238,55
26821,53696,205,235,56
26822,53698,211,234,52
26823,53700,148,231,50
26824,53702,157,225,49
26825,53704,152,220,49
26826,53706,151,216,49
26827,53708,162,211,47
26828,53710,108,206,8
26829,53712,107,201,8
26830,53714,104,191,7
26831,53716,120,196,8
26832,53718,134,180,8
26833,53720,131,175,7
26834,53722,137,167,8
26835,53724,135,164,7
26836,53726,137,159,8
26837,53728,158,153,9
26838,53730,141,151,9
26839,53732,145,150,7
26840,53734,110,147,7
26841,53736,123,146,7
26842,53738,132,144,7
26843,53740,129,142,8
26844,53742,137,138,7
26845,53744,136,136,8
26846,53746,144,137,8
26847,53748,145,137,7
26848,53750,139,138,7
26849,53752,134,140,7
26850,53754,119,141,7
26851,53756,121,144,8
26852,53758,133,145,7
26853,53760,137,150,8
26854,53762,136,153,7
26855,53764,139,156,6
26856,53766,154,167,7
26857,53768,161,171,8
26858,53770,142,176,7
26859,53772,141,181,8
26860,53774,201,188,7
26861,53776,208,194,8
26862,53778,213,198,8
26863,53780,211,205,8
26864,53782,223,209,9
26865,53784,222,212,7
26866,53786,243,217,8
26867,53788,256,227,9
26868,53790,246,229,8
26869,53792,250,232,8
26870,53794,238,237,8
26871,53796,241,238,8
26872,53798,238,237,9
26873,53800,242,235,10
26874,53802,259,236,7
26875,53804,240,237,10
26876,53806,260,238,11
26877,53808,261,237,27
26878,53810,246,235,27
26879,53812,236,235,29
26880,53814,235,234,13
26881,53816,247,233,14
26882,53818,264,232,10
26883,53820,236,230,13
26884,53822,239,229,14
26885,53824,276,229,13
26886,53826,293,229,13
26887,53828,304,228,14
26888,53830,291,230,22
26889,53832,284,231,29
26890,53834,251,234,61
26891,53836,258,236,68
26892,53838,271,238,75
26893,53840,256,240,79
26894,53842,223,243,85
26895,53844,238,245,93
26896,53846,274,246,92
26897,53848,252,246,90
26898,53850,252,247,85
26899,53852,245,247,84
26900,53854,199,248,84
26901,53856,211,249,84
26902,53858,239,250,82
26903,53860,234,250,75
26904,53862,221,248,77
26905,53864,241,247,74
26906,53866,186,242,75
26907,53868,168,239,74
26908,53870,148,236,69
26909,53872,161,235,66
26910,53874,115,231,65
26911,53876,131,224,56
26912,53878,134,221,50
26913,53880,125,214,49
26914,53882,110,207,7
26915,53884,112,202,7
26916,53886,127,199,8
26917,53888,131,191,9
26918,53890,115,184,8
26919,53892,107,174,6
26920,53894,110,162,8
26921,53896,63,157,8
26922,53898,48,154,8
26923,53900,18,148,8
26924,53902,17,147,7
26925,53904,15,142,7
26926,53906,46,136,7
26927,53908,38,130,6
26928,53910,20,126,7
26929,53912,11,125,8
26930,53914,0,120,7
26931,53916,3,118,7
26932,53918,48,118,7
26933,53920,59,118,8
26934,53922,106,118,8
26935,53924,130,120,7
26936,53926,152,123,7
26937,53928,153,126,8
26938,53930,131,127,8
26939,53932,136,134,7
26940,53934,111,139,8
26941,53936,120,144,7
26942,53938,133,149,8
26943,53940,136,151,7
26944,53942,138,154,7
26945,53944,135,166,8
26946,53946,151,173,9
26947,53948,154,179,8
26948,53950,137,184,7
26949,53952,135,192,7
26950,53954,112,197,7
26951,53956,122,202,7
26952,53958,211,209,8
26953,53960,223,214,7
26954,53962,228,217,8
26955,53964,239,221,7
26956,53966,272,223,10
26957,53968,276,228,7
26958,53970,250,229,8
26959,53972,250,230,7
26960,53974,234,230,7
26961,53976,219,231,8
26962,53978,229,233,9
26963,53980,234,232,7
26964,53982,235,233,8
26965,53984,239,233,9
26966,53986,265,232,10
26967,53988,260,233,8
26968,53990,237,232,9
26969,53992,242,233,8
26970,53994,226,233,8
26971,53996,233,235,10
26972,53998,244,235,13
26973,54000,240,236,11
26974,54002,252,237,13
26975,54004,274,237,13
26976,54006,289,237,25
26977,54008,279,239,33
26978,54010,267,240,38
26979,54012,247,242,43
26980,54014,235,242,50
26981,54016,252,242,62
26982,54018,250,242,66
26983,54020,250,243,66
26984,54022,241,244,66
26985,54024,259,244,66
26986,54026,245,242,65
26987,54028,247,243,66
26988,54030,246,243,63
26989,54032,230,243,57
26990,54034,225,242,55
26991,54036,158,240,55
26992,54038,158,238,52
26993,54040,149,236,50
26994,54042,146,228,50
26995,54044,148,225,48
26996,54046,168,219,32
26997,54048,159,215,8
26998,54050,148,209,8
26999,54052,114,205,7
27000,54054,95,199,9
27001,54056,102,197,7
27002,54058,115,187,8
27003,54060,113,180,7
27004,54062,125,175,8
27005,54064,131,172,9
27006,54066,152,169,7
27007,54068,153,165,7
27008,54070,143,160,7
27009,54072,132,155,7
27010,54074,118,155,7
27011,54076,124,153,7
27012,54078,138,151,9
27013,54080,137,150,7
27014,54082,133,146,7
27015,54084,138,145,8
27016,54086,155,144,7
27017,54088,151,145,8
27018,54090,130,145,8
27019,54092,146,145,7
27020,54094,117,146,8
27021,54096,124,148,8
27022,54098,131,149,8
27023,54100,142,152,8
27024,54102,137,154,8
27025,54104,143,158,7
27026,54106,158,162,7
27027,54108,158,166,8
27028,54110,148,169,7
27029,54112,136,175,8
27030,54114,115,184,7
27031,54116,125,191,8
27032,54118,212,195,8
27033,54120,217,202,8
27034,54122,217,207,8
27035,54124,218,210,8
27036,54126,266,213,8
27037,54128,264,220,8
27038,54130,250,225,8
27039,54132,247,229,8
27040,54134,240,229,8
27041,54136,245,231,8
27042,54138,234,232,10
27043,54140,243,233,5
27044,54142,242,231,8
27045,54144,244,232,9
27046,54146,261,231,8
27047,54148,270,230,8
27048,54150,248,230,8
27049,54152,242,230,7
27050,54154,241,229,7
27051,54156,251,229,8
27052,54158,258,230,8
27053,54160,265,229,6
27054,54162,268,230,8
27055,54164,256,229,7
27056,54166,289,231,7
27057,54168,311,232,7
27058,54170,289,232,9
27059,54172,308,234,8
27060,54174,303,235,8
27061,54176,307,237,10
27062,54178,304,237,8
27063,54180,299,241,8
27064,54182,294,244,11
27065,54184,294,248,15
27066,54186,251,248,34
27067,54188,282,249,48
27068,54190,254,250,55
27069,54192,239,251,61
27070,54194,240,252,63
27071,54196,229,251,66
27072,54198,235,251,65
27073,54200,239,247,65
27074,54202,235,247,62
27075,54204,238,247,63
27076,54206,247,246,62
27077,54208,246,245,60
27078,54210,232,244,59
27079,54212,182,242,59
27080,54214,159,239,57
27081,54216,142,237,55
27082,54218,153,235,53
27083,54220,154,226,47
27084,54222,149,221,43
27085,54224,143,217,33
27086,54226,168,213,24
27087,54228,168,205,9
27088,54230,130,199,11
27089,54232,105,195,8
27090,54234,101,191,6
27091,54236,101,181,7
27092,54238,104,175,7
27093,54240,108,171,7
27094,54242,121,169,7
27095,54244,56,165,6
27096,54246,73,160,7
27097,54248,85,155,8
27098,54250,125,149,7
27099,54252,116,150,7
27100,54254,109,150,7
27101,54256,123,150,8
27102,54258,132,149,8
27103,54260,139,149,7
27104,54262,135,150,7
27105,54264,130,151,7
27106,54266,153,151,6
27107,54268,150,153,7
27108,54270,143,155,7
27109,54272,127,157,8
27110,54274,116,161,6
27111,54276,122,164,7
27112,54278,137,170,8
27113,54280,139,177,8
27114,54282,132,182,7
27115,54284,139,187,8
27116,54286,162,191,7
27117,54288,231,195,8
27118,54290,220,200,5
27119,54292,213,205,7
27120,54294,197,208,8
27121,54296,210,209,7
27122,54298,238,214,7
27123,54300,237,219,6
27124,54302,259,224,8
27125,54304,246,227,8
27126,54306,278,228,7
27127,54308,270,228,9
27128,54310,247,229,8
27129,54312,232,229,7
27130,54314,215,230,7
27131,54316,227,230,7
27132,54318,227,229,5
27133,54320,244,230,7
27134,54322,240,228,8
27135,54324,247,226,8
27136,54326,278,227,9
27137,54328,277,226,9
27138,54330,253,225,8
27139,54332,236,225,8
27140,54334,218,223,5
27141,54336,230,223,8
27142,54338,281,224,8
27143,54340,292,224,8
27144,54342,309,225,8
27145,54344,313,225,6
27146,54346,327,224,8
27147,54348,324,228,6
27148,54350,304,230,8
27149,54352,287,232,11
27150,54354,261,233,12
27151,54356,272,234,34
27152,54358,281,234,43
27153,54360,225,236,54
27154,54362,246,237,58
27155,54364,257,239,73
27156,54366,252,238,74
27157,54368,259,241,74
27158,54370,254,238,75
27159,54372,229,238,74
27160,54374,214,236,73
27161,54376,216,236,74
27162,54378,237,238,74
27163,54380,246,237,73
27164,54382,239,237,72
27165,54384,237,235,73
27166,54386,172,236,73
27167,54388,168,232,72
27168,54390,141,228,66
27169,54392,137,222,64
27170,54394,111,217,62
27171,54396,126,214,62
27172,54398,144,211,53
27173,54400,137,205,50
27174,54402,146,202,50
27175,54404,109,197,24
27176,54406,144,191,12
27177,54408,133,187,9
27178,54410,115,181,7
27179,54412,102,174,7
27180,54414,82,166,8
27181,54416,64,162,7
27182,54418,66,158,7
27183,54420,60,159,8
27184,54422,20,153,7
27185,54424,16,152,8
27186,54426,74,152,8
27187,54428,71,149,8
27188,54430,61,147,8
27189,54432,49,148,7
27190,54434,49,148,7
27191,54436,51,154,7
27192,54438,117,149,8
27193,54440,122,150,7
27194,54442,128,151,7
27195,54444,125,152,8
27196,54446,154,155,8
27197,54448,146,160,8
27198,54450,130,168,7
27199,54452,120,171,7
27200,54454,109,177,8
27201,54456,123,180,8
27202,54458,139,184,8
27203,54460,212,189,7
27204,54462,226,194,7
27205,54464,223,196,8
27206,54466,241,201,8
27207,54468,237,207,8
27208,54470,232,211,8
27209,54472,222,214,8
27210,54474,221,217,7
27211,54476,234,220,7
27212,54478,250,227,7
27213,54480,250,227,7
27214,54482,253,233,8
27215,54484,258,232,8
27216,54486,264,236,9
27217,54488,266,238,9
27218,54490,252,236,8
27219,54492,223,237,7
27220,54494,218,237,7
27221,54496,219,237,8
27222,54498,231,237,8
27223,54500,222,231,8
27224,54502,235,231,8
27225,54504,233,229,9
27226,54506,261,228,9
27227,54508,256,230,7
27228,54510,234,230,8
27229,54512,226,230,8
27230,54514,213,230,8
27231,54516,237,231,9
27232,54518,252,231,11
27233,54520,262,231,12
27234,54522,262,232,26
27235,54524,256,234,28
27236,54526,278,235,33
27237,54528,255,235,36
27238,54530,263,236,39
27239,54532,231,236,45
27240,54534,217,236,51
27241,54536,221,237,63
27242,54538,234,238,66
27243,54540,236,238,66
27244,54542,220,238,66
27245,54544,227,237,65
27246,54546,255,238,61
27247,54548,246,238,58
27248,54550,224,238,57
27249,54552,170,236,54
27250,54554,118,235,52
27251,54556,136,234,51
27252,54558,151,233,53
27253,54560,150,224,53
27254,54562,154,223,40
27255,54564,139,217,22
27256,54566,167,212,9
27257,54568,154,208,7
27258,54570,119,205,8
27259,54572,103,198,8
27260,54574,89,195,8
27261,54576,103,190,7
27262,54578,102,181,8
27263,54580,122,176,8
27264,54582,120,171,6
27265,54584,118,169,7
27266,54586,146,164,9
27267,54588,139,159,7
27268,54590,125,156,7
27269,54592,110,153,7
27270,54594,100,152,8
27271,54596,117,151,7
27272,54598,124,150,7
27273,54600,119,150,7
27274,54602,125,150,8
27275,54604,114,150,8
27276,54606,145,150,7
27277,54608,140,152,7
27278,54610,128,154,8
27279,54612,113,156,8
27280,54614,107,158,7
27281,54616,122,161,7
27282,54618,130,164,7
27283,54620,131,169,8
27284,54622,136,179,9
27285,54624,132,185,7
27286,54626,165,189,8
27287,54628,161,194,9
27288,54630,142,196,9
27289,54632,128,202,5
27290,54634,116,207,8
27291,54636,139,210,8
27292,54638,231,212,7
27293,54640,244,216,8
27294,54642,241,219,8
27295,54644,240,225,8
27296,54646,271,229,9
27297,54648,266,229,8
27298,54650,247,229,7
27299,54652,238,231,8
27300,54654,200,233,8
27301,54656,222,233,8
27302,54658,228,234,8
27303,54660,231,233,28
27304,54662,229,233,35
27305,54664,225,232,38
27306,54666,229,233,40
27307,54668,245,234,41
27308,54670,226,234,42
27309,54672,203,235,42
27310,54674,198,234,40
27311,54676,218,234,39
27312,54678,222,235,38
27313,54680,221,236,38
27314,54682,244,236,53
27315,54684,238,237,69
27316,54686,279,237,70
27317,54688,270,239,78
27318,54690,260,240,81
27319,54692,242,240,88
27320,54694,244,241,91
27321,54696,242,241,93
27322,54698,249,242,102
27323,54700,255,242,104
27324,54702,242,242,105
27325,54704,224,243,106
27326,54706,246,243,105
27327,54708,242,242,101
27328,54710,237,243,98
27329,54712,215,242,100
27330,54714,192,241,98
27331,54716,211,239,91
27332,54718,227,238,85
27333,54720,162,237,84
27334,54722,153,235,83
27335,54724,144,232,82
27336,54726,182,233,78
27337,54728,156,228,69
27338,54730,150,223,70
27339,54732,130,217,67
27340,54734,119,212,59
27341,54736,122,207,51
27342,54738,122,203,50
27343,54740,126,197,41
27344,54742,133,186,8
27345,54744,133,181,9
27346,54746,158,175,7
27347,54748,147,169,7
27348,54750,140,164,8
27349,54752,114,155,7
27350,54754,111,150,7
27351,54756,130,146,8
27352,54758,135,143,8
27353,54760,132,139,7
27354,54762,132,137,7
27355,54764,128,133,7
27356,54766,155,130,8
27357,54768,141,126,7
27358,54770,134,124,7
27359,54772,116,124,7
27360,54774,113,124,7
27361,54776,132,124,8
27362,54778,135,124,7
27363,54780,136,124,7
27364,54782,132,127,7
27365,54784,127,129,7
27366,54786,154,135,9
27367,54788,148,136,8
27368,54790,136,139,7
27369,54792,120,143,7
27370,54794,118,146,8
27371,54796,135,151,8
27372,54798,127,154,8
27373,54800,138,161,6
27374,54802,136,165,7
27375,54804,134,171,7
27376,54806,221,176,8
27377,54808,230,180,8
27378,54810,221,186,7
27379,54812,204,192,9
27380,54814,216,197,7
27381,54816,237,201,7
27382,54818,240,205,7
27383,54820,252,208,8
27384,54822,250,212,9
27385,54824,236,217,8
27386,54826,269,218,9
27387,54828,271,219,8
27388,54830,264,220,7
27389,54832,231,218,7
27390,54834,227,218,9
27391,54836,228,216,7
27392,54838,248,219,7
27393,54840,275,220,9
27394,54842,259,220,7
27395,54844,280,220,8
27396,54846,315,220,7
27397,54848,327,220,9
27398,54850,322,220,8
27399,54852,306,220,8
27400,54854,317,222,8
27401,54856,340,222,7
27402,54858,340,227,9
27403,54860,340,227,9
27404,54862,337,228,12
27405,54864,329,229,13
27406,54866,345,231,16
27407,54868,342,232,43
27408,54870,318,234,47
27409,54872,304,234,54
27410,54874,308,237,57
27411,54876,321,237,62
27412,54878,318,237,68
27413,54880,309,238,73
27414,54882,293,238,72
27415,54884,246,239,68
27416,54886,264,239,66
27417,54888,270,241,67
27418,54890,240,242,66
27419,54892,223,241,65
27420,54894,197,243,66
27421,54896,221,242,64
27422,54898,144,242,66
27423,54900,146,240,64
27424,54902,164,238,63
27425,54904,149,236,62
27426,54906,181,235,64
27427,54908,189,231,61
27428,54910,157,228,60
27429,54912,130,222,59
27430,54914,131,216,59
27431,54916,144,212,56
27432,54918,126,209,56
27433,54920,141,205,53
27434,54922,139,200,49
27435,54924,150,196,48
27436,54926,159,188,48
27437,54928,150,183,46
27438,54930,136,178,8
27439,54932,112,173,10
27440,54934,111,169,8
27441,54936,132,166,10
27442,54938,130,162,5
27443,54940,135,159,6
27444,54942,132,156,7
27445,54944,79,152,9
27446,54946,86,150,8
27447,54948,116,149,9
27448,54950,80,149,8
27449,54952,72,148,5
27450,54954,49,148,8
27451,54956,14,148,7
27452,54958,11,149,3
27453,54960,11,148,7
27454,54962,11,148,8
27455,54964,10,151,8
27456,54966,76,152,9
27457,54968,59,153,7
27458,54970,122,155,8
27459,54972,102,159,8
27460,54974,114,162,7
27461,54976,133,164,10
27462,54978,129,166,8
27463,54980,133,173,10
27464,54982,131,179,8
27465,54984,133,182,7
27466,54986,164,184,8
27467,54988,177,187,8
27468,54990,164,190,8
27469,54992,140,194,8
27470,54994,151,197,8
27471,54996,152,202,29
27472,54998,163,205,37
27473,55000,167,209,38
27474,55002,159,210,43
27475,55004,160,210,51
27476,55006,209,214,53
27477,55008,183,218,57
27478,55010,153,219,64
27479,55012,124,221,64
27480,55014,124,222,67
27481,55016,153,223,67
27482,55018,153,225,73
27483,55020,158,226,71
27484,55022,166,226,83
27485,55024,161,227,89
27486,55026,182,226,96
27487,55028,182,226,101
27488,55030,174,229,110
27489,55032,147,227,117
27490,55034,144,227,118
27491,55036,176,228,123
27492,55038,167,229,134
27493,55040,171,228,139
27494,55042,172,228,148
27495,55044,176,229,158
27496,55046,197,231,161
27497,55048,196,231,170
27498,55050,172,231,173
27499,55052,154,233,174
27500,55054,148,231,174
27501,55056,172,232,173
27502,55058,159,235,177
27503,55060,157,233,181
27504,55062,167,232,177
27505,55064,172,233,180
27506,55066,194,233,181
27507,55068,186,233,184
27508,55070,167,231,184
27509,55072,128,228,182
27510,55074,131,230,184
27511,55076,145,229,178
27512,55078,151,220,169
27513,55080,149,218,164
27514,55082,152,214,150
27515,55084,152,209,133
27516,55086,158,206,112
27517,55088,146,196,92
27518,55090,131,195,79
27519,55092,111,190,69
27520,55094,102,186,70
27521,55096,128,188,63
27522,55098,133,174,55
27523,55100,121,161,30
27524,55102,128,161,18
27525,55104,124,157,7
27526,55106,142,153,7
27527,55108,67,150,8
27528,55110,18,146,8
27529,55112,0,144,8
27530,55114,0,142,7
27531,55116,33,141,7
27532,55118,46,139,7
27533,55120,52,138,7
27534,55122,61,138,8
27535,55124,63,139,7
27536,55126,73,138,8
27537,55128,85,138,8
27538,55130,72,140,6
27539,55132,49,142,7
27540,55134,109,144,7
27541,55136,123,147,7
27542,55138,127,150,7
27543,55140,126,153,8
27544,55142,134,155,8
27545,55144,134,160,8
27546,55146,159,168,7
27547,55148,157,174,7
27548,55150,141,178,9
27549,55152,120,183,8
27550,55154,119,190,7
27551,55156,142,194,7
27552,55158,138,199,8
27553,55160,140,203,8
27554,55162,169,204,7
27555,55164,181,206,8
27556,55166,211,209,6
27557,55168,200,213,8
27558,55170,186,216,7
27559,55172,171,220,7
27560,55174,213,223,31
27561,55176,233,222,35
27562,55178,219,225,48
27563,55180,225,226,54
27564,55182,232,227,57
27565,55184,230,227,61
27566,55186,257,228,68
27567,55188,249,225,68
27568,55190,240,227,69
27569,55192,212,226,66
27570,55194,211,226,74
27571,55196,242,226,86
27572,55198,237,225,91
27573,55200,238,226,98
27574,55202,255,227,103
27575,55204,268,228,108
27576,55206,282,229,112
27577,55208,295,229,110
27578,55210,281,230,113
27579,55212,261,232,116
27580,55214,252,233,113
27581,55216,264,234,117
27582,55218,254,235,117
27583,55220,255,236,116
27584,55222,249,236,122
27585,55224,246,236,121
27586,55226,248,237,118
27587,55228,245,237,118
27588,55230,243,237,117
27589,55232,204,238,115
27590,55234,201,235,112
27591,55236,212,236,97
27592,55238,215,237,88
27593,55240,168,237,86
27594,55242,177,235,79
27595,55244,168,232,76
27596,55246,183,233,75
27597,55248,169,230,72
27598,55250,144,225,66
27599,55252,122,219,63
27600,55254,124,214,59
27601,55256,148,209,59
27602,55258,146,206,57
27603,55260,139,202,46
27604,55262,130,199,9
27605,55264,136,187,10
27606,55266,149,183,8
27607,55268,139,181,7
27608,55270,116,179,7
27609,55272,91,173,8
27610,55274,110,169,6
27611,55276,131,166,7
27612,55278,128,163,8
27613,55280,131,159,8
27614,55282,128,158,7
27615,55284,135,156,7
27616,55286,157,152,8
27617,55288,142,150,7
27618,55290,132,147,7
27619,55292,116,146,7
27620,55294,114,145,7
27621,55296,128,144,7
27622,55298,132,144,8
27623,55300,130,141,7
27624,55302,128,142,7
27625,55304,130,142,7
27626,55306,156,142,8
27627,55308,148,142,7
27628,55310,136,144,7
27629,55312,116,145,7
27630,55314,117,146,7
27631,55316,132,149,8
27632,55318,132,152,7
27633,55320,132,153,9
27634,55322,127,157,7
27635,55324,134,159,8
27636,55326,158,164,8
27637,55328,146,167,7
27638,55330,142,172,8
27639,55332,121,177,8
27640,55334,120,181,7
27641,55336,141,184,8
27642,55338,138,196,8
27643,55340,159,198,9
27644,55342,162,202,9
27645,55344,177,204,8
27646,55346,265,208,7
27647,55348,276,213,7
27648,55350,256,218,8
27649,55352,230,221,8
27650,55354,223,223,8
27651,55356,226,226,5
27652,55358,237,228,8
27653,55360,247,230,8
27654,55362,251,231,8
27655,55364,254,230,7
27656,55366,278,231,8
27657,55368,272,232,0
27658,55370,268,232,9
27659,55372,245,232,8
27660,55374,250,231,7
27661,55376,265,233,11
27662,55378,256,233,11
27663,55380,245,233,13
27664,55382,245,234,14
27665,55384,266,234,15
27666,55386,289,235,16
27667,55388,269,235,23
27668,55390,309,236,42
27669,55392,291,237,50
27670,55394,299,238,52
27671,55396,311,238,55
27672,55398,318,240,56
27673,55400,315,240,70
27674,55402,319,240,81
27675,55404,309,242,95
27676,55406,333,243,102
27677,55408,311,244,101
27678,55410,288,245,104
27679,55412,278,245,106
27680,55414,235,245,104
27681,55416,262,245,101
27682,55418,250,246,98
27683,55420,262,245,97
27684,55422,257,246,88
27685,55424,253,246,86
27686,55426,263,246,85
27687,55428,178,245,83
27688,55430,201,245,80
27689,55432,179,246,80
27690,55434,153,246,83
27691,55436,160,243,78
27692,55438,151,241,74
27693,55440,145,237,74
27694,55442,150,236,66
27695,55444,144,234,67
27696,55446,178,230,65
27697,55448,162,225,64
27698,55450,150,216,65
27699,55452,133,211,55
27700,55454,126,208,56
27701,55456,142,203,48
27702,55458,123,203,23
27703,55460,115,196,8
27704,55462,118,189,9
27705,55464,133,186,8
27706,55466,166,183,8
27707,55468,151,183,7
27708,55470,133,178,8
27709,55472,112,177,7
27710,55474,116,173,6
27711,55476,137,172,8
27712,55478,134,170,9
27713,55480,135,168,7
27714,55482,130,167,7
27715,55484,130,165,8
27716,55486,158,163,8
27717,55488,150,163,7
27718,55490,130,162,8
27719,55492,116,162,8
27720,55494,116,161,7
27721,55496,138,162,7
27722,55498,135,163,7
27723,55500,137,164,7
27724,55502,136,167,6
27725,55504,134,168,7
27726,55506,158,170,8
27727,55508,154,173,8
27728,55510,137,175,7
27729,55512,120,180,7
27730,55514,115,183,7
27731,55516,139,187,7
27732,55518,132,187,8
27733,55520,142,198,7
27734,55522,143,201,8
27735,55524,135,204,6
27736,55526,186,208,9
27737,55528,252,210,7
27738,55530,249,215,7
27739,55532,236,220,7
27740,55534,229,224,7
27741,55536,247,229,8
27742,55538,243,230,8
27743,55540,235,229,8
27744,55542,245,232,8
27745,55544,247,232,7
27746,55546,283,235,10
27747,55548,265,236,8
27748,55550,254,236,9
27749,55552,242,236,7
27750,55554,250,237,8
27751,55556,259,237,9
27752,55558,243,237,8
27753,55560,246,237,6
27754,55562,258,237,10
27755,55564,255,237,11
27756,55566,279,237,10
27757,55568,281,238,15
27758,55570,307,238,24
27759,55572,303,239,31
27760,55574,299,239,35
27761,55576,324,241,55
27762,55578,318,242,57
27763,55580,317,243,57
27764,55582,327,245,65
27765,55584,327,245,69
27766,55586,345,248,76
27767,55588,328,250,85
27768,55590,314,250,85
27769,55592,296,251,87
27770,55594,290,253,85
27771,55596,310,253,86
27772,55598,307,254,90
27773,55600,309,254,84
27774,55602,289,253,83
27775,55604,255,253,84
27776,55606,282,250,85
27777,55608,266,250,85
27778,55610,266,248,81
27779,55612,264,250,82
27780,55614,242,249,81
27781,55616,259,249,74
27782,55618,226,249,69
27783,55620,233,247,68
27784,55622,176,244,65
27785,55624,172,241,61
27786,55626,207,236,58
27787,55628,165,234,54
27788,55630,155,230,52
27789,55632,129,225,52
27790,55634,121,216,48
27791,55636,142,211,18
27792,55638,143,206,7
27793,55640,146,202,8
27794,55642,129,193,6
27795,55644,119,188,7
27796,55646,163,185,7
27797,55648,146,180,10
27798,55650,136,173,6
27799,55652,119,169,8
27800,55654,112,165,9
27801,55656,135,159,6
27802,55658,132,155,6
27803,55660,133,151,7
27804,55662,83,146,9
27805,55664,12,142,8
27806,55666,41,140,6
27807,55668,27,139,7
27808,55670,12,139,8
27809,55672,0,136,9
27810,55674,0,135,7
27811,55676,15,135,7
27812,55678,12,134,6
27813,55680,15,135,8
27814,55682,17,135,7
27815,55684,7,136,6
27816,55686,77,138,8
27817,55688,80,140,7
27818,55690,60,140,8
27819,55692,96,143,8
27820,55694,104,146,11
27821,55696,133,151,8
27822,55698,133,155,7
27823,55700,138,156,6
27824,55702,141,163,8
27825,55704,136,167,8
27826,55706,165,174,8
27827,55708,150,177,8
27828,55710,143,181,6
27829,55712,116,192,8
27830,55714,121,195,6
27831,55716,162,200,8
27832,55718,233,203,7
27833,55720,244,209,8
27834,55722,248,215,9
27835,55724,251,222,8
27836,55726,273,228,8
27837,55728,263,230,8
27838,55730,245,231,8
27839,55732,236,235,8
27840,55734,229,237,7
27841,55736,244,237,8
27842,55738,253,238,5
27843,55740,254,240,7
27844,55742,255,240,8
27845,55744,262,240,10
27846,55746,294,240,23
27847,55748,281,242,32
27848,55750,279,241,39
27849,55752,253,244,40
27850,55754,249,242,52
27851,55756,262,247,62
27852,55758,265,247,63
27853,55760,267,247,66
27854,55762,266,248,68
27855,55764,253,249,71
27856,55766,289,249,73
27857,55768,273,250,71
27858,55770,270,252,69
27859,55772,239,254,72
27860,55774,238,255,74
27861,55776,262,255,76
27862,55778,253,254,77
27863,55780,257,254,77
27864,55782,271,251,75
27865,55784,252,251,75
27866,55786,284,247,77
27867,55788,275,248,80
27868,55790,275,248,76
27869,55792,251,248,73
27870,55794,241,248,72
27871,55796,260,248,69
27872,55798,252,247,66
27873,55800,228,248,64
27874,55802,213,246,62
27875,55804,151,244,61
27876,55806,185,242,56
27877,55808,161,237,52
27878,55810,153,236,55
27879,55812,138,231,50
27880,55814,126,227,48
27881,55816,145,222,21
27882,55818,134,213,6
27883,55820,135,209,7
27884,55822,134,205,8
27885,55824,119,197,9
27886,55826,155,192,6
27887,55828,146,189,8
27888,55830,139,184,7
27889,55832,116,181,7
27890,55834,113,176,8
27891,55836,138,172,7
27892,55838,130,169,7
27893,55840,134,162,8
27894,55842,138,160,7
27895,55844,128,157,9
27896,55846,158,154,9
27897,55848,139,154,8
27898,55850,140,153,7
27899,55852,118,152,8
27900,55854,122,150,7
27901,55856,136,151,8
27902,55858,127,151,7
27903,55860,138,152,7
27904,55862,136,152,7
27905,55864,135,153,7
27906,55866,159,155,8
27907,55868,146,158,8
27908,55870,140,162,8
27909,55872,121,166,7
27910,55874,122,170,8
27911,55876,138,175,7
27912,55878,131,179,8
27913,55880,140,182,8
27914,55882,138,184,8
27915,55884,168,189,5
27916,55886,193,198,7
27917,55888,257,204,7
27918,55890,259,207,8
27919,55892,226,212,7
27920,55894,233,220,6
27921,55896,251,226,8
27922,55898,251,229,8
27923,55900,247,228,8
27924,55902,255,233,9
27925,55904,257,234,7
27926,55906,279,236,9
27927,55908,264,236,6
27928,55910,256,238,8
27929,55912,224,237,8
27930,55914,233,235,8
27931,55916,239,239,9
27932,55918,243,234,8
27933,55920,251,232,9
27934,55922,256,231,9
27935,55924,256,231,8
27936,55926,324,230,8
27937,55928,311,230,9
27938,55930,320,230,9
27939,55932,296,230,8
27940,55934,301,230,6
27941,55936,314,231,7
27942,55938,322,232,10
27943,55940,305,233,14
27944,55942,306,234,16
27945,55944,299,234,31
27946,55946,323,236,36
27947,55948,307,237,42
27948,55950,310,238,46
27949,55952,287,238,49
27950,55954,293,238,54
27951,55956,262,239,56
27952,55958,247,239,58
27953,55960,259,240,53
27954,55962,240,240,49
27955,55964,256,241,46
27956,55966,265,241,46
27957,55968,255,241,45
27958,55970,255,240,45
27959,55972,221,239,44
27960,55974,180,238,46
27961,55976,154,235,39
27962,55978,154,235,9
27963,55980,145,231,8
27964,55982,145,229,8
27965,55984,150,224,9
27966,55986,170,218,6
27967,55988,148,211,8
27968,55990,148,205,8
27969,55992,126,195,8
27970,55994,120,193,7
27971,55996,141,193,10
27972,55998,137,189,8
27973,56000,135,184,7
27974,56002,136,180,8
27975,56004,132,175,7
27976,56006,159,168,7
27977,56008,146,160,7
27978,56010,133,158,8
27979,56012,110,153,7
27980,56014,124,149,7
27981,56016,131,143,7
27982,56018,137,141,7
27983,56020,137,138,7
27984,56022,134,136,7
27985,56024,135,136,7
27986,56026,156,135,8
27987,56028,146,136,6
27988,56030,132,137,7
27989,56032,119,136,9
27990,56034,121,136,8
27991,56036,125,139,7
27992,56038,133,141,7
27993,56040,136,144,8
27994,56042,129,148,7
27995,56044,131,154,8
27996,56046,155,157,8
27997,56048,145,161,7
27998,56050,132,165,7
27999,56052,122,173,7
28000,56054,122,178,7
28001,56056,132,184,8
28002,56058,136,190,8
28003,56060,139,201,8
28004,56062,136,206,8
28005,56064,136,212,7
28006,56066,163,220,8
28007,56068,221,228,8
28008,56070,223,231,6
28009,56072,229,235,6
28010,56074,238,239,8
28011,56076,254,249,8
28012,56078,263,251,9
28013,56080,256,253,8
28014,56082,258,256,8
28015,56084,248,258,8
28016,56086,267,261,10
28017,56088,228,262,8
28018,56090,219,263,9
28019,56092,206,262,40
28020,56094,236,264,49
28021,56096,229,263,50
28022,56098,239,264,56
28023,56100,250,262,65
28024,56102,249,263,69
28025,56104,258,263,67
28026,56106,287,264,70
28027,56108,268,264,71
28028,56110,263,265,72
28029,56112,242,266,80
28030,56114,255,265,89
28031,56116,266,267,95
28032,56118,274,267,104
28033,56120,274,267,109
28034,56122,267,269,109
28035,56124,264,269,117
28036,56126,269,270,140
28037,56128,250,270,144
28038,56130,246,271,147
28039,56132,238,271,149
28040,56134,236,271,159
28041,56136,167,270,162
28042,56138,177,271,157
28043,56140,174,270,156
28044,56142,167,271,155
28045,56144,160,270,153
28046,56146,191,268,151
28047,56148,169,267,142
28048,56150,169,266,135
28049,56152,144,263,129
28050,56154,138,260,107
28051,56156,130,252,97
28052,56158,126,250,72
28053,56160,117,247,67
28054,56162,140,242,65
28055,56164,135,237,61
28056,56166,163,234,50
28057,56168,140,229,30
28058,56170,134,221,8
28059,56172,114,214,7
28060,56174,120,211,8
28061,56176,130,204,7
28062,56178,134,196,8
28063,56180,133,190,7
28064,56182,127,189,8
28065,56184,136,186,7
28066,56186,152,180,8
28067,56188,143,176,8
28068,56190,127,171,7
28069,56192,107,166,6
28070,56194,57,161,8
28071,56196,13,159,8
28072,56198,16,155,7
28073,56200,37,150,8
28074,56202,67,147,8
28075,56204,77,146,8
28076,56206,109,145,8
28077,56208,89,145,6
28078,56210,77,145,8
28079,56212,63,145,7
28080,56214,63,146,7
28081,56216,103,147,7
28082,56218,109,148,6
28083,56220,110,153,7
28084,56222,137,155,7
28085,56224,127,156,7
28086,56226,154,159,8
28087,56228,144,163,7
28088,56230,138,166,8
28089,56232,116,169,7
28090,56234,127,173,6
28091,56236,131,178,7
28092,56238,139,181,7
28093,56240,133,184,8
28094,56242,134,188,8
28095,56244,135,190,9
28096,56246,163,190,7
28097,56248,152,195,8
28098,56250,172,199,6
28099,56252,173,203,7
28100,56254,166,208,8
28101,56256,171,212,7
28102,56258,182,214,7
28103,56260,183,213,8
28104,56262,180,215,9
28105,56264,170,214,8
28106,56266,269,215,9
28107,56268,237,213,8
28108,56270,225,214,7
28109,56272,204,213,8
28110,56274,205,215,7
28111,56276,212,215,9
28112,56278,212,214,7
28113,56280,216,215,8
28114,56282,222,216,9
28115,56284,232,216,7
28116,56286,238,217,9
28117,56288,225,217,8
28118,56290,216,217,7
28119,56292,191,218,7
28120,56294,223,219,7
28121,56296,231,220,8
28122,56298,223,223,8
28123,56300,229,224,7
28124,56302,223,224,10
28125,56304,243,226,9
28126,56306,262,226,9
28127,56308,282,226,7
28128,56310,272,227,8
28129,56312,241,227,10
28130,56314,255,229,8
28131,56316,259,229,7
28132,56318,251,227,7
28133,56320,244,224,8
28134,56322,252,225,7
28135,56324,240,225,7
28136,56326,257,226,9
28137,56328,261,223,7
28138,56330,219,224,8
28139,56332,193,222,8
28140,56334,142,221,7
28141,56336,176,222,8
28142,56338,180,217,8
28143,56340,146,212,7
28144,56342,159,206,10
28145,56344,155,203,7
28146,56346,177,199,9
28147,56348,164,198,7
28148,56350,134,197,8
28149,56352,122,196,6
28150,56354,118,194,7
28151,56356,130,194,9
28152,56358,130,193,7
28153,56360,142,192,7
28154,56362,147,188,6
28155,56364,132,187,8
28156,56366,165,187,8
28157,56368,143,185,7
28158,56370,133,184,7
28159,56372,115,183,9
28160,56374,126,180,8
28161,56376,137,181,7
28162,56378,147,179,6
28163,56380,140,180,8
28164,56382,127,180,8
28165,56384,134,179,8
28166,56386,162,178,9
28167,56388,147,178,8
28168,56390,136,178,8
28169,56392,109,181,9
28170,56394,123,178,7
28171,56396,137,177,6
28172,56398,143,178,8
28173,56400,136,178,6
28174,56402,140,179,8
28175,56404,138,178,7
28176,56406,166,178,7
28177,56408,153,180,10
28178,56410,140,181,7
28179,56412,119,183,8
28180,56414,114,184,10
28181,56416,132,188,7
28182,56418,130,187,6
28183,56420,132,189,7
28184,56422,138,191,8
28185,56424,141,192,8
28186,56426,168,192,7
28187,56428,146,193,7
28188,56430,142,195,6
28189,56432,137,199,8
28190,56434,158,200,7
28191,56436,173,203,8
28192,56438,177,206,8
28193,56440,183,211,8
28194,56442,187,214,8
28195,56444,184,216,8
28196,56446,187,218,7
28197,56448,172,220,8
28198,56450,157,220,9
28199,56452,207,222,9
28200,56454,219,221,7
28201,56456,231,221,9
28202,56458,232,220,6
28203,56460,230,218,8
28204,56462,230,218,8
28205,56464,230,217,7
28206,56466,249,216,9
28207,56468,234,220,8
28208,56470,227,218,7
28209,56472,229,216,8
28210,56474,216,217,7
28211,56476,213,216,9
28212,56478,215,217,7
28213,56480,241,216,8
28214,56482,251,216,7
28215,56484,246,217,8
28216,56486,264,218,9
28217,56488,248,220,8
28218,56490,241,221,8
28219,56492,213,224,9
28220,56494,227,227,8
28221,56496,244,231,8
28222,56498,235,231,8
28223,56500,240,232,7
28224,56502,249,233,8
28225,56504,247,235,14
28226,56506,274,236,13
28227,56508,259,237,8
28228,56510,247,236,12
28229,56512,233,237,19
28230,56514,230,239,26
28231,56516,260,240,30
28232,56518,259,240,31
28233,56520,278,240,31
28234,56522,253,241,31
28235,56524,245,241,32
28236,56526,211,241,35
28237,56528,161,241,30
28238,56530,155,241,32
28239,56532,120,240,31
28240,56534,139,237,30
28241,56536,142,236,24
28242,56538,147,236,17
28243,56540,140,235,17
28244,56542,141,232,7
28245,56544,157,229,9
28246,56546,177,227,9
28247,56548,154,222,8
28248,56550,132,218,7
28249,56552,108,213,8
28250,56554,131,209,9
28251,56556,117,205,8
28252,56558,139,202,8
28253,56560,136,199,8
28254,56562,137,195,8
28255,56564,137,191,8
28256,56566,164,183,8
28257,56568,145,181,7
28258,56570,133,180,8
28259,56572,111,178,7
28260,56574,123,175,7
28261,56576,132,173,8
28262,56578,130,169,7
28263,56580,142,170,8
28264,56582,129,168,7
28265,56584,134,168,8
28266,56586,153,167,6
28267,56588,140,165,8
28268,56590,132,164,7
28269,56592,113,164,7
28270,56594,121,163,7
28271,56596,134,164,8
28272,56598,134,164,7
28273,56600,137,165,8
28274,56602,135,165,8
28275,56604,137,165,7
28276,56606,159,167,8
28277,56608,138,169,8
28278,56610,143,172,7
28279,56612,112,174,7
28280,56614,129,175,8
28281,56616,128,178,7
28282,56618,138,180,8
28283,56620,138,184,8
28284,56622,139,185,7
28285,56624,142,193,7
28286,56626,189,196,8
28287,56628,188,200,8
28288,56630,180,204,6
28289,56632,161,209,8
28290,56634,230,209,8
28291,56636,248,212,8
28292,56638,233,212,8
28293,56640,230,211,9
28294,56642,252,208,9
28295,56644,253,204,8
28296,56646,249,194,10
28297,56648,226,185,7
28298,56650,215,176,8
28299,56652,198,163,8
28300,56654,208,157,7
28301,56656,206,157,7
28302,56658,231,158,8
28303,56660,226,157,7
28304,56662,231,157,8
28305,56664,275,158,7
28306,56666,285,157,7
28307,56668,275,157,7
28308,56670,292,157,8
28309,56672,252,159,8
28310,56674,278,159,7
28311,56676,279,161,10
28312,56678,275,164,8
28313,56680,279,166,7
28314,56682,281,172,8
28315,56684,312,173,9
28316,56686,333,181,8
28317,56688,306,189,8
28318,56690,314,195,8
28319,56692,287,195,12
28320,56694,301,198,12
28321,56696,308,205,38
28322,56698,315,212,59
28323,56700,311,217,60
28324,56702,312,224,61
28325,56704,310,228,61
28326,56706,322,230,67
28327,56708,311,232,71
28328,56710,305,234,76
28329,56712,245,235,76
28330,56714,256,237,78
28331,56716,269,238,78
28332,56718,255,239,79
28333,56720,256,239,80
28334,56722,255,239,79
28335,56724,263,240,80
28336,56726,208,242,80
28337,56728,178,241,95
28338,56730,159,237,100
28339,56732,134,238,102
28340,56734,142,236,97
28341,56736,159,236,85
28342,56738,159,235,93
28343,56740,158,232,69
28344,56742,148,232,66
28345,56744,157,230,63
28346,56746,176,225,64
28347,56748,155,221,54
28348,56750,137,216,7
28349,56752,121,215,11
28350,56754,147,212,8
28351,56756,143,209,8
28352,56758,146,205,9
28353,56760,136,203,7
28354,56762,142,200,8
28355,56764,145,197,8
28356,56766,165,193,9
28357,56768,136,191,8
28358,56770,134,190,7
28359,56772,115,187,7
28360,56774,126,181,8
28361,56776,134,172,7
28362,56778,132,171,7
28363,56780,137,169,7
28364,56782,136,167,7
28365,56784,154,164,8
28366,56786,158,162,8
28367,56788,137,158,8
28368,56790,128,157,8
28369,56792,112,156,8
28370,56794,119,155,7
28371,56796,134,154,7
28372,56798,134,151,7
28373,56800,138,151,7
28374,56802,132,152,8
28375,56804,150,152,6
28376,56806,155,153,7
28377,56808,135,155,8
28378,56810,135,155,7
28379,56812,122,158,7
28380,56814,126,159,7
28381,56816,159,161,7
28382,56818,174,166,7
28383,56820,172,166,7
28384,56822,177,167,7
28385,56824,181,168,7
28386,56826,200,169,8
28387,56828,169,168,9
28388,56830,162,168,7
28389,56832,143,170,8
28390,56834,153,169,7
28391,56836,175,168,9
28392,56838,226,164,6
28393,56840,227,162,8
28394,56842,225,162,5
28395,56844,235,161,7
28396,56846,242,161,8
28397,56848,235,164,8
28398,56850,216,162,7
28399,56852,185,164,6
28400,56854,225,168,9
28401,56856,246,165,8
28402,56858,253,167,7
28403,56860,256,170,8
28404,56862,297,172,7
28405,56864,314,178,8
28406,56866,324,188,8
28407,56868,306,192,8
28408,56870,302,196,7
28409,56872,293,200,6
28410,56874,300,204,8
28411,56876,320,207,9
28412,56878,321,213,10
28413,56880,323,217,12
28414,56882,323,222,13
28415,56884,343,226,28
28416,56886,343,227,42
28417,56888,320,229,42
28418,56890,312,230,54
28419,56892,299,232,58
28420,56894,299,234,60
28421,56896,317,234,61
28422,56898,307,236,58
28423,56900,312,237,61
28424,56902,311,237,60
28425,56904,296,237,60
28426,56906,292,238,61
28427,56908,263,239,60
28428,56910,255,240,57
28429,56912,231,239,57
28430,56914,246,238,56
28431,56916,256,237,56
28432,56918,179,235,57
28433,56920,162,234,56
28434,56922,166,230,53
28435,56924,180,230,50
28436,56926,175,226,45
28437,56928,155,221,36
28438,56930,152,214,34
28439,56932,125,208,19
28440,56934,141,205,8
28441,56936,146,202,7
28442,56938,146,190,7
28443,56940,169,186,7
28444,56942,144,183,7
28445,56944,161,178,7
28446,56946,162,174,8
28447,56948,133,166,7
28448,56950,134,164,7
28449,56952,112,157,6
28450,56954,121,154,7
28451,56956,134,149,6
28452,56958,128,148,8
28453,56960,133,142,8
28454,56962,141,140,8
28455,56964,152,136,7
28456,56966,150,137,7
28457,56968,134,134,7
28458,56970,129,134,7
28459,56972,116,133,7
28460,56974,120,133,7
28461,56976,133,134,6
28462,56978,130,136,8
28463,56980,131,137,8
28464,56982,139,139,8
28465,56984,155,143,7
28466,56986,154,147,8
28467,56988,138,149,8
28468,56990,136,152,7
28469,56992,117,156,6
28470,56994,126,160,7
28471,56996,142,163,8
28472,56998,161,169,7
28473,57000,171,174,8
28474,57002,177,178,7
28475,57004,205,184,8
28476,57006,211,185,8
28477,57008,179,187,9
28478,57010,181,195,7
28479,57012,222,201,5
28480,57014,220,209,7
28481,57016,255,215,8
28482,57018,258,217,8
28483,57020,263,218,8
28484,57022,269,221,8
28485,57024,281,223,9
28486,57026,276,225,3
28487,57028,263,224,7
28488,57030,244,224,8
28489,57032,237,224,8
28490,57034,234,224,8
28491,57036,258,225,7
28492,57038,257,226,5
28493,57040,275,227,7
28494,57042,269,228,7
28495,57044,291,229,8
28496,57046,287,230,12
28497,57048,307,231,20
28498,57050,308,231,42
28499,57052,294,232,44
28500,57054,296,233,53
28501,57056,315,236,79
28502,57058,304,236,91
28503,57060,288,237,96
28504,57062,284,238,97
28505,57064,303,239,103
28506,57066,304,241,103
28507,57068,276,241,102
28508,57070,269,241,102
28509,57072,251,241,105
28510,57074,250,243,103
28511,57076,252,243,101
28512,57078,235,244,103
28513,57080,171,245,107
28514,57082,169,245,105
28515,57084,190,246,108
28516,57086,185,242,107
28517,57088,161,240,108
28518,57090,146,245,109
28519,57092,129,238,105
28520,57094,153,237,92
28521,57096,138,234,78
28522,57098,141,231,74
28523,57100,139,225,69
28524,57102,153,220,66
28525,57104,164,215,60
28526,57106,165,212,59
28527,57108,134,209,25
28528,57110,129,206,8
28529,57112,106,199,7
28530,57114,119,194,7
28531,57116,131,190,7
28532,57118,130,188,8
28533,57120,133,181,6
28534,57122,134,176,8
28535,57124,158,171,8
28536,57126,159,168,7
28537,57128,138,167,7
28538,57130,130,164,6
28539,57132,112,163,8
28540,57134,119,161,7
28541,57136,137,159,8
28542,57138,128,158,7
28543,57140,138,158,9
28544,57142,136,158,7
28545,57144,153,158,7
28546,57146,151,159,7
28547,57148,137,161,7
28548,57150,132,162,7
28549,57152,115,163,7
28550,57154,116,165,7
28551,57156,129,167,7
28552,57158,128,171,7
28553,57160,132,174,8
28554,57162,143,181,8
28555,57164,162,185,9
28556,57166,156,188,8
28557,57168,138,190,8
28558,57170,132,193,8
28559,57172,113,197,7
28560,57174,125,201,7
28561,57176,166,205,7
28562,57178,163,206,8
28563,57180,175,209,8
28564,57182,179,213,8
28565,57184,202,214,9
28566,57186,201,220,8
28567,57188,184,223,7
28568,57190,178,225,8
28569,57192,154,224,19
28570,57194,174,227,23
28571,57196,182,229,31
28572,57198,163,229,32
28573,57200,239,229,34
28574,57202,243,230,35
28575,57204,270,224,39
28576,57206,261,230,39
28577,57208,242,229,42
28578,57210,241,229,49
28579,57212,223,230,57
28580,57214,239,231,57
28581,57216,247,231,66
28582,57218,247,233,70
28583,57220,243,234,83
28584,57222,242,234,90
28585,57224,269,236,100
28586,57226,255,237,105
28587,57228,242,238,106
28588,57230,236,239,108
28589,57232,219,239,110
28590,57234,229,240,110
28591,57236,234,240,110
28592,57238,243,241,117
28593,57240,236,242,119
28594,57242,244,242,121
28595,57244,264,242,121
28596,57246,259,241,116
28597,57248,239,241,131
28598,57250,221,241,132
28599,57252,132,241,123
28600,57254,145,242,99
28601,57256,152,238,95
28602,57258,162,238,80
28603,57260,157,236,81
28604,57262,167,236,74
28605,57264,171,232,70
28606,57266,170,228,62
28607,57268,150,225,61
28608,57270,148,221,54
28609,57272,137,217,8
28610,57274,118,215,7
28611,57276,127,213,7
28612,57278,143,211,6
28613,57280,137,207,8
28614,57282,132,202,7
28615,57284,160,200,7
28616,57286,156,198,8
28617,57288,139,193,7
28618,57290,125,190,7
28619,57292,112,189,7
28620,57294,120,182,8
28621,57296,130,172,8
28622,57298,132,169,6
28623,57300,135,167,8
28624,57302,134,165,6
28625,57304,157,162,7
28626,57306,153,160,7
28627,57308,135,156,8
28628,57310,131,156,7
28629,57312,111,155,7
28630,57314,118,152,7
28631,57316,131,152,7
28632,57318,134,152,7
28633,57320,134,153,6
28634,57322,135,152,7
28635,57324,161,154,8
28636,57326,157,154,9
28637,57328,144,155,7
28638,57330,139,156,7
28639,57332,109,158,7
28640,57334,123,160,7
28641,57336,133,163,7
28642,57338,159,163,8
28643,57340,169,164,8
28644,57342,177,168,6
28645,57344,208,170,8
28646,57346,213,176,7
28647,57348,183,173,8
28648,57350,179,177,8
28649,57352,173,178,7
28650,57354,174,180,7
28651,57356,188,184,7
28652,57358,165,186,8
28653,57360,167,188,8
28654,57362,147,188,9
28655,57364,188,188,8
28656,57366,247,187,8
28657,57368,229,188,9
28658,57370,222,189,7
28659,57372,220,188,7
28660,57374,230,190,7
28661,57376,246,192,6
28662,57378,243,192,8
28663,57380,241,194,8
28664,57382,235,197,9
28665,57384,253,198,9
28666,57386,238,200,8
28667,57388,229,203,9
28668,57390,217,206,7
28669,57392,207,207,8
28670,57394,212,209,8
28671,57396,217,211,8
28672,57398,226,214,8
28673,57400,223,216,21
28674,57402,232,218,29
28675,57404,257,219,33
28676,57406,265,219,36
28677,57408,247,220,38
28678,57410,248,221,38
28679,57412,238,221,37
28680,57414,237,222,40
28681,57416,225,223,43
28682,57418,241,224,42
28683,57420,227,222,41
28684,57422,224,223,37
28685,57424,192,222,30
28686,57426,177,222,9
28687,57428,158,221,8
28688,57430,139,220,7
28689,57432,121,216,7
28690,57434,143,212,8
28691,57436,154,207,8
28692,57438,139,206,7
28693,57440,142,205,8
28694,57442,155,202,9
28695,57444,183,200,8
28696,57446,178,197,7
28697,57448,136,185,9
28698,57450,120,182,8
28699,57452,112,180,8
28700,57454,118,177,8
28701,57456,135,172,7
28702,57458,136,168,8
28703,57460,135,166,7
28704,57462,132,161,7
28705,57464,154,157,8
28706,57466,156,154,9
28707,57468,135,150,7
28708,57470,118,147,9
28709,57472,112,145,7
28710,57474,123,145,7
28711,57476,131,143,7
28712,57478,135,142,8
28713,57480,133,141,7
28714,57482,130,139,7
28715,57484,157,139,6
28716,57486,152,140,7
28717,57488,134,140,7
28718,57490,124,141,7
28719,57492,114,141,7
28720,57494,124,142,7
28721,57496,130,142,8
28722,57498,136,143,7
28723,57500,134,145,8
28724,57502,136,146,8
28725,57504,161,148,7
28726,57506,153,149,7
28727,57508,139,152,8
28728,57510,127,157,7
28729,57512,121,159,5
28730,57514,157,161,9
28731,57516,161,165,7
28732,57518,165,169,7
28733,57520,170,171,7
28734,57522,164,173,8
28735,57524,196,174,6
28736,57526,192,176,8
28737,57528,170,179,8
28738,57530,169,179,8
28739,57532,144,183,7
28740,57534,170,191,8
28741,57536,169,195,7
28742,57538,160,197,9
28743,57540,226,199,8
28744,57542,226,204,9
28745,57544,248,205,8
28746,57546,255,208,6
28747,57548,247,209,10
28748,57550,229,212,6
28749,57552,226,213,9
28750,57554,225,216,7
28751,57556,222,217,7
28752,57558,223,218,10
28753,57560,219,220,6
28754,57562,236,221,7
28755,57564,263,225,7
28756,57566,260,226,17
28757,57568,247,227,29
28758,57570,232,228,35
28759,57572,226,229,39
28760,57574,256,230,42
28761,57576,256,232,49
28762,57578,254,235,59
28763,57580,259,235,57
28764,57582,261,238,60
28765,57584,294,240,62
28766,57586,287,241,63
28767,57588,265,243,62
28768,57590,256,244,59
28769,57592,237,245,54
28770,57594,255,246,54
28771,57596,264,248,51
28772,57598,248,247,49
28773,57600,254,246,7
28774,57602,247,245,7
28775,57604,259,243,8
28776,57606,245,239,9
28777,57608,228,238,9
28778,57610,199,241,7
28779,57612,119,242,8
28780,57614,134,240,8
28781,57616,131,236,7
28782,57618,131,232,8
28783,57620,134,227,9
28784,57622,138,222,7
28785,57624,164,215,7
28786,57626,157,212,8
28787,57628,136,206,8
28788,57630,125,199,8
28789,57632,107,192,8
28790,57634,134,186,8
28791,57636,132,176,7
28792,57638,136,173,8
28793,57640,132,169,7
28794,57642,132,165,8
28795,57644,160,164,7
28796,57646,153,160,9
28797,57648,138,159,8
28798,57650,119,155,8
28799,57652,107,155,7
28800,57654,129,153,7
28801,57656,137,148,7
28802,57658,129,148,7
28803,57660,133,147,7
28804,57662,130,147,7
28805,57664,154,147,7
28806,57666,148,146,8
28807,57668,138,144,7
28808,57670,118,144,7
28809,57672,115,144,8
28810,57674,125,144,7
28811,57676,135,145,8
28812,57678,129,144,7
28813,57680,135,144,8
28814,57682,134,145,7
28815,57684,160,145,7
28816,57686,151,147,8
28817,57688,135,148,7
28818,57690,125,154,7
28819,57692,112,155,6
28820,57694,165,157,8
28821,57696,165,158,9
28822,57698,169,160,6
28823,57700,160,165,7
28824,57702,172,167,3
28825,57704,202,168,7
28826,57706,186,170,8
28827,57708,182,171,7
28828,57710,175,176,7
28829,57712,114,178,7
28830,57714,158,181,6
28831,57716,174,183,7
28832,57718,260,185,8
28833,57720,233,189,8
28834,57722,237,191,7
28835,57724,251,193,8
28836,57726,239,195,8
28837,57728,218,198,6
28838,57730,208,200,8
28839,57732,195,203,8
28840,57734,209,204,7
28841,57736,208,206,8
28842,57738,209,209,8
28843,57740,214,211,8
28844,57742,201,214,7
28845,57744,239,217,10
28846,57746,236,218,10
28847,57748,227,219,27
28848,57750,205,223,36
28849,57752,207,225,42
28850,57754,239,227,47
28851,57756,247,229,50
28852,57758,261,230,53
28853,57760,276,232,57
28854,57762,269,236,62
28855,57764,302,236,63
28856,57766,287,239,62
28857,57768,279,241,62
28858,57770,255,243,62
28859,57772,248,245,63
28860,57774,268,245,58
28861,57776,264,246,60
28862,57778,256,247,58
28863,57780,260,248,57
28864,57782,259,247,57
28865,57784,278,247,59
28866,57786,281,247,57
28867,57788,249,244,54
28868,57790,211,242,44
28869,57792,217,240,39
28870,57794,225,241,9
28871,57796,220,240,7
28872,57798,224,243,7
28873,57800,214,241,8
28874,57802,209,235,8
28875,57804,243,229,8
28876,57806,221,223,7
28877,57808,207,221,9
28878,57810,196,218,7
28879,57812,189,215,8
28880,57814,211,213,7
28881,57816,140,212,8
28882,57818,142,208,7
28883,57820,141,207,7
28884,57822,138,205,8
28885,57824,170,202,8
28886,57826,160,199,7
28887,57828,148,198,7
28888,57830,119,195,7
28889,57832,114,196,8
28890,57834,135,192,7
28891,57836,134,187,8
28892,57838,134,181,8
28893,57840,140,174,8
28894,57842,137,171,7
28895,57844,169,171,8
28896,57846,157,168,8
28897,57848,144,166,8
28898,57850,123,165,7
28899,57852,111,163,7
28900,57854,140,162,8
28901,57856,137,162,7
28902,57858,140,162,8
28903,57860,132,160,7
28904,57862,134,160,8
28905,57864,177,160,8
28906,57866,180,159,7
28907,57868,171,160,7
28908,57870,153,160,8
28909,57872,139,160,7
28910,57874,173,159,8
28911,57876,164,160,9
28912,57878,171,163,7
28913,57880,158,165,8
28914,57882,173,166,6
28915,57884,201,166,7
28916,57886,187,173,8
28917,57888,149,170,8
28918,57890,133,171,8
28919,57892,196,177,8
28920,57894,217,178,8
28921,57896,205,180,8
28922,57898,220,181,8
28923,57900,235,183,8
28924,57902,228,181,7
28925,57904,258,183,8
28926,57906,257,185,8
28927,57908,247,187,8
28928,57910,231,190,7
28929,57912,241,197,6
28930,57914,253,199,9
28931,57916,248,203,8
28932,57918,246,207,8
28933,57920,252,208,7
28934,57922,260,210,7
28935,57924,284,212,8
28936,57926,294,214,9
28937,57928,321,218,9
28938,57930,318,218,8
28939,57932,305,220,7
28940,57934,329,226,8
28941,57936,319,227,8
28942,57938,333,229,10
28943,57940,320,230,10
28944,57942,319,233,8
28945,57944,336,235,7
28946,57946,331,237,8
28947,57948,330,239,7
28948,57950,303,242,8
28949,57952,292,243,8
28950,57954,290,244,8
28951,57956,248,247,8
28952,57958,266,248,7
28953,57960,244,247,7
28954,57962,242,249,9
28955,57964,272,251,9
28956,57966,260,250,9
28957,57968,251,254,8
28958,57970,240,256,8
28959,57972,236,265,8
28960,57974,252,266,8
28961,57976,253,268,8
28962,57978,260,267,8
28963,57980,234,266,8
28964,57982,229,261,10
28965,57984,247,259,9
28966,57986,248,259,7
28967,57988,243,259,7
28968,57990,215,256,8
28969,57992,206,254,7
28970,57994,217,249,7
28971,57996,142,242,9
28972,57998,146,238,7
28973,58000,144,233,8
28974,58002,138,223,7
28975,58004,169,220,7
28976,58006,164,213,8
28977,58008,141,208,8
28978,58010,123,204,8
28979,58012,116,201,7
28980,58014,138,198,8
28981,58016,132,195,8
28982,58018,144,193,7
28983,58020,127,189,7
28984,58022,134,177,8
28985,58024,158,172,8
28986,58026,155,168,8
28987,58028,131,164,8
28988,58030,116,159,8
28989,58032,106,156,8
28990,58034,100,153,8
28991,58036,80,151,8
28992,58038,62,149,8
28993,58040,64,147,7
28994,58042,96,144,8
28995,58044,102,143,8
28996,58046,126,141,9
28997,58048,109,139,8
28998,58050,116,139,6
28999,58052,115,139,8
29000,58054,134,138,8
29001,58056,130,138,8
29002,58058,138,138,8
29003,58060,133,137,8
29004,58062,125,137,8
29005,58064,157,138,7
29006,58066,149,139,7
29007,58068,134,140,8
29008,58070,118,140,7
29009,58072,113,140,7
29010,58074,137,143,8
29011,58076,137,146,7
29012,58078,164,150,7
29013,58080,167,157,8
29014,58082,161,160,8
29015,58084,186,161,8
29016,58086,178,162,7
29017,58088,176,166,7
29018,58090,152,167,8
29019,58092,151,170,9
29020,58094,179,173,9
29021,58096,144,174,9
29022,58098,143,177,7
29023,58100,227,178,8
29024,58102,227,185,8
29025,58104,249,192,9
29026,58106,233,198,8
29027,58108,245,202,8
29028,58110,239,204,8
29029,58112,238,206,7
29030,58114,258,208,8
29031,58116,257,210,7
29032,58118,261,213,7
29033,58120,263,215,7
29034,58122,249,219,9
29035,58124,275,223,9
29036,58126,269,226,9
29037,58128,264,227,8
29038,58130,243,231,8
29039,58132,249,233,9
29040,58134,274,236,8
29041,58136,259,241,8
29042,58138,273,241,8
29043,58140,275,243,8
29044,58142,264,245,9
29045,58144,285,253,9
29046,58146,269,255,7
29047,58148,256,260,9
29048,58150,260,261,8
29049,58152,255,263,7
29050,58154,268,264,9
29051,58156,249,265,8
29052,58158,250,263,8
29053,58160,249,265,7
29054,58162,249,262,7
29055,58164,270,259,8
29056,58166,280,260,10
29057,58168,239,261,8
29058,58170,249,259,7
29059,58172,231,257,9
29060,58174,229,254,7
29061,58176,215,250,8
29062,58178,229,246,6
29063,58180,155,239,8
29064,58182,135,236,8
29065,58184,173,228,8
29066,58186,156,219,8
29067,58188,154,215,8
29068,58190,121,198,8
29069,58192,115,196,7
29070,58194,141,193,7
29071,58196,144,185,8
29072,58198,136,184,8
29073,58200,133,179,8
29074,58202,136,177,9
29075,58204,153,172,8
29076,58206,142,169,8
29077,58208,114,163,8
29078,58210,93,159,8
29079,58212,45,155,7
29080,58214,16,152,8
29081,58216,11,150,7
29082,58218,16,148,8
29083,58220,14,146,7
29084,58222,11,145,9
29085,58224,70,143,8
29086,58226,63,143,7
29087,58228,65,143,8
29088,58230,45,142,6
29089,58232,42,144,8
29090,58234,112,145,7
29091,58236,125,148,8
29092,58238,126,148,7
29093,58240,126,149,8
29094,58242,129,151,7
29095,58244,153,155,7
29096,58246,150,159,8
29097,58248,131,163,7
29098,58250,117,166,8
29099,58252,112,170,8
29100,58254,164,175,7
29101,58256,166,177,9
29102,58258,169,181,7
29103,58260,174,187,8
29104,58262,167,196,8
29105,58264,183,199,7
29106,58266,185,204,10
29107,58268,172,211,7
29108,58270,159,217,8
29109,58272,152,220,7
29110,58274,155,224,7
29111,58276,148,225,7
29112,58278,226,228,8
29113,58280,234,231,7
29114,58282,226,232,8
29115,58284,260,233,8
29116,58286,244,235,11
29117,58288,254,237,8
29118,58290,233,237,7
29119,58292,235,239,8
29120,58294,259,240,9
29121,58296,250,241,8
29122,58298,255,242,8
29123,58300,258,242,7
29124,58302,257,243,8
29125,58304,294,246,9
29126,58306,282,246,7
29127,58308,266,249,11
29128,58310,242,252,13
29129,58312,241,253,11
29130,58314,266,253,14
29131,58316,263,254,14
29132,58318,272,254,15
29133,58320,251,254,31
29134,58322,242,251,36
29135,58324,250,249,35
29136,58326,251,248,38
29137,58328,195,248,34
29138,58330,150,248,30
29139,58332,147,248,31
29140,58334,169,247,30
29141,58336,156,243,32
29142,58338,163,240,34
29143,58340,156,240,30
29144,58342,145,237,33
29145,58344,175,237,14
29146,58346,168,235,14
29147,58348,155,230,11
29148,58350,135,225,8
29149,58352,125,221,7
29150,58354,152,217,9
29151,58356,135,213,7
29152,58358,121,208,7
29153,58360,123,205,8
29154,58362,117,198,10
29155,58364,144,196,8
29156,58366,141,189,7
29157,58368,88,180,7
29158,58370,52,179,8
29159,58372,16,173,8
29160,58374,54,169,7
29161,58376,47,167,6
29162,58378,11,162,7
29163,58380,18,160,9
29164,58382,9,158,8
29165,58384,53,156,8
29166,58386,35,155,8
29167,58388,24,153,7
29168,58390,0,153,7
29169,58392,0,152,8
29170,58394,19,151,8
29171,58396,21,152,7
29172,58398,56,154,8
29173,58400,47,155,8
29174,58402,112,156,8
29175,58404,149,159,8
29176,58406,143,161,8
29177,58408,130,163,7
29178,58410,112,164,7
29179,58412,110,168,8
29180,58414,130,170,6
29181,58416,131,173,8
29182,58418,139,175,8
29183,58420,137,182,7
29184,58422,138,188,7
29185,58424,165,191,7
29186,58426,181,197,8
29187,58428,176,203,7
29188,58430,153,206,7
29189,58432,153,210,7
29190,58434,166,214,7
29191,58436,173,221,8
29192,58438,173,226,7
29193,58440,174,228,8
29194,58442,178,229,8
29195,58444,209,233,9
29196,58446,189,234,9
29197,58448,172,235,8
29198,58450,145,237,6
29199,58452,135,238,6
29200,58454,159,240,8
29201,58456,155,246,8
29202,58458,162,246,6
29203,58460,164,248,9
29204,58462,171,250,11
29205,58464,194,250,13
29206,58466,185,251,28
29207,58468,167,251,34
29208,58470,154,253,41
29209,58472,149,252,57
29210,58474,165,254,58
29211,58476,162,256,66
29212,58478,184,258,67
29213,58480,166,255,68
29214,58482,174,258,73
29215,58484,202,262,73
29216,58486,189,259,77
29217,58488,175,260,88
29218,58490,156,262,88
29219,58492,145,261,89
29220,58494,170,261,92
29221,58496,161,263,92
29222,58498,166,261,93
29223,58500,168,261,93
29224,58502,176,261,92
29225,58504,200,265,86
29226,58506,180,260,80
29227,58508,156,257,77
29228,58510,135,253,73
29229,58512,140,252,69
29230,58514,153,249,65
29231,58516,152,242,64
29232,58518,149,241,63
29233,58520,157,240,60
29234,58522,156,239,54
29235,58524,179,234,53
29236,58526,151,231,51
29237,58528,125,227,50
29238,58530,102,224,45
29239,58532,109,222,36
29240,58534,123,219,19
29241,58536,126,217,20
29242,58538,123,217,9
29243,58540,96,212,7
29244,58542,76,212,9
29245,58544,107,208,8
29246,58546,71,206,7
29247,58548,68,204,8
29248,58550,47,203,8
29249,58552,51,201,7
29250,58554,65,200,8
29251,58556,70,195,7
29252,58558,69,196,8
29253,58560,45,197,7
29254,58562,63,191,9
29255,58564,92,189,8
29256,58566,84,187,7
29257,58568,71,185,9
29258,58570,47,184,8
29259,58572,45,183,6
29260,58574,64,183,8
29261,58576,66,181,8
29262,58578,70,182,7
29263,58580,94,181,8
29264,58582,122,181,7
29265,58584,157,181,7
29266,58586,143,181,8
29267,58588,132,180,8
29268,58590,113,178,8
29269,58592,113,180,7
29270,58594,132,180,8
29271,58596,140,180,7
29272,58598,149,182,8
29273,58600,132,184,7
29274,58602,135,184,8
29275,58604,167,186,8
29276,58606,147,187,7
29277,58608,138,188,10
29278,58610,120,187,8
29279,58612,121,189,7
29280,58614,135,189,7
29281,58616,136,191,7
29282,58618,139,191,8
29283,58620,145,192,7
29284,58622,153,192,8
29285,58624,174,193,8
29286,58626,160,195,8
29287,58628,143,195,8
29288,58630,126,196,8
29289,58632,128,195,9
29290,58634,143,193,8
29291,58636,137,193,8
29292,58638,130,193,7
29293,58640,127,192,8
29294,58642,124,183,7
29295,58644,152,180,7
29296,58646,146,176,6
29297,58648,112,170,8
29298,58650,86,163,7
29299,58652,85,158,8
29300,58654,100,152,8
29301,58656,108,148,8
29302,58658,101,141,8
29303,58660,73,134,7
29304,58662,52,134,8
29305,58664,70,130,7
29306,58666,34,128,6
29307,58668,20,122,7
29308,58670,0,122,8
29309,58672,0,120,8
29310,58674,7,116,7
29311,58676,17,113,7
29312,58678,19,107,7
29313,58680,9,103,6
29314,58682,2,100,8
29315,58684,49,99,8
29316,58686,31,96,5
29317,58688,16,92,7
29318,58690,0,91,7
29319,58692,0,83,7
29320,58694,13,81,7
29321,58696,14,82,9
29322,58698,15,80,7
29323,58700,6,78,7
29324,58702,2,75,7
29325,58704,45,74,6
29326,58706,29,73,7
29327,58708,13,73,7
29328,58710,0,70,5
29329,58712,0,69,6
29330,58714,9,67,6
29331,58716,4,66,8
29332,58718,6,65,9
29333,58720,11,63,7
29334,58722,8,64,6
29335,58724,37,63,7
29336,58726,30,61,7
29337,58728,10,62,6
29338,58730,0,63,7
29339,58732,0,61,7
29340,58734,13,61,7
29341,58736,12,61,7
29342,58738,7,60,8
29343,58740,19,60,7
29344,58742,9,61,6
29345,58744,47,61,8
29346,58746,22,61,7
29347,58748,12,61,6
29348,58750,0,60,7
29349,58752,0,60,6
29350,58754,13,62,8
29351,58756,9,62,8
29352,58758,11,61,7
29353,58760,8,61,8
29354,58762,5,62,7
29355,58764,48,62,7
29356,58766,28,65,8
29357,58768,46,64,7
29358,58770,34,65,7
29359,58772,49,63,6
29360,58774,65,64,6
29361,58776,68,64,7
29362,58778,66,64,7
29363,58780,58,65,8
29364,58782,61,65,7
29365,58784,100,64,6
29366,58786,95,64,7
29367,58788,71,64,8
29368,58790,40,64,7
29369,58792,49,64,5
29370,58794,76,64,8
29371,58796,71,64,8
29372,58798,77,64,7
29373,58800,64,64,8
29374,58802,67,62,8
29375,58804,98,60,6
29376,58806,86,58,8
29377,58808,67,57,7
29378,58810,54,55,6
29379,58812,58,52,7
29380,58814,72,51,5
29381,58816,70,49,7
29382,58818,75,48,6
29383,58820,54,46,6
29384,58822,66,44,7
29385,58824,88,42,6
29386,58826,73,39,7
29387,58828,8,37,7
29388,58830,0,33,7
29389,58832,0,33,6
29390,58834,12,32,8
29391,58836,9,33,6
29392,58838,7,32,7
29393,58840,15,31,6
29394,58842,3,31,7
29395,58844,47,30,8
29396,58846,29,30,6
29397,58848,10,28,7
29398,58850,0,27,7
29399,58852,0,26,7
29400,58854,11,26,7
29401,58856,6,21,6
29402,58858,9,20,8
29403,58860,0,19,7
29404,58862,7,18,7
29405,58864,44,17,6
29406,58866,32,18,7
29407,58868,6,18,7
29408,58870,0,17,6
29409,58872,0,19,7
29410,58874,8,17,6
29411,58876,9,18,7
29412,58878,5,17,7
29413,58880,6,17,6
29414,58882,4,17,6
29415,58884,42,16,6
29416,58886,28,16,7
29417,58888,6,17,6
29418,58890,0,17,7
29419,58892,0,17,7
29420,58894,6,18,5
29421,58896,6,17,7
29422,58898,9,18,7
29423,58900,11,17,7
29424,58902,0,17,7
29425,58904,46,17,6
29426,58906,24,17,7
29427,58908,9,17,8
29428,58910,81,16,6
29429,58912,87,16,7
29430,58914,51,15,6
29431,58916,85,15,6
29432,58918,63,15,6
29433,58920,54,15,6
29434,58922,21,16,7
29435,58924,56,16,6
29436,58926,36,17,5
29437,58928,31,19,6
29438,58930,0,16,6
29439,58932,0,17,8
29440,58934,5,16,5
29441,58936,0,17,7
29442,58938,0,17,7
29443,58940,5,15,7
29444,58942,3,15,6
29445,58944,43,16,7
29446,58946,26,16,7
29447,58948,8,16,7
29448,58950,0,15,7
29449,58952,0,15,6
29450,58954,11,16,8
29451,58956,2,16,7
29452,58958,4,16,6
29453,58960,9,16,6
29454,58962,9,17,7
29455,58964,45,16,7
29456,58966,30,16,6
29457,58968,12,15,7
29458,58970,0,15,6
29459,58972,0,15,7
29460,58974,11,15,5
29461,58976,4,15,5
29462,58978,5,15,7
29463,58980,5,13,6
29464,58982,6,14,7
29465,58984,46,12,8
29466,58986,29,11,7
29467,58988,8,11,7
29468,58990,0,12,7
29469,58992,0,9,6
29470,58994,6,9,5
29471,58996,8,9,6
29472,58998,4,10,7
29473,59000,8,8,7
29474,59002,7,9,6
29475,59004,45,9,7
29476,59006,28,8,6
29477,59008,16,8,6
29478,59010,0,8,6
29479,59012,0,8,7
29480,59014,8,7,6
29481,59016,6,8,6
29482,59018,8,8,7
29483,59020,14,8,7
29484,59022,6,8,7
29485,59024,41,7,7
29486,59026,23,8,6
29487,59028,10,8,7
29488,59030,0,7,7
29489,59032,0,8,7
29490,59034,6,7,7
29491,59036,4,8,3
29492,59038,5,7,7
29493,59040,7,8,7
29494,59042,4,7,6
29495,59044,39,8,7
29496,59046,36,6,6
29497,59048,12,7,7
29498,59050,0,7,6
29499,59052,0,7,6
29500,59054,3,7,6
29501,59056,4,7,6
29502,59058,6,7,7
29503,59060,7,7,7
29504,59062,6,8,7
29505,59064,40,8,7
29506,59066,24,8,7
29507,59068,13,7,6
29508,59070,0,7,6
29509,59072,0,8,6
29510,59074,11,8,8
29511,59076,9,10,7
29512,59078,5,9,6
29513,59080,9,9,6
29514,59082,8,9,7
29515,59084,41,9,6
29516,59086,26,9,7
29517,59088,8,9,6
29518,59090,0,9,6
29519,59092,0,10,7
29520,59094,8,9,6
29521,59096,4,9,6
29522,59098,2,10,6
29523,59100,16,9,7
29524,59102,5,10,6
29525,59104,39,10,7
29526,59106,25,10,6
29527,59108,9,9,6
29528,59110,0,10,6
29529,59112,0,10,7
29530,59114,4,10,6
29531,59116,4,10,9
29532,59118,4,10,5
29533,59120,9,10,5
29534,59122,5,10,8
29535,59124,39,11,8
29536,59126,24,10,7
29537,59128,12,10,8
29538,59130,0,10,7
29539,59132,0,10,7
29540,59134,7,9,7
29541,59136,10,10,6
29542,59138,6,10,7
29543,59140,9,10,7
29544,59142,5,11,7
29545,59144,34,11,7
29546,59146,24,11,6
29547,59148,16,12,8
29548,59150,0,12,7
29549,59152,0,9,6
29550,59154,7,12,6
29551,59156,9,12,7
29552,59158,5,12,7
29553,59160,13,11,3
29554,59162,5,11,6
29555,59164,40,11,6
29556,59166,25,12,7
29557,59168,13,11,7
29558,59170,0,12,7
29559,59172,0,13,7
29560,59174,12,11,7
29561,59176,5,10,6
29562,59178,12,11,6
29563,59180,12,11,7
29564,59182,13,12,8
29565,59184,39,12,6
29566,59186,23,11,7
29567,59188,9,10,7
29568,59190,0,11,6
29569,59192,0,10,6
29570,59194,9,10,7
29571,59196,5,13,7
29572,59198,10,11,7
29573,59200,9,11,7
29574,59202,6,11,7
29575,59204,44,9,6
29576,59206,26,9,6
29577,59208,10,8,6
29578,59210,0,8,6
29579,59212,0,8,7
29580,59214,12,8,7
29581,59216,15,7,6
29582,59218,12,6,7
29583,59220,14,7,6
29584,59222,6,7,7
29585,59224,39,6,8
29586,59226,22,6,7
29587,59228,8,7,7
29588,59230,0,7,8
29589,59232,0,6,6
29590,59234,2,9,7
29591,59236,5,7,7
29592,59238,13,7,6
29593,59240,4,6,7
29594,59242,9,7,7
29595,59244,37,6,6
29596,59246,19,6,7
29597,59248,8,6,6
29598,59250,0,7,6
29599,59252,0,9,7
29600,59254,14,7,7
29601,59256,5,7,6
29602,59258,10,10,6
29603,59260,6,7,7
29604,59262,4,6,7
29605,59264,36,6,7
29606,59266,23,7,7
29607,59268,8,8,7
29608,59270,0,7,7
29609,59272,0,6,7
29610,59274,12,7,7
29611,59276,4,7,6
29612,59278,8,7,6
29613,59280,11,7,6
29614,59282,4,6,7
29615,59284,38,7,7
29616,59286,14,7,6
29617,59288,20,8,7
29618,59290,0,7,7
29619,59292,0,6,6
29620,59294,5,1,8
29621,59296,4,6,7
29622,59298,10,7,7
29623,59300,9,7,7
29624,59302,8,7,6
29625,59304,43,7,7
29626,59306,18,7,6
29627,59308,9,7,7
29628,59310,0,6,6
29629,59312,0,6,6
29630,59314,6,7,7
29631,59316,7,10,7
29632,59318,11,9,6
29633,59320,13,11,6
29634,59322,3,10,6
29635,59324,43,10,6
29636,59326,19,10,5
29637,59328,11,10,7
29638,59330,0,11,8
29639,59332,0,10,7
29640,59334,10,11,7
29641,59336,5,11,6
29642,59338,11,12,7
29643,59340,8,10,8
29644,59342,7,11,7
29645,59344,39,11,6
29646,59346,20,11,7
29647,59348,6,11,8
29648,59350,0,11,7
29649,59352,0,10,7
29650,59354,10,10,7
29651,59356,8,10,7
29652,59358,12,10,7
29653,59360,11,11,6
29654,59362,3,10,7
29655,59364,43,7,7
29656,59366,11,7,6
29657,59368,10,7,6
29658,59370,0,7,7
29659,59372,0,7,5
29660,59374,15,7,7
29661,59376,21,7,7
29662,59378,9,7,7
29663,59380,11,6,7
29664,59382,4,7,7
29665,59384,39,6,8
29666,59386,19,7,7
29667,59388,9,7,8
29668,59390,0,6,7
29669,59392,0,6,6
29670,59394,2,6,7
29671,59396,5,7,7
29672,59398,13,7,7
29673,59400,9,6,6
29674,59402,4,7,7
29675,59404,34,7,7
29676,59406,16,7,7
29677,59408,9,7,7
29678,59410,0,7,7
29679,59412,0,7,7
29680,59414,7,6,6
29681,59416,9,6,7
29682,59418,13,6,8
29683,59420,9,6,6
29684,59422,11,7,6
29685,59424,37,6,6
29686,59426,15,7,6
29687,59428,13,7,7
29688,59430,0,7,6
29689,59432,0,7,7
29690,59434,11,7,7
29691,59436,7,7,2
29692,59438,12,6,7
29693,59440,10,7,7
29694,59442,10,7,6
29695,59444,39,6,7
29696,59446,14,6,7
29697,59448,13,6,7
29698,59450,0,7,6
29699,59452,0,7,7
29700,59454,11,7,7
29701,59456,6,6,6
29702,59458,4,6,6
29703,59460,2,7,7
29704,59462,8,6,6
29705,59464,37,8,7
29706,59466,16,6,7
29707,59468,6,7,6
29708,59470,0,7,7
29709,59472,0,6,6
29710,59474,8,7,7
29711,59476,5,7,8
29712,59478,13,7,7
29713,59480,8,7,8
29714,59482,6,7,7
29715,59484,38,6,7
29716,59486,15,7,6
29717,59488,11,7,7
29718,59490,0,7,8
29719,59492,0,6,6
29720,59494,11,7,8
29721,59496,6,7,7
29722,59498,14,7,7
29723,59500,11,8,7
29724,59502,9,6,7
29725,59504,40,7,8
29726,59506,14,7,6
29727,59508,9,7,6
29728,59510,0,7,6
29729,59512,0,6,6
29730,59514,6,6,6
29731,59516,6,5,7
29732,59518,8,6,6
29733,59520,8,6,6
29734,59522,9,7,7
29735,59524,36,7,7
29736,59526,15,7,6
29737,59528,10,6,7
29738,59530,0,7,6
29739,59532,0,6,7
29740,59534,9,6,7
29741,59536,9,7,6
29742,59538,12,7,7
29743,59540,15,7,8
29744,59542,13,7,7
29745,59544,39,7,7
29746,59546,6,7,7
29747,59548,12,7,7
29748,59550,0,6,6
29749,59552,0,6,6
29750,59554,13,7,7
29751,59556,12,6,6
29752,59558,10,6,6
29753,59560,7,7,6
29754,59562,12,6,6
29755,59564,36,7,8
29756,59566,18,7,7
29757,59568,10,7,7
29758,59570,0,7,6
29759,59572,0,7,7
29760,59574,9,6,6
29761,59576,14,7,7
29762,59578,11,6,6
29763,59580,11,6,6
29764,59582,14,6,8
29765,59584,43,7,7
29766,59586,16,7,7
29767,59588,8,7,7
29768,59590,0,6,7
29769,59592,0,7,7
29770,59594,8,6,7
29771,59596,7,7,7
29772,59598,14,7,6
29773,59600,10,6,6
29774,59602,18,7,6
29775,59604,41,6,6
29776,59606,22,8,8
29777,59608,13,7,7
29778,59610,0,7,6
29779,59612,0,7,6
29780,59614,9,7,6
29781,59616,11,7,7
29782,59618,8,7,7
29783,59620,11,6,7
29784,59622,9,7,7
29785,59624,35,7,6
29786,59626,14,7,6
29787,59628,11,6,6
29788,59630,0,7,5
29789,59632,0,7,7
29790,59634,5,7,6
29791,59636,12,6,6
29792,59638,7,6,7
29793,59640,13,7,7
29794,59642,17,7,7
29795,59644,41,8,7
29796,59646,17,8,6
29797,59648,11,7,7
29798,59650,0,6,6
29799,59652,0,7,6
29800,59654,8,7,6
29801,59656,7,7,7
29802,59658,14,7,7
29803,59660,13,6,6
29804,59662,20,7,7
29805,59664,40,7,8
29806,59666,18,6,7
29807,59668,7,6,7
29808,59670,0,7,7
29809,59672,0,6,7
29810,59674,6,7,6
29811,59676,4,7,6
29812,59678,8,6,7
29813,59680,16,6,6
29814,59682,23,7,7
29815,59684,40,7,8
29816,59686,13,7,7
29817,59688,10,6,7
29818,59690,0,7,7
29819,59692,0,6,6
29820,59694,7,6,6
29821,59696,4,7,7
29822,59698,10,7,6
29823,59700,15,6,6
29824,59702,29,6,7
29825,59704,38,6,6
29826,59706,15,7,7
29827,59708,10,7,6
29828,59710,0,6,7
29829,59712,0,7,6
29830,59714,2,6,5
29831,59716,5,6,7
29832,59718,12,6,9
29833,59720,11,7,6
29834,59722,31,7,8
29835,59724,38,7,7
29836,59726,22,7,7
29837,59728,10,6,6
29838,59730,0,7,6
29839,59732,0,7,6
29840,59734,16,6,5
29841,59736,7,7,7
29842,59738,21,7,7
29843,59740,12,7,6
29844,59742,31,7,6
29845,59744,38,7,6
29846,59746,15,6,6
29847,59748,12,7,6
29848,59750,0,7,6
29849,59752,0,7,7
29850,59754,9,7,7
29851,59756,8,6,6
29852,59758,11,7,7
29853,59760,10,5,7
29854,59762,32,6,8
29855,59764,36,6,7
29856,59766,15,6,5
29857,59768,14,6,6
29858,59770,0,6,7
29859,59772,0,6,6
29860,59774,0,7,7
29861,59776,9,7,5
29862,59778,9,7,6
29863,59780,14,7,7
29864,59782,32,7,6
29865,59784,39,7,7
29866,59786,13,7,7
29867,59788,9,7,6
29868,59790,0,6,7
29869,59792,0,7,6
29870,59794,1,7,7
29871,59796,13,7,7
29872,59798,12,6,7
29873,59800,15,7,6
29874,59802,31,7,7
29875,59804,38,7,7
29876,59806,13,6,7
29877,59808,6,7,7
29878,59810,0,6,6
29879,59812,0,7,7
29880,59814,12,7,7
29881,59816,7,7,6
29882,59818,15,7,7
29883,59820,9,7,7
29884,59822,36,7,11
29885,59824,38,6,5
29886,59826,16,7,6
29887,59828,9,7,10
29888,59830,0,8,8
29889,59832,0,6,6
29890,59834,7,7,5
29891,59836,14,7,6
29892,59838,14,6,7
29893,59840,15,7,5
29894,59842,32,7,7
29895,59844,43,7,10
29896,59846,18,6,6
29897,59848,11,7,6
29898,59850,0,6,5
29899,59852,0,6,7
29900,59854,11,7,7
29901,59856,13,6,7
29902,59858,8,6,7
29903,59860,3,6,6
29904,59862,34,6,7
29905,59864,39,7,6
29906,59866,18,7,7
29907,59868,9,6,6
29908,59870,0,7,6
29909,59872,0,5,7
29910,59874,2,6,6
29911,59876,13,7,7
29912,59878,12,6,6
29913,59880,9,7,8
29914,59882,35,7,7
29915,59884,35,7,10
29916,59886,17,7,5
29917,59888,7,7,7
29918,59890,0,5,6
29919,59892,0,6,6
29920,59894,9,7,7
29921,59896,15,6,6
29922,59898,15,6,7
29923,59900,11,0,7
29924,59902,36,5,8
29925,59904,37,2,7
29926,59906,18,6,3
29927,59908,14,6,5
29928,59910,0,7,7
29929,59912,0,7,7
29930,59914,5,7,7
29931,59916,11,7,6
29932,59918,18,7,5
29933,59920,9,7,8
29934,59922,34,6,7
29935,59924,32,6,5
29936,59926,13,8,6
29937,59928,8,7,7
29938,59930,0,6,6
29939,59932,0,7,7
29940,59934,12,6,7
29941,59936,10,6,6
29942,59938,1,7,7
29943,59940,7,7,7
29944,59942,31,7,5
29945,59944,32,7,7
29946,59946,19,7,6
29947,59948,5,10,7
29948,59950,0,6,5
29949,59952,0,7,7
29950,59954,14,6,7
29951,59956,14,7,8
29952,59958,12,6,7
29953,59960,11,8,7
29954,59962,37,7,7
29955,59964,38,7,8
29956,59966,13,6,7
29957,59968,6,7,6
29958,59970,0,7,5
29959,59972,0,7,6
29960,59974,5,7,6
29961,59976,13,6,7
29962,59978,10,7,6
29963,59980,13,6,6
29964,59982,32,6,8
29965,59984,33,7,8
29966,59986,11,6,7
29967,59988,4,6,6
29968,59990,0,6,9
29969,59992,0,7,6
29970,59994,8,7,7
29971,59996,11,7,6
29972,59998,8,6,7
29973,60000,6,7,5
29974,60002,30,6,6
29975,60004,32,7,7
29976,60006,21,7,8
29977,60008,8,6,7
29978,60010,0,6,6
29979,60012,0,6,6
29980,60014,13,6,7
29981,60016,11,8,7
29982,60018,18,6,7
29983,60020,9,7,7
29984,60022,35,6,6
29985,60024,36,6,5
29986,60026,16,7,6
29987,60028,14,7,7
29988,60030,0,6,5
29989,60032,0,7,6
29990,60034,8,7,7
29991,60036,7,6,6
29992,60038,9,6,6
29993,60040,6,7,8
29994,60042,29,8,6
29995,60044,34,6,6
29996,60046,14,6,7
29997,60048,3,7,6
29998,60050,0,7,6
29999,60052,0,6,6
30000,60054,10,7,7
30001,60056,11,7,5
30002,60058,10,7,7
30003,60060,5,7,7
30004,60062,33,7,7
30005,60064,34,7,7
30006,60066,14,7,7
30007,60068,7,6,6
30008,60070,0,7,6
30009,60072,0,6,6
30010,60074,11,6,7
30011,60076,18,7,6
30012,60078,12,7,6
30013,60080,8,7,6
30014,60082,36,7,8
30015,60084,34,7,7
30016,60086,16,7,6
30017,60088,8,7,6
30018,60090,0,6,6
30019,60092,0,6,7
30020,60094,7,6,6
30021,60096,10,7,7
30022,60098,12,6,6
30023,60100,6,7,7
30024,60102,35,7,8
30025,60104,36,7,7
30026,60106,17,7,7
30027,60108,6,7,8
30028,60110,0,6,5
30029,60112,0,6,6
30030,60114,5,7,7
30031,60116,6,7,7
30032,60118,11,7,7
30033,60120,0,6,7
30034,60122,32,8,7
30035,60124,33,7,6
30036,60126,14,7,7
30037,60128,5,7,6
30038,60130,0,7,7
30039,60132,0,6,6
30040,60134,10,5,7
30041,60136,17,6,7
30042,60138,12,7,6
30043,60140,9,5,6
30044,60142,38,7,7
30045,60144,33,7,6
30046,60146,13,7,7
30047,60148,5,6,6
30048,60150,0,6,6
30049,60152,0,6,6
30050,60154,1,7,7
30051,60156,5,7,6
30052,60158,10,6,7
30053,60160,9,7,7
30054,60162,33,7,7
30055,60164,35,7,7
30056,60166,12,7,6
30057,60168,5,8,7
30058,60170,0,7,6
30059,60172,0,7,7
30060,60174,5,7,7
30061,60176,5,6,6
30062,60178,12,6,6
30063,60180,8,8,7
30064,60182,37,7,7
30065,60184,35,7,7
30066,60186,11,7,0
30067,60188,4,6,7
30068,60190,0,7,6
30069,60192,0,7,7
30070,60194,7,6,5
30071,60196,7,7,6
30072,60198,7,7,7
30073,60200,10,6,7
30074,60202,46,7,7
30075,60204,37,7,7
30076,60206,17,7,6
30077,60208,0,7,6
30078,60210,0,7,7
30079,60212,0,6,7
30080,60214,8,7,5
30081,60216,9,7,6
30082,60218,11,7,5
30083,60220,5,7,7
30084,60222,35,7,7
30085,60224,34,7,9
30086,60226,17,6,6
30087,60228,4,7,6
30088,60230,0,6,5
30089,60232,0,6,7
30090,60234,6,7,6
30091,60236,4,7,6
30092,60238,10,6,6
30093,60240,9,7,7
30094,60242,38,7,7
30095,60244,34,7,7
30096,60246,13,7,7
30097,60248,4,7,6
30098,60250,0,7,7
30099,60252,0,7,7
30100,60254,5,6,7
30101,60256,2,7,6
30102,60258,7,6,7
30103,60260,17,8,8
30104,60262,40,7,8
30105,60264,38,8,7
30106,60266,12,7,8
30107,60268,0,6,7
30108,60270,0,5,6
30109,60272,0,6,6
30110,60274,9,7,5
30111,60276,5,6,6
30112,60278,10,7,8
30113,60280,6,6,7
30114,60282,39,7,7
30115,60284,34,7,7
30116,60286,15,7,7
30117,60288,0,6,6
30118,60290,0,7,6
30119,60292,0,6,6
30120,60294,4,7,5
30121,60296,8,7,7
30122,60298,6,6,6
30123,60300,10,8,6
30124,60302,37,7,7
30125,60304,30,6,7
30126,60306,11,6,7
30127,60308,0,7,6
30128,60310,0,8,7
30129,60312,0,7,7
30130,60314,7,7,7
30131,60316,4,7,6
30132,60318,9,7,7
30133,60320,8,7,7
30134,60322,39,6,7
30135,60324,37,7,6
30136,60326,19,7,6
30137,60328,0,7,7
30138,60330,0,6,7
30139,60332,0,6,7
30140,60334,9,6,6
30141,60336,0,6,7
30142,60338,11,7,7
30143,60340,9,7,7
30144,60342,40,6,6
30145,60344,31,7,7
30146,60346,13,7,6
30147,60348,3,6,8
30148,60350,0,6,6
30149,60352,0,6,6
30150,60354,7,7,5
30151,60356,6,6,7
30152,60358,6,7,6
30153,60360,16,6,6
30154,60362,40,7,5
30155,60364,33,6,7
30156,60366,18,7,7
30157,60368,3,7,8
30158,60370,0,6,7
30159,60372,0,7,8
30160,60374,10,6,7
30161,60376,0,7,7
30162,60378,8,7,7
30163,60380,15,7,7
30164,60382,39,6,6
30165,60384,35,7,7
30166,60386,13,6,8
30167,60388,1,6,6
30168,60390,0,6,7
30169,60392,0,6,6
30170,60394,5,7,6
30171,60396,3,6,6
30172,60398,11,5,7
30173,60400,14,6,7
30174,60402,35,7,6
30175,60404,33,7,6
30176,60406,14,7,6
30177,60408,0,7,6
30178,60410,0,7,7
30179,60412,0,7,7
30180,60414,13,7,8
30181,60416,5,7,6
30182,60418,7,7,6
30183,60420,11,6,5
30184,60422,38,7,6
30185,60424,29,6,8
30186,60426,14,6,5
30187,60428,3,7,6
30188,60430,0,6,7
30189,60432,0,7,7
30190,60434,8,7,5
30191,60436,1,6,7
30192,60438,11,7,7
30193,60440,6,6,7
30194,60442,37,7,6
30195,60444,35,6,7
30196,60446,19,7,5
30197,60448,0,7,7
30198,60450,0,6,7
30199,60452,0,7,7
30200,60454,5,7,7
30201,60456,20,7,7
30202,60458,8,6,7
30203,60460,14,7,8
30204,60462,37,6,6
30205,60464,34,7,7
30206,60466,10,6,7
30207,60468,0,7,7
30208,60470,0,7,6
30209,60472,0,6,6
30210,60474,10,7,6
30211,60476,1,6,7
30212,60478,11,7,6
30213,60480,10,6,7
30214,60482,38,6,7
30215,60484,37,8,8
30216,60486,13,8,6
30217,60488,0,7,6
30218,60490,0,6,10
30219,60492,0,7,7
30220,60494,10,6,6
30221,60496,9,7,7
30222,60498,14,7,6
30223,60500,12,7,6
30224,60502,37,6,7
30225,60504,35,7,7
30226,60506,11,8,7
30227,60508,0,7,7
30228,60510,0,7,6
30229,60512,0,7,6
30230,60514,6,7,5
30231,60516,8,6,4
30232,60518,6,6,6
30233,60520,9,7,7
30234,60522,44,6,7
30235,60524,36,7,6
30236,60526,10,7,7
30237,60528,0,7,6
30238,60530,0,7,7
30239,60532,0,6,6
30240,60534,6,6,7
30241,60536,7,7,7
30242,60538,11,7,7
30243,60540,13,6,4
30244,60542,38,5,6
30245,60544,35,6,9
30246,60546,5,7,6
30247,60548,0,6,6
30248,60550,0,6,6
30249,60552,0,7,7
30250,60554,4,6,7
30251,60556,9,7,7
30252,60558,4,6,6
30253,60560,8,6,6
30254,60562,38,7,7
30255,60564,34,5,7
30256,60566,12,6,8
30257,60568,0,7,7
30258,60570,0,7,7
30259,60572,0,7,8
30260,60574,5,8,7
30261,60576,9,7,6
30262,60578,10,7,8
30263,60580,6,7,7
30264,60582,35,7,7
30265,60584,33,7,6
30266,60586,13,7,6
30267,60588,0,5,5
30268,60590,0,6,5
30269,60592,0,6,7
30270,60594,12,1,5
30271,60596,7,1,6
30272,60598,11,7,7
30273,60600,7,7,7
30274,60602,41,7,6
30275,60604,40,6,6
30276,60606,11,6,6
30277,60608,0,6,6
30278,60610,0,6,7
30279,60612,0,6,6
30280,60614,11,6,8
30281,60616,10,7,6
30282,60618,11,5,6
30283,60620,9,7,6
30284,60622,38,7,9
30285,60624,35,7,6
30286,60626,10,6,6
30287,60628,0,8,7
30288,60630,0,6,6
30289,60632,0,7,7
30290,60634,7,7,7
30291,60636,11,7,7
30292,60638,11,6,6
30293,60640,8,6,7
30294,60642,39,6,8
30295,60644,43,6,6
30296,60646,9,7,6
30297,60648,0,7,6
30298,60650,0,5,6
30299,60652,0,5,7
30300,60654,6,6,6
30301,60656,9,7,6
30302,60658,6,7,7
30303,60660,6,7,5
30304,60662,40,7,7
30305,60664,27,7,7
30306,60666,16,5,7
30307,60668,0,15,6
30308,60670,0,6,6
30309,60672,1,7,6
30310,60674,10,7,5
30311,60676,15,7,7
30312,60678,8,7,6
30313,60680,5,6,6
30314,60682,36,7,8
30315,60684,31,7,8
30316,60686,11,7,7
30317,60688,0,6,6
30318,60690,0,7,5
30319,60692,2,7,6
30320,60694,6,7,6
30321,60696,9,7,6
30322,60698,8,7,6
30323,60700,6,7,8
30324,60702,40,7,8
30325,60704,35,5,7
30326,60706,14,5,6
30327,60708,0,6,7
30328,60710,0,6,7
30329,60712,5,7,5
30330,60714,7,7,6
30331,60716,13,6,6
30332,60718,7,7,8
30333,60720,4,6,7
30334,60722,38,7,7
30335,60724,32,6,7
30336,60726,11,7,7
30337,60728,0,7,7
30338,60730,0,7,6
30339,60732,3,6,6
30340,60734,6,6,6
30341,60736,10,6,7
30342,60738,10,4,6
30343,60740,7,6,6
30344,60742,38,7,7
30345,60744,38,7,8
30346,60746,12,7,7
30347,60748,0,10,6
30348,60750,0,7,6
30349,60752,2,7,7
30350,60754,10,7,6
30351,60756,7,6,7
30352,60758,12,7,7
30353,60760,4,7,6
30354,60762,40,7,6
30355,60764,31,6,6
30356,60766,10,7,7
30357,60768,0,7,7
30358,60770,0,7,7
30359,60772,4,7,6
30360,60774,18,7,6
30361,60776,10,6,6
30362,60778,7,7,6
30363,60780,9,7,7
30364,60782,40,7,7
30365,60784,31,7,7
30366,60786,12,8,6
30367,60788,0,7,6
30368,60790,0,6,5
30369,60792,5,6,6
30370,60794,7,7,7
30371,60796,5,7,6
30372,60798,7,6,6
30373,60800,2,7,7
30374,60802,40,6,6
30375,60804,38,7,7
30376,60806,15,6,7
30377,60808,0,6,6
30378,60810,0,7,8
30379,60812,4,6,7
30380,60814,4,7,7
30381,60816,10,6,6
30382,60818,7,7,6
30383,60820,5,6,8
30384,60822,40,7,7
30385,60824,31,7,8
30386,60826,16,7,7
30387,60828,0,7,6
30388,60830,0,7,7
30389,60832,2,7,7
30390,60834,11,7,6
30391,60836,9,6,6
30392,60838,5,7,7
30393,60840,5,6,8
30394,60842,37,7,7
30395,60844,35,7,6
30396,60846,15,6,8
30397,60848,0,7,7
30398,60850,0,6,7
30399,60852,11,6,6
30400,60854,1,7,7
30401,60856,10,6,7
30402,60858,10,7,6
30403,60860,5,7,7
30404,60862,39,7,8
30405,60864,28,6,7
30406,60866,14,7,5
30407,60868,0,7,7
30408,60870,0,6,7
30409,60872,0,7,7
30410,60874,1,6,7
30411,60876,3,6,6
30412,60878,7,7,7
30413,60880,8,7,7
30414,60882,38,8,7
30415,60884,29,7,7
30416,60886,18,7,7
30417,60888,0,7,6
30418,60890,0,7,7
30419,60892,2,7,7
30420,60894,4,7,7
30421,60896,5,6,8
30422,60898,9,7,7
30423,60900,5,6,7
30424,60902,42,7,8
30425,60904,32,7,7
30426,60906,13,6,6
30427,60908,0,6,7
30428,60910,0,6,6
30429,60912,6,7,7
30430,60914,4,8,7
30431,60916,5,7,7
30432,60918,6,6,8
30433,60920,8,6,6
30434,60922,42,7,7
30435,60924,26,6,7
30436,60926,11,6,6
30437,60928,0,6,6
30438,60930,0,7,7
30439,60932,7,7,8
30440,60934,7,7,7
30441,60936,5,6,7
30442,60938,4,7,7
30443,60940,8,6,6
30444,60942,38,7,7
30445,60944,34,7,6
30446,60946,15,7,8
30447,60948,0,7,8
30448,60950,0,7,7
30449,60952,3,7,6
30450,60954,6,7,7
30451,60956,8,7,6
30452,60958,8,7,8
30453,60960,3,7,7
30454,60962,42,7,7
30455,60964,34,7,7
30456,60966,21,8,8
30457,60968,0,6,6
30458,60970,0,7,7
30459,60972,3,7,6
30460,60974,3,6,7
30461,60976,7,7,7
30462,60978,7,7,7
30463,60980,6,6,7
30464,60982,42,7,7
30465,60984,29,7,7
30466,60986,15,6,7
30467,60988,0,7,7
30468,60990,0,6,6
30469,60992,0,7,7
30470,60994,0,7,6
30471,60996,8,6,6
30472,60998,9,7,6
30473,61000,12,7,6
30474,61002,45,7,7
30475,61004,36,6,6
30476,61006,9,7,7
30477,61008,0,5,6
30478,61010,0,7,7
30479,61012,8,7,7
30480,61014,6,6,7
30481,61016,5,7,7
30482,61018,11,7,6
30483,61020,9,7,7
30484,61022,39,7,7
30485,61024,24,6,7
30486,61026,17,7,5
30487,61028,0,7,7
30488,61030,0,7,7
30489,61032,6,6,7
30490,61034,4,6,6
30491,61036,6,6,7
30492,61038,6,7,6
30493,61040,11,7,7
30494,61042,43,6,7
30495,61044,35,7,7
30496,61046,10,7,7
30497,61048,0,8,8
30498,61050,0,7,7
30499,61052,2,7,7
30500,61054,7,7,7
30501,61056,5,7,8
30502,61058,7,7,6
30503,61060,7,7,7
30504,61062,46,7,8
30505,61064,29,7,7
30506,61066,14,7,6
30507,61068,0,6,7
30508,61070,0,7,7
30509,61072,9,6,6
30510,61074,5,4,7
30511,61076,8,6,8
30512,61078,6,7,6
30513,61080,6,7,7
30514,61082,47,7,7
30515,61084,28,7,4
30516,61086,12,6,7
30517,61088,0,6,5
30518,61090,0,6,7
30519,61092,2,7,7
30520,61094,4,7,6
30521,61096,8,7,6
30522,61098,14,7,7
30523,61100,3,7,6
30524,61102,37,7,7
30525,61104,29,7,7
30526,61106,18,6,6
30527,61108,0,6,7
30528,61110,0,6,8
30529,61112,1,7,6
30530,61114,8,7,5
30531,61116,9,6,6
30532,61118,7,7,9
30533,61120,7,7,6
30534,61122,42,7,5
30535,61124,33,6,8
30536,61126,19,7,7
30537,61128,0,7,7
30538,61130,0,7,7
30539,61132,7,6,6
30540,61134,5,7,6
30541,61136,6,7,7
30542,61138,11,6,6
30543,61140,9,7,7
30544,61142,43,7,7
30545,61144,24,7,7
30546,61146,17,7,6
30547,61148,0,6,7
30548,61150,0,7,5
30549,61152,4,6,7
30550,61154,5,6,6
30551,61156,9,6,7
30552,61158,8,5,6
30553,61160,6,6,6
30554,61162,43,7,7
30555,61164,30,7,8
30556,61166,9,7,6
30557,61168,0,6,7
30558,61170,0,7,5
30559,61172,9,6,7
30560,61174,5,7,6
30561,61176,11,6,6
30562,61178,12,6,6
30563,61180,12,7,8
30564,61182,38,7,7
30565,61184,42,7,7
30566,61186,18,7,7
30567,61188,0,7,12
30568,61190,0,6,7
30569,61192,9,7,8
30570,61194,10,7,8
30571,61196,6,6,6
30572,61198,6,6,10
30573,61200,7,7,6
30574,61202,42,6,6
30575,61204,29,7,7
30576,61206,14,6,7
30577,61208,0,7,8
30578,61210,0,7,7
30579,61212,8,7,7
30580,61214,4,7,5
30581,61216,7,7,6
30582,61218,0,6,6
30583,61220,6,8,7
30584,61222,40,6,4
30585,61224,31,6,5
30586,61226,9,7,7
30587,61228,0,6,9
30588,61230,0,7,7
30589,61232,7,7,7
30590,61234,4,7,8
30591,61236,16,4,6
30592,61238,9,6,7
30593,61240,11,5,7
30594,61242,45,8,7
30595,61244,35,5,6
30596,61246,15,6,7
30597,61248,0,7,5
30598,61250,0,7,6
30599,61252,9,7,6
30600,61254,8,7,6
30601,61256,11,6,7
30602,61258,9,6,7
30603,61260,5,7,4
30604,61262,41,6,7
30605,61264,28,7,7
30606,61266,13,7,6
30607,61268,0,7,8
30608,61270,0,6,7
30609,61272,6,7,6
30610,61274,5,6,5
30611,61276,3,6,7
30612,61278,8,6,7
30613,61280,9,7,6
30614,61282,41,5,8
30615,61284,27,7,6
30616,61286,14,8,6
30617,61288,0,5,6
30618,61290,0,8,6
30619,61292,9,6,6
30620,61294,1,4,8
30621,61296,7,7,6
30622,61298,8,7,7
30623,61300,10,7,7
30624,61302,45,8,8
30625,61304,31,7,7
30626,61306,15,6,6
30627,61308,0,4,6
30628,61310,0,7,5
30629,61312,8,6,6
30630,61314,6,6,7
30631,61316,10,6,7
30632,61318,6,6,6
30633,61320,9,6,6
30634,61322,42,7,8
30635,61324,31,7,7
30636,61326,9,7,7
30637,61328,0,7,7
30638,61330,0,6,6
30639,61332,13,7,7
30640,61334,7,8,7
30641,61336,8,7,7
30642,61338,7,7,7
30643,61340,6,7,7
30644,61342,41,7,7
30645,61344,29,5,7
30646,61346,12,7,7
30647,61348,0,6,6
30648,61350,0,6,6
30649,61352,8,6,7
30650,61354,11,7,6
30651,61356,10,6,7
30652,61358,11,7,6
30653,61360,8,7,7
30654,61362,43,6,6
30655,61364,30,6,7
30656,61366,19,6,7
30657,61368,0,7,6
30658,61370,0,7,7
30659,61372,5,7,7
30660,61374,8,6,8
30661,61376,9,7,6
30662,61378,7,7,7
30663,61380,12,7,7
30664,61382,43,6,6
30665,61384,30,7,6
30666,61386,3,6,7
30667,61388,0,6,6
30668,61390,0,5,6
30669,61392,11,7,7
30670,61394,3,5,7
30671,61396,6,6,7
30672,61398,3,5,7
30673,61400,7,7,7
30674,61402,38,6,7
30675,61404,29,7,8
30676,61406,12,6,7
30677,61408,0,8,7
30678,61410,0,6,5
30679,61412,10,7,6
30680,61414,7,7,7
30681,61416,11,7,7
30682,61418,7,7,6
30683,61420,10,4,7
30684,61422,44,6,7
30685,61424,32,6,7
30686,61426,13,7,7
30687,61428,0,6,8
30688,61430,0,7,6
30689,61432,10,6,6
30690,61434,13,6,6
30691,61436,1,5,7
30692,61438,7,7,7
30693,61440,8,7,7
30694,61442,50,7,7
30695,61444,27,6,7
30696,61446,20,7,6
30697,61448,0,7,6
30698,61450,0,7,7
30699,61452,12,7,7
30700,61454,6,6,6
30701,61456,3,6,7
30702,61458,9,7,7
30703,61460,6,6,6
30704,61462,39,6,7
30705,61464,25,7,6
30706,61466,10,8,7
30707,61468,0,7,6
30708,61470,0,6,6
30709,61472,8,7,7
30710,61474,1,6,7
30711,61476,10,6,7
30712,61478,9,5,6
30713,61480,5,6,6
30714,61482,43,7,7
30715,61484,30,7,7
30716,61486,6,7,5
30717,61488,0,7,6
30718,61490,0,6,6
30719,61492,12,6,8
30720,61494,9,6,6
30721,61496,1,7,6
30722,61498,4,6,6
30723,61500,6,7,7
30724,61502,45,7,7
30725,61504,28,7,7
30726,61506,16,6,7
30727,61508,0,6,6
30728,61510,0,7,7
30729,61512,10,6,6
30730,61514,9,7,6
30731,61516,5,7,7
30732,61518,9,6,7
30733,61520,8,6,7
30734,61522,43,7,7
30735,61524,27,7,8
30736,61526,13,6,7
30737,61528,0,7,8
30738,61530,0,7,8
30739,61532,9,7,7
30740,61534,7,7,6
30741,61536,15,6,7
30742,61538,2,6,7
30743,61540,6,7,6
30744,61542,43,7,7
30745,61544,24,5,7
30746,61546,12,6,7
30747,61548,0,6,6
30748,61550,0,6,7
30749,61552,10,6,7
30750,61554,9,6,5
30751,61556,11,6,6
30752,61558,4,6,6
30753,61560,14,7,5
30754,61562,40,6,12
30755,61564,30,7,8
30756,61566,13,7,7
30757,61568,0,6,6
30758,61570,0,6,7
30759,61572,13,7,7
30760,61574,0,7,7
30761,61576,9,7,6
30762,61578,3,6,6
30763,61580,11,7,8
30764,61582,45,6,6
30765,61584,32,7,7
30766,61586,7,7,7
30767,61588,0,6,7
30768,61590,0,7,7
30769,61592,7,6,7
30770,61594,3,7,6
30771,61596,6,7,6
30772,61598,7,8,7
30773,61600,8,7,6
30774,61602,45,8,7
30775,61604,31,6,7
30776,61606,12,7,7
30777,61608,0,6,7
30778,61610,0,7,6
30779,61612,8,7,7
30780,61614,1,7,7
30781,61616,12,6,6
30782,61618,6,6,8
30783,61620,11,7,7
30784,61622,37,6,6
30785,61624,25,6,7
30786,61626,16,7,7
30787,61628,0,7,6
30788,61630,0,6,7
30789,61632,11,6,7
30790,61634,6,7,6
30791,61636,2,7,6
30792,61638,10,7,7
30793,61640,10,7,6
30794,61642,41,7,7
30795,61644,31,7,7
30796,61646,8,6,7
30797,61648,0,8,8
30798,61650,0,7,7
30799,61652,12,7,7
30800,61654,1,7,7
30801,61656,1,7,7
30802,61658,7,6,7
30803,61660,11,7,7
30804,61662,49,7,7
30805,61664,28,6,6
30806,61666,14,6,6
